absence_id,employee_id,absence_type,plan_code,start_date,end_date,duration_days,applied_date,approved_by,approval_date,absence_status,reason,remarks,half_day_flag,attachment_provided,department,location
ABSSPIDJIVHA,,UNKNOWN_TYPE_XYZ,CL-PLAN-03,,2024-05-21,-1,2024-06-03,EMP00017,2024-05-19,UNKNOWN,Child Care,,N,Yes,Human Resources,Toronto
ABSVLXAWM3O7,EMP00199,Sick Leave,ML-PLAN-04,2024-11-01,2024-11-04,4,2024-10-30,EMP00017,2024-11-02,Rejected,Child Care,,N,Yes,Engineering,London
ABSXEVZ2O1BG,EMP00598,Casual Leave,CL-PLAN-03,2022-09-03,2022-09-12,10,2022-08-21,EMP00020,2022-08-25,Approved,Marriage,,N,No,Product,Singapore
ABSG1XY7H79A,EMP00678,Casual Leave,ML-PLAN-04,2024-02-13,2024-02-14,2,2024-01-25,EMP00042,2024-01-28,Pending,Medical,None,N,N/A,Finance,Mumbai
ABSM7DKQNJJI,EMP00266,Compensatory Off,PL-PLAN-05,2023-08-09,2023-08-13,5,2023-07-16,EMP00014,2023-07-18,Rejected,Vacation,None,N,Yes,Marketing,Sydney
ABS3EL3YUBCE,EMP00555,Sick Leave,UL-PLAN-07,2022-04-26,2022-05-08,13,2022-04-09,EMP00008,2022-04-12,Rejected,Family,,Y,Yes,Marketing,Mumbai
ABS1EGEUUV6Y,EMP00488,Bereavement Leave,CL-PLAN-03,2024-12-26,2025-01-03,9,2024-11-28,EMP00016,2024-12-03,Approved,Other,None,N,Yes,Finance,New York
ABS3ZW27MCZY,EMP00644,Compensatory Off,BL-PLAN-08,2022-01-30,2022-02-02,4,2022-01-16,EMP00028,2022-01-21,Approved,Emergency,Urgent,N,Yes,Marketing,Bengaluru
ABSCTY0HNT30,EMP00214,Sick Leave,SL-PLAN-02,2022-12-07,2022-12-09,3,2022-12-01,EMP00031,2022-12-03,Approved,Child Care,,Y,Yes,Product,Toronto
ABSX8MYR6GUY,EMP00013,Unpaid Leave,ML-PLAN-04,2023-04-02,2023-04-04,3,2023-03-17,EMP00050,2023-03-19,Rejected,Medical,Pre-planned,N,No,Product,Sydney
ABSRYM064U5P,EMP00714,Compensatory Off,PL-PLAN-05,2024-07-05,2024-07-02,5,2024-07-01,EMP00026,2024-07-02,Cancelled,Personal,Recurring,N,Yes,Human Resources,Mumbai
ABSTIC3W1EV6,EMP00118,Compensatory Off,ML-PLAN-04,2024-05-07,2024-05-11,5,2024-04-13,EMP00049,2024-04-14,Rejected,COVID-19,Recurring,N,Yes,Sales,Sydney
ABSOHEV2TLHK,EMP00750,Unpaid Leave,SL-PLAN-02,2024-04-29,2024-05-08,10,2024-04-12,EMP00032,2024-04-13,Withdrawn,Emergency,Urgent,N,No,Marketing,Toronto
ABSZ80Z34T89,EMP00619,Bereavement Leave,AL-PLAN-01,2022-07-02,2022-07-06,5,2022-06-19,EMP00018,2022-06-21,Cancelled,Child Care,Urgent,Y,Yes,Operations,Mumbai
ABSG6JTENF94,EMP00400,Maternity Leave,AL-PLAN-01,2024-09-28,2024-10-11,14,2024-09-23,EMP00028,2024-09-24,Rejected,Travel,Recurring,N,No,Human Resources,Bengaluru
ABSXTS79R5OQ,EMP00032,Casual Leave,BL-PLAN-08,2023-11-07,2023-11-10,11,2023-10-16,EMP00032,2023-10-21,Rejected,Vacation,Urgent,N,Yes,Legal,Singapore
ABSME1EQA1T4,EMP00076,Work From Home,CO-PLAN-06,2024-12-23,2024-12-25,3,2024-12-08,EMP00030,2024-12-11,Rejected,Emergency,None,Y,No,Product,London
ABSD26I9SW6C,EMP00231,Sick Leave,SL-PLAN-02,2023-07-07,2023-07-07,1,2023-06-12,EMP00026,2023-06-17,Cancelled,Marriage,,N,Yes,Human Resources,Mumbai
ABSUIO87WEMF,EMP00276,Maternity Leave,UL-PLAN-07,2024-11-27,2024-11-30,4,2024-11-07,EMP00023,2024-11-12,Approved,Medical Appointment,,Y,Yes,Product,Toronto
ABSF5BRHQEQA,EMP00251,Unpaid Leave,PL-PLAN-05,2022-05-27,2022-06-07,12,2022-05-12,EMP00039,2022-05-16,Approved,Marriage,,Y,No,Marketing,London
ABSG7F8VN3RI,EMP00277,Sick Leave,AL-PLAN-01,,2022-06-18,11,2022-05-26,EMP00043,2022-05-29,Rejected,Medical,,N,Yes,Legal,Mumbai
ABSO9RG14CNL,EMP00453,Work From Home,CO-PLAN-06,2024-03-03,2024-03-05,3,2024-02-25,EMP00014,2024-02-26,Pending,Other,Pre-planned,Y,N/A,Operations,Toronto
ABS3SY394XTX,EMP00162,Annual Leave,PL-PLAN-05,2024-03-30,2024-04-07,9,2024-03-14,EMP00025,2024-03-18,Approved,Emergency,Pre-planned,N,Yes,Operations,Singapore
ABSV1ET1Z13H,EMP00424,Maternity Leave,PL-PLAN-05,2022-11-10,2022-11-22,13,2022-10-28,EMP00018,2022-10-30,Approved,Personal,Urgent,Y,N/A,Human Resources,London
ABSU0S05VEN8,EMP00483,Casual Leave,AL-PLAN-01,2024-06-09,2024-06-15,7,2024-05-13,EMP00013,2024-05-15,Approved,Personal,Pre-planned,Y,Yes,Human Resources,Singapore
ABS6EIREUSD1,,Compensatory Off,UL-PLAN-07,2023-05-16,2023-05-27,12,2023-04-25,EMP00035,2023-04-28,Rejected,Other,Pre-planned,N,Yes,Product,Toronto
ABS48XXGWZZW,EMP00657,Casual Leave,CO-PLAN-06,2023-05-22,2023-05-26,5,2023-05-18,EMP00013,2023-05-23,Approved,Medical Appointment,None,N,N/A,Engineering,Singapore
ABSVXXAGZ3V5,EMP00053,Bereavement Leave,AL-PLAN-01,2022-01-11,2022-01-11,1,2022-01-03,EMP00010,2022-01-06,Rejected,COVID-19,Urgent,N,Yes,Legal,London
ABS6PA24DNKR,EMP00040,Bereavement Leave,CO-PLAN-06,2024-10-08,2024-10-18,11,2024-09-24,EMP00016,2024-09-28,Withdrawn,Personal,Pre-planned,N,N/A,Operations,Bengaluru
ABSS5NI5T95T,EMP00373,Maternity Leave,SL-PLAN-02,2025-01-25,2025-02-01,8,2024-12-26,EMP00029,2024-12-27,Rejected,COVID-19,Urgent,N,N/A,Marketing,London
ABS3TMOX5UB5,EMP00430,UNKNOWN_TYPE_XYZ,UL-PLAN-07,2022-08-17,2022-08-14,12,2022-07-27,EMP00016,2022-07-29,Withdrawn,Medical Appointment,None,N,No,Product,Dubai
ABSRXNXNWYIN,EMP00696,Unpaid Leave,CL-PLAN-03,2025-03-02,2025-03-06,5,2025-02-18,EMP00008,2025-02-22,Withdrawn,Travel,Recurring,Y,N/A,Sales,Dubai
ABS2EMKW08Q6,EMP00490,Maternity Leave,SL-PLAN-02,2022-11-21,2022-11-25,5,2022-10-28,EMP00007,2022-11-02,Rejected,Family,None,Y,N/A,Operations,New York
ABSATNY9TC2R,EMP00286,Sick Leave,CO-PLAN-06,2022-07-20,2022-07-21,2,2022-06-27,EMP00026,2022-06-28,Pending,Personal,,N,No,Legal,London
ABSYKJADZVEP,EMP00339,Unpaid Leave,PL-PLAN-05,2023-11-18,2023-11-25,8,2023-11-04,EMP00050,2023-11-06,Rejected,Medical,Recurring,Y,No,Engineering,London
ABSJBY4MO25L,EMP00447,Sick Leave,CL-PLAN-03,2024-06-28,2024-07-05,0,2024-06-14,EMP00014,2024-06-15,Rejected,Travel,,N,No,Marketing,Mumbai
ABSYRTZDWBK0,EMP00791,Casual Leave,PL-PLAN-05,2022-04-26,2022-05-08,13,2022-04-24,EMP00006,2022-04-25,Pending,Medical Appointment,Recurring,N,Yes,Sales,Bengaluru
ABSI6HADDPED,EMP00075,Annual Leave,AL-PLAN-01,2023-08-07,2023-08-19,13,2023-07-22,EMP00045,2023-07-26,Withdrawn,Vacation,,N,N/A,Legal,Dubai
ABSM5QFV1K6K,EMP00322,Sick Leave,BL-PLAN-08,2024-04-26,2024-05-08,13,2024-04-16,EMP00041,2024-04-20,Rejected,Medical Appointment,Pre-planned,N,N/A,Human Resources,Singapore
ABSF4KX2FPKR,EMP00694,Work From Home,CL-PLAN-03,2025-01-26,2025-01-30,5,2025-01-19,EMP00045,2025-01-20,Rejected,Travel,Recurring,N,No,Marketing,Bengaluru
ABSE2NOPRI1O,EMP00154,Sick Leave,CL-PLAN-03,,2024-05-17,-1,2024-04-27,EMP00032,2024-04-29,Rejected,Medical,Pre-planned,N,N/A,Human Resources,Mumbai
ABSI3MUL4PVB,EMP00044,Unpaid Leave,SL-PLAN-02,2023-08-27,2023-09-02,7,2023-08-21,EMP00028,2023-08-23,Pending,Personal,,N,Yes,Legal,New York
ABS1W0X10N77,EMP00189,Compensatory Off,CL-PLAN-03,2023-09-07,2023-09-10,4,2023-08-21,EMP00021,2023-08-26,Rejected,Personal,Recurring,N,Yes,Product,New York
ABSPEFZ1DCJ6,EMP00121,Annual Leave,AL-PLAN-01,2023-09-30,2023-10-04,5,2023-09-16,EMP00043,2023-09-18,Rejected,Medical Appointment,,Y,Yes,Sales,London
ABSUIHQMPQS4,EMP00537,Casual Leave,AL-PLAN-01,2022-09-05,2022-09-15,11,2022-08-21,EMP00035,2022-08-26,Rejected,Medical Appointment,,Y,No,Human Resources,Dubai
ABSZO68XGCJJ,EMP00346,Maternity Leave,PL-PLAN-05,2024-09-19,2024-09-19,8,2024-09-13,EMP00011,2024-09-18,Pending,Travel,Recurring,N,N/A,Engineering,New York
ABSFD16XP5KE,EMP00282,Sick Leave,SL-PLAN-02,2024-09-22,2024-09-29,8,2024-09-02,EMP00042,2024-09-05,Cancelled,Travel,Pre-planned,Y,Yes,Operations,Dubai
ABSJO3WPNAZV,EMP00761,Work From Home,BL-PLAN-08,2023-05-02,2023-05-05,4,2023-04-05,EMP00047,2023-04-10,Pending,Medical Appointment,Pre-planned,N,Yes,Sales,Dubai
ABSX67BJCSWC,EMP00310,Work From Home,ML-PLAN-04,2025-02-27,2025-03-05,7,2025-02-07,EMP00023,2025-02-09,Withdrawn,Travel,None,N,No,Operations,Singapore
ABSRQ134EWCP,EMP00268,Sick Leave,ML-PLAN-04,2023-10-27,2023-10-31,5,2023-10-10,EMP00017,2023-10-13,Approved,Child Care,,N,No,Human Resources,Sydney
ABS3L5QIWTP0,,Work From Home,ML-PLAN-04,2022-12-15,2022-12-12,6,2022-12-25,EMP00012,2022-12-16,Pending,Personal,,N,Yes,Finance,Bengaluru
ABSG3ZO56EKT,EMP00401,Casual Leave,ML-PLAN-04,2022-07-04,2022-07-16,13,2022-06-08,EMP00021,2022-06-09,Withdrawn,Child Care,Pre-planned,Y,Yes,Human Resources,Bengaluru
ABS338XJVW5O,EMP00717,Unpaid Leave,UL-PLAN-07,2024-11-22,2024-11-22,1,2024-11-06,EMP00033,2024-11-10,Rejected,Family,Urgent,N,N/A,Finance,Singapore
ABS9O6W8HEZM,EMP00598,Work From Home,PL-PLAN-05,2022-11-08,2022-11-18,11,2022-10-14,EMP00015,2022-10-15,Cancelled,Vacation,Pre-planned,N,N/A,Engineering,Singapore
ABSQZM1GTHMT,EMP00146,Maternity Leave,BL-PLAN-08,2023-08-28,2023-09-10,14,2023-08-02,EMP00023,2023-08-07,Cancelled,Emergency,None,N,Yes,Marketing,London
ABS6T9T4ZHBG,EMP00181,Sick Leave,CO-PLAN-06,2022-12-07,2022-12-13,7,2022-11-21,EMP00017,2022-11-23,Approved,Medical,Recurring,Y,No,Engineering,Toronto
ABSYUI1ZTN6R,EMP00330,Compensatory Off,CL-PLAN-03,2023-06-01,2023-06-14,14,2023-05-28,EMP00007,2023-06-02,Cancelled,Medical Appointment,None,N,Yes,Marketing,London
ABSO46F7BS9T,EMP00795,Compensatory Off,CL-PLAN-03,2024-05-05,2024-05-10,6,2024-04-06,EMP00015,2024-04-07,Withdrawn,Personal,Urgent,N,No,Human Resources,London
ABS9DYMMJ88K,EMP00138,Casual Leave,ML-PLAN-04,2023-11-14,2023-11-15,2,2023-11-07,EMP00038,2023-11-11,Pending,Travel,None,N,N/A,Legal,Singapore
ABS42Z6HW2G3,EMP00726,Unpaid Leave,CO-PLAN-06,2022-08-30,2022-09-09,11,2022-08-12,EMP00004,2022-08-13,Pending,Emergency,,Y,Yes,Human Resources,Singapore
ABSA8GCCW68I,EMP00365,UNKNOWN_TYPE_XYZ,ML-PLAN-04,,2022-07-04,19,2022-06-26,EMP00021,2022-06-30,UNKNOWN,Emergency,Recurring,Y,No,Sales,London
ABS0TO68PWIY,EMP00185,Bereavement Leave,AL-PLAN-01,2023-05-17,2023-05-26,10,2023-04-28,EMP00033,2023-04-29,Rejected,Personal,Recurring,N,Yes,Product,Bengaluru
ABSVH3BQIEQU,EMP00376,Work From Home,BL-PLAN-08,2023-10-30,2023-11-01,3,2023-10-03,EMP00017,2023-10-06,Rejected,Marriage,,N,Yes,Product,New York
ABSU6TR8RP98,EMP00471,Sick Leave,PL-PLAN-05,2022-07-16,2022-07-16,1,2022-06-18,EMP00028,2022-06-20,Rejected,Child Care,,N,Yes,Sales,Singapore
ABSWDB6OAR33,EMP00799,Maternity Leave,BL-PLAN-08,2022-04-26,2022-04-30,5,2022-04-04,EMP00046,2022-04-05,Rejected,Emergency,,N,Yes,Product,Singapore
ABSJ5U71YJ5O,EMP00154,Annual Leave,AL-PLAN-01,2024-09-24,2024-09-25,2,2024-08-27,EMP00034,2024-08-31,Withdrawn,Travel,Pre-planned,Y,No,Marketing,Bengaluru
ABSMQOYG8U58,EMP00582,Annual Leave,AL-PLAN-01,2023-07-31,2023-08-06,7,2023-07-12,EMP00010,2023-07-14,Approved,Medical,Recurring,N,Yes,Sales,London
ABSACXQCVXPH,EMP00315,Unpaid Leave,SL-PLAN-02,2024-08-07,2024-08-10,4,2024-08-03,EMP00003,2024-08-07,Pending,Medical,,Y,Yes,Finance,London
ABS80RHNCSEJ,EMP00703,Bereavement Leave,UL-PLAN-07,2024-12-08,2024-12-17,10,2024-11-30,EMP00032,2024-12-05,Pending,Emergency,None,N,No,Operations,Toronto
ABSV3DLIDWZD,EMP00231,Compensatory Off,UL-PLAN-07,2022-09-22,2022-09-24,3,2022-09-14,EMP00015,2022-09-16,Cancelled,Emergency,Pre-planned,N,Yes,Legal,Singapore
ABS8VCTDMVHP,EMP00077,Compensatory Off,BL-PLAN-08,2024-07-13,2024-07-10,0,2024-06-26,EMP00050,2024-06-27,Pending,Medical Appointment,None,N,Yes,Finance,Toronto
ABS4C5372DE9,EMP00292,Unpaid Leave,AL-PLAN-01,2023-08-30,2023-09-04,6,2023-08-13,EMP00001,2023-08-16,Pending,Other,Urgent,Y,Yes,Engineering,London
ABSLXC83H0TZ,EMP00647,Compensatory Off,ML-PLAN-04,2024-04-25,2024-05-04,10,2024-04-07,EMP00023,2024-04-09,Pending,COVID-19,Recurring,N,N/A,Product,Sydney
ABSJQ5U8WGXA,EMP00130,Work From Home,AL-PLAN-01,2023-10-23,2023-10-26,4,2023-09-28,EMP00013,2023-09-30,Withdrawn,Personal,Recurring,N,Yes,Product,Dubai
ABSZSWO73H5S,EMP00349,Work From Home,BL-PLAN-08,2022-07-19,2022-07-20,2,2022-06-21,EMP00024,2022-06-24,Rejected,COVID-19,,N,N/A,Engineering,Mumbai
ABS4DOSIC4H8,,Compensatory Off,PL-PLAN-05,2024-10-13,2024-10-21,17,2024-09-15,EMP00007,2024-09-17,Approved,Child Care,Pre-planned,N,Yes,Engineering,Bengaluru
ABSXY0CTCTQZ,EMP00420,Work From Home,BL-PLAN-08,2024-07-21,2024-07-24,4,2024-07-01,EMP00038,2024-07-05,Rejected,Emergency,Pre-planned,N,Yes,Operations,Mumbai
ABSXFVPDX7EO,EMP00042,Sick Leave,PL-PLAN-05,2025-03-03,2025-03-03,1,2025-02-14,EMP00025,2025-02-19,Withdrawn,Travel,,N,Yes,Human Resources,New York
ABSHASM8GWF7,EMP00288,Unpaid Leave,SL-PLAN-02,2024-04-28,2024-05-04,7,2024-04-09,EMP00041,2024-04-10,Pending,Child Care,None,N,N/A,Sales,Mumbai
ABSRXRL1C15X,EMP00275,Sick Leave,CL-PLAN-03,2023-03-16,2023-03-22,7,2023-02-20,EMP00047,2023-02-22,Pending,Child Care,Recurring,N,N/A,Legal,New York
ABS9FQXTA0M1,EMP00792,Compensatory Off,CL-PLAN-03,,2023-02-12,-1,2023-01-18,EMP00017,2023-01-20,Withdrawn,Family,None,N,N/A,Legal,Toronto
ABSGYCSNECJM,EMP00299,Work From Home,UL-PLAN-07,2022-11-30,2022-12-06,7,2022-11-25,EMP00036,2022-11-28,Rejected,Personal,Recurring,N,Yes,Product,Dubai
ABSPMPLTYFGQ,EMP00620,Bereavement Leave,AL-PLAN-01,2024-12-07,2024-12-11,5,2024-11-23,EMP00017,2024-11-27,Withdrawn,COVID-19,,N,Yes,Engineering,Mumbai
ABSVHXJ3ZUYJ,EMP00182,Sick Leave,ML-PLAN-04,2023-08-19,2023-08-30,12,2023-08-12,EMP00005,2023-08-17,Approved,Child Care,,N,Yes,Marketing,Singapore
ABSZE8CWV8C3,EMP00032,Sick Leave,SL-PLAN-02,2023-06-06,2023-06-16,11,2023-06-02,EMP00003,2023-06-06,Rejected,Vacation,None,N,No,Operations,Bengaluru
ABSEUH92U2UV,EMP00261,Maternity Leave,ML-PLAN-04,2022-04-25,2022-05-02,8,2022-03-29,EMP00005,2022-03-31,Pending,Family,,N,Yes,Finance,Toronto
ABSNWK59FX2F,EMP00405,Work From Home,ML-PLAN-04,2022-05-03,2022-05-15,13,2022-04-15,EMP00020,2022-04-17,Approved,Vacation,,N,Yes,Marketing,Sydney
ABSZYX9ADJSP,EMP00610,Compensatory Off,CO-PLAN-06,2025-03-07,2025-03-11,5,2025-02-15,EMP00024,2025-02-18,Cancelled,Vacation,Recurring,N,Yes,Sales,New York
ABSRK9LHLU02,EMP00733,Sick Leave,UL-PLAN-07,2023-07-13,2023-07-26,14,2023-06-21,EMP00008,2023-06-26,Withdrawn,Emergency,,N,Yes,Engineering,Bengaluru
ABS8TCV1T44H,EMP00069,Annual Leave,CL-PLAN-03,2023-10-03,2023-10-09,7,2023-09-03,EMP00023,2023-09-04,Pending,Child Care,Urgent,Y,Yes,Legal,Singapore
ABSLRFXC1IZ9,EMP00372,UNKNOWN_TYPE_XYZ,CL-PLAN-03,2024-06-30,2024-06-27,6,2024-06-17,EMP00005,2024-06-22,Withdrawn,Emergency,,Y,No,Engineering,Bengaluru
ABSGAYH4DGBZ,EMP00792,Sick Leave,UL-PLAN-07,2023-12-26,2024-01-06,12,2023-12-13,EMP00012,2023-12-18,Approved,Marriage,,N,Yes,Sales,Toronto
ABS6UK3OEL7L,EMP00450,Maternity Leave,PL-PLAN-05,2025-02-07,2025-02-13,7,2025-02-05,EMP00008,2025-02-09,Pending,Personal,,Y,N/A,Sales,Mumbai
ABSJFIDZY24R,EMP00300,Bereavement Leave,UL-PLAN-07,2024-03-29,2024-04-08,11,2024-03-06,EMP00007,2024-03-07,Cancelled,Child Care,Urgent,N,Yes,Human Resources,Mumbai
ABSVZBN9CEIT,EMP00772,Bereavement Leave,ML-PLAN-04,2022-11-19,2022-11-22,4,2022-11-06,EMP00033,2022-11-10,Cancelled,Travel,,N,Yes,Human Resources,Sydney
ABSNIINV6CK2,EMP00393,Bereavement Leave,BL-PLAN-08,2023-10-09,2023-10-20,12,2023-09-21,EMP00035,2023-09-26,Rejected,Emergency,Urgent,N,Yes,Operations,Singapore
ABSFY9SUK62W,EMP00256,Bereavement Leave,BL-PLAN-08,2023-01-17,2023-01-21,5,2023-01-16,EMP00003,2023-01-17,Approved,Travel,Urgent,Y,Yes,Legal,Dubai
ABSLGIO61FRF,EMP00089,Work From Home,UL-PLAN-07,2023-03-21,2023-03-31,11,2023-03-15,EMP00001,2023-03-17,Pending,Family,Urgent,Y,N/A,Product,Mumbai
ABSJ3K57BHCL,EMP00059,Sick Leave,PL-PLAN-05,2022-12-07,2022-12-17,11,2022-12-02,EMP00023,2022-12-05,Pending,Travel,,N,N/A,Human Resources,London
ABS9RH3AEYBA,EMP00676,Maternity Leave,UL-PLAN-07,2023-03-12,2023-03-19,8,2023-02-10,EMP00041,2023-02-15,Cancelled,Medical Appointment,,N,N/A,Sales,Sydney
ABSQ7PPWOAEC,,Maternity Leave,CL-PLAN-03,,2023-10-07,2,2023-10-20,EMP00039,2023-10-01,Rejected,Other,,N,Yes,Sales,Dubai
ABSU9VRWH1W6,EMP00195,Sick Leave,UL-PLAN-07,2022-07-08,2022-07-10,3,2022-06-12,EMP00036,2022-06-15,Withdrawn,Vacation,Urgent,N,Yes,Marketing,Bengaluru
ABSEGYQCZNTM,EMP00403,Unpaid Leave,ML-PLAN-04,2022-06-18,2022-06-27,10,2022-05-20,EMP00002,2022-05-21,Approved,Medical,,N,Yes,Product,Singapore
ABS40B7BMYFI,EMP00525,Sick Leave,AL-PLAN-01,2024-09-30,2024-10-12,13,2024-09-05,EMP00047,2024-09-09,Rejected,Medical Appointment,Pre-planned,Y,Yes,Product,New York
ABSMQ0ZZ4J1I,EMP00687,Sick Leave,CL-PLAN-03,2022-04-24,2022-04-29,6,2022-04-20,EMP00012,2022-04-22,Approved,Emergency,Pre-planned,Y,Yes,Engineering,Mumbai
ABSWFO3M3LAI,EMP00230,Sick Leave,UL-PLAN-07,2023-07-10,2023-07-20,0,2023-06-16,EMP00028,2023-06-18,Rejected,Travel,,N,No,Sales,Dubai
ABS2KJ7YHUQM,EMP00270,Unpaid Leave,BL-PLAN-08,2023-07-11,2023-07-13,3,2023-07-08,EMP00011,2023-07-12,Cancelled,Emergency,None,N,Yes,Legal,Toronto
ABSADYD5O6QK,EMP00109,Annual Leave,AL-PLAN-01,2024-04-01,2024-04-08,8,2024-03-31,EMP00041,2024-04-04,Cancelled,COVID-19,Recurring,N,N/A,Product,New York
ABSJ4LKPLW41,EMP00131,Casual Leave,SL-PLAN-02,2024-08-11,2024-08-15,5,2024-07-31,EMP00043,2024-08-04,Cancelled,COVID-19,,N,Yes,Sales,Dubai
ABS8L70CS3HF,EMP00735,Bereavement Leave,CO-PLAN-06,2023-12-07,2023-12-07,1,2023-11-30,EMP00050,2023-12-03,Approved,Travel,,N,No,Marketing,London
ABSQC74EO3LK,EMP00447,Annual Leave,ML-PLAN-04,2023-08-06,2023-08-03,13,2023-08-01,EMP00017,2023-08-04,Rejected,Personal,Recurring,Y,No,Product,New York
ABSOQPLTVYIJ,EMP00390,Work From Home,CO-PLAN-06,2024-05-21,2024-05-29,9,2024-05-05,EMP00028,2024-05-06,Rejected,Family,Urgent,N,Yes,Product,London
ABSQ2QFFGOML,EMP00110,Maternity Leave,CL-PLAN-03,2023-06-02,2023-06-06,5,2023-05-19,EMP00007,2023-05-20,Rejected,Medical,,N,Yes,Human Resources,Bengaluru
ABS9MFLJ8JNR,EMP00701,Bereavement Leave,SL-PLAN-02,2023-02-27,2023-03-11,13,2023-02-17,EMP00030,2023-02-20,Cancelled,Child Care,None,N,Yes,Legal,New York
ABS0YYFQGVQD,EMP00439,Unpaid Leave,CL-PLAN-03,2022-04-26,2022-05-08,13,2022-04-01,EMP00050,2022-04-02,Withdrawn,Child Care,None,N,N/A,Engineering,London
ABSGXEVCE9NX,EMP00319,Bereavement Leave,SL-PLAN-02,2022-08-18,2022-08-19,2,2022-08-07,EMP00040,2022-08-08,Rejected,Vacation,None,N,N/A,Operations,Dubai
ABS9V4EEZ3ZX,EMP00119,Bereavement Leave,PL-PLAN-05,2024-10-09,2024-10-11,3,2024-09-14,EMP00020,2024-09-19,Rejected,COVID-19,None,N,Yes,Finance,Toronto
ABSUS33LU5PA,EMP00098,Annual Leave,PL-PLAN-05,2023-11-12,2023-11-12,1,2023-10-27,EMP00011,2023-10-31,Approved,Travel,Recurring,Y,Yes,Marketing,Dubai
ABSDOMNXH9O6,EMP00294,Maternity Leave,AL-PLAN-01,2024-03-05,2024-03-15,11,2024-02-17,EMP00050,2024-02-18,Cancelled,Family,Urgent,N,Yes,Finance,Mumbai
ABSWX3NI54ND,EMP00662,Sick Leave,CO-PLAN-06,2024-09-12,2024-09-19,8,2024-08-23,EMP00048,2024-08-25,Pending,Other,Pre-planned,N,Yes,Engineering,Dubai
ABSDH7Z93CWO,EMP00275,UNKNOWN_TYPE_XYZ,ML-PLAN-04,,2023-03-16,-1,2023-02-23,EMP00024,2023-02-25,UNKNOWN,Travel,,N,Yes,Sales,Toronto
ABSWN3IO3LD8,EMP00025,Unpaid Leave,ML-PLAN-04,2023-01-26,2023-01-30,5,2023-01-20,EMP00024,2023-01-23,Rejected,Medical,Urgent,Y,N/A,Finance,Bengaluru
ABSYJD07F9T3,EMP00668,Work From Home,CL-PLAN-03,2024-05-20,2024-05-27,8,2024-05-13,EMP00019,2024-05-14,Pending,Marriage,,Y,Yes,Legal,Sydney
ABSO1S8ROI5T,EMP00077,Maternity Leave,SL-PLAN-02,2023-03-08,2023-03-20,13,2023-02-14,EMP00035,2023-02-17,Cancelled,COVID-19,Pre-planned,Y,No,Operations,Dubai
ABS1D4CAP4A9,EMP00365,Work From Home,BL-PLAN-08,2024-08-25,2024-09-06,13,2024-08-03,EMP00017,2024-08-08,Approved,Vacation,,Y,No,Human Resources,Sydney
ABSBN7ADSNHM,,Casual Leave,CO-PLAN-06,2024-10-03,2024-10-04,2,2024-09-07,EMP00027,2024-09-11,Rejected,Family,,Y,No,Human Resources,Sydney
ABSTPU8SMXYT,EMP00612,Casual Leave,PL-PLAN-05,2024-02-01,2024-02-11,11,2024-01-23,EMP00005,2024-01-28,Approved,Other,,Y,Yes,Legal,London
ABSG24PGJQXR,EMP00044,Compensatory Off,CL-PLAN-03,2022-07-07,2022-07-17,11,2022-06-10,EMP00041,2022-06-12,Approved,COVID-19,Urgent,N,No,Human Resources,Bengaluru
ABSXO8IMAL6V,EMP00344,Sick Leave,ML-PLAN-04,2023-08-13,2023-08-14,2,2023-07-21,EMP00017,2023-07-24,Rejected,Medical,,Y,Yes,Sales,Bengaluru
ABSY3IKPMLIC,EMP00395,Unpaid Leave,ML-PLAN-04,2022-10-30,2022-11-10,12,2022-10-10,EMP00015,2022-10-11,Withdrawn,Medical Appointment,,N,Yes,Operations,Singapore
ABSNDQOU958J,EMP00016,Unpaid Leave,AL-PLAN-01,2023-07-24,2023-07-21,2,2023-07-05,EMP00003,2023-07-06,Withdrawn,Vacation,,Y,Yes,Human Resources,Singapore
ABSJ81Y2FAS4,EMP00034,Sick Leave,CL-PLAN-03,2024-05-07,2024-05-07,1,2024-04-15,EMP00027,2024-04-20,Cancelled,Child Care,,N,No,Engineering,Toronto
ABS4DNJND1WW,EMP00608,Compensatory Off,SL-PLAN-02,2022-09-24,2022-09-29,6,2022-08-30,EMP00030,2022-09-03,Approved,COVID-19,,Y,N/A,Human Resources,New York
ABSSRVDQFSSO,EMP00107,Unpaid Leave,ML-PLAN-04,2024-04-05,2024-04-13,9,2024-03-26,EMP00036,2024-03-28,Rejected,Personal,,N,Yes,Engineering,Singapore
ABSM3UCTXN8S,EMP00205,Sick Leave,SL-PLAN-02,2024-03-24,2024-04-06,14,2024-03-15,EMP00036,2024-03-17,Rejected,Family,,N,Yes,Operations,Sydney
ABSMRADRL6HW,EMP00530,Unpaid Leave,UL-PLAN-07,2023-01-01,2023-01-10,18,2022-12-28,EMP00020,2022-12-30,Rejected,Emergency,,N,N/A,Legal,Toronto
ABS6OHGB1JZS,EMP00365,Work From Home,CL-PLAN-03,2023-09-14,2023-09-18,5,2023-09-09,EMP00026,2023-09-10,Approved,Medical,,Y,Yes,Operations,Dubai
ABSS6ZZRM5BY,EMP00089,Maternity Leave,CL-PLAN-03,2022-03-09,2022-03-13,5,2022-03-06,EMP00023,2022-03-11,Rejected,Child Care,Urgent,N,No,Human Resources,Singapore
ABSPLO9M4JY6,EMP00355,Annual Leave,AL-PLAN-01,2022-07-08,2022-07-17,10,2022-07-06,EMP00050,2022-07-07,Pending,Other,Urgent,N,Yes,Marketing,London
ABSPVK6NAXTA,EMP00367,Sick Leave,CL-PLAN-03,2024-04-28,2024-04-28,1,2024-04-22,EMP00028,2024-04-27,Cancelled,Emergency,,N,Yes,Finance,Singapore
ABSYVKDSAVHV,EMP00667,Unpaid Leave,ML-PLAN-04,,2022-01-28,0,2022-01-18,EMP00039,2022-01-22,Withdrawn,Child Care,,N,Yes,Legal,Toronto
ABS3SGOSIRHG,EMP00478,Casual Leave,SL-PLAN-02,2023-03-23,2023-03-30,8,2023-02-25,EMP00049,2023-03-01,Approved,Emergency,,N,No,Marketing,Singapore
ABSQXSPF50RW,EMP00408,Casual Leave,SL-PLAN-02,2022-11-05,2022-11-07,3,2022-10-13,EMP00009,2022-10-14,Withdrawn,Personal,,Y,Yes,Sales,Bengaluru
ABSYU2R7MP9A,EMP00782,Sick Leave,CL-PLAN-03,2022-10-31,2022-11-03,4,2022-10-12,EMP00034,2022-10-17,Rejected,COVID-19,,N,Yes,Engineering,Sydney
ABSHSQOD3EDM,EMP00464,Bereavement Leave,BL-PLAN-08,2025-03-23,2025-04-02,11,2025-03-08,EMP00049,2025-03-13,Approved,Personal,,N,No,Marketing,New York
ABSN4ZB8CPW6,EMP00418,Sick Leave,AL-PLAN-01,2025-03-10,2025-03-23,14,2025-02-09,EMP00039,2025-02-14,Approved,Medical,Pre-planned,N,Yes,Product,Bengaluru
ABSZUZ1332W1,EMP00639,Bereavement Leave,CO-PLAN-06,2022-09-05,2022-09-09,5,2022-08-28,EMP00001,2022-08-31,Withdrawn,Vacation,Pre-planned,N,Yes,Human Resources,Sydney
ABSVZV9YUW6H,EMP00547,Sick Leave,UL-PLAN-07,2023-06-03,2023-06-12,10,2023-05-22,EMP00029,2023-05-26,Pending,Child Care,,N,Yes,Product,Toronto
ABSTSSEFBOWX,EMP00385,Annual Leave,ML-PLAN-04,2022-08-17,2022-08-25,9,2022-08-16,EMP00027,2022-08-19,Pending,Vacation,Pre-planned,N,Yes,Product,Singapore
ABST9HFQTNHG,EMP00725,Sick Leave,PL-PLAN-05,2023-08-14,2023-08-20,7,2023-08-06,EMP00015,2023-08-10,Approved,Emergency,None,Y,Yes,Product,Dubai
ABSL83TVELH7,,UNKNOWN_TYPE_XYZ,SL-PLAN-02,2024-05-06,2024-05-03,20,2024-05-16,EMP00044,2024-04-18,Pending,Family,,N,Yes,Finance,Sydney
ABSB3DW2OX1Y,EMP00634,Compensatory Off,PL-PLAN-05,2022-06-03,2022-06-16,14,2022-05-05,EMP00025,2022-05-07,Approved,Child Care,Urgent,Y,Yes,Finance,Bengaluru
ABSYTQ999N7X,EMP00125,Annual Leave,AL-PLAN-01,2024-01-14,2024-01-22,9,2023-12-21,EMP00038,2023-12-26,Cancelled,Medical,None,N,Yes,Human Resources,Sydney
ABSRZCYYINBV,EMP00229,Sick Leave,CO-PLAN-06,2023-05-21,2023-05-25,5,2023-04-22,EMP00005,2023-04-25,Cancelled,Marriage,Recurring,N,Yes,Engineering,Bengaluru
ABS3UFD578O3,EMP00443,Sick Leave,PL-PLAN-05,2022-11-08,2022-11-08,1,2022-10-18,EMP00004,2022-10-23,Approved,Vacation,Recurring,Y,N/A,Operations,Dubai
ABS8UIEVMHJH,EMP00034,Annual Leave,UL-PLAN-07,2025-02-14,2025-02-21,8,2025-01-21,EMP00017,2025-01-23,Rejected,Travel,,Y,No,Marketing,Mumbai
ABSYDW83ESZF,EMP00734,Annual Leave,PL-PLAN-05,2024-08-06,2024-08-18,13,2024-07-20,EMP00031,2024-07-24,Approved,Family,None,N,Yes,Sales,New York
ABSKHZLCJB94,EMP00081,Annual Leave,ML-PLAN-04,2022-08-13,2022-08-14,2,2022-07-16,EMP00013,2022-07-17,Rejected,Travel,Pre-planned,N,Yes,Legal,Bengaluru
ABS5TY3B3VRP,EMP00323,Work From Home,UL-PLAN-07,2024-12-02,2024-12-12,11,2024-11-05,EMP00008,2024-11-09,Rejected,Travel,,N,Yes,Finance,Dubai
ABSGTX8M2HDB,EMP00504,Casual Leave,SL-PLAN-02,2024-08-15,2024-08-27,13,2024-07-18,EMP00027,2024-07-19,Approved,Family,Recurring,N,N/A,Sales,Toronto
ABSBDNHKG4H2,EMP00330,Unpaid Leave,CO-PLAN-06,,2023-06-17,-1,2023-06-02,EMP00004,2023-06-07,Rejected,Emergency,Pre-planned,N,N/A,Finance,Bengaluru
ABS50BRUFLOM,EMP00356,Bereavement Leave,AL-PLAN-01,2022-12-15,2022-12-19,5,2022-11-26,EMP00020,2022-11-27,Cancelled,Emergency,Urgent,N,Yes,Finance,Dubai
ABSGJE623PF8,EMP00130,Maternity Leave,SL-PLAN-02,2022-12-23,2022-12-29,7,2022-12-06,EMP00013,2022-12-11,Rejected,Family,None,N,Yes,Marketing,Mumbai
ABSFY57YP35M,EMP00677,Sick Leave,BL-PLAN-08,2022-06-24,2022-06-29,6,2022-06-14,EMP00007,2022-06-15,Cancelled,Family,,N,Yes,Legal,Mumbai
ABSYFIPH2FFU,EMP00269,Sick Leave,CL-PLAN-03,2024-06-24,2024-07-06,13,2024-05-28,EMP00022,2024-06-01,Withdrawn,Medical Appointment,Urgent,N,Yes,Sales,Dubai
ABSWEWDIAGZG,EMP00612,Bereavement Leave,CO-PLAN-06,2024-09-25,2024-10-02,18,2024-09-03,EMP00013,2024-09-08,Approved,Vacation,Pre-planned,Y,Yes,Human Resources,Sydney
ABSXRBLX9NY7,EMP00390,Unpaid Leave,CO-PLAN-06,2023-02-03,2023-02-05,3,2023-01-20,EMP00011,2023-01-22,Withdrawn,Vacation,Pre-planned,N,Yes,Product,New York
ABSCGWDYKNGP,EMP00199,Work From Home,SL-PLAN-02,2023-11-26,2023-11-30,5,2023-10-27,EMP00014,2023-11-01,Approved,Medical Appointment,Recurring,N,Yes,Operations,Toronto
ABSX5ELQ3FTE,EMP00448,Bereavement Leave,BL-PLAN-08,2023-10-18,2023-10-24,7,2023-09-19,EMP00020,2023-09-20,Rejected,Medical,Urgent,Y,Yes,Engineering,Singapore
ABSRGRWW7XCE,EMP00249,Compensatory Off,BL-PLAN-08,2024-10-26,2024-10-30,5,2024-10-24,EMP00037,2024-10-25,Approved,Personal,Recurring,N,Yes,Marketing,London
ABS7TV3A0XO5,EMP00727,Maternity Leave,AL-PLAN-01,2022-05-02,2022-04-29,1,2022-04-02,EMP00025,2022-04-07,Withdrawn,Child Care,Urgent,N,Yes,Operations,Singapore
ABSAZGNQJP11,EMP00620,Work From Home,AL-PLAN-01,2022-07-08,2022-07-18,11,2022-06-16,EMP00049,2022-06-18,Rejected,COVID-19,None,N,N/A,Human Resources,Mumbai
ABS6CLQO08UD,EMP00630,Annual Leave,UL-PLAN-07,2023-08-05,2023-08-14,10,2023-07-18,EMP00044,2023-07-20,Cancelled,Personal,,Y,Yes,Engineering,Dubai
ABSVRFD6F9SX,EMP00278,Bereavement Leave,CO-PLAN-06,2024-11-13,2024-11-19,7,2024-11-01,EMP00036,2024-11-02,Rejected,Medical Appointment,Pre-planned,Y,Yes,Product,Toronto
ABSLQMIFBL3A,EMP00649,Maternity Leave,AL-PLAN-01,2023-06-18,2023-06-20,3,2023-06-17,EMP00015,2023-06-21,Pending,Vacation,Recurring,N,No,Sales,London
ABS4CBHU9IK1,,Work From Home,ML-PLAN-04,2024-12-03,2024-12-11,0,2024-12-02,EMP00018,2024-12-04,Withdrawn,COVID-19,,N,N/A,Human Resources,Singapore
ABSMD1WD20K8,EMP00180,Unpaid Leave,CO-PLAN-06,2024-09-19,2024-09-25,7,2024-09-02,EMP00022,2024-09-04,Approved,Other,,N,Yes,Product,London
ABSETAPYZC3W,EMP00752,Maternity Leave,PL-PLAN-05,2024-12-06,2024-12-10,5,2024-11-17,EMP00014,2024-11-22,Pending,COVID-19,Urgent,N,Yes,Human Resources,Mumbai
ABSILKUWDU0W,EMP00390,Bereavement Leave,CO-PLAN-06,2025-03-07,2025-03-12,6,2025-02-12,EMP00031,2025-02-16,Pending,Family,Recurring,N,No,Finance,Singapore
ABSWXGY3KEAX,EMP00772,Maternity Leave,AL-PLAN-01,2024-11-26,2024-12-02,7,2024-11-06,EMP00014,2024-11-07,Pending,Travel,Recurring,N,No,Operations,Bengaluru
ABSTV3OU4KLS,EMP00699,UNKNOWN_TYPE_XYZ,CL-PLAN-03,,2022-03-25,20,2022-03-24,EMP00019,2022-03-29,UNKNOWN,Personal,,N,Yes,Finance,New York
ABSGPB38821X,EMP00062,Sick Leave,BL-PLAN-08,2023-01-28,2023-02-08,12,2023-01-16,EMP00016,2023-01-20,Approved,Medical Appointment,Urgent,N,No,Operations,Bengaluru
ABS76276ZRHN,EMP00182,Annual Leave,CO-PLAN-06,2023-07-10,2023-07-18,9,2023-07-05,EMP00007,2023-07-07,Cancelled,COVID-19,,Y,Yes,Finance,Bengaluru
ABSCNTIDITE9,EMP00130,Sick Leave,CL-PLAN-03,2023-06-04,2023-06-09,6,2023-05-07,EMP00009,2023-05-10,Pending,Vacation,,N,N/A,Engineering,Sydney
ABSL9F8P0BLG,EMP00660,Maternity Leave,AL-PLAN-01,2022-10-31,2022-11-13,14,2022-10-03,EMP00011,2022-10-05,Cancelled,Medical,None,N,N/A,Human Resources,Bengaluru
ABSQXHFIG4SR,EMP00780,Unpaid Leave,ML-PLAN-04,2023-09-05,2023-09-09,5,2023-09-01,EMP00005,2023-09-06,Approved,Personal,,N,Yes,Marketing,Dubai
ABSTGJY29HPT,EMP00405,Unpaid Leave,AL-PLAN-01,2022-08-13,2022-08-25,13,2022-08-05,EMP00012,2022-08-08,Withdrawn,Medical,Recurring,Y,Yes,Human Resources,New York
ABS1SZMBVVI9,EMP00317,Work From Home,ML-PLAN-04,2022-04-10,2022-04-19,10,2022-03-24,EMP00024,2022-03-25,Approved,Emergency,,N,Yes,Operations,Bengaluru
ABSJO0GNR14H,EMP00310,Compensatory Off,AL-PLAN-01,2023-03-27,2023-04-07,12,2023-03-16,EMP00006,2023-03-20,Cancelled,Family,None,Y,Yes,Human Resources,Singapore
ABSI5WP8NGK8,EMP00034,Casual Leave,UL-PLAN-07,2024-07-03,2024-07-06,4,2024-07-02,EMP00014,2024-07-04,Rejected,Family,,N,N/A,Product,Dubai
ABS6MPIGHRYO,EMP00516,Maternity Leave,CL-PLAN-03,2024-07-02,2024-06-29,7,2024-06-20,EMP00019,2024-06-25,Withdrawn,COVID-19,Recurring,N,Yes,Operations,Mumbai
ABSRQZZCTMWL,EMP00641,Maternity Leave,BL-PLAN-08,2024-05-18,2024-05-26,9,2024-04-18,EMP00005,2024-04-21,Approved,Child Care,Pre-planned,Y,Yes,Human Resources,Singapore
ABSKMD3LLKG5,EMP00295,Unpaid Leave,SL-PLAN-02,2024-11-19,2024-11-27,9,2024-10-22,EMP00003,2024-10-24,Rejected,Child Care,Pre-planned,N,Yes,Legal,Singapore
ABS3A6FK1KCW,EMP00387,Compensatory Off,AL-PLAN-01,2022-06-29,2022-07-05,7,2022-06-28,EMP00005,2022-07-01,Withdrawn,Vacation,Pre-planned,N,N/A,Finance,Bengaluru
ABSTWGAWH95B,EMP00516,Sick Leave,AL-PLAN-01,2024-04-28,2024-04-30,3,2024-04-23,EMP00035,2024-04-26,Cancelled,Vacation,,N,Yes,Engineering,New York
ABS0S4MPXKUP,EMP00079,Unpaid Leave,BL-PLAN-08,2024-06-02,2024-06-06,12,2024-05-15,EMP00022,2024-05-16,Approved,Child Care,Pre-planned,N,No,Engineering,Singapore
ABSX0OV0BC7B,EMP00777,Casual Leave,UL-PLAN-07,2024-03-19,2024-03-24,6,2024-03-06,EMP00022,2024-03-09,Cancelled,Travel,,N,N/A,Product,Dubai
ABSXWKQFXISZ,EMP00057,Sick Leave,SL-PLAN-02,2023-12-21,2024-01-03,14,2023-11-23,EMP00015,2023-11-28,Withdrawn,Emergency,,Y,Yes,Engineering,Sydney
ABSSVT3ULKQR,EMP00488,Sick Leave,UL-PLAN-07,2022-11-04,2022-11-10,7,2022-10-12,EMP00001,2022-10-14,Approved,Other,,N,Yes,Legal,Sydney
ABSU33141USK,EMP00334,Sick Leave,PL-PLAN-05,2024-06-13,2024-06-13,1,2024-05-29,EMP00003,2024-06-01,Cancelled,Child Care,Pre-planned,N,N/A,Product,New York
ABSEH9J4GRUA,,Casual Leave,SL-PLAN-02,,2024-08-14,-1,2024-08-27,EMP00047,2024-07-29,Cancelled,Vacation,,N,Yes,Human Resources,Sydney
ABSQQOITHSYE,EMP00491,Casual Leave,UL-PLAN-07,2023-09-09,2023-09-11,3,2023-08-19,EMP00005,2023-08-24,Withdrawn,COVID-19,None,N,Yes,Engineering,Dubai
ABSK1A7CK5OH,EMP00580,Maternity Leave,CO-PLAN-06,2022-07-13,2022-07-19,7,2022-07-10,EMP00021,2022-07-12,Cancelled,Travel,Urgent,N,Yes,Marketing,Mumbai
ABSXS5GDDGJM,EMP00384,Work From Home,CO-PLAN-06,2023-05-06,2023-05-15,10,2023-04-12,EMP00008,2023-04-14,Cancelled,Medical Appointment,,N,Yes,Human Resources,New York
ABSC2GKPCYTS,EMP00359,Unpaid Leave,ML-PLAN-04,2024-04-20,2024-04-29,10,2024-04-06,EMP00019,2024-04-07,Cancelled,Marriage,,N,Yes,Engineering,Bengaluru
ABSQZ7OO5WJX,EMP00487,Casual Leave,AL-PLAN-01,2023-02-19,2023-02-23,5,2023-02-08,EMP00017,2023-02-13,Cancelled,Other,,N,Yes,Engineering,Toronto
ABS337TQC0XW,EMP00674,Bereavement Leave,BL-PLAN-08,2024-09-26,2024-10-07,12,2024-09-12,EMP00026,2024-09-14,Withdrawn,Personal,Recurring,N,Yes,Operations,Singapore
ABS6RFIRDH1B,EMP00646,Annual Leave,CL-PLAN-03,2024-11-05,2024-11-18,14,2024-10-18,EMP00041,2024-10-23,Pending,Travel,Urgent,N,Yes,Product,Mumbai
ABS8XJT2S4R6,EMP00312,Unpaid Leave,CL-PLAN-03,2022-09-30,2022-10-04,5,2022-09-19,EMP00037,2022-09-24,Pending,Personal,,Y,Yes,Operations,Sydney
ABSPBAXEIF3Z,EMP00396,Compensatory Off,BL-PLAN-08,2022-12-31,2023-01-08,9,2022-12-16,EMP00032,2022-12-20,Rejected,Other,None,Y,No,Operations,Bengaluru
ABSROURYW3PM,EMP00274,UNKNOWN_TYPE_XYZ,ML-PLAN-04,2024-10-31,2024-10-28,0,2024-10-12,EMP00018,2024-10-16,Withdrawn,Medical,Pre-planned,N,Yes,Operations,New York
ABSY23Z377Y5,EMP00575,Work From Home,UL-PLAN-07,2022-02-02,2022-02-04,3,2022-01-29,EMP00015,2022-01-31,Approved,Marriage,,N,Yes,Sales,Singapore
ABSD2Z8R1SM0,EMP00090,Compensatory Off,UL-PLAN-07,2025-03-14,2025-03-24,11,2025-02-23,EMP00048,2025-02-28,Approved,Medical,Recurring,N,Yes,Finance,Sydney
ABSBRUBMBY57,EMP00098,Work From Home,PL-PLAN-05,2022-04-07,2022-04-19,13,2022-03-24,EMP00011,2022-03-29,Approved,Family,None,N,Yes,Human Resources,Sydney
ABSKXQA9VY34,EMP00645,Maternity Leave,AL-PLAN-01,2024-03-02,2024-03-04,3,2024-02-08,EMP00004,2024-02-13,Approved,Marriage,,N,N/A,Human Resources,London
ABSZ9568XKDA,EMP00613,Casual Leave,ML-PLAN-04,2024-03-10,2024-03-14,5,2024-02-28,EMP00006,2024-03-02,Rejected,Marriage,Recurring,N,Yes,Finance,Toronto
ABSIQRW1EAUL,EMP00354,Annual Leave,SL-PLAN-02,2023-01-06,2023-01-10,5,2022-12-29,EMP00022,2023-01-02,Rejected,Other,,N,Yes,Operations,Sydney
ABSUPJUGTXPG,EMP00250,Work From Home,UL-PLAN-07,2022-12-08,2022-12-16,9,2022-11-17,EMP00001,2022-11-18,Rejected,Medical Appointment,Recurring,N,Yes,Finance,New York
ABS4PMDB3PVG,EMP00489,Work From Home,SL-PLAN-02,2025-01-30,2025-02-06,8,2025-01-25,EMP00032,2025-01-29,Cancelled,Medical Appointment,,N,N/A,Product,Sydney
ABSEX19COE9S,EMP00215,Work From Home,AL-PLAN-01,2022-10-09,2022-10-09,1,2022-09-13,EMP00011,2022-09-15,Withdrawn,Medical,,N,Yes,Sales,New York
ABSF4A9MSUFL,EMP00501,Bereavement Leave,PL-PLAN-05,,2024-07-18,1,2024-07-01,EMP00039,2024-07-06,Rejected,Vacation,Urgent,N,Yes,Sales,New York
ABS1R01MZHI2,EMP00632,Annual Leave,PL-PLAN-05,2024-01-13,2024-01-14,2,2023-12-24,EMP00017,2023-12-25,Rejected,COVID-19,Recurring,Y,Yes,Human Resources,Sydney
ABSNX8T24HNS,EMP00718,Compensatory Off,CL-PLAN-03,2022-11-21,2022-11-27,7,2022-10-30,EMP00050,2022-11-02,Withdrawn,Other,,N,Yes,Finance,Sydney
ABSRB5ZZEI8P,EMP00596,Annual Leave,PL-PLAN-05,2024-06-13,2024-06-13,1,2024-05-18,EMP00002,2024-05-23,Cancelled,Emergency,,N,Yes,Finance,Bengaluru
ABSO4BL57DHC,EMP00767,Annual Leave,UL-PLAN-07,2024-04-19,2024-04-21,3,2024-03-23,EMP00044,2024-03-26,Approved,Medical Appointment,Pre-planned,N,Yes,Human Resources,Singapore
ABS127P8EDEB,,Work From Home,BL-PLAN-08,2023-01-25,2023-02-03,15,2022-12-28,EMP00027,2022-12-29,Cancelled,Vacation,None,Y,No,Human Resources,Toronto
ABSD077X58BO,EMP00175,Work From Home,AL-PLAN-01,2024-06-11,2024-06-17,7,2024-05-23,EMP00018,2024-05-26,Approved,Child Care,Urgent,Y,N/A,Finance,London
ABSCGZNSTLTL,EMP00527,Casual Leave,AL-PLAN-01,2022-10-05,2022-10-12,8,2022-09-09,EMP00026,2022-09-14,Pending,Marriage,,N,N/A,Engineering,Mumbai
ABSSVBN0NUSN,EMP00408,Maternity Leave,BL-PLAN-08,2022-05-31,2022-06-07,8,2022-05-22,EMP00035,2022-05-25,Rejected,Travel,Recurring,N,No,Operations,New York
ABSID7IO8RDQ,EMP00322,Compensatory Off,SL-PLAN-02,2025-01-19,2025-01-24,6,2025-01-01,EMP00023,2025-01-02,Cancelled,Child Care,None,N,N/A,Human Resources,Dubai
ABSLQHRN0PIO,EMP00093,Sick Leave,SL-PLAN-02,2024-01-31,2024-01-28,9,2024-01-20,EMP00004,2024-01-25,Pending,Vacation,Urgent,Y,Yes,Operations,Mumbai
ABSKBIF79PK6,EMP00012,Bereavement Leave,BL-PLAN-08,2023-04-15,2023-04-18,4,2023-03-18,EMP00023,2023-03-22,Pending,COVID-19,,N,Yes,Legal,Dubai
ABSM8MGE7N11,EMP00800,Work From Home,ML-PLAN-04,2022-05-10,2022-05-10,1,2022-04-23,EMP00022,2022-04-28,Withdrawn,Vacation,,N,Yes,Sales,Mumbai
ABSO4FUXRR17,EMP00674,Work From Home,PL-PLAN-05,2024-05-14,2024-05-17,4,2024-05-08,EMP00019,2024-05-10,Rejected,Travel,None,Y,N/A,Operations,Toronto
ABS8JRIS4DUZ,EMP00278,Work From Home,ML-PLAN-04,2023-11-08,2023-11-19,12,2023-10-16,EMP00024,2023-10-17,Rejected,Vacation,None,N,Yes,Marketing,London
ABSCXLCUOYRR,EMP00307,Casual Leave,UL-PLAN-07,2024-07-12,2024-07-18,7,2024-07-08,EMP00009,2024-07-09,Approved,Marriage,Recurring,N,Yes,Product,Bengaluru
ABSGSZ5HZXVK,EMP00607,Bereavement Leave,CL-PLAN-03,2023-04-26,2023-04-30,5,2023-04-19,EMP00042,2023-04-21,Withdrawn,Medical Appointment,,N,N/A,Finance,Bengaluru
ABSKV41BFUKN,EMP00339,Work From Home,AL-PLAN-01,2022-09-08,2022-09-21,14,2022-08-21,EMP00034,2022-08-24,Pending,Vacation,,Y,Yes,Product,Bengaluru
ABSONX2H6CUP,EMP00649,Casual Leave,PL-PLAN-05,2024-03-03,2024-03-08,6,2024-02-23,EMP00001,2024-02-27,Cancelled,Personal,,N,Yes,Finance,Toronto
ABSZNU2CDOVN,EMP00246,Casual Leave,BL-PLAN-08,2023-06-16,2023-06-17,2,2023-05-20,EMP00004,2023-05-23,Approved,Other,,N,Yes,Product,Dubai
ABSC5STLM6NO,EMP00226,UNKNOWN_TYPE_XYZ,PL-PLAN-05,,2022-12-31,-1,2022-12-16,EMP00006,2022-12-19,UNKNOWN,Emergency,Pre-planned,Y,Yes,Engineering,New York
ABSX38L4AN15,EMP00472,Unpaid Leave,UL-PLAN-07,2022-02-14,2022-02-14,1,2022-01-20,EMP00043,2022-01-22,Rejected,COVID-19,None,N,N/A,Legal,Sydney
ABS4FV0CGLZ9,EMP00354,Maternity Leave,SL-PLAN-02,2023-11-14,2023-11-25,12,2023-10-15,EMP00033,2023-10-19,Withdrawn,Family,None,N,No,Engineering,New York
ABSC06QWN4EA,EMP00541,Work From Home,BL-PLAN-08,2023-05-16,2023-05-23,8,2023-05-08,EMP00005,2023-05-13,Cancelled,Medical,Recurring,N,N/A,Marketing,Bengaluru
ABSD6JDHRARK,EMP00244,Casual Leave,ML-PLAN-04,2024-08-28,2024-09-10,14,2024-08-10,EMP00013,2024-08-15,Cancelled,Vacation,,N,Yes,Sales,Bengaluru
ABS2UJ8KYB7K,EMP00759,Casual Leave,ML-PLAN-04,2023-12-02,2023-12-08,0,2023-11-19,EMP00048,2023-11-24,Withdrawn,Other,Urgent,Y,N/A,Engineering,New York
ABSI93WS75IQ,EMP00328,Casual Leave,SL-PLAN-02,2022-09-01,2022-09-02,2,2022-08-23,EMP00041,2022-08-28,Pending,Medical,Pre-planned,N,Yes,Human Resources,Bengaluru
ABSY277SE7C7,EMP00273,Compensatory Off,CO-PLAN-06,2024-01-11,2024-01-13,3,2023-12-12,EMP00033,2023-12-17,Rejected,Marriage,Recurring,N,Yes,Product,Singapore
ABS92U9GC0WS,EMP00034,Bereavement Leave,PL-PLAN-05,2022-09-13,2022-09-15,3,2022-08-14,EMP00034,2022-08-18,Cancelled,Marriage,Urgent,N,N/A,Legal,Mumbai
ABSLXG0LNBWH,EMP00715,Maternity Leave,SL-PLAN-02,2022-07-20,2022-07-26,7,2022-07-12,EMP00029,2022-07-14,Approved,Child Care,Pre-planned,Y,Yes,Engineering,Toronto
ABSDV2OYETC4,,Unpaid Leave,SL-PLAN-02,2024-01-28,2024-01-25,5,2024-02-07,EMP00024,2024-01-23,Cancelled,Emergency,Urgent,N,Yes,Operations,London
ABSOQT0CYE44,EMP00726,Annual Leave,BL-PLAN-08,2024-12-30,2025-01-05,7,2024-12-07,EMP00017,2024-12-11,Pending,Travel,,N,Yes,Operations,New York
ABSH1QQ850Y2,EMP00195,Work From Home,CL-PLAN-03,2022-06-15,2022-06-28,14,2022-05-20,EMP00008,2022-05-21,Cancelled,Medical,,Y,N/A,Human Resources,New York
ABSL0YFBVVAB,EMP00614,Unpaid Leave,UL-PLAN-07,2024-12-25,2024-12-26,2,2024-12-18,EMP00048,2024-12-23,Withdrawn,Emergency,Urgent,Y,No,Finance,Singapore
ABSRKM1N5Z17,EMP00316,Bereavement Leave,AL-PLAN-01,2022-03-06,2022-03-15,10,2022-02-24,EMP00027,2022-02-25,Rejected,Marriage,None,N,N/A,Human Resources,Dubai
ABSBVA5NCAKA,EMP00480,Maternity Leave,BL-PLAN-08,2022-12-05,2022-12-06,6,2022-11-08,EMP00042,2022-11-11,Withdrawn,Travel,Pre-planned,N,No,Finance,New York
ABSJA5PKW62F,EMP00333,Sick Leave,PL-PLAN-05,2024-08-17,2024-08-17,1,2024-07-29,EMP00027,2024-08-02,Cancelled,Personal,Pre-planned,N,Yes,Finance,New York
ABSBI12EZH6P,EMP00009,Bereavement Leave,UL-PLAN-07,2023-09-11,2023-09-24,14,2023-09-06,EMP00003,2023-09-08,Cancelled,Vacation,,N,Yes,Finance,Dubai
ABSH55UPRV4B,EMP00261,Bereavement Leave,BL-PLAN-08,2024-03-14,2024-03-23,10,2024-03-08,EMP00014,2024-03-11,Rejected,Vacation,None,N,Yes,Finance,Toronto
ABS538HMNHFH,EMP00092,Maternity Leave,CO-PLAN-06,2023-07-09,2023-07-11,3,2023-06-28,EMP00041,2023-07-02,Approved,Travel,Recurring,N,Yes,Human Resources,Sydney
ABSJTDB4I7DG,EMP00082,Unpaid Leave,CO-PLAN-06,,2022-08-14,4,2022-08-13,EMP00018,2022-08-16,Cancelled,Other,Recurring,N,Yes,Finance,Dubai
ABS8ZP662IMG,EMP00142,Casual Leave,CL-PLAN-03,2022-09-20,2022-09-23,4,2022-09-02,EMP00047,2022-09-03,Approved,Family,,N,N/A,Finance,Toronto
ABSY6H3E2431,EMP00620,Unpaid Leave,UL-PLAN-07,2022-08-07,2022-08-17,11,2022-07-19,EMP00028,2022-07-24,Pending,Medical,Urgent,N,No,Engineering,London
ABSO3T728X71,EMP00475,Maternity Leave,CL-PLAN-03,2022-05-11,2022-05-22,12,2022-04-20,EMP00040,2022-04-24,Rejected,Medical,Pre-planned,N,Yes,Engineering,Dubai
ABSNNBGWLQ04,EMP00570,Work From Home,ML-PLAN-04,2022-11-17,2022-11-26,10,2022-10-25,EMP00042,2022-10-29,Cancelled,Personal,Urgent,N,N/A,Finance,Mumbai
ABS1YI0S5SPF,EMP00524,Compensatory Off,BL-PLAN-08,2023-01-17,2023-01-18,2,2022-12-27,EMP00029,2022-12-30,Cancelled,Family,Recurring,Y,Yes,Legal,Bengaluru
ABSS5J6CWKPZ,EMP00131,Bereavement Leave,CO-PLAN-06,2023-12-14,2023-12-16,3,2023-11-26,EMP00020,2023-12-01,Cancelled,Medical,Urgent,Y,Yes,Legal,Singapore
ABSQ3S8W9NK6,EMP00623,Sick Leave,SL-PLAN-02,2022-12-16,2022-12-21,6,2022-12-01,EMP00004,2022-12-04,Approved,Child Care,Recurring,N,No,Operations,Bengaluru
ABSG7RDJXK5S,EMP00518,Unpaid Leave,SL-PLAN-02,2023-12-17,2023-12-26,10,2023-11-28,EMP00048,2023-12-03,Rejected,Family,,Y,Yes,Marketing,Singapore
ABSYARP6QU4B,EMP00379,Unpaid Leave,CL-PLAN-03,2022-08-05,2022-08-07,3,2022-07-18,EMP00030,2022-07-20,Withdrawn,Personal,,Y,Yes,Operations,Dubai
ABSN7G52TRBW,EMP00353,UNKNOWN_TYPE_XYZ,UL-PLAN-07,2022-11-06,2022-11-03,7,2022-10-15,EMP00023,2022-10-16,Withdrawn,Child Care,,N,No,Legal,Toronto
ABSARJF4TJXH,EMP00620,Work From Home,AL-PLAN-01,2022-09-04,2022-09-10,7,2022-08-20,EMP00003,2022-08-24,Cancelled,Emergency,Pre-planned,N,Yes,Legal,Toronto
ABSMNB98VBFN,EMP00764,Annual Leave,UL-PLAN-07,2022-05-21,2022-05-29,9,2022-04-30,EMP00037,2022-05-02,Withdrawn,Vacation,,N,Yes,Finance,Dubai
ABSI6YNH2BJ6,EMP00699,Work From Home,ML-PLAN-04,2023-05-18,2023-05-28,11,2023-04-30,EMP00034,2023-05-04,Withdrawn,Travel,Pre-planned,N,N/A,Legal,New York
ABSSP3SB717S,EMP00643,Work From Home,AL-PLAN-01,2023-08-15,2023-08-19,5,2023-08-10,EMP00037,2023-08-12,Cancelled,COVID-19,Pre-planned,Y,Yes,Marketing,Toronto
ABS15E3HMCTV,,Work From Home,CO-PLAN-06,2022-03-23,2022-04-03,12,2022-03-12,EMP00034,2022-03-13,Cancelled,Other,Urgent,N,No,Legal,London
ABS3ETTOG90E,EMP00461,Unpaid Leave,PL-PLAN-05,2022-02-27,2022-03-11,13,2022-02-12,EMP00018,2022-02-15,Approved,Family,,N,No,Operations,Mumbai
ABST4W26LOK1,EMP00757,Work From Home,ML-PLAN-04,2023-12-14,2023-12-24,11,2023-12-01,EMP00002,2023-12-05,Approved,COVID-19,,Y,No,Marketing,Dubai
ABSK9CNW2AVD,EMP00364,Compensatory Off,ML-PLAN-04,2024-05-23,2024-06-04,13,2024-05-20,EMP00034,2024-05-21,Cancelled,COVID-19,,N,Yes,Legal,Singapore
ABSLA3ATKTEM,EMP00720,Sick Leave,BL-PLAN-08,2022-02-14,2022-02-18,5,2022-02-07,EMP00041,2022-02-10,Pending,Personal,,Y,Yes,Operations,Singapore
ABSB7CEWVDUH,EMP00736,Casual Leave,ML-PLAN-04,,2023-08-26,-1,2023-08-17,EMP00019,2023-08-22,Rejected,Medical Appointment,Urgent,N,Yes,Human Resources,Singapore
ABS4A4H5TGEC,EMP00339,Casual Leave,ML-PLAN-04,2023-07-18,2023-07-28,11,2023-07-17,EMP00017,2023-07-19,Cancelled,Child Care,,N,Yes,Legal,Sydney
ABSBUKBDHI9N,EMP00605,Maternity Leave,CL-PLAN-03,2024-12-14,2024-12-22,9,2024-12-10,EMP00025,2024-12-15,Rejected,Medical Appointment,Recurring,N,Yes,Marketing,Toronto
ABSW3N7A7LTN,EMP00391,Maternity Leave,CL-PLAN-03,2025-03-24,2025-03-29,6,2025-03-06,EMP00028,2025-03-08,Cancelled,Travel,None,Y,N/A,Finance,Mumbai
ABSZNNFN2G2G,EMP00382,Casual Leave,ML-PLAN-04,2024-12-08,2024-12-19,12,2024-11-19,EMP00042,2024-11-20,Approved,Vacation,Recurring,Y,Yes,Legal,Bengaluru
ABSQ7CQXB01Y,EMP00473,Maternity Leave,UL-PLAN-07,2023-04-18,2023-04-20,9,2023-04-05,EMP00050,2023-04-06,Withdrawn,Medical Appointment,,N,Yes,Operations,London
ABSDH7KD0E0R,EMP00052,Casual Leave,AL-PLAN-01,2023-02-13,2023-02-14,2,2023-02-11,EMP00032,2023-02-15,Withdrawn,Travel,Urgent,N,No,Human Resources,Bengaluru
ABSDZ5GUOSJM,EMP00559,Bereavement Leave,PL-PLAN-05,2022-09-20,2022-09-28,9,2022-08-31,EMP00031,2022-09-01,Cancelled,Personal,Recurring,N,No,Operations,Dubai
ABSDOTLBQW4D,EMP00295,Unpaid Leave,BL-PLAN-08,2023-06-27,2023-07-08,12,2023-05-31,EMP00001,2023-06-01,Rejected,Medical Appointment,,Y,No,Sales,Singapore
ABS02ZZ9SCNR,EMP00159,Work From Home,CL-PLAN-03,2022-12-18,2022-12-19,2,2022-12-07,EMP00034,2022-12-10,Pending,Medical,,N,Yes,Product,Singapore
ABS3ZW0CRLBE,EMP00489,Sick Leave,PL-PLAN-05,2022-01-25,2022-01-22,13,2022-01-17,EMP00011,2022-01-18,Cancelled,Vacation,Pre-planned,N,No,Product,Bengaluru
ABSA8CJBU3D9,EMP00415,Annual Leave,BL-PLAN-08,2022-08-16,2022-08-27,12,2022-07-30,EMP00034,2022-08-02,Withdrawn,COVID-19,None,N,N/A,Finance,Toronto
ABS8VEM28FA8,EMP00430,Compensatory Off,AL-PLAN-01,2023-03-14,2023-03-14,1,2023-03-10,EMP00036,2023-03-11,Pending,COVID-19,Urgent,N,Yes,Operations,London
ABS61V4PPXD8,EMP00764,Unpaid Leave,PL-PLAN-05,2024-05-20,2024-05-27,8,2024-05-09,EMP00046,2024-05-10,Cancelled,COVID-19,Pre-planned,Y,Yes,Operations,Bengaluru
ABSXN4WQMVEE,EMP00236,Unpaid Leave,CO-PLAN-06,2025-03-20,2025-03-28,9,2025-03-14,EMP00013,2025-03-18,Cancelled,Vacation,Urgent,N,Yes,Operations,Toronto
ABSFFZLVC0TF,EMP00748,Maternity Leave,AL-PLAN-01,2023-09-11,2023-09-16,6,2023-09-03,EMP00029,2023-09-08,Withdrawn,Marriage,,N,Yes,Operations,New York
ABSP8HN0TFB2,EMP00485,Casual Leave,AL-PLAN-01,2022-04-03,2022-04-15,13,2022-04-01,EMP00040,2022-04-05,Cancelled,Other,,N,Yes,Legal,Sydney
ABS7ZOTE5049,EMP00709,Casual Leave,UL-PLAN-07,2024-06-22,2024-07-01,10,2024-06-06,EMP00004,2024-06-08,Rejected,COVID-19,Urgent,N,N/A,Operations,Bengaluru
ABSR1UAKJTL8,EMP00128,Casual Leave,AL-PLAN-01,2023-12-17,2023-12-24,8,2023-11-28,EMP00032,2023-12-03,Pending,Vacation,Pre-planned,N,No,Operations,Toronto
ABS7EI74EFI1,EMP00137,Bereavement Leave,CL-PLAN-03,2024-01-16,2024-01-21,6,2023-12-31,EMP00037,2024-01-04,Approved,Vacation,,Y,Yes,Sales,Bengaluru
ABSYRCJSU1ET,,UNKNOWN_TYPE_XYZ,CO-PLAN-06,,2022-09-17,12,2022-09-30,EMP00039,2022-08-23,UNKNOWN,Travel,None,N,No,Operations,Bengaluru
ABSQJ7W1UMAI,EMP00002,Bereavement Leave,BL-PLAN-08,2024-05-05,2024-05-16,12,2024-04-30,EMP00020,2024-05-01,Cancelled,Marriage,Pre-planned,N,Yes,Product,Singapore
ABSF20YGKDU8,EMP00470,Unpaid Leave,ML-PLAN-04,2024-07-04,2024-07-13,10,2024-06-10,EMP00031,2024-06-12,Pending,Travel,,Y,N/A,Sales,Singapore
ABSIFZPNAZ9N,EMP00444,Unpaid Leave,UL-PLAN-07,2022-06-25,2022-07-01,7,2022-05-28,EMP00002,2022-05-31,Approved,Marriage,Recurring,N,N/A,Operations,Dubai
ABSOJII1S281,EMP00237,Work From Home,ML-PLAN-04,2023-08-20,2023-08-30,11,2023-07-26,EMP00037,2023-07-29,Rejected,Emergency,,N,N/A,Product,Bengaluru
ABS3SRS5VENJ,EMP00593,Casual Leave,BL-PLAN-08,2023-09-19,2023-09-23,5,2023-08-31,EMP00020,2023-09-03,Withdrawn,Vacation,,N,Yes,Product,London
ABSFTYPRC72M,EMP00697,Casual Leave,BL-PLAN-08,2025-01-14,2025-01-16,3,2025-01-07,EMP00038,2025-01-09,Rejected,Medical,Urgent,N,Yes,Sales,Sydney
ABSTO0XTDO2S,EMP00216,Compensatory Off,CO-PLAN-06,2024-01-13,2024-01-21,9,2024-01-08,EMP00025,2024-01-11,Pending,Medical Appointment,None,N,Yes,Marketing,Dubai
ABST0P2SQ0JR,EMP00723,Maternity Leave,UL-PLAN-07,2023-10-21,2023-10-26,6,2023-10-07,EMP00037,2023-10-08,Cancelled,Marriage,Pre-planned,N,Yes,Legal,Singapore
ABS68KEAP4WZ,EMP00262,Casual Leave,UL-PLAN-07,2023-05-26,2023-06-02,8,2023-04-28,EMP00048,2023-05-02,Approved,Medical Appointment,Pre-planned,N,Yes,Marketing,New York
ABSEHGMVIR1A,EMP00362,Casual Leave,CO-PLAN-06,2024-08-04,2024-08-01,2,2024-07-17,EMP00032,2024-07-22,Approved,Marriage,,N,N/A,Engineering,New York
ABSYW67WEWOW,EMP00135,Casual Leave,AL-PLAN-01,2024-05-29,2024-06-01,4,2024-05-14,EMP00031,2024-05-19,Pending,Medical,,N,Yes,Legal,New York
ABSV0FDRUBXI,EMP00097,Sick Leave,PL-PLAN-05,2024-11-30,2024-11-30,1,2024-11-27,EMP00003,2024-11-30,Pending,Emergency,None,N,Yes,Operations,Toronto
ABSCZ4GGMLGU,EMP00733,Maternity Leave,AL-PLAN-01,2025-02-05,2025-02-12,8,2025-01-20,EMP00033,2025-01-25,Rejected,Marriage,,Y,Yes,Marketing,Mumbai
ABSHXE5RLUMR,EMP00193,Compensatory Off,PL-PLAN-05,2024-08-19,2024-08-20,2,2024-07-29,EMP00018,2024-07-30,Cancelled,Medical Appointment,Urgent,N,N/A,Finance,London
ABSX9FFW7X77,EMP00216,Bereavement Leave,UL-PLAN-07,2024-09-19,2024-09-26,0,2024-09-17,EMP00046,2024-09-22,Pending,Travel,,Y,Yes,Finance,Bengaluru
ABSJ2Z68LXU6,EMP00388,Unpaid Leave,UL-PLAN-07,2024-04-12,2024-04-17,6,2024-03-26,EMP00033,2024-03-30,Pending,Travel,,Y,Yes,Sales,Dubai
ABSRVK1UT3CK,EMP00110,Compensatory Off,ML-PLAN-04,2024-03-22,2024-03-25,4,2024-02-24,EMP00026,2024-02-26,Rejected,Emergency,,N,N/A,Operations,Mumbai
ABS9WY0MJFS0,EMP00476,Compensatory Off,BL-PLAN-08,2022-05-26,2022-06-03,9,2022-05-07,EMP00007,2022-05-11,Pending,Marriage,Pre-planned,N,Yes,Engineering,Singapore
ABSRFL4CG2RI,EMP00009,Bereavement Leave,CO-PLAN-06,2022-01-21,2022-01-28,8,2021-12-26,EMP00020,2021-12-29,Rejected,Marriage,,N,N/A,Marketing,Toronto
ABSQKD6W8FI6,EMP00666,Bereavement Leave,UL-PLAN-07,,2023-11-18,-1,2023-10-25,EMP00041,2023-10-28,Withdrawn,Medical Appointment,None,N,N/A,Finance,Sydney
ABST62X8Y8I7,EMP00016,Casual Leave,ML-PLAN-04,2023-12-23,2024-01-05,14,2023-12-09,EMP00018,2023-12-13,Withdrawn,Vacation,None,N,N/A,Engineering,Singapore
ABS8CS0DAOXH,EMP00018,Sick Leave,SL-PLAN-02,2023-09-23,2023-10-06,14,2023-09-16,EMP00017,2023-09-18,Pending,Family,,N,No,Marketing,Singapore
ABSWFGC2GET1,EMP00794,Annual Leave,AL-PLAN-01,2024-10-12,2024-10-12,1,2024-09-22,EMP00048,2024-09-27,Pending,Child Care,,N,Yes,Finance,Mumbai
ABSMXPWLS8CF,EMP00172,Annual Leave,PL-PLAN-05,2024-08-14,2024-08-25,12,2024-07-15,EMP00006,2024-07-17,Pending,Travel,Recurring,N,Yes,Legal,London
ABSYR3N2K5GH,,Sick Leave,BL-PLAN-08,2025-02-06,2025-02-08,3,2025-01-27,EMP00034,2025-01-29,Approved,Marriage,Urgent,N,N/A,Sales,Dubai
ABS9SPH5I7NF,EMP00694,Annual Leave,CL-PLAN-03,2025-02-27,2025-02-27,1,2025-02-19,EMP00044,2025-02-20,Pending,Marriage,,N,No,Operations,Mumbai
ABS19MGWYIIY,EMP00052,Bereavement Leave,UL-PLAN-07,2022-12-07,2022-12-20,14,2022-12-02,EMP00017,2022-12-03,Pending,Personal,,N,Yes,Sales,Dubai
ABS5P0S22MSX,EMP00301,Unpaid Leave,CO-PLAN-06,2022-09-01,2022-09-13,13,2022-08-03,EMP00016,2022-08-06,Rejected,Medical,,Y,N/A,Engineering,Bengaluru
ABS3CQUNGATH,EMP00278,Maternity Leave,UL-PLAN-07,2022-05-09,2022-05-13,5,2022-04-28,EMP00035,2022-04-29,Rejected,Marriage,,N,N/A,Product,Toronto
ABSQVBH0I2ZT,EMP00154,UNKNOWN_TYPE_XYZ,PL-PLAN-05,2024-04-06,2024-04-03,15,2024-03-17,EMP00035,2024-03-18,Pending,Vacation,,N,Yes,Finance,Toronto
ABS4HLSFG4FM,EMP00591,Work From Home,SL-PLAN-02,2023-07-09,2023-07-14,6,2023-06-22,EMP00002,2023-06-26,Withdrawn,Travel,Recurring,N,Yes,Product,Mumbai
ABS71ML7UHRN,EMP00104,Compensatory Off,CO-PLAN-06,2024-04-21,2024-04-30,10,2024-04-04,EMP00030,2024-04-07,Rejected,Vacation,,N,No,Human Resources,Singapore
ABSUCJLBWLFD,EMP00110,Casual Leave,ML-PLAN-04,2023-01-18,2023-01-21,4,2022-12-20,EMP00006,2022-12-21,Rejected,Family,Pre-planned,Y,Yes,Operations,London
ABSLR6MK222V,EMP00114,Casual Leave,ML-PLAN-04,2022-10-30,2022-11-11,13,2022-10-15,EMP00025,2022-10-16,Cancelled,COVID-19,Recurring,Y,N/A,Engineering,Bengaluru
ABSKB3RXAK3A,EMP00023,Unpaid Leave,CL-PLAN-03,2023-02-10,2023-02-12,3,2023-01-11,EMP00022,2023-01-16,Pending,Travel,None,N,No,Marketing,London
ABS8UGYVLTYP,EMP00495,Maternity Leave,BL-PLAN-08,2023-11-17,2023-11-28,12,2023-10-30,EMP00045,2023-11-01,Cancelled,Other,Urgent,N,N/A,Product,Sydney
ABSKAK0L951B,EMP00300,Maternity Leave,CL-PLAN-03,2022-11-27,2022-12-07,11,2022-10-30,EMP00045,2022-11-01,Approved,Vacation,,N,Yes,Marketing,New York
ABS0T3A99467,EMP00450,Compensatory Off,ML-PLAN-04,2024-01-27,2024-02-05,10,2024-01-02,EMP00015,2024-01-05,Rejected,Child Care,,Y,Yes,Operations,Toronto
ABSY81SJ5ERX,EMP00690,Sick Leave,CO-PLAN-06,2024-12-01,2024-12-04,4,2024-11-08,EMP00015,2024-11-13,Approved,Child Care,Recurring,Y,N/A,Human Resources,Dubai
ABS0ES96IWS4,EMP00732,Annual Leave,CL-PLAN-03,,2022-09-08,9,2022-08-15,EMP00020,2022-08-18,Withdrawn,Marriage,Pre-planned,N,No,Legal,Singapore
ABSJ3SUH341O,EMP00714,Maternity Leave,CL-PLAN-03,2024-02-20,2024-02-25,6,2024-01-29,EMP00023,2024-02-01,Rejected,Family,,Y,Yes,Legal,Singapore
ABSEYVOMA6HP,EMP00494,Annual Leave,SL-PLAN-02,2022-04-05,2022-04-14,10,2022-03-13,EMP00002,2022-03-17,Pending,Travel,None,N,Yes,Sales,Dubai
ABS6VI8MUURK,EMP00600,Work From Home,UL-PLAN-07,2024-08-12,2024-08-23,12,2024-07-22,EMP00006,2024-07-27,Cancelled,Emergency,Pre-planned,Y,No,Product,London
ABSOMD7F73PS,EMP00050,Compensatory Off,BL-PLAN-08,2024-08-31,2024-09-13,14,2024-08-17,EMP00005,2024-08-20,Withdrawn,Child Care,None,N,Yes,Finance,New York
ABS2WHGT6VGY,EMP00300,Casual Leave,ML-PLAN-04,2022-05-27,2022-05-28,12,2022-05-23,EMP00025,2022-05-26,Pending,Travel,,Y,No,Engineering,Singapore
ABS0E3F56A29,EMP00016,Bereavement Leave,PL-PLAN-05,2024-02-17,2024-02-22,6,2024-02-05,EMP00022,2024-02-08,Approved,Medical Appointment,,N,No,Legal,New York
ABSWIDR50FJH,EMP00377,Bereavement Leave,CO-PLAN-06,2023-11-26,2023-12-03,8,2023-11-21,EMP00045,2023-11-25,Pending,Personal,None,Y,Yes,Legal,Bengaluru
ABS5PF220T33,EMP00622,Annual Leave,UL-PLAN-07,2024-10-16,2024-10-19,4,2024-09-21,EMP00007,2024-09-26,Cancelled,Marriage,Pre-planned,Y,N/A,Sales,Mumbai
ABS3W3I50BS1,EMP00473,Casual Leave,AL-PLAN-01,2024-07-17,2024-07-23,7,2024-07-02,EMP00021,2024-07-07,Rejected,Travel,Recurring,Y,No,Legal,Bengaluru
ABSI3PD0QBNY,,Sick Leave,ML-PLAN-04,2022-03-16,2022-03-13,0,2022-03-26,EMP00030,2022-03-05,Cancelled,Medical Appointment,Urgent,N,N/A,Human Resources,London
ABSPQUKKBGQ9,EMP00065,Casual Leave,UL-PLAN-07,2022-02-16,2022-02-22,7,2022-01-21,EMP00027,2022-01-25,Rejected,Child Care,Urgent,N,N/A,Finance,Sydney
ABS8QYSIWCN2,EMP00207,Work From Home,CO-PLAN-06,2023-08-01,2023-08-03,3,2023-07-05,EMP00010,2023-07-09,Cancelled,Personal,Urgent,N,Yes,Marketing,New York
ABS1IIDD2GUI,EMP00131,Work From Home,AL-PLAN-01,2024-08-17,2024-08-19,3,2024-07-23,EMP00036,2024-07-28,Withdrawn,Travel,,N,Yes,Engineering,Toronto
ABSFP1P120YW,EMP00574,Maternity Leave,CL-PLAN-03,2022-10-02,2022-10-09,8,2022-09-07,EMP00040,2022-09-11,Approved,Medical Appointment,Pre-planned,Y,Yes,Product,London
ABSUSOSLEYPJ,EMP00044,Sick Leave,CO-PLAN-06,2022-10-22,2022-10-24,3,2022-10-20,EMP00032,2022-10-25,Rejected,Personal,Pre-planned,N,No,Finance,Mumbai
ABSP3GP8GIBP,EMP00353,Casual Leave,PL-PLAN-05,2022-07-20,2022-07-26,7,2022-07-16,EMP00048,2022-07-18,Withdrawn,Personal,Pre-planned,N,No,Human Resources,Singapore
ABSB03GN6A95,EMP00501,Sick Leave,AL-PLAN-01,2024-11-18,2024-11-20,3,2024-10-27,EMP00021,2024-10-30,Rejected,Other,,N,Yes,Marketing,Singapore
ABSA492E0ZNL,EMP00646,Bereavement Leave,ML-PLAN-04,2022-11-09,2022-11-16,8,2022-10-23,EMP00018,2022-10-26,Rejected,COVID-19,Pre-planned,N,Yes,Engineering,London
ABSKYV9KF4JL,EMP00394,Work From Home,ML-PLAN-04,2024-04-13,2024-04-14,2,2024-03-24,EMP00026,2024-03-29,Withdrawn,Child Care,None,N,Yes,Operations,London
ABSYHHR6ACC2,EMP00704,UNKNOWN_TYPE_XYZ,BL-PLAN-08,,2023-03-31,-1,2023-03-10,EMP00025,2023-03-12,UNKNOWN,Medical,Urgent,N,N/A,Finance,New York
ABS49HEX4FOZ,EMP00607,Sick Leave,CO-PLAN-06,2025-01-13,2025-01-26,14,2024-12-23,EMP00011,2024-12-24,Pending,Vacation,,N,Yes,Sales,Toronto
ABS9T9SJT4R2,EMP00348,Unpaid Leave,ML-PLAN-04,2024-11-19,2024-11-21,3,2024-10-31,EMP00003,2024-11-03,Withdrawn,Medical,Recurring,N,Yes,Marketing,Sydney
ABSN0MVKXICS,EMP00112,Compensatory Off,CL-PLAN-03,2022-04-20,2022-04-29,10,2022-03-30,EMP00047,2022-04-02,Pending,Medical,Pre-planned,N,No,Legal,Dubai
ABSCORQXV3FX,EMP00277,Annual Leave,SL-PLAN-02,2022-01-09,2022-01-17,9,2021-12-25,EMP00031,2021-12-28,Rejected,Travel,Recurring,N,Yes,Legal,Sydney
ABSGOJJ0UP3A,EMP00136,Bereavement Leave,ML-PLAN-04,2023-09-10,2023-09-23,14,2023-08-31,EMP00026,2023-09-01,Pending,Other,Pre-planned,N,No,Marketing,London
ABS30VEYLBDN,EMP00382,Casual Leave,BL-PLAN-08,2024-02-14,2024-02-25,12,2024-02-08,EMP00003,2024-02-10,Rejected,Emergency,,N,N/A,Operations,Toronto
ABSBACJNQUZ2,EMP00021,Compensatory Off,CO-PLAN-06,2023-08-17,2023-08-19,3,2023-08-04,EMP00013,2023-08-07,Rejected,COVID-19,None,N,Yes,Operations,Bengaluru
ABSZ910615A5,EMP00161,Work From Home,AL-PLAN-01,2023-03-02,2023-03-06,5,2023-02-25,EMP00038,2023-03-01,Withdrawn,Child Care,,Y,Yes,Legal,Mumbai
ABSQEZJR97TY,EMP00604,Unpaid Leave,ML-PLAN-04,2022-02-12,2022-02-23,12,2022-01-14,EMP00047,2022-01-16,Cancelled,Personal,Pre-planned,Y,Yes,Operations,Toronto
ABS68DS1VKVX,EMP00123,Annual Leave,ML-PLAN-04,2023-09-16,2023-09-13,7,2023-09-07,EMP00028,2023-09-11,Rejected,Other,,Y,Yes,Operations,New York
ABSKOAHWJYH5,EMP00327,Unpaid Leave,AL-PLAN-01,2024-11-04,2024-11-05,2,2024-10-31,EMP00036,2024-11-01,Rejected,Emergency,Recurring,N,Yes,Legal,London
ABSSU9IFA1E6,EMP00441,Unpaid Leave,UL-PLAN-07,2022-12-02,2022-12-10,9,2022-11-19,EMP00004,2022-11-24,Cancelled,Emergency,,N,No,Finance,Sydney
ABS0WX5WJNZQ,EMP00455,Unpaid Leave,AL-PLAN-01,2022-05-20,2022-05-25,6,2022-05-19,EMP00021,2022-05-22,Rejected,Personal,Urgent,N,N/A,Human Resources,London
ABSCBVBBGCID,EMP00654,Compensatory Off,UL-PLAN-07,2023-11-09,2023-11-20,12,2023-10-11,EMP00029,2023-10-14,Withdrawn,Emergency,,N,N/A,Finance,Mumbai
ABS7E96P98KT,,Annual Leave,UL-PLAN-07,2022-05-13,2022-05-19,16,2022-05-09,EMP00013,2022-05-12,Cancelled,Personal,Recurring,Y,Yes,Product,New York
ABSI1H53QM3K,EMP00069,Unpaid Leave,AL-PLAN-01,2022-08-12,2022-08-22,11,2022-08-11,EMP00031,2022-08-15,Rejected,Other,,N,N/A,Operations,London
ABS9OF6XQR8Q,EMP00449,Maternity Leave,UL-PLAN-07,2024-04-07,2024-04-14,8,2024-04-01,EMP00003,2024-04-03,Approved,Travel,Pre-planned,N,No,Product,London
ABS9PRH9L9XZ,EMP00095,Work From Home,SL-PLAN-02,2023-12-08,2023-12-18,11,2023-11-10,EMP00008,2023-11-13,Rejected,Personal,,N,No,Product,Sydney
ABSKF8Y6FKNV,EMP00673,Unpaid Leave,BL-PLAN-08,2024-11-02,2024-11-05,4,2024-10-31,EMP00040,2024-11-05,Rejected,Medical,,Y,Yes,Sales,Sydney
ABS5ZIBCGVJL,EMP00789,Bereavement Leave,BL-PLAN-08,,2022-07-29,3,2022-07-08,EMP00016,2022-07-13,Withdrawn,Vacation,,N,Yes,Legal,Bengaluru
ABSBR5ACO3CF,EMP00054,Casual Leave,ML-PLAN-04,2023-11-03,2023-11-06,4,2023-10-06,EMP00026,2023-10-11,Pending,Other,,N,Yes,Marketing,Singapore
ABS1PL08L7C1,EMP00461,Bereavement Leave,BL-PLAN-08,2022-03-07,2022-03-16,10,2022-02-26,EMP00025,2022-03-02,Rejected,Travel,Recurring,N,No,Product,Singapore
ABSL7PD9L1OC,EMP00415,Unpaid Leave,CO-PLAN-06,2023-12-03,2023-12-07,5,2023-11-17,EMP00012,2023-11-22,Approved,Family,Urgent,N,No,Marketing,Dubai
ABS5YGPM92UZ,EMP00249,Maternity Leave,CL-PLAN-03,2022-04-14,2022-04-19,6,2022-04-02,EMP00041,2022-04-07,Cancelled,COVID-19,None,N,Yes,Finance,Mumbai
ABSYD7W49GLY,EMP00179,Bereavement Leave,CL-PLAN-03,2024-05-15,2024-05-18,0,2024-04-24,EMP00004,2024-04-27,Pending,Personal,None,N,Yes,Finance,Mumbai
ABSB564PA6E2,EMP00464,Sick Leave,ML-PLAN-04,2023-10-30,2023-11-01,3,2023-10-19,EMP00040,2023-10-24,Withdrawn,Marriage,Recurring,N,Yes,Sales,Mumbai
ABSQTZG82LUQ,EMP00028,Casual Leave,AL-PLAN-01,2024-04-27,2024-05-04,8,2024-04-25,EMP00041,2024-04-29,Approved,COVID-19,,N,No,Engineering,Sydney
ABSBDNP0QYWO,EMP00646,Sick Leave,ML-PLAN-04,2023-12-27,2024-01-06,11,2023-12-07,EMP00041,2023-12-08,Pending,Child Care,,N,No,Product,Singapore
ABS1F843LUXM,EMP00142,Compensatory Off,PL-PLAN-05,2024-03-17,2024-03-17,1,2024-02-28,EMP00026,2024-03-03,Pending,Child Care,Recurring,Y,N/A,Product,Singapore
ABS077V5VBSC,EMP00277,UNKNOWN_TYPE_XYZ,UL-PLAN-07,2023-11-08,2023-11-05,19,2023-10-16,EMP00017,2023-10-21,Withdrawn,Medical,,N,No,Legal,Bengaluru
ABSBQMU51W72,EMP00266,Bereavement Leave,ML-PLAN-04,2023-05-10,2023-05-14,5,2023-04-22,EMP00041,2023-04-25,Rejected,Emergency,,N,Yes,Operations,Singapore
ABSB0KL98SU9,EMP00016,Sick Leave,AL-PLAN-01,2024-06-15,2024-06-15,1,2024-05-18,EMP00045,2024-05-22,Rejected,Personal,Recurring,N,Yes,Legal,Sydney
ABSI4812QM4S,EMP00165,Compensatory Off,BL-PLAN-08,2023-05-11,2023-05-16,6,2023-04-25,EMP00031,2023-04-30,Withdrawn,Emergency,None,N,N/A,Product,London
ABSMWC41V0NG,EMP00337,Unpaid Leave,CL-PLAN-03,2023-02-11,2023-02-11,1,2023-01-13,EMP00032,2023-01-14,Approved,Medical Appointment,Recurring,N,N/A,Engineering,Singapore
ABSVFDFYOXAP,EMP00164,Unpaid Leave,BL-PLAN-08,2025-02-05,2025-02-15,11,2025-01-24,EMP00049,2025-01-28,Pending,COVID-19,None,N,Yes,Sales,Mumbai
ABSYPJUGF4UB,EMP00426,Work From Home,CO-PLAN-06,2023-09-27,2023-09-27,1,2023-09-13,EMP00042,2023-09-18,Cancelled,Personal,Urgent,N,No,Operations,New York
ABSUWP886QNI,EMP00722,Sick Leave,BL-PLAN-08,2023-05-28,2023-06-08,12,2023-05-01,EMP00010,2023-05-05,Approved,Other,Pre-planned,N,No,Finance,Singapore
ABSHSU47CBZF,EMP00143,Compensatory Off,CO-PLAN-06,2024-11-01,2024-11-03,3,2024-10-29,EMP00004,2024-11-01,Rejected,COVID-19,,N,Yes,Product,Singapore
ABS16FLZMVV2,EMP00458,Maternity Leave,UL-PLAN-07,2024-01-11,2024-01-14,4,2023-12-12,EMP00003,2023-12-15,Pending,Travel,Pre-planned,N,Yes,Finance,London
ABSK15F1P5AF,,Maternity Leave,PL-PLAN-05,,2024-10-04,-1,2024-10-17,EMP00009,2024-09-25,Rejected,Travel,,N,No,Engineering,London
ABSQNWW8SL9U,EMP00610,Bereavement Leave,PL-PLAN-05,2022-06-18,2022-06-24,7,2022-05-27,EMP00022,2022-05-31,Pending,Family,,N,N/A,Legal,Toronto
ABSASIEMQJCP,EMP00498,Sick Leave,PL-PLAN-05,2023-03-17,2023-03-28,12,2023-02-24,EMP00016,2023-03-01,Cancelled,Medical Appointment,None,N,Yes,Operations,Dubai
ABSHKZB7VZVG,EMP00053,Compensatory Off,CL-PLAN-03,2024-08-29,2024-08-30,2,2024-07-30,EMP00027,2024-08-04,Rejected,Child Care,,N,Yes,Finance,Dubai
ABS1NIAD1YWY,EMP00218,Compensatory Off,SL-PLAN-02,2024-03-17,2024-03-26,10,2024-03-06,EMP00036,2024-03-07,Approved,Other,Pre-planned,N,Yes,Human Resources,New York
ABSXJV0ISN60,EMP00493,Work From Home,BL-PLAN-08,2024-06-12,2024-06-17,15,2024-06-08,EMP00001,2024-06-11,Rejected,Emergency,,Y,N/A,Legal,London
ABSW4Q01QZ2O,EMP00019,Casual Leave,CL-PLAN-03,2024-03-28,2024-04-09,13,2024-03-17,EMP00035,2024-03-19,Cancelled,Personal,,N,Yes,Human Resources,New York
ABSMNUDBZCSL,EMP00555,Casual Leave,ML-PLAN-04,2023-12-04,2023-12-07,4,2023-12-02,EMP00032,2023-12-07,Pending,Emergency,,N,N/A,Product,Mumbai
ABSI5IXRIZ6V,EMP00772,Sick Leave,ML-PLAN-04,2024-07-21,2024-07-22,2,2024-07-12,EMP00003,2024-07-16,Rejected,Personal,,N,Yes,Operations,Mumbai
ABSDKVBAXFTF,EMP00580,Compensatory Off,CO-PLAN-06,2022-04-10,2022-04-15,6,2022-03-25,EMP00015,2022-03-26,Cancelled,Medical Appointment,Urgent,N,Yes,Product,Dubai
ABSPDYF8D2HJ,EMP00179,Compensatory Off,CL-PLAN-03,2022-06-04,2022-06-01,1,2022-05-13,EMP00044,2022-05-14,Rejected,Medical Appointment,None,N,No,Finance,Mumbai
ABSOGBXRZ753,EMP00678,Casual Leave,SL-PLAN-02,2024-02-01,2024-02-10,10,2024-01-18,EMP00014,2024-01-20,Withdrawn,Travel,,N,No,Product,Toronto
ABSO2B39BTN5,EMP00048,Unpaid Leave,CO-PLAN-06,2023-02-06,2023-02-11,6,2023-02-02,EMP00025,2023-02-07,Cancelled,Travel,,Y,Yes,Legal,London
ABSDYMNWKRTP,EMP00377,Sick Leave,CL-PLAN-03,2023-07-15,2023-07-27,13,2023-07-10,EMP00014,2023-07-11,Cancelled,Child Care,,Y,No,Marketing,Toronto
ABSDH4EH1Z92,EMP00154,Annual Leave,UL-PLAN-07,2023-04-06,2023-04-12,7,2023-03-27,EMP00044,2023-03-28,Rejected,Vacation,,N,N/A,Product,Bengaluru
ABSZPK3ZW94Y,EMP00108,Sick Leave,CO-PLAN-06,2022-12-29,2023-01-01,4,2022-12-24,EMP00031,2022-12-26,Cancelled,Medical,,Y,No,Legal,Dubai
ABSXKOUR28AF,EMP00624,Work From Home,AL-PLAN-01,2025-02-04,2025-02-17,14,2025-01-12,EMP00003,2025-01-17,Cancelled,Emergency,Recurring,N,No,Sales,London
ABS0M7VBB9SA,EMP00476,Sick Leave,PL-PLAN-05,2024-08-08,2024-08-13,6,2024-07-25,EMP00037,2024-07-29,Cancelled,Vacation,Recurring,N,N/A,Product,Singapore
ABSCC0A0XED0,EMP00424,Maternity Leave,PL-PLAN-05,2025-02-18,2025-03-02,13,2025-01-24,EMP00017,2025-01-27,Rejected,COVID-19,,Y,N/A,Marketing,New York
ABSX6JXKA98W,EMP00522,Sick Leave,PL-PLAN-05,2022-02-22,2022-03-01,8,2022-02-12,EMP00001,2022-02-15,Pending,COVID-19,,N,Yes,Sales,Bengaluru
ABS80FS1T8S7,EMP00761,UNKNOWN_TYPE_XYZ,AL-PLAN-01,,2023-04-23,0,2023-04-18,EMP00024,2023-04-23,UNKNOWN,Marriage,,Y,Yes,Sales,Sydney
ABSD7FK8DMMX,EMP00585,Maternity Leave,UL-PLAN-07,2022-10-31,2022-11-05,6,2022-10-20,EMP00050,2022-10-21,Pending,Emergency,Urgent,N,Yes,Engineering,Toronto
ABS4EI174W89,EMP00489,Maternity Leave,SL-PLAN-02,2024-06-07,2024-06-17,11,2024-05-13,EMP00043,2024-05-16,Withdrawn,Personal,Recurring,N,N/A,Product,Dubai
ABSPZW3TECQY,EMP00292,Casual Leave,ML-PLAN-04,2024-02-13,2024-02-26,14,2024-01-28,EMP00049,2024-02-02,Rejected,Vacation,Recurring,N,Yes,Operations,Dubai
ABSFVYNRPOC1,EMP00276,Unpaid Leave,SL-PLAN-02,2022-03-24,2022-04-05,13,2022-03-17,EMP00022,2022-03-18,Cancelled,COVID-19,None,N,Yes,Sales,Sydney
ABS59G42KHAK,,Compensatory Off,CO-PLAN-06,2023-12-13,2023-12-25,13,2023-12-08,EMP00009,2023-12-09,Cancelled,Emergency,Recurring,Y,No,Human Resources,Singapore
ABSD632EXH6D,EMP00685,Unpaid Leave,AL-PLAN-01,2023-03-03,2023-03-12,10,2023-02-02,EMP00019,2023-02-07,Cancelled,Personal,,N,No,Operations,New York
ABSI6Y5PF8VK,EMP00527,Maternity Leave,SL-PLAN-02,2022-03-28,2022-04-06,10,2022-03-25,EMP00002,2022-03-30,Rejected,Personal,None,Y,Yes,Product,Dubai
ABSL2BNAXNFW,EMP00677,Work From Home,AL-PLAN-01,2022-05-06,2022-05-14,9,2022-04-11,EMP00042,2022-04-14,Pending,Family,,Y,No,Human Resources,Dubai
ABSZQIH86DW6,EMP00620,Annual Leave,ML-PLAN-04,2023-12-02,2023-12-05,4,2023-11-14,EMP00046,2023-11-19,Withdrawn,Medical Appointment,None,N,No,Operations,New York
ABSYPZ6BUOV2,EMP00021,Unpaid Leave,SL-PLAN-02,2023-11-01,2023-10-29,13,2023-10-11,EMP00016,2023-10-13,Cancelled,Family,,Y,Yes,Marketing,Bengaluru
ABSEFHQAESSG,EMP00413,Bereavement Leave,AL-PLAN-01,2022-08-01,2022-08-12,12,2022-07-19,EMP00005,2022-07-24,Pending,Medical,,N,Yes,Human Resources,Dubai
ABSXIDTAXOS6,EMP00616,Casual Leave,BL-PLAN-08,2022-01-14,2022-01-19,6,2022-01-09,EMP00006,2022-01-12,Rejected,Travel,Recurring,N,No,Operations,New York
ABSQA5PXKJG8,EMP00367,Bereavement Leave,CO-PLAN-06,2024-01-06,2024-01-17,12,2023-12-27,EMP00049,2024-01-01,Withdrawn,Medical Appointment,Recurring,N,Yes,Product,Dubai
ABSVYJPKKCC6,EMP00303,Sick Leave,CO-PLAN-06,2024-02-08,2024-02-10,3,2024-01-29,EMP00003,2024-01-31,Pending,Medical,,N,N/A,Sales,Dubai
ABSWDUH7OS8Z,EMP00432,Sick Leave,SL-PLAN-02,2023-03-27,2023-04-06,17,2023-03-14,EMP00044,2023-03-18,Cancelled,Emergency,Pre-planned,N,Yes,Engineering,Toronto
ABSUVXX1CYVL,EMP00291,Bereavement Leave,BL-PLAN-08,2023-07-16,2023-07-28,13,2023-07-14,EMP00028,2023-07-15,Cancelled,Medical,Recurring,Y,N/A,Human Resources,Dubai
ABS0831S5VH7,EMP00551,Maternity Leave,BL-PLAN-08,2022-06-16,2022-06-21,6,2022-05-26,EMP00018,2022-05-27,Pending,Personal,,N,No,Sales,Sydney
ABSH7TUJO4KV,EMP00033,Sick Leave,SL-PLAN-02,2022-10-05,2022-10-12,8,2022-09-06,EMP00003,2022-09-09,Withdrawn,Medical,Pre-planned,N,N/A,Engineering,Bengaluru
ABSMAP53Z03N,EMP00025,Sick Leave,AL-PLAN-01,2024-03-13,2024-03-15,3,2024-02-15,EMP00010,2024-02-20,Rejected,Medical,None,N,Yes,Engineering,Singapore
ABSMLWOS2H9U,EMP00423,Work From Home,SL-PLAN-02,,2022-06-27,-1,2022-06-14,EMP00036,2022-06-18,Cancelled,Medical Appointment,None,N,No,Product,Mumbai
ABSJMRELWHK8,EMP00312,Bereavement Leave,SL-PLAN-02,2023-10-23,2023-10-24,2,2023-09-29,EMP00030,2023-10-04,Rejected,Marriage,None,N,No,Marketing,New York
ABSVWGMRI96C,EMP00080,Compensatory Off,SL-PLAN-02,2022-05-25,2022-06-06,13,2022-04-29,EMP00050,2022-05-01,Pending,COVID-19,,N,Yes,Legal,London
ABS5CIUHOPPX,EMP00119,Work From Home,UL-PLAN-07,2022-10-31,2022-11-05,6,2022-10-07,EMP00008,2022-10-11,Approved,Marriage,Pre-planned,Y,N/A,Product,Singapore
ABS8OUA6LRJX,EMP00656,Annual Leave,ML-PLAN-04,2022-05-31,2022-06-07,8,2022-05-06,EMP00005,2022-05-11,Withdrawn,Child Care,Pre-planned,Y,Yes,Engineering,Sydney
ABS0KD8HVB3V,EMP00598,Unpaid Leave,UL-PLAN-07,2022-05-31,2022-06-13,14,2022-05-02,EMP00019,2022-05-06,Cancelled,Personal,None,Y,N/A,Finance,London
ABSXPQ8HQJOD,EMP00391,Casual Leave,CL-PLAN-03,2022-08-04,2022-08-16,13,2022-07-23,EMP00023,2022-07-24,Rejected,Other,,Y,Yes,Finance,Bengaluru
ABSKJ9FBV09T,EMP00231,Bereavement Leave,SL-PLAN-02,2024-10-04,2024-10-04,1,2024-09-22,EMP00037,2024-09-27,Cancelled,Medical,,N,Yes,Operations,Toronto
ABSRO0S2OUHH,EMP00051,Unpaid Leave,PL-PLAN-05,2023-05-12,2023-05-18,7,2023-05-07,EMP00045,2023-05-10,Withdrawn,Emergency,Recurring,Y,No,Engineering,Sydney
ABSZ675Q1BIW,EMP00382,Maternity Leave,ML-PLAN-04,2022-02-19,2022-03-03,13,2022-02-11,EMP00025,2022-02-14,Withdrawn,Personal,Pre-planned,Y,N/A,Engineering,Toronto
ABSKVY9M34BX,,UNKNOWN_TYPE_XYZ,CO-PLAN-06,2023-08-11,2023-08-08,7,2023-08-21,EMP00047,2023-08-09,Rejected,Medical,Recurring,Y,No,Human Resources,Sydney
ABSF1NGCI50W,EMP00614,Unpaid Leave,CO-PLAN-06,2023-02-09,2023-02-19,11,2023-02-06,EMP00026,2023-02-08,Pending,Medical,Recurring,Y,Yes,Legal,New York
ABSUSLVXBC39,EMP00604,Annual Leave,BL-PLAN-08,2025-02-28,2025-03-02,3,2025-02-13,EMP00008,2025-02-14,Approved,COVID-19,Urgent,N,Yes,Operations,Dubai
ABSEKUTUTAB7,EMP00249,Compensatory Off,CL-PLAN-03,2023-03-20,2023-04-01,13,2023-03-04,EMP00030,2023-03-08,Pending,COVID-19,Pre-planned,N,N/A,Human Resources,Dubai
ABSF51SIH4Y9,EMP00521,Unpaid Leave,UL-PLAN-07,2025-01-02,2025-01-10,9,2024-12-10,EMP00040,2024-12-15,Pending,Emergency,,N,No,Operations,Singapore
ABSGVYR2FV40,EMP00232,Casual Leave,ML-PLAN-04,2024-08-09,2024-08-15,0,2024-07-21,EMP00049,2024-07-25,Pending,Medical,,Y,Yes,Sales,Singapore
ABSA7DYKQPQN,EMP00738,Sick Leave,PL-PLAN-05,2022-07-25,2022-07-31,7,2022-07-17,EMP00016,2022-07-18,Cancelled,Personal,,Y,Yes,Operations,Sydney
ABS62Z6VM2TM,EMP00346,Work From Home,AL-PLAN-01,2023-12-04,2023-12-10,7,2023-11-16,EMP00018,2023-11-17,Cancelled,Emergency,Recurring,N,N/A,Engineering,Mumbai
ABSS593OG79W,EMP00583,Compensatory Off,CO-PLAN-06,2022-03-29,2022-04-05,8,2022-02-28,EMP00037,2022-03-03,Withdrawn,Marriage,Recurring,Y,N/A,Product,Toronto
ABS3IRD0UAY1,EMP00042,Work From Home,ML-PLAN-04,2023-01-09,2023-01-18,10,2022-12-24,EMP00018,2022-12-26,Rejected,Emergency,,N,Yes,Product,New York
ABSF2ABZ1J91,EMP00723,Sick Leave,UL-PLAN-07,,2022-04-27,6,2022-04-19,EMP00049,2022-04-22,Pending,COVID-19,Urgent,N,Yes,Operations,Mumbai
ABSF9X9F6UXA,EMP00319,Sick Leave,BL-PLAN-08,2024-12-30,2025-01-04,6,2024-12-21,EMP00008,2024-12-22,Approved,Medical Appointment,Pre-planned,N,Yes,Legal,Singapore
ABSOSVACU12B,EMP00416,Unpaid Leave,BL-PLAN-08,2024-07-02,2024-07-13,12,2024-06-02,EMP00001,2024-06-07,Pending,Emergency,,N,Yes,Operations,London
ABSAKOGBG6P6,EMP00138,Casual Leave,ML-PLAN-04,2023-11-16,2023-11-27,12,2023-10-23,EMP00009,2023-10-27,Cancelled,Family,,N,N/A,Human Resources,Dubai
ABS7KXKLM0EF,EMP00292,Unpaid Leave,ML-PLAN-04,2024-02-06,2024-02-11,6,2024-01-28,EMP00041,2024-02-02,Rejected,Vacation,Pre-planned,N,No,Operations,Dubai
ABSWSUW8IHOZ,EMP00289,Annual Leave,SL-PLAN-02,2024-02-17,2024-02-23,15,2024-02-11,EMP00037,2024-02-15,Pending,Other,,N,Yes,Product,Mumbai
ABSURTV27KDP,EMP00734,Annual Leave,SL-PLAN-02,2024-05-26,2024-05-31,6,2024-05-11,EMP00046,2024-05-12,Approved,Family,,N,No,Operations,Singapore
ABSH158PS345,EMP00669,Work From Home,AL-PLAN-01,2025-02-13,2025-02-22,10,2025-01-22,EMP00044,2025-01-27,Rejected,Other,Recurring,N,Yes,Finance,Sydney
ABSLR0YDKN2I,EMP00088,Sick Leave,UL-PLAN-07,2022-10-19,2022-10-19,1,2022-10-04,EMP00011,2022-10-08,Approved,COVID-19,Urgent,N,No,Sales,Singapore
ABSXH23OTVIM,EMP00013,Sick Leave,PL-PLAN-05,2023-08-08,2023-08-08,1,2023-07-26,EMP00043,2023-07-28,Pending,COVID-19,None,N,N/A,Finance,Bengaluru
ABSPREO81VM1,EMP00512,Annual Leave,AL-PLAN-01,2024-05-07,2024-05-04,9,2024-05-01,EMP00011,2024-05-05,Cancelled,Emergency,Pre-planned,Y,Yes,Marketing,New York
ABSABVYZ0B3E,EMP00125,Compensatory Off,SL-PLAN-02,2024-08-12,2024-08-18,7,2024-07-30,EMP00050,2024-08-03,Pending,Family,,N,No,Finance,Dubai
ABSYDJV36G5Q,EMP00404,Sick Leave,BL-PLAN-08,2022-11-09,2022-11-09,1,2022-10-31,EMP00013,2022-11-01,Pending,Vacation,Urgent,N,Yes,Sales,Dubai
ABS7MSYSGTZ6,EMP00672,Annual Leave,UL-PLAN-07,2022-12-29,2023-01-02,5,2022-12-17,EMP00007,2022-12-20,Pending,Personal,Urgent,N,No,Engineering,Bengaluru
ABS1HMCL54TX,EMP00546,Maternity Leave,SL-PLAN-02,2022-02-26,2022-03-01,4,2022-02-05,EMP00003,2022-02-06,Pending,Medical Appointment,Pre-planned,N,Yes,Engineering,Bengaluru
ABSN0A1OVXPD,,Sick Leave,SL-PLAN-02,2022-08-20,2022-08-30,11,2022-08-08,EMP00025,2022-08-11,Withdrawn,Marriage,,N,Yes,Marketing,Bengaluru
ABS1DQLKE2DY,EMP00620,Casual Leave,SL-PLAN-02,2022-02-05,2022-02-10,6,2022-02-03,EMP00010,2022-02-06,Cancelled,Emergency,Urgent,N,N/A,Sales,Bengaluru
ABS3RSSH6FNR,EMP00477,Bereavement Leave,UL-PLAN-07,2023-04-03,2023-04-15,13,2023-03-14,EMP00011,2023-03-16,Cancelled,Medical Appointment,,N,Yes,Product,Mumbai
ABSRWNPP49YO,EMP00522,Maternity Leave,UL-PLAN-07,2025-02-22,2025-03-05,12,2025-02-19,EMP00018,2025-02-22,Cancelled,Medical Appointment,,N,Yes,Operations,New York
ABSJ2AS2N7BW,EMP00336,Maternity Leave,CO-PLAN-06,2024-05-27,2024-05-31,5,2024-05-20,EMP00010,2024-05-24,Withdrawn,Other,Pre-planned,N,Yes,Finance,London
ABSFONTJB9UA,EMP00164,UNKNOWN_TYPE_XYZ,BL-PLAN-08,,2022-05-03,-1,2022-04-06,EMP00010,2022-04-09,UNKNOWN,Vacation,,N,Yes,Finance,Dubai
ABS8C9QOFUAN,EMP00065,Compensatory Off,CL-PLAN-03,2024-01-14,2024-01-17,4,2023-12-24,EMP00046,2023-12-29,Pending,Child Care,None,Y,No,Engineering,Mumbai
ABSYVDIX7LJ2,EMP00285,Unpaid Leave,SL-PLAN-02,2023-12-28,2023-12-30,3,2023-12-22,EMP00006,2023-12-27,Rejected,Family,Urgent,N,N/A,Human Resources,Bengaluru
ABS00EL98C6O,EMP00156,Bereavement Leave,SL-PLAN-02,2023-08-12,2023-08-17,6,2023-07-21,EMP00026,2023-07-24,Approved,Medical,Pre-planned,Y,N/A,Human Resources,Singapore
ABS3XUVNDCNR,EMP00215,Unpaid Leave,BL-PLAN-08,2025-03-05,2025-03-11,7,2025-02-13,EMP00050,2025-02-14,Approved,Vacation,Urgent,N,N/A,Operations,Sydney
ABSTCF5GI3LZ,EMP00518,Unpaid Leave,CO-PLAN-06,2025-01-24,2025-01-29,6,2025-01-13,EMP00005,2025-01-18,Approved,Medical Appointment,,N,N/A,Operations,New York
ABSSH2CHSACV,EMP00091,Casual Leave,PL-PLAN-05,2024-10-14,2024-10-25,12,2024-10-02,EMP00050,2024-10-05,Rejected,Marriage,,N,No,Operations,Dubai
ABSA1353TZKE,EMP00269,Compensatory Off,CL-PLAN-03,2023-01-12,2023-01-14,3,2022-12-29,EMP00027,2023-01-01,Withdrawn,Marriage,Recurring,N,Yes,Marketing,Mumbai
ABSJLFN7RJIH,EMP00072,Compensatory Off,AL-PLAN-01,2024-01-29,2024-02-07,10,2024-01-11,EMP00013,2024-01-16,Withdrawn,Travel,Urgent,N,Yes,Engineering,Sydney
ABS8G4G8F533,EMP00699,Compensatory Off,BL-PLAN-08,2024-09-24,2024-09-28,5,2024-09-15,EMP00007,2024-09-19,Rejected,Travel,,N,Yes,Marketing,Singapore
ABSHR7421NFQ,EMP00561,Unpaid Leave,CO-PLAN-06,2023-01-12,2023-01-09,0,2023-01-11,EMP00006,2023-01-16,Rejected,Child Care,,N,Yes,Operations,Dubai
ABS1ICH5CPLR,EMP00578,Compensatory Off,SL-PLAN-02,2023-10-12,2023-10-25,14,2023-09-20,EMP00003,2023-09-21,Approved,Emergency,Urgent,Y,Yes,Finance,Mumbai
ABSLKY31HXST,EMP00593,Sick Leave,BL-PLAN-08,2024-06-06,2024-06-11,6,2024-05-18,EMP00001,2024-05-22,Approved,Medical,,Y,N/A,Human Resources,London
ABSDU9CBZLNH,EMP00522,Casual Leave,ML-PLAN-04,2022-11-19,2022-11-25,7,2022-11-15,EMP00038,2022-11-19,Approved,Emergency,None,N,N/A,Legal,London
ABSY1YRSVIOE,EMP00135,Casual Leave,PL-PLAN-05,2022-10-08,2022-10-20,13,2022-09-28,EMP00010,2022-09-30,Rejected,Travel,,N,Yes,Finance,New York
ABSWF7I2N878,EMP00473,Casual Leave,ML-PLAN-04,2022-05-14,2022-05-15,11,2022-05-01,EMP00046,2022-05-02,Pending,Family,,N,N/A,Operations,Singapore
ABSHBW1N3NAV,EMP00257,Unpaid Leave,CO-PLAN-06,2023-06-02,2023-06-13,12,2023-05-09,EMP00016,2023-05-14,Rejected,Family,Recurring,N,No,Product,Dubai
ABSMRKNESM2K,EMP00350,Casual Leave,PL-PLAN-05,2022-01-01,2022-01-13,13,2021-12-03,EMP00008,2021-12-07,Rejected,Marriage,,N,Yes,Product,Mumbai
ABSCLLVS9JF4,EMP00147,Annual Leave,PL-PLAN-05,2022-07-22,2022-07-28,7,2022-07-14,EMP00030,2022-07-18,Approved,Medical Appointment,Pre-planned,N,Yes,Marketing,London
ABSUYS551FMX,EMP00279,Casual Leave,SL-PLAN-02,2023-01-26,2023-01-28,3,2023-01-03,EMP00027,2023-01-06,Cancelled,Travel,,N,Yes,Engineering,Toronto
ABSXZ61KAZ4U,,Maternity Leave,CL-PLAN-03,,2022-01-06,13,2022-01-19,EMP00011,2022-01-07,Rejected,Travel,,N,Yes,Product,Dubai
ABS62DIM6HAM,EMP00283,Work From Home,CL-PLAN-03,2022-11-14,2022-11-14,1,2022-11-05,EMP00014,2022-11-08,Pending,Family,Recurring,Y,Yes,Sales,Sydney
ABSARD103C89,EMP00443,Compensatory Off,PL-PLAN-05,2024-05-02,2024-05-12,11,2024-04-19,EMP00026,2024-04-23,Withdrawn,Medical,,N,N/A,Human Resources,Toronto
ABSHSZ9UWCP8,EMP00418,Annual Leave,BL-PLAN-08,2022-05-01,2022-05-11,11,2022-04-10,EMP00030,2022-04-14,Rejected,Emergency,,N,Yes,Engineering,London
ABSV94FLZTD4,EMP00637,Unpaid Leave,ML-PLAN-04,2022-10-16,2022-10-26,11,2022-09-22,EMP00050,2022-09-27,Approved,Medical Appointment,Pre-planned,Y,No,Finance,Sydney
ABSHR7Z1S4M5,EMP00711,Bereavement Leave,CO-PLAN-06,2022-08-13,2022-08-24,12,2022-08-05,EMP00020,2022-08-06,Pending,Emergency,,N,Yes,Marketing,New York
ABS6SA8XVZDK,EMP00546,Annual Leave,SL-PLAN-02,2024-03-01,2024-03-11,11,2024-02-01,EMP00008,2024-02-05,Withdrawn,Family,,N,N/A,Sales,Toronto
ABS3TR4FKIL9,EMP00198,Compensatory Off,UL-PLAN-07,2023-06-30,2023-07-07,8,2023-06-27,EMP00001,2023-07-02,Pending,COVID-19,Urgent,N,N/A,Finance,Mumbai
ABSCSSHIZ8XE,EMP00323,Maternity Leave,CO-PLAN-06,2024-07-06,2024-07-17,12,2024-07-01,EMP00027,2024-07-05,Approved,Marriage,,Y,Yes,Product,New York
ABSHCN913EL3,EMP00477,Casual Leave,CO-PLAN-06,2024-06-24,2024-07-04,11,2024-06-19,EMP00023,2024-06-20,Pending,Travel,Urgent,N,Yes,Finance,Toronto
ABSOFELLA26N,EMP00698,UNKNOWN_TYPE_XYZ,PL-PLAN-05,2023-08-09,2023-08-06,14,2023-07-19,EMP00028,2023-07-24,Approved,Medical,Urgent,N,N/A,Marketing,Singapore
ABS46SGTPO6G,EMP00312,Annual Leave,CL-PLAN-03,2024-01-20,2024-01-23,4,2024-01-02,EMP00018,2024-01-05,Cancelled,Medical Appointment,Recurring,N,Yes,Engineering,Mumbai
ABSE0QLLKO3D,EMP00255,Sick Leave,AL-PLAN-01,2023-03-09,2023-03-21,13,2023-02-10,EMP00032,2023-02-12,Cancelled,Personal,Pre-planned,N,Yes,Product,New York
ABSOQZCMMS6V,EMP00086,Maternity Leave,UL-PLAN-07,2024-01-25,2024-01-28,4,2024-01-14,EMP00021,2024-01-18,Approved,Vacation,Pre-planned,N,N/A,Product,Sydney
ABSCD8X9NRNH,EMP00481,Maternity Leave,CL-PLAN-03,2022-02-21,2022-03-01,9,2022-02-18,EMP00042,2022-02-21,Rejected,Child Care,Urgent,N,Yes,Human Resources,Sydney
ABSEMD4G3Z34,EMP00221,Sick Leave,PL-PLAN-05,2023-02-26,2023-03-06,9,2023-01-29,EMP00006,2023-01-31,Cancelled,Child Care,,Y,No,Sales,Bengaluru
ABS1P7MQRN3S,EMP00704,Unpaid Leave,CO-PLAN-06,2022-03-03,2022-03-16,14,2022-02-01,EMP00016,2022-02-05,Cancelled,Other,None,N,No,Engineering,Toronto
ABSWPYUKNFST,EMP00210,Work From Home,AL-PLAN-01,2025-01-11,2025-01-23,13,2024-12-15,EMP00014,2024-12-20,Pending,Other,None,N,Yes,Product,Toronto
ABSNLYCNHGX0,EMP00500,Casual Leave,CL-PLAN-03,2023-05-03,2023-05-10,8,2023-04-16,EMP00050,2023-04-20,Approved,Personal,,Y,Yes,Product,Mumbai
ABSZ2WZ6193I,EMP00169,Bereavement Leave,CO-PLAN-06,2022-04-30,2022-05-10,11,2022-04-27,EMP00046,2022-04-28,Cancelled,COVID-19,,N,N/A,Legal,London
ABSFLS37PHI3,EMP00413,Unpaid Leave,AL-PLAN-01,,2024-04-13,-1,2024-03-30,EMP00047,2024-03-31,Withdrawn,Marriage,,Y,No,Finance,Dubai
ABSGTKMM7BPQ,EMP00415,Unpaid Leave,SL-PLAN-02,2022-03-07,2022-03-10,4,2022-02-22,EMP00035,2022-02-27,Cancelled,Marriage,Recurring,Y,Yes,Human Resources,New York
ABSF7KQDAO6D,EMP00083,Maternity Leave,ML-PLAN-04,2023-06-05,2023-06-14,10,2023-05-15,EMP00032,2023-05-20,Pending,COVID-19,,N,N/A,Operations,Toronto
ABSZ3TTJ0AC4,EMP00444,Bereavement Leave,PL-PLAN-05,2024-01-06,2024-01-06,1,2023-12-07,EMP00035,2023-12-12,Withdrawn,Personal,None,N,Yes,Operations,Sydney
ABSY758H8A8R,EMP00699,Unpaid Leave,PL-PLAN-05,2023-06-23,2023-07-04,12,2023-05-26,EMP00004,2023-05-31,Approved,Medical Appointment,Pre-planned,N,No,Legal,Bengaluru
ABSP8B06R2NJ,,Maternity Leave,CL-PLAN-03,2024-08-22,2024-08-31,0,2024-07-24,EMP00021,2024-07-28,Pending,COVID-19,None,N,N/A,Operations,Dubai
ABS1VVVH8ZP7,EMP00459,Annual Leave,CO-PLAN-06,2024-09-21,2024-09-26,6,2024-09-15,EMP00005,2024-09-20,Approved,Child Care,Urgent,N,N/A,Operations,Toronto
ABS7V78SA4Z7,EMP00654,Annual Leave,UL-PLAN-07,2024-10-11,2024-10-14,4,2024-09-27,EMP00004,2024-09-30,Withdrawn,Personal,None,N,Yes,Product,Mumbai
ABSQ67M4ANLH,EMP00517,Work From Home,BL-PLAN-08,2022-08-26,2022-08-26,1,2022-08-23,EMP00004,2022-08-24,Withdrawn,Vacation,Pre-planned,N,N/A,Human Resources,Toronto
ABS8I6LSUOER,EMP00345,Work From Home,ML-PLAN-04,2024-02-09,2024-02-09,1,2024-01-10,EMP00033,2024-01-15,Withdrawn,Personal,Recurring,Y,Yes,Finance,Mumbai
ABSK3AMU59QF,EMP00221,Unpaid Leave,ML-PLAN-04,2024-11-13,2024-11-10,3,2024-10-15,EMP00035,2024-10-17,Approved,Emergency,,Y,No,Operations,Mumbai
ABSHSK55CTA2,EMP00194,Compensatory Off,BL-PLAN-08,2022-11-13,2022-11-22,10,2022-11-12,EMP00023,2022-11-16,Approved,Family,None,Y,Yes,Product,Bengaluru
ABS2L0RWORAG,EMP00243,Bereavement Leave,UL-PLAN-07,2022-11-30,2022-12-12,13,2022-11-16,EMP00003,2022-11-19,Withdrawn,Marriage,Recurring,N,N/A,Human Resources,Singapore
ABS2AEQRLCH7,EMP00014,Casual Leave,SL-PLAN-02,2025-02-26,2025-03-07,10,2025-02-08,EMP00022,2025-02-11,Withdrawn,Emergency,Urgent,N,Yes,Sales,Bengaluru
ABSWDUTL12HH,EMP00482,Bereavement Leave,CL-PLAN-03,2024-03-30,2024-04-08,10,2024-03-28,EMP00007,2024-03-31,Pending,Medical,,N,Yes,Marketing,Sydney
ABS8O8076Z2W,EMP00776,Annual Leave,AL-PLAN-01,2022-12-13,2022-12-25,13,2022-11-26,EMP00007,2022-11-27,Rejected,Personal,None,N,No,Marketing,Mumbai
ABSFYPSVNSIB,EMP00438,Unpaid Leave,UL-PLAN-07,2022-01-10,2022-01-21,12,2021-12-22,EMP00039,2021-12-26,Rejected,Travel,Recurring,N,N/A,Sales,Dubai
ABS34JE6OH67,EMP00733,Work From Home,ML-PLAN-04,2023-01-22,2023-01-26,5,2023-01-13,EMP00006,2023-01-16,Approved,Medical,Pre-planned,N,Yes,Legal,London
ABS9OW9WF4VC,EMP00222,Work From Home,CO-PLAN-06,2023-06-22,2023-06-26,5,2023-06-11,EMP00033,2023-06-14,Pending,Family,,N,Yes,Engineering,Singapore
ABSTWIFU90OJ,EMP00522,Maternity Leave,SL-PLAN-02,2023-05-06,2023-05-14,9,2023-04-28,EMP00040,2023-04-29,Pending,Vacation,Recurring,N,Yes,Operations,London
ABSA33J5KR13,EMP00004,UNKNOWN_TYPE_XYZ,ML-PLAN-04,,2023-01-14,20,2023-01-14,EMP00046,2023-01-15,UNKNOWN,Child Care,Urgent,N,Yes,Engineering,New York
ABST8HVGDEV7,EMP00504,Maternity Leave,UL-PLAN-07,2022-11-03,2022-11-03,1,2022-10-23,EMP00010,2022-10-24,Cancelled,Travel,Urgent,N,Yes,Marketing,Sydney
ABS17DVKE9LP,EMP00543,Bereavement Leave,UL-PLAN-07,2022-02-24,2022-03-03,8,2022-02-05,EMP00037,2022-02-07,Pending,Medical Appointment,,N,Yes,Human Resources,Toronto
ABS7G2I4U0C8,EMP00559,Maternity Leave,SL-PLAN-02,2023-01-05,2023-01-17,13,2022-12-14,EMP00050,2022-12-18,Withdrawn,Other,Pre-planned,N,Yes,Finance,New York
ABSFYMQ04JYW,EMP00748,Bereavement Leave,BL-PLAN-08,2024-12-19,2024-12-29,11,2024-11-30,EMP00018,2024-12-05,Rejected,Personal,,N,Yes,Marketing,New York
ABSE2XZXIPO7,EMP00380,Unpaid Leave,SL-PLAN-02,2023-08-23,2023-08-27,5,2023-08-07,EMP00049,2023-08-12,Withdrawn,Medical Appointment,Pre-planned,N,Yes,Legal,Sydney
ABSH2NZ80RIR,EMP00019,Compensatory Off,CL-PLAN-03,2024-07-04,2024-07-12,9,2024-06-22,EMP00011,2024-06-23,Rejected,Medical Appointment,,N,Yes,Sales,New York
ABSN1ROXVY99,EMP00661,Sick Leave,AL-PLAN-01,2022-12-23,2023-01-01,10,2022-12-10,EMP00045,2022-12-13,Withdrawn,Medical Appointment,,N,Yes,Sales,Mumbai
ABSIHX9I6VPN,EMP00155,Annual Leave,BL-PLAN-08,2024-11-10,2024-11-14,5,2024-10-19,EMP00016,2024-10-21,Approved,Family,,N,Yes,Finance,London
ABSMDCM93VWR,EMP00108,Casual Leave,AL-PLAN-01,2024-02-02,2024-02-07,6,2024-01-07,EMP00021,2024-01-09,Withdrawn,Marriage,Urgent,N,Yes,Sales,New York
ABSQDRW76U7W,,Work From Home,CO-PLAN-06,2023-03-11,2023-03-08,10,2023-03-21,EMP00030,2023-02-20,Approved,COVID-19,None,N,No,Finance,Sydney
ABS4Z4QUXRGY,EMP00301,Maternity Leave,ML-PLAN-04,2023-04-07,2023-04-18,12,2023-03-10,EMP00016,2023-03-11,Withdrawn,Medical Appointment,None,N,Yes,Sales,London
ABS2P00JGLPU,EMP00074,Sick Leave,SL-PLAN-02,2023-10-12,2023-10-19,8,2023-09-26,EMP00045,2023-09-30,Withdrawn,Travel,Urgent,N,Yes,Marketing,Singapore
ABSP20G99RH4,EMP00040,Bereavement Leave,PL-PLAN-05,2022-01-19,2022-01-21,3,2021-12-29,EMP00049,2022-01-02,Approved,Other,,N,No,Finance,Sydney
ABSEW4CU4AJP,EMP00586,Compensatory Off,ML-PLAN-04,2024-10-11,2024-10-23,13,2024-09-12,EMP00017,2024-09-14,Pending,Travel,Pre-planned,Y,Yes,Finance,Dubai
ABSH9XA9A4Y7,EMP00751,Compensatory Off,UL-PLAN-07,2025-02-21,2025-02-25,15,2025-02-06,EMP00025,2025-02-09,Cancelled,Marriage,None,N,Yes,Human Resources,Singapore
ABSPL87ZWRB6,EMP00050,Compensatory Off,UL-PLAN-07,2024-02-26,2024-03-09,13,2024-02-04,EMP00044,2024-02-09,Pending,Medical Appointment,,N,No,Legal,Sydney
ABSMR3MYAGRR,EMP00121,Unpaid Leave,UL-PLAN-07,2023-10-19,2023-10-28,10,2023-09-24,EMP00004,2023-09-28,Rejected,Medical Appointment,,N,No,Marketing,Bengaluru
ABS49LN5BCI1,EMP00716,Compensatory Off,CO-PLAN-06,2022-01-18,2022-01-26,9,2021-12-24,EMP00033,2021-12-25,Withdrawn,Travel,None,Y,N/A,Product,Singapore
ABS29C7ZDQ1E,EMP00767,Work From Home,CO-PLAN-06,2025-03-01,2025-03-05,5,2025-02-23,EMP00022,2025-02-24,Withdrawn,Marriage,Urgent,Y,Yes,Legal,Dubai
ABSAECDW42I0,EMP00290,Compensatory Off,ML-PLAN-04,,2023-01-14,-1,2023-01-05,EMP00027,2023-01-10,Rejected,Medical Appointment,Pre-planned,N,Yes,Human Resources,Mumbai
ABSA97VQOM00,EMP00248,Bereavement Leave,PL-PLAN-05,2022-10-08,2022-10-13,6,2022-09-18,EMP00023,2022-09-22,Cancelled,Family,,N,N/A,Product,New York
ABS61BJ5H7ZG,EMP00456,Casual Leave,AL-PLAN-01,2023-09-24,2023-10-02,9,2023-08-30,EMP00039,2023-09-03,Cancelled,Emergency,,Y,No,Finance,New York
ABSGVXECG1JA,EMP00053,Sick Leave,ML-PLAN-04,2025-01-26,2025-02-06,12,2025-01-23,EMP00022,2025-01-26,Approved,Other,Pre-planned,N,No,Sales,Bengaluru
ABSG3W1GN0P0,EMP00204,Unpaid Leave,ML-PLAN-04,2024-09-02,2024-09-13,12,2024-08-07,EMP00011,2024-08-11,Approved,Medical Appointment,Pre-planned,N,N/A,Legal,New York
ABSCL6EB4ZEJ,EMP00767,Work From Home,AL-PLAN-01,2024-07-27,2024-07-29,3,2024-07-25,EMP00043,2024-07-28,Cancelled,Travel,,N,No,Operations,Dubai
ABSSOLR9SBW5,EMP00676,Work From Home,SL-PLAN-02,2022-06-17,2022-06-30,14,2022-05-28,EMP00010,2022-05-30,Pending,Medical Appointment,,Y,Yes,Legal,Toronto
ABSN7D5AALD5,EMP00345,Bereavement Leave,CO-PLAN-06,2022-10-31,2022-11-11,12,2022-10-05,EMP00028,2022-10-07,Approved,Family,Urgent,N,No,Sales,Mumbai
ABSVZ06ZAXH4,EMP00472,Bereavement Leave,UL-PLAN-07,2022-08-01,2022-08-03,3,2022-07-22,EMP00012,2022-07-23,Rejected,Vacation,,N,No,Human Resources,London
ABSRCJS3UUCU,EMP00173,Annual Leave,BL-PLAN-08,2023-03-09,2023-03-20,12,2023-02-27,EMP00021,2023-03-04,Approved,Personal,Urgent,N,Yes,Legal,New York
ABSPJWLRCCQJ,EMP00233,UNKNOWN_TYPE_XYZ,CL-PLAN-03,2023-09-07,2023-09-04,13,2023-09-03,EMP00015,2023-09-06,Pending,Family,Urgent,N,N/A,Marketing,Mumbai
ABSPMH5QFAJP,EMP00549,Casual Leave,UL-PLAN-07,2024-10-13,2024-10-13,1,2024-09-16,EMP00023,2024-09-21,Cancelled,Family,,N,No,Operations,London
ABSECM1DGH13,EMP00773,Casual Leave,AL-PLAN-01,2022-03-27,2022-04-04,9,2022-03-15,EMP00013,2022-03-19,Cancelled,Medical,Urgent,Y,Yes,Marketing,New York
ABSO9Y4LP6I4,EMP00397,Annual Leave,UL-PLAN-07,2024-03-10,2024-03-12,3,2024-03-09,EMP00030,2024-03-11,Approved,Emergency,,Y,No,Marketing,London
ABSXAJR6GQYX,EMP00560,Unpaid Leave,BL-PLAN-08,2023-03-21,2023-03-29,9,2023-02-27,EMP00050,2023-03-04,Approved,Other,,N,Yes,Product,Dubai
ABS0ALW9KJYT,,Work From Home,PL-PLAN-05,2023-02-10,2023-02-18,9,2023-01-16,EMP00048,2023-01-17,Rejected,Travel,Urgent,Y,N/A,Operations,Bengaluru
ABS16UZBVI9R,EMP00151,Unpaid Leave,UL-PLAN-07,2023-05-30,2023-06-01,3,2023-05-23,EMP00005,2023-05-25,Pending,Medical,Pre-planned,N,Yes,Human Resources,Singapore
ABS3ZC0OCYM9,EMP00774,Annual Leave,UL-PLAN-07,2022-11-26,2022-11-26,1,2022-11-11,EMP00004,2022-11-13,Rejected,COVID-19,Pre-planned,Y,Yes,Finance,Sydney
ABSGYR7KJKPN,EMP00490,Annual Leave,PL-PLAN-05,2024-03-23,2024-03-23,1,2024-03-07,EMP00012,2024-03-10,Cancelled,Family,,Y,Yes,Legal,Singapore
ABSETSTRTOTP,EMP00296,Maternity Leave,PL-PLAN-05,2022-06-07,2022-06-17,11,2022-05-13,EMP00015,2022-05-14,Withdrawn,COVID-19,Recurring,N,N/A,Product,New York
ABS4UQK2KWY6,EMP00611,Work From Home,ML-PLAN-04,,2023-09-05,12,2023-08-17,EMP00010,2023-08-18,Cancelled,Medical,,N,No,Sales,Singapore
ABSS9IKHS2ZV,EMP00489,Work From Home,ML-PLAN-04,2023-12-20,2023-12-23,4,2023-12-06,EMP00044,2023-12-08,Cancelled,Other,Urgent,Y,Yes,Marketing,Sydney
ABS1AMEQIH5Z,EMP00001,Work From Home,UL-PLAN-07,2025-02-05,2025-02-18,14,2025-01-12,EMP00017,2025-01-15,Withdrawn,Medical Appointment,Pre-planned,Y,Yes,Sales,Toronto
ABSDBRQMS05M,EMP00697,Casual Leave,ML-PLAN-04,2022-07-02,2022-07-08,7,2022-06-21,EMP00036,2022-06-25,Rejected,Medical,,Y,Yes,Product,Toronto
ABSROHMQAEE8,EMP00484,Sick Leave,AL-PLAN-01,2025-02-03,2025-02-06,4,2025-01-22,EMP00026,2025-01-26,Rejected,Other,Pre-planned,N,Yes,Sales,Dubai
ABS5NJXHN4DH,EMP00430,Maternity Leave,SL-PLAN-02,2025-01-28,2025-02-08,22,2025-01-01,EMP00041,2025-01-05,Pending,Other,Recurring,N,N/A,Sales,Toronto
ABSL43OGGOON,EMP00132,Unpaid Leave,AL-PLAN-01,2024-11-11,2024-11-13,3,2024-10-26,EMP00036,2024-10-30,Rejected,Other,Urgent,Y,Yes,Operations,New York
ABST5XK8SK4O,EMP00604,Work From Home,CO-PLAN-06,2022-04-04,2022-04-08,5,2022-03-30,EMP00017,2022-04-04,Withdrawn,Marriage,None,Y,Yes,Product,Singapore
ABSQ1TQ9CTPV,EMP00540,Casual Leave,PL-PLAN-05,2023-11-07,2023-11-14,8,2023-10-16,EMP00044,2023-10-20,Withdrawn,Medical,,Y,N/A,Marketing,London
ABSLUPFGR3K4,EMP00124,Unpaid Leave,SL-PLAN-02,2023-03-10,2023-03-21,12,2023-02-23,EMP00039,2023-02-25,Withdrawn,Child Care,,N,N/A,Sales,New York
ABSJEXNX8URG,EMP00597,Unpaid Leave,ML-PLAN-04,2022-07-08,2022-07-05,12,2022-07-06,EMP00001,2022-07-09,Cancelled,Emergency,Urgent,N,Yes,Legal,Singapore
ABSTE9FEBKEO,EMP00224,Bereavement Leave,BL-PLAN-08,2023-11-01,2023-11-04,4,2023-10-24,EMP00014,2023-10-27,Pending,Medical,,Y,Yes,Marketing,Singapore
ABSVW6TWPFW9,EMP00665,Work From Home,ML-PLAN-04,2022-10-19,2022-10-19,1,2022-10-10,EMP00011,2022-10-13,Cancelled,Marriage,,N,Yes,Human Resources,Singapore
ABSGSJJQE0RV,EMP00697,Casual Leave,CO-PLAN-06,2024-03-30,2024-04-11,13,2024-03-21,EMP00045,2024-03-22,Pending,Personal,Pre-planned,Y,Yes,Marketing,Bengaluru
ABS4J388400D,EMP00705,Casual Leave,ML-PLAN-04,2023-02-20,2023-02-24,5,2023-01-30,EMP00014,2023-02-03,Withdrawn,Marriage,,N,N/A,Sales,Toronto
ABSESACDRO02,EMP00410,Annual Leave,AL-PLAN-01,2023-04-10,2023-04-19,0,2023-03-16,EMP00035,2023-03-18,Withdrawn,Vacation,,N,Yes,Operations,Bengaluru
ABSIL7MZARMM,EMP00452,Compensatory Off,AL-PLAN-01,2025-03-05,2025-03-08,4,2025-02-15,EMP00009,2025-02-17,Pending,Family,None,N,No,Human Resources,New York
ABSIWEIP1GCO,EMP00473,Bereavement Leave,UL-PLAN-07,2022-12-10,2022-12-22,13,2022-11-14,EMP00042,2022-11-19,Withdrawn,Medical,,Y,N/A,Sales,Mumbai
ABS9E2NCPH6G,EMP00135,Annual Leave,ML-PLAN-04,2022-08-12,2022-08-12,1,2022-07-24,EMP00044,2022-07-25,Cancelled,Personal,,N,Yes,Sales,Bengaluru
ABSQKKL2YXZN,EMP00363,Bereavement Leave,AL-PLAN-01,2022-08-07,2022-08-19,13,2022-08-03,EMP00018,2022-08-04,Approved,Other,,Y,Yes,Product,Dubai
ABS96ZQTZWID,,UNKNOWN_TYPE_XYZ,PL-PLAN-05,,2024-06-04,-1,2024-06-17,EMP00040,2024-05-28,UNKNOWN,Child Care,,N,No,Product,Sydney
ABS2GJIMLUXH,EMP00183,Work From Home,AL-PLAN-01,2022-07-24,2022-07-29,6,2022-07-18,EMP00028,2022-07-20,Approved,Medical Appointment,,N,No,Finance,London
ABS8Z4RW0ZL5,EMP00203,Annual Leave,BL-PLAN-08,2024-08-21,2024-08-21,1,2024-08-06,EMP00047,2024-08-08,Cancelled,Medical Appointment,Recurring,Y,Yes,Legal,Toronto
ABS4XCSYFM8O,EMP00570,Casual Leave,CL-PLAN-03,2024-09-27,2024-09-27,1,2024-09-15,EMP00049,2024-09-16,Cancelled,Other,Recurring,N,No,Legal,Dubai
ABSA3UVVW8V4,EMP00281,Casual Leave,ML-PLAN-04,2022-02-14,2022-02-24,11,2022-01-27,EMP00048,2022-01-30,Pending,Other,,N,Yes,Engineering,Dubai
ABSPU4LGJZPD,EMP00242,Compensatory Off,CL-PLAN-03,2022-08-31,2022-09-05,6,2022-08-10,EMP00010,2022-08-12,Rejected,Child Care,Pre-planned,Y,N/A,Product,Dubai
ABSOWW2Y92O3,EMP00290,Bereavement Leave,AL-PLAN-01,2024-09-10,2024-09-15,6,2024-08-15,EMP00035,2024-08-16,Pending,Child Care,Pre-planned,Y,Yes,Legal,Toronto
ABSNR4MBQHHD,EMP00086,Work From Home,ML-PLAN-04,2024-12-15,2024-12-23,9,2024-12-09,EMP00009,2024-12-11,Rejected,Vacation,Recurring,Y,No,Operations,Singapore
ABSBMWAFD1Y7,EMP00026,Work From Home,ML-PLAN-04,2024-01-09,2024-01-14,6,2023-12-17,EMP00032,2023-12-20,Rejected,Vacation,,N,N/A,Product,Bengaluru
ABS9F5R5HHB0,EMP00094,Maternity Leave,PL-PLAN-05,2023-11-14,2023-11-17,4,2023-10-30,EMP00004,2023-11-01,Pending,Personal,,N,Yes,Operations,Mumbai
ABS4W7Y5DOEL,EMP00240,Sick Leave,PL-PLAN-05,2024-02-17,2024-02-14,3,2024-02-02,EMP00003,2024-02-05,Withdrawn,Other,,N,No,Legal,Toronto
ABSYDDI85IYP,EMP00280,Sick Leave,CO-PLAN-06,2023-04-18,2023-04-21,4,2023-04-02,EMP00024,2023-04-04,Cancelled,Travel,Pre-planned,N,Yes,Product,Sydney
ABSFT6H69QPN,EMP00754,Maternity Leave,BL-PLAN-08,2023-08-27,2023-09-09,14,2023-08-04,EMP00019,2023-08-05,Approved,Medical Appointment,,N,Yes,Product,Toronto
ABSNLTZ37EF8,EMP00161,Unpaid Leave,CO-PLAN-06,2023-10-18,2023-10-27,10,2023-10-10,EMP00011,2023-10-15,Approved,Medical Appointment,Recurring,N,No,Engineering,Sydney
ABSJ6L1I2II6,EMP00265,Maternity Leave,SL-PLAN-02,2022-04-09,2022-04-12,4,2022-03-30,EMP00017,2022-03-31,Withdrawn,Travel,,N,N/A,Product,Dubai
ABSQJX07PETS,EMP00642,Compensatory Off,PL-PLAN-05,2024-08-28,2024-09-10,20,2024-07-30,EMP00033,2024-08-02,Rejected,COVID-19,,N,Yes,Finance,New York
ABSDWM01MXOO,EMP00588,Compensatory Off,BL-PLAN-08,2025-01-26,2025-02-03,9,2025-01-05,EMP00034,2025-01-08,Withdrawn,Other,,N,Yes,Finance,Mumbai
ABS4UDEN40NM,EMP00795,Casual Leave,CL-PLAN-03,2024-11-17,2024-11-24,8,2024-11-08,EMP00017,2024-11-09,Cancelled,Marriage,Recurring,N,Yes,Product,Bengaluru
ABS3YY5ELAL3,EMP00655,Sick Leave,ML-PLAN-04,2025-01-11,2025-01-23,13,2024-12-27,EMP00034,2024-12-28,Cancelled,Marriage,,N,Yes,Marketing,Dubai
ABSTNCC0ZXPY,EMP00570,Compensatory Off,BL-PLAN-08,2022-08-19,2022-08-26,8,2022-07-26,EMP00016,2022-07-29,Approved,Marriage,None,N,Yes,Human Resources,Singapore
ABSLQDNQSRTN,EMP00556,Sick Leave,PL-PLAN-05,,2024-07-23,11,2024-07-01,EMP00026,2024-07-05,Rejected,Vacation,None,N,N/A,Marketing,Dubai
ABSJQG58QWZZ,EMP00088,Sick Leave,CL-PLAN-03,2024-07-20,2024-07-31,12,2024-07-11,EMP00012,2024-07-16,Withdrawn,Child Care,,Y,No,Human Resources,Mumbai
ABSPFZP5YU19,EMP00400,Maternity Leave,UL-PLAN-07,2023-08-16,2023-08-18,3,2023-08-07,EMP00011,2023-08-12,Approved,Child Care,,Y,Yes,Sales,Dubai
ABS3QV8EOF6D,EMP00793,Casual Leave,PL-PLAN-05,2022-07-17,2022-07-28,12,2022-06-17,EMP00017,2022-06-22,Withdrawn,Travel,Urgent,N,N/A,Marketing,Singapore
ABSG5ARR7J2H,EMP00284,Work From Home,SL-PLAN-02,2024-12-26,2025-01-03,9,2024-12-02,EMP00045,2024-12-04,Cancelled,Emergency,,N,Yes,Sales,Mumbai
ABSXBDUQ4QHK,,Annual Leave,AL-PLAN-01,2023-03-17,2023-03-26,10,2023-03-09,EMP00023,2023-03-13,Rejected,Vacation,Pre-planned,N,N/A,Operations,Mumbai
ABSFAGNBJZIS,EMP00437,Unpaid Leave,BL-PLAN-08,2022-12-16,2022-12-18,3,2022-11-28,EMP00004,2022-12-01,Pending,Personal,Recurring,N,N/A,Operations,Toronto
ABSU9P48M990,EMP00160,Casual Leave,BL-PLAN-08,2024-07-09,2024-07-12,4,2024-06-30,EMP00009,2024-07-02,Rejected,Marriage,Urgent,N,No,Marketing,New York
ABSAWTX40UJI,EMP00762,Annual Leave,CL-PLAN-03,2023-09-24,2023-10-07,14,2023-09-13,EMP00048,2023-09-18,Cancelled,Vacation,Urgent,N,N/A,Sales,Bengaluru
ABSUTO558Q81,EMP00741,Unpaid Leave,CO-PLAN-06,2022-05-02,2022-05-06,5,2022-04-23,EMP00021,2022-04-25,Cancelled,Other,,N,No,Finance,New York
ABS7NACU6CH4,EMP00423,UNKNOWN_TYPE_XYZ,PL-PLAN-05,2024-02-26,2024-02-23,0,2024-02-13,EMP00025,2024-02-17,Withdrawn,Child Care,,N,Yes,Finance,New York
ABSK1MJS6GT9,EMP00573,Bereavement Leave,CL-PLAN-03,2024-09-11,2024-09-18,8,2024-08-25,EMP00004,2024-08-26,Cancelled,Child Care,Urgent,N,Yes,Operations,Bengaluru
ABSTHDEF9EEE,EMP00527,Bereavement Leave,UL-PLAN-07,2024-04-23,2024-05-04,12,2024-04-12,EMP00045,2024-04-13,Rejected,Marriage,Pre-planned,N,Yes,Human Resources,London
ABSZ663JMYR2,EMP00456,Sick Leave,UL-PLAN-07,2022-02-14,2022-02-22,9,2022-02-02,EMP00042,2022-02-05,Approved,Vacation,Urgent,N,Yes,Finance,Singapore
ABSQP5G5NS3C,EMP00231,Bereavement Leave,UL-PLAN-07,2024-10-17,2024-10-21,5,2024-10-03,EMP00016,2024-10-07,Approved,Family,,N,No,Legal,Toronto
ABSMP5OE64E8,EMP00342,Casual Leave,ML-PLAN-04,2023-08-23,2023-09-01,10,2023-08-17,EMP00029,2023-08-21,Pending,Vacation,Urgent,N,Yes,Human Resources,Sydney
ABSNTYIIQ6ZZ,EMP00232,Sick Leave,UL-PLAN-07,2024-01-21,2024-01-22,2,2023-12-28,EMP00028,2023-12-31,Pending,Other,Recurring,N,No,Legal,Sydney
ABSST6885260,EMP00374,Work From Home,PL-PLAN-05,2022-03-23,2022-03-23,1,2022-03-08,EMP00011,2022-03-10,Rejected,Emergency,,N,No,Operations,Mumbai
ABSGP68L3XNT,EMP00475,Bereavement Leave,PL-PLAN-05,2023-12-06,2023-12-06,1,2023-11-18,EMP00032,2023-11-23,Withdrawn,Personal,,N,Yes,Product,Sydney
ABSXZE7O7B82,EMP00797,Annual Leave,UL-PLAN-07,2022-10-07,2022-10-07,1,2022-09-18,EMP00012,2022-09-19,Rejected,Emergency,Urgent,N,N/A,Human Resources,New York
ABSRF78JR0WV,EMP00366,Maternity Leave,ML-PLAN-04,,2023-09-05,-1,2023-09-03,EMP00012,2023-09-06,Rejected,COVID-19,,N,Yes,Operations,Sydney
ABS7XDWA80YK,EMP00390,Maternity Leave,BL-PLAN-08,2023-06-13,2023-06-15,3,2023-06-03,EMP00032,2023-06-06,Rejected,COVID-19,Urgent,Y,Yes,Finance,Sydney
ABSST63T6HTE,EMP00553,Casual Leave,CO-PLAN-06,2024-08-04,2024-08-13,10,2024-07-19,EMP00046,2024-07-22,Approved,COVID-19,,Y,Yes,Engineering,New York
ABS5WJV7WIS3,EMP00501,Bereavement Leave,CL-PLAN-03,2023-10-20,2023-11-02,14,2023-09-24,EMP00017,2023-09-25,Withdrawn,Other,Urgent,N,Yes,Finance,Bengaluru
ABSOXWJ10AQ5,EMP00429,Sick Leave,PL-PLAN-05,2022-08-28,2022-09-06,10,2022-08-09,EMP00016,2022-08-11,Approved,Emergency,None,N,Yes,Operations,Mumbai
ABS972Y6SUSR,EMP00220,Work From Home,CL-PLAN-03,2022-09-20,2022-09-21,5,2022-08-29,EMP00024,2022-08-30,Pending,Medical Appointment,,N,Yes,Human Resources,Bengaluru
ABS9I6PITHHM,EMP00757,Casual Leave,ML-PLAN-04,2023-04-16,2023-04-22,7,2023-03-30,EMP00031,2023-03-31,Rejected,Emergency,Urgent,N,Yes,Marketing,Sydney
ABSGE0QDUBYT,EMP00664,Unpaid Leave,PL-PLAN-05,2025-03-27,2025-04-04,9,2025-03-25,EMP00039,2025-03-27,Pending,Marriage,,N,No,Marketing,Toronto
ABS3GV2QO06O,EMP00097,Work From Home,AL-PLAN-01,2023-05-19,2023-05-28,10,2023-05-17,EMP00045,2023-05-20,Withdrawn,Other,Pre-planned,N,Yes,Sales,Sydney
ABSJULKB5LZO,EMP00481,Compensatory Off,PL-PLAN-05,2023-03-14,2023-03-14,1,2023-02-13,EMP00008,2023-02-18,Pending,Vacation,,N,Yes,Engineering,Bengaluru
ABS547DZNDZR,,Work From Home,CL-PLAN-03,2022-04-07,2022-04-04,13,2022-04-17,EMP00039,2022-04-01,Approved,Medical,,N,N/A,Operations,Singapore
ABSFEDZTD6AW,EMP00502,Casual Leave,PL-PLAN-05,2024-01-24,2024-02-04,12,2023-12-29,EMP00018,2023-12-30,Rejected,Travel,Urgent,N,Yes,Sales,Singapore
ABS17LTKWNPR,EMP00508,Compensatory Off,ML-PLAN-04,2022-04-03,2022-04-16,14,2022-03-11,EMP00014,2022-03-16,Approved,Other,Urgent,N,Yes,Legal,New York
ABSNHXLTKYEJ,EMP00342,Unpaid Leave,AL-PLAN-01,2023-02-24,2023-03-03,8,2023-02-01,EMP00015,2023-02-05,Approved,Vacation,,N,Yes,Finance,New York
ABSBAM1YESZ1,EMP00634,Casual Leave,CL-PLAN-03,2024-04-10,2024-04-14,5,2024-04-06,EMP00050,2024-04-11,Rejected,Personal,Pre-planned,N,No,Marketing,Dubai
ABSWH982THZZ,EMP00217,Work From Home,UL-PLAN-07,2023-05-11,2023-05-19,9,2023-05-04,EMP00039,2023-05-09,Pending,Medical,,N,Yes,Human Resources,Toronto
ABS7C5N3C5B5,EMP00180,Unpaid Leave,ML-PLAN-04,2023-03-15,2023-03-26,12,2023-02-13,EMP00022,2023-02-18,Withdrawn,Other,,Y,No,Engineering,Mumbai
ABSIC5J131V6,EMP00345,Sick Leave,ML-PLAN-04,2022-07-07,2022-07-20,14,2022-06-17,EMP00046,2022-06-21,Rejected,Family,,N,Yes,Sales,Bengaluru
ABS5WP3EV8LV,EMP00489,Bereavement Leave,AL-PLAN-01,2024-01-21,2024-01-30,10,2024-01-08,EMP00024,2024-01-10,Approved,COVID-19,,N,No,Sales,Sydney
ABSYTA0S1HZR,EMP00050,Maternity Leave,ML-PLAN-04,2024-08-21,2024-08-31,11,2024-08-10,EMP00026,2024-08-14,Pending,Emergency,Urgent,N,Yes,Marketing,London
ABSOFWBZDI20,EMP00092,UNKNOWN_TYPE_XYZ,AL-PLAN-01,,2023-03-15,14,2023-02-28,EMP00006,2023-03-03,UNKNOWN,Travel,,N,No,Finance,Sydney
ABSQBRP7ASTZ,EMP00041,Annual Leave,ML-PLAN-04,2022-10-01,2022-10-08,8,2022-09-15,EMP00034,2022-09-18,Pending,Other,Pre-planned,N,N/A,Legal,Dubai
ABSNS84E4EAF,EMP00088,Maternity Leave,ML-PLAN-04,2022-01-08,2022-01-16,9,2021-12-25,EMP00022,2021-12-28,Withdrawn,Child Care,Urgent,N,Yes,Engineering,Dubai
ABSJ5GMFS102,EMP00633,Unpaid Leave,UL-PLAN-07,2023-07-15,2023-07-21,7,2023-07-09,EMP00032,2023-07-14,Cancelled,Medical,Urgent,N,Yes,Legal,Mumbai
ABSRKJJE0YN8,EMP00088,Work From Home,CL-PLAN-03,2023-07-15,2023-07-16,2,2023-07-06,EMP00044,2023-07-07,Approved,Child Care,Pre-planned,N,No,Marketing,Sydney
ABSK2DUHMM75,EMP00442,Annual Leave,SL-PLAN-02,2024-01-10,2024-01-18,0,2023-12-15,EMP00047,2023-12-20,Pending,Medical Appointment,None,N,N/A,Marketing,New York
ABSVVDREAYMW,EMP00044,Casual Leave,SL-PLAN-02,2024-04-26,2024-05-09,14,2024-04-23,EMP00031,2024-04-28,Withdrawn,Family,Urgent,N,N/A,Legal,Dubai
ABSMBE3296WK,EMP00170,Work From Home,BL-PLAN-08,2022-11-08,2022-11-09,2,2022-10-27,EMP00028,2022-10-30,Cancelled,Medical,Urgent,N,N/A,Product,London
ABSGXSB7QN0E,EMP00041,Casual Leave,CL-PLAN-03,2022-01-13,2022-01-16,4,2022-01-02,EMP00025,2022-01-05,Approved,Medical,Pre-planned,Y,Yes,Product,Bengaluru
ABS6VUT4X0M8,EMP00517,Casual Leave,BL-PLAN-08,2023-08-15,2023-08-28,14,2023-08-08,EMP00026,2023-08-13,Approved,Personal,,N,Yes,Product,Toronto
ABS69CTKR1NN,EMP00782,Sick Leave,ML-PLAN-04,2023-07-01,2023-06-28,6,2023-06-21,EMP00027,2023-06-22,Withdrawn,Marriage,,N,No,Human Resources,Mumbai
ABSPKYDAXXKB,EMP00047,Work From Home,AL-PLAN-01,2024-10-30,2024-11-04,6,2024-10-12,EMP00021,2024-10-16,Withdrawn,Medical,,N,Yes,Legal,Bengaluru
ABSI3K1F86ZS,EMP00283,Annual Leave,CO-PLAN-06,2024-03-14,2024-03-27,14,2024-03-10,EMP00009,2024-03-12,Rejected,Travel,,N,N/A,Marketing,New York
ABSMPKANWQ31,EMP00410,Bereavement Leave,CL-PLAN-03,2023-12-01,2023-12-04,4,2023-11-13,EMP00015,2023-11-15,Cancelled,Marriage,Recurring,N,Yes,Legal,Singapore
ABSTANJRJYEG,EMP00414,Bereavement Leave,AL-PLAN-01,2022-04-23,2022-04-25,3,2022-04-16,EMP00030,2022-04-21,Cancelled,COVID-19,Urgent,N,N/A,Marketing,New York
ABSKWEMIT089,,Compensatory Off,PL-PLAN-05,2022-09-25,2022-10-06,22,2022-09-02,EMP00009,2022-09-06,Approved,Vacation,Recurring,N,No,Legal,Dubai
ABS3DRWRIJCF,EMP00760,Bereavement Leave,PL-PLAN-05,2022-03-14,2022-03-14,1,2022-02-15,EMP00031,2022-02-20,Cancelled,Marriage,None,Y,N/A,Sales,Sydney
ABS0MZM6OXWQ,EMP00470,Annual Leave,CL-PLAN-03,2023-02-14,2023-02-19,6,2023-02-06,EMP00017,2023-02-10,Approved,Vacation,,Y,No,Human Resources,New York
ABSX0HT9SNSX,EMP00051,Unpaid Leave,CO-PLAN-06,2022-09-27,2022-10-07,11,2022-09-21,EMP00022,2022-09-24,Approved,Other,Pre-planned,N,Yes,Operations,Singapore
ABS24YAYVWRS,EMP00729,Sick Leave,CL-PLAN-03,2025-02-22,2025-03-03,10,2025-02-10,EMP00040,2025-02-14,Cancelled,Personal,Pre-planned,N,No,Operations,Toronto
ABSKSU2YACF0,EMP00006,Annual Leave,CL-PLAN-03,,2022-03-08,-1,2022-02-22,EMP00046,2022-02-23,Rejected,Marriage,,N,N/A,Sales,Singapore
ABS6DREYZYE4,EMP00480,Compensatory Off,CO-PLAN-06,2024-12-02,2024-12-08,7,2024-11-12,EMP00050,2024-11-15,Rejected,Other,,N,Yes,Marketing,Sydney
ABS9I00KTK6X,EMP00738,Sick Leave,ML-PLAN-04,2023-06-13,2023-06-16,4,2023-05-21,EMP00037,2023-05-24,Rejected,Emergency,,N,No,Finance,Singapore
ABSRRRQ8WU7M,EMP00488,Annual Leave,BL-PLAN-08,2024-05-09,2024-05-18,10,2024-04-18,EMP00041,2024-04-19,Cancelled,Marriage,Pre-planned,N,Yes,Sales,Mumbai
ABS4BBVUXH42,EMP00323,Casual Leave,ML-PLAN-04,2022-04-05,2022-04-12,8,2022-03-23,EMP00048,2022-03-24,Cancelled,Emergency,,N,Yes,Operations,Sydney
ABSRL9H04YJI,EMP00427,Compensatory Off,CL-PLAN-03,2023-01-09,2023-01-09,1,2022-12-13,EMP00031,2022-12-18,Approved,COVID-19,,Y,No,Engineering,Bengaluru
ABS22AZM5KW9,EMP00394,Sick Leave,UL-PLAN-07,2022-12-18,2022-12-29,12,2022-11-21,EMP00028,2022-11-26,Approved,Other,None,N,Yes,Legal,Toronto
ABS0NOIINP7F,EMP00636,Annual Leave,PL-PLAN-05,2022-07-21,2022-07-26,6,2022-07-04,EMP00041,2022-07-08,Withdrawn,Child Care,,Y,Yes,Legal,Singapore
ABSB3O8IT0O9,EMP00263,Work From Home,CL-PLAN-03,2022-10-20,2022-10-23,4,2022-09-22,EMP00007,2022-09-23,Cancelled,Family,Recurring,N,Yes,Sales,Sydney
ABSXPL70GW70,EMP00492,Compensatory Off,CL-PLAN-03,2025-02-19,2025-03-04,14,2025-02-11,EMP00041,2025-02-15,Approved,Family,Recurring,N,Yes,Marketing,Mumbai
ABSVB5EPJOV0,EMP00202,UNKNOWN_TYPE_XYZ,AL-PLAN-01,2022-07-06,2022-07-03,14,2022-06-24,EMP00044,2022-06-25,Rejected,Medical,None,N,N/A,Operations,Mumbai
ABSAQR28WJNK,EMP00706,Sick Leave,PL-PLAN-05,2022-09-20,2022-09-20,1,2022-09-06,EMP00002,2022-09-09,Withdrawn,Marriage,,N,N/A,Legal,Dubai
ABSAYS0RNCK1,EMP00328,Bereavement Leave,CL-PLAN-03,2023-02-10,2023-02-13,4,2023-01-14,EMP00040,2023-01-18,Withdrawn,COVID-19,,Y,Yes,Finance,Dubai
ABSC5RMPZWD5,EMP00150,Maternity Leave,PL-PLAN-05,2023-04-13,2023-04-21,9,2023-03-24,EMP00025,2023-03-25,Rejected,Medical Appointment,,N,N/A,Finance,Dubai
ABSM7TO64HVP,EMP00614,Maternity Leave,CO-PLAN-06,2023-02-04,2023-02-05,2,2023-01-26,EMP00018,2023-01-30,Rejected,COVID-19,,N,Yes,Sales,Bengaluru
ABSJ4TMSEXPU,EMP00692,Compensatory Off,SL-PLAN-02,2024-10-02,2024-10-06,5,2024-09-10,EMP00033,2024-09-11,Cancelled,Personal,Urgent,N,No,Finance,Singapore
ABST4NCCV6JV,EMP00546,Bereavement Leave,CO-PLAN-06,2022-06-11,2022-06-24,14,2022-05-14,EMP00032,2022-05-17,Cancelled,Emergency,None,N,Yes,Marketing,Dubai
ABSCVXTKKQE2,EMP00421,Sick Leave,PL-PLAN-05,2023-12-19,2023-12-22,4,2023-12-16,EMP00041,2023-12-17,Rejected,Other,None,N,No,Marketing,Toronto
ABSZAEUG98A1,EMP00278,Casual Leave,SL-PLAN-02,2025-02-21,2025-02-23,3,2025-01-31,EMP00014,2025-02-04,Pending,Child Care,,Y,Yes,Marketing,London
ABS4NBJINIVA,EMP00509,Unpaid Leave,UL-PLAN-07,2023-09-22,2023-10-01,10,2023-09-08,EMP00029,2023-09-13,Rejected,Personal,Recurring,Y,No,Sales,Dubai
ABSYAUSZUFR9,,Annual Leave,CO-PLAN-06,,2022-10-24,0,2022-11-06,EMP00033,2022-10-12,Pending,Medical,,N,No,Legal,Dubai
ABSJP9DPHOVM,EMP00192,Unpaid Leave,ML-PLAN-04,2022-10-17,2022-10-28,12,2022-09-24,EMP00002,2022-09-26,Pending,Vacation,None,N,N/A,Finance,Toronto
ABSXK649LYVC,EMP00584,Sick Leave,AL-PLAN-01,2023-10-11,2023-10-24,14,2023-09-30,EMP00010,2023-10-05,Pending,Family,,N,No,Sales,Singapore
ABS4RLKGXHPO,EMP00526,Maternity Leave,BL-PLAN-08,2023-07-02,2023-07-11,10,2023-06-16,EMP00016,2023-06-21,Cancelled,Marriage,,Y,Yes,Human Resources,Sydney
ABSSR5MCGLN5,EMP00170,Work From Home,ML-PLAN-04,2024-04-23,2024-04-25,3,2024-03-29,EMP00043,2024-04-01,Pending,Emergency,,N,Yes,Legal,London
ABS4ZITIH2BO,EMP00386,Sick Leave,CL-PLAN-03,2024-07-08,2024-07-09,12,2024-06-12,EMP00012,2024-06-17,Pending,Personal,,N,N/A,Engineering,Sydney
ABS4VFS1TWBR,EMP00603,Maternity Leave,PL-PLAN-05,2022-08-10,2022-08-21,12,2022-07-31,EMP00002,2022-08-04,Pending,Travel,,Y,Yes,Product,Sydney
ABS0FG072YZK,EMP00733,Casual Leave,PL-PLAN-05,2024-09-18,2024-09-23,6,2024-08-25,EMP00043,2024-08-30,Cancelled,Travel,Recurring,N,Yes,Human Resources,New York
ABSVRE59GJLY,EMP00068,Unpaid Leave,ML-PLAN-04,2023-08-30,2023-09-08,10,2023-08-19,EMP00011,2023-08-24,Approved,Vacation,None,N,Yes,Sales,Singapore
ABSNVHXB4KGN,EMP00570,Maternity Leave,SL-PLAN-02,2023-10-26,2023-11-01,7,2023-10-09,EMP00024,2023-10-13,Withdrawn,Family,Pre-planned,N,Yes,Legal,Singapore
ABSQNIETQ043,EMP00278,Maternity Leave,BL-PLAN-08,2023-03-07,2023-03-04,1,2023-02-15,EMP00031,2023-02-19,Rejected,Child Care,Pre-planned,Y,N/A,Finance,Mumbai
ABSNVY29PMBC,EMP00412,Maternity Leave,ML-PLAN-04,2024-10-25,2024-10-29,5,2024-10-18,EMP00024,2024-10-19,Rejected,Personal,Urgent,N,N/A,Human Resources,Bengaluru
ABS9PH899Q3D,EMP00279,Sick Leave,AL-PLAN-01,2022-09-29,2022-10-06,8,2022-09-10,EMP00007,2022-09-15,Approved,Medical Appointment,Urgent,N,Yes,Finance,Dubai
ABSMTEUCWWCX,EMP00177,Bereavement Leave,ML-PLAN-04,2022-12-16,2022-12-18,3,2022-12-10,EMP00037,2022-12-15,Approved,Travel,None,Y,Yes,Operations,Sydney
ABSW9AKKK459,EMP00679,Maternity Leave,PL-PLAN-05,2022-08-21,2022-09-01,12,2022-08-13,EMP00045,2022-08-14,Cancelled,Travel,,Y,N/A,Human Resources,Sydney
ABS9X4NPA3G7,EMP00141,Annual Leave,SL-PLAN-02,2024-03-23,2024-03-25,3,2024-03-07,EMP00006,2024-03-12,Withdrawn,COVID-19,Recurring,Y,Yes,Human Resources,Toronto
ABSM8LS4XKG3,EMP00793,Bereavement Leave,AL-PLAN-01,2025-02-28,2025-03-05,6,2025-02-04,EMP00048,2025-02-06,Pending,Other,,N,N/A,Sales,Dubai
ABS2IYXLDN19,EMP00617,Casual Leave,PL-PLAN-05,2022-05-15,2022-05-26,12,2022-05-07,EMP00010,2022-05-08,Rejected,Family,,Y,Yes,Sales,Sydney
ABSOFG4EQF8K,EMP00638,Work From Home,AL-PLAN-01,2024-05-11,2024-05-16,6,2024-04-22,EMP00014,2024-04-25,Rejected,Personal,None,N,Yes,Legal,Sydney
ABSW8NBHHC62,EMP00430,Maternity Leave,SL-PLAN-02,2022-04-02,2022-04-08,7,2022-03-19,EMP00036,2022-03-23,Pending,Vacation,,N,Yes,Marketing,Toronto
ABSQ9K8BYF8C,EMP00271,UNKNOWN_TYPE_XYZ,BL-PLAN-08,,2022-03-19,-1,2022-02-21,EMP00010,2022-02-25,UNKNOWN,Family,Pre-planned,N,Yes,Operations,London
ABSRBO56XKZX,EMP00317,Unpaid Leave,UL-PLAN-07,2024-07-20,2024-07-20,1,2024-07-04,EMP00049,2024-07-07,Pending,Child Care,,N,No,Operations,London
ABS99BRL6K6X,EMP00210,Casual Leave,PL-PLAN-05,2023-03-06,2023-03-09,4,2023-02-23,EMP00022,2023-02-27,Cancelled,Child Care,,N,Yes,Product,London
ABSBOXJUBKV3,EMP00043,Sick Leave,CO-PLAN-06,2022-09-19,2022-09-28,10,2022-09-18,EMP00042,2022-09-21,Cancelled,Medical,Urgent,N,No,Finance,Toronto
ABSBO55Q6WNC,EMP00577,Compensatory Off,SL-PLAN-02,2023-10-04,2023-10-09,6,2023-09-25,EMP00021,2023-09-27,Pending,Emergency,,N,Yes,Engineering,Singapore
ABSP9N5UMORY,,Casual Leave,PL-PLAN-05,2023-03-03,2023-03-10,8,2023-02-15,EMP00037,2023-02-19,Cancelled,Marriage,Recurring,Y,Yes,Product,Toronto
ABSREUJVAQA3,EMP00656,Work From Home,PL-PLAN-05,2022-03-02,2022-03-15,14,2022-02-23,EMP00038,2022-02-25,Approved,Personal,,N,Yes,Marketing,Sydney
ABSDDF64SZWJ,EMP00794,Compensatory Off,SL-PLAN-02,2023-04-19,2023-04-23,5,2023-04-01,EMP00032,2023-04-04,Rejected,Travel,,N,No,Product,London
ABSB4SOXF6PQ,EMP00534,Work From Home,CO-PLAN-06,2022-09-17,2022-09-29,13,2022-08-28,EMP00042,2022-08-29,Rejected,Medical,,N,No,Legal,Toronto
ABSY26W5XWUC,EMP00578,Bereavement Leave,ML-PLAN-04,2024-10-31,2024-11-03,4,2024-10-04,EMP00027,2024-10-07,Cancelled,Family,,Y,No,Human Resources,New York
ABSHD70XYLGH,EMP00349,Unpaid Leave,BL-PLAN-08,2023-01-05,2023-01-02,5,2023-01-04,EMP00039,2023-01-07,Withdrawn,COVID-19,,N,Yes,Product,Toronto
ABS7MQXFAYET,EMP00423,Compensatory Off,ML-PLAN-04,2024-12-27,2024-12-30,4,2024-12-18,EMP00012,2024-12-20,Cancelled,COVID-19,,N,No,Marketing,New York
ABSVL75W3NII,EMP00429,Sick Leave,AL-PLAN-01,2022-04-12,2022-04-25,14,2022-03-31,EMP00021,2022-04-05,Approved,Medical Appointment,Pre-planned,N,Yes,Human Resources,New York
ABSX7AR65LDF,EMP00278,Annual Leave,UL-PLAN-07,2024-11-09,2024-11-10,2,2024-11-08,EMP00037,2024-11-11,Pending,Emergency,,N,N/A,Legal,Sydney
ABSZPER9WW8L,EMP00476,Unpaid Leave,SL-PLAN-02,2024-09-02,2024-09-15,14,2024-08-09,EMP00015,2024-08-13,Cancelled,Medical,Recurring,N,N/A,Sales,Bengaluru
ABS0MDTSM9HF,EMP00722,Work From Home,CL-PLAN-03,2023-03-13,2023-03-22,0,2023-02-25,EMP00039,2023-03-01,Cancelled,Family,Urgent,N,Yes,Finance,Dubai
ABS46AU6J8ZI,EMP00439,Maternity Leave,PL-PLAN-05,2023-02-10,2023-02-12,3,2023-02-01,EMP00007,2023-02-02,Rejected,Vacation,,N,Yes,Marketing,Toronto
ABSWCVRZXYZ5,EMP00035,Maternity Leave,UL-PLAN-07,2023-10-02,2023-10-02,1,2023-09-18,EMP00031,2023-09-23,Approved,Medical Appointment,Urgent,N,Yes,Product,Mumbai
ABSUEA3B7DPQ,EMP00069,Casual Leave,BL-PLAN-08,2022-09-18,2022-09-20,3,2022-08-23,EMP00006,2022-08-26,Cancelled,Medical Appointment,Recurring,N,Yes,Operations,Mumbai
ABS752JHJ800,EMP00215,Work From Home,UL-PLAN-07,2025-02-09,2025-02-09,1,2025-01-18,EMP00047,2025-01-21,Withdrawn,Vacation,Urgent,N,No,Human Resources,Sydney
ABS6KHJII1Y6,EMP00644,Compensatory Off,AL-PLAN-01,,2022-10-10,9,2022-09-24,EMP00010,2022-09-29,Withdrawn,Medical Appointment,Urgent,N,No,Finance,Dubai
ABS232FO7VI8,EMP00200,Maternity Leave,UL-PLAN-07,2023-03-20,2023-03-21,2,2023-02-20,EMP00009,2023-02-23,Approved,Child Care,,N,Yes,Finance,London
ABSCFPEWPA4C,EMP00054,Compensatory Off,CO-PLAN-06,2023-03-22,2023-03-27,6,2023-02-20,EMP00013,2023-02-25,Rejected,Child Care,,N,Yes,Product,London
ABSPYKTZIJ37,EMP00735,Compensatory Off,ML-PLAN-04,2022-05-01,2022-05-08,8,2022-04-18,EMP00018,2022-04-20,Withdrawn,Medical Appointment,,Y,Yes,Engineering,Singapore
ABSV0P4JIGVK,EMP00087,Sick Leave,PL-PLAN-05,2023-07-27,2023-08-04,9,2023-07-22,EMP00040,2023-07-24,Rejected,Child Care,None,N,N/A,Marketing,Dubai
ABSS3Y6SRZZY,EMP00637,Maternity Leave,UL-PLAN-07,2024-06-11,2024-06-11,1,2024-06-07,EMP00012,2024-06-11,Withdrawn,Travel,,N,Yes,Engineering,New York
ABSONX1BK7E5,EMP00521,Work From Home,SL-PLAN-02,2024-03-12,2024-03-16,5,2024-02-21,EMP00041,2024-02-22,Rejected,COVID-19,None,Y,Yes,Product,London
ABSE37FPNBN1,EMP00730,Casual Leave,BL-PLAN-08,2023-07-15,2023-07-27,13,2023-07-05,EMP00020,2023-07-07,Approved,Medical,Urgent,Y,N/A,Product,Bengaluru
ABSQWXQ0YZKD,EMP00307,Casual Leave,UL-PLAN-07,2023-11-17,2023-11-21,5,2023-10-22,EMP00008,2023-10-24,Rejected,Family,,Y,Yes,Legal,Bengaluru
ABSCQ05CUJWQ,EMP00505,Casual Leave,BL-PLAN-08,2023-09-27,2023-10-01,5,2023-09-14,EMP00042,2023-09-17,Approved,Other,Urgent,N,Yes,Legal,New York
ABSJWA50SZD8,,UNKNOWN_TYPE_XYZ,BL-PLAN-08,2023-12-30,2023-12-27,5,2024-01-09,EMP00018,2023-12-03,Cancelled,Travel,Urgent,N,N/A,Finance,Singapore
ABSLYBZUN7MG,EMP00623,Work From Home,BL-PLAN-08,2024-07-27,2024-07-31,5,2024-07-15,EMP00023,2024-07-16,Withdrawn,Child Care,Pre-planned,N,N/A,Marketing,Bengaluru
ABSCB4DSEINV,EMP00562,Sick Leave,AL-PLAN-01,2024-06-06,2024-06-19,14,2024-05-15,EMP00046,2024-05-18,Withdrawn,Family,Urgent,Y,No,Engineering,Mumbai
ABSGRFEUKUQ4,EMP00150,Unpaid Leave,ML-PLAN-04,2023-05-09,2023-05-21,13,2023-05-05,EMP00023,2023-05-06,Pending,Personal,None,N,Yes,Operations,Toronto
ABSLUG92S5JB,EMP00762,Compensatory Off,BL-PLAN-08,2025-01-15,2025-01-21,7,2025-01-11,EMP00041,2025-01-16,Withdrawn,Medical Appointment,,Y,Yes,Operations,London
ABSBF4PBOJMC,EMP00022,Casual Leave,BL-PLAN-08,2023-06-20,2023-06-23,4,2023-06-16,EMP00032,2023-06-21,Rejected,Marriage,None,N,Yes,Operations,Sydney
ABSJNSLUMMYC,EMP00177,Bereavement Leave,AL-PLAN-01,2023-11-28,2023-12-01,4,2023-11-14,EMP00008,2023-11-15,Cancelled,Vacation,Urgent,N,No,Sales,New York
ABSE40UNYB6Z,EMP00364,Compensatory Off,AL-PLAN-01,2024-06-19,2024-06-29,11,2024-06-13,EMP00002,2024-06-14,Pending,Medical,Pre-planned,N,Yes,Marketing,Dubai
ABSU03F9CTZ9,EMP00677,Annual Leave,SL-PLAN-02,2022-11-03,2022-11-03,1,2022-10-19,EMP00038,2022-10-21,Approved,Marriage,None,N,Yes,Legal,Dubai
ABS4FH9UTYA7,EMP00350,Compensatory Off,SL-PLAN-02,2022-02-25,2022-03-05,9,2022-01-26,EMP00036,2022-01-31,Cancelled,COVID-19,Urgent,N,Yes,Engineering,New York
ABSP7OK9570G,EMP00649,Compensatory Off,AL-PLAN-01,,2024-09-21,-1,2024-09-11,EMP00014,2024-09-16,Rejected,Medical Appointment,Urgent,N,Yes,Sales,London
ABSN1NTVC0V3,EMP00532,Maternity Leave,CO-PLAN-06,2022-05-20,2022-05-31,12,2022-05-07,EMP00042,2022-05-12,Withdrawn,Travel,,N,No,Marketing,New York
ABS9PV3YC7ZJ,EMP00635,Sick Leave,CL-PLAN-03,2024-07-25,2024-07-31,7,2024-07-21,EMP00017,2024-07-23,Pending,Vacation,Pre-planned,N,N/A,Product,Bengaluru
ABS3HSJZP8F2,EMP00699,Bereavement Leave,UL-PLAN-07,2022-05-11,2022-05-11,1,2022-04-23,EMP00049,2022-04-28,Withdrawn,Travel,Pre-planned,N,Yes,Finance,London
ABSTEILZL3LW,EMP00665,Sick Leave,PL-PLAN-05,2023-09-07,2023-09-10,4,2023-08-30,EMP00003,2023-09-03,Cancelled,Medical,Pre-planned,N,N/A,Finance,Toronto
ABS6B9MXV3RG,EMP00548,Work From Home,SL-PLAN-02,2024-02-24,2024-03-04,14,2024-02-20,EMP00028,2024-02-21,Withdrawn,COVID-19,,N,N/A,Human Resources,Dubai
ABSB9UAXUIDU,EMP00765,Bereavement Leave,CO-PLAN-06,2024-07-27,2024-08-09,14,2024-07-22,EMP00009,2024-07-24,Rejected,Child Care,Urgent,N,N/A,Sales,Singapore
ABS0HKEPO6WI,EMP00232,Sick Leave,SL-PLAN-02,2024-01-02,2024-01-05,4,2023-12-20,EMP00003,2023-12-22,Cancelled,Marriage,None,N,No,Engineering,London
ABSLMPL34Z53,EMP00421,Annual Leave,ML-PLAN-04,2023-05-03,2023-05-03,1,2023-04-09,EMP00010,2023-04-12,Pending,Medical,,Y,N/A,Finance,Bengaluru
ABSUV9MKS7P1,EMP00143,Compensatory Off,BL-PLAN-08,2024-09-29,2024-10-02,4,2024-09-05,EMP00045,2024-09-07,Approved,Family,Recurring,Y,No,Engineering,Sydney
ABSNLEWOFDIT,EMP00316,Sick Leave,AL-PLAN-01,2024-05-01,2024-04-28,0,2024-04-01,EMP00050,2024-04-04,Pending,Other,,N,Yes,Legal,New York
ABSQ5QW8ONIR,EMP00481,Compensatory Off,AL-PLAN-01,2022-05-29,2022-06-04,7,2022-05-26,EMP00011,2022-05-28,Approved,Child Care,None,Y,No,Engineering,Mumbai
ABST40X9YUY6,EMP00733,Sick Leave,BL-PLAN-08,2022-09-08,2022-09-09,2,2022-08-15,EMP00013,2022-08-17,Withdrawn,Medical Appointment,None,N,Yes,Engineering,Singapore
ABSOM6ANXLW6,EMP00100,Maternity Leave,CL-PLAN-03,2024-03-16,2024-03-26,11,2024-03-03,EMP00029,2024-03-08,Cancelled,Family,Recurring,Y,Yes,Legal,New York
ABSKKORLU13Z,EMP00794,Maternity Leave,BL-PLAN-08,2022-11-02,2022-11-14,13,2022-10-03,EMP00031,2022-10-05,Approved,Other,Recurring,N,Yes,Human Resources,London
ABS2XQPAXAPE,,Annual Leave,BL-PLAN-08,2023-01-27,2023-01-27,1,2023-01-02,EMP00019,2023-01-04,Cancelled,Travel,Pre-planned,N,Yes,Finance,Bengaluru
ABSAJEC79EKV,EMP00485,Casual Leave,ML-PLAN-04,2022-04-03,2022-04-04,2,2022-03-21,EMP00005,2022-03-25,Rejected,Marriage,Urgent,N,Yes,Operations,Sydney
ABSNJRFOGJTY,EMP00702,Compensatory Off,AL-PLAN-01,2024-04-05,2024-04-08,4,2024-03-07,EMP00015,2024-03-12,Approved,Vacation,,Y,Yes,Marketing,Mumbai
ABSZTE0WV43V,EMP00316,Maternity Leave,SL-PLAN-02,2024-09-20,2024-09-25,6,2024-08-22,EMP00047,2024-08-25,Cancelled,Medical,None,Y,Yes,Human Resources,Toronto
ABSQ7RTC4F5P,EMP00331,Bereavement Leave,AL-PLAN-01,2022-05-13,2022-05-15,3,2022-04-28,EMP00009,2022-05-02,Cancelled,Travel,Pre-planned,N,Yes,Finance,London
ABSSJHWKUA9S,EMP00517,UNKNOWN_TYPE_XYZ,CL-PLAN-03,,2024-04-26,7,2024-04-09,EMP00037,2024-04-12,UNKNOWN,Personal,,N,Yes,Sales,Singapore
ABSHS970KV43,EMP00518,Casual Leave,CL-PLAN-03,2023-08-24,2023-09-01,9,2023-08-15,EMP00004,2023-08-16,Pending,Other,Recurring,N,No,Operations,Toronto
ABSD7WJ4K6B1,EMP00366,Sick Leave,ML-PLAN-04,2022-07-06,2022-07-08,3,2022-06-10,EMP00020,2022-06-13,Cancelled,Emergency,,N,Yes,Marketing,Toronto
ABSDGZRBGCLT,EMP00718,Work From Home,SL-PLAN-02,2022-05-01,2022-05-12,12,2022-04-18,EMP00003,2022-04-20,Rejected,Other,,N,Yes,Operations,Dubai
ABS37FYSZ8GX,EMP00551,Compensatory Off,UL-PLAN-07,2022-02-14,2022-02-25,12,2022-01-15,EMP00027,2022-01-20,Withdrawn,Vacation,,N,Yes,Operations,London
ABSGCXAVEW26,EMP00403,Annual Leave,AL-PLAN-01,2024-01-25,2024-02-01,8,2024-01-17,EMP00018,2024-01-21,Withdrawn,Medical,Recurring,N,No,Marketing,Sydney
ABSLILR6TXIM,EMP00410,Bereavement Leave,PL-PLAN-05,2022-05-27,2022-05-31,5,2022-05-03,EMP00038,2022-05-08,Rejected,COVID-19,Pre-planned,N,Yes,Product,Sydney
ABSWTM8XXLU6,EMP00337,Maternity Leave,BL-PLAN-08,2022-06-01,2022-06-11,11,2022-05-25,EMP00020,2022-05-30,Withdrawn,Travel,,N,Yes,Marketing,London
ABSUGK8F4ADN,EMP00277,Compensatory Off,CL-PLAN-03,2023-08-19,2023-08-25,7,2023-07-24,EMP00006,2023-07-27,Pending,Marriage,None,N,Yes,Sales,London
ABSZD8HPTX3Y,EMP00159,Annual Leave,UL-PLAN-07,2023-04-27,2023-04-30,4,2023-04-03,EMP00027,2023-04-07,Pending,Other,Urgent,N,Yes,Product,Singapore
ABSBL0VD7JLP,EMP00282,Work From Home,UL-PLAN-07,2023-02-06,2023-02-03,11,2023-01-21,EMP00046,2023-01-24,Rejected,Other,,N,Yes,Human Resources,Sydney
ABSWFYQJBEQN,EMP00563,Maternity Leave,SL-PLAN-02,2022-06-15,2022-06-27,13,2022-05-26,EMP00040,2022-05-28,Approved,Medical Appointment,None,N,No,Sales,Sydney
ABS6CB0NBW1K,EMP00359,Annual Leave,CO-PLAN-06,2023-12-12,2023-12-24,13,2023-11-28,EMP00028,2023-12-01,Cancelled,Medical,Pre-planned,N,No,Engineering,New York
ABS8J05SOE0M,EMP00168,Compensatory Off,UL-PLAN-07,2022-04-01,2022-04-13,13,2022-03-11,EMP00002,2022-03-13,Pending,Marriage,Recurring,N,Yes,Operations,London
ABSL2PO5XY7K,EMP00177,Sick Leave,AL-PLAN-01,2023-09-17,2023-09-23,7,2023-08-24,EMP00017,2023-08-29,Cancelled,Travel,Recurring,N,Yes,Product,Bengaluru
ABS3PLLIYAL6,EMP00089,Work From Home,UL-PLAN-07,2025-02-14,2025-02-21,17,2025-02-09,EMP00014,2025-02-14,Pending,Medical Appointment,Pre-planned,N,No,Operations,Dubai
ABSHS5HGIUTS,EMP00128,Bereavement Leave,SL-PLAN-02,2022-02-01,2022-02-07,7,2022-01-23,EMP00012,2022-01-28,Approved,Vacation,,N,Yes,Engineering,Singapore
ABSF089ES6QH,EMP00350,Compensatory Off,UL-PLAN-07,2023-09-20,2023-09-22,3,2023-08-30,EMP00017,2023-09-01,Rejected,COVID-19,None,Y,Yes,Engineering,Singapore
ABSOTBDT8KRO,EMP00198,Bereavement Leave,UL-PLAN-07,2023-05-29,2023-06-04,7,2023-05-27,EMP00023,2023-05-28,Rejected,Vacation,,N,Yes,Human Resources,Singapore
ABSFM1480L5F,EMP00116,Maternity Leave,UL-PLAN-07,2024-07-15,2024-07-24,10,2024-07-05,EMP00038,2024-07-09,Approved,Medical,None,N,N/A,Finance,Bengaluru
ABSVZS9TS1PX,,Maternity Leave,CL-PLAN-03,,2024-09-22,-1,2024-10-05,EMP00004,2024-09-01,Pending,Medical Appointment,,N,Yes,Marketing,Dubai
ABSRLOH1MNRI,EMP00372,Work From Home,CO-PLAN-06,2024-03-23,2024-04-04,13,2024-03-02,EMP00020,2024-03-03,Approved,Other,None,N,Yes,Marketing,Mumbai
ABSDU8EMNTLJ,EMP00721,Maternity Leave,SL-PLAN-02,2023-07-30,2023-07-31,2,2023-07-09,EMP00036,2023-07-11,Approved,Medical Appointment,Recurring,N,Yes,Product,Dubai
ABSXFQ5IJN76,EMP00375,Sick Leave,CL-PLAN-03,2024-05-02,2024-05-02,1,2024-04-30,EMP00023,2024-05-04,Rejected,Child Care,,N,N/A,Sales,Mumbai
ABSEY6SESSE2,EMP00624,Casual Leave,CO-PLAN-06,2023-09-13,2023-09-15,3,2023-08-28,EMP00015,2023-08-29,Rejected,Medical,,N,No,Finance,Dubai
ABSQIFO5F1ZU,EMP00605,Compensatory Off,ML-PLAN-04,2023-09-24,2023-10-07,0,2023-09-04,EMP00047,2023-09-09,Cancelled,COVID-19,,N,N/A,Operations,Sydney
ABSCV1CERDIM,EMP00349,Unpaid Leave,CL-PLAN-03,2025-02-01,2025-02-14,14,2025-01-30,EMP00034,2025-02-03,Approved,Family,,N,Yes,Engineering,New York
ABS4KS1R8315,EMP00469,Unpaid Leave,AL-PLAN-01,2024-05-14,2024-05-15,2,2024-04-21,EMP00009,2024-04-25,Approved,Marriage,Pre-planned,N,Yes,Finance,Bengaluru
ABSQDJQUIY8P,EMP00441,Bereavement Leave,CO-PLAN-06,2023-05-10,2023-05-17,8,2023-05-09,EMP00045,2023-05-14,Approved,Personal,None,Y,Yes,Marketing,Sydney
ABSP7BONHPUW,EMP00664,Annual Leave,UL-PLAN-07,2022-11-16,2022-11-28,13,2022-11-14,EMP00048,2022-11-17,Pending,Other,,N,Yes,Marketing,Mumbai
ABSZCG9B2J9T,EMP00619,UNKNOWN_TYPE_XYZ,ML-PLAN-04,2025-01-03,2024-12-31,22,2024-12-10,EMP00009,2024-12-13,Approved,Medical Appointment,Urgent,N,Yes,Legal,Mumbai
ABSMIZH1NY1A,EMP00236,Unpaid Leave,ML-PLAN-04,2024-01-31,2024-02-02,3,2024-01-16,EMP00008,2024-01-21,Approved,Child Care,Pre-planned,Y,N/A,Legal,Singapore
ABS1C7N45JAV,EMP00751,Sick Leave,PL-PLAN-05,2023-02-03,2023-02-04,2,2023-01-26,EMP00045,2023-01-28,Withdrawn,Personal,,N,Yes,Product,Sydney
ABSGQWJLYL1T,EMP00126,Compensatory Off,ML-PLAN-04,2022-07-26,2022-07-29,4,2022-07-04,EMP00038,2022-07-08,Approved,Medical Appointment,,N,N/A,Engineering,Toronto
ABS5WSXRDOY7,EMP00630,Annual Leave,AL-PLAN-01,2022-07-20,2022-07-31,12,2022-07-13,EMP00016,2022-07-17,Pending,Personal,Urgent,N,Yes,Operations,London
ABSL9RK3CG8U,EMP00658,Sick Leave,SL-PLAN-02,2025-03-08,2025-03-10,3,2025-02-23,EMP00043,2025-02-28,Pending,Emergency,,N,Yes,Sales,Mumbai
ABS61R2JW1XE,EMP00248,Sick Leave,PL-PLAN-05,2023-08-24,2023-09-01,9,2023-08-04,EMP00012,2023-08-09,Withdrawn,Vacation,,N,N/A,Marketing,Singapore
ABSK7D60MR26,EMP00257,Casual Leave,AL-PLAN-01,2024-02-19,2024-03-01,12,2024-02-02,EMP00049,2024-02-06,Withdrawn,Vacation,Recurring,N,N/A,Legal,Mumbai
ABS2YEYRVQOA,EMP00133,Maternity Leave,PL-PLAN-05,2022-02-10,2022-02-15,6,2022-02-09,EMP00041,2022-02-12,Rejected,Travel,Recurring,N,No,Sales,New York
ABSC8NMM3N3B,EMP00231,Sick Leave,BL-PLAN-08,2022-08-08,2022-08-12,5,2022-07-12,EMP00037,2022-07-13,Pending,Personal,,N,Yes,Operations,Mumbai
ABSA8HIDLZYT,EMP00219,Annual Leave,ML-PLAN-04,,2024-04-03,14,2024-03-12,EMP00031,2024-03-14,Withdrawn,Other,,Y,No,Sales,Toronto
ABSJMRB48JFK,EMP00601,Bereavement Leave,CO-PLAN-06,2023-02-16,2023-02-16,1,2023-01-24,EMP00012,2023-01-25,Approved,Other,Urgent,N,Yes,Legal,London
ABSTHQQS5W03,EMP00579,Unpaid Leave,UL-PLAN-07,2024-09-05,2024-09-11,7,2024-08-14,EMP00012,2024-08-19,Cancelled,Vacation,Recurring,N,Yes,Human Resources,London
ABSDEIWH8XQ6,EMP00472,Bereavement Leave,CO-PLAN-06,2024-08-27,2024-08-28,2,2024-08-20,EMP00014,2024-08-22,Cancelled,Medical,,N,Yes,Sales,Singapore
ABSFEU8WPM26,EMP00799,Annual Leave,ML-PLAN-04,2024-09-30,2024-09-30,1,2024-09-06,EMP00016,2024-09-08,Withdrawn,Medical Appointment,,N,Yes,Marketing,London
ABS0YUPHGWFY,,Work From Home,BL-PLAN-08,2024-09-10,2024-09-23,20,2024-09-05,EMP00016,2024-09-09,Rejected,Emergency,Pre-planned,Y,Yes,Human Resources,Sydney
ABSKSJ5NRAGT,EMP00001,Casual Leave,PL-PLAN-05,2023-04-11,2023-04-21,11,2023-04-07,EMP00043,2023-04-10,Withdrawn,Other,None,N,N/A,Product,Singapore
ABSRBDBNKTYR,EMP00002,Sick Leave,BL-PLAN-08,2024-08-16,2024-08-29,14,2024-07-23,EMP00040,2024-07-28,Pending,Marriage,Recurring,N,No,Legal,Bengaluru
ABS9YZYO4GM4,EMP00179,Work From Home,CL-PLAN-03,2024-02-12,2024-02-18,7,2024-01-16,EMP00033,2024-01-20,Approved,Medical,,N,Yes,Operations,Toronto
ABSDRURN9SWY,EMP00662,Unpaid Leave,AL-PLAN-01,2023-05-19,2023-05-24,6,2023-04-25,EMP00033,2023-04-30,Withdrawn,Medical Appointment,,N,N/A,Operations,Sydney
ABS4IONKHEBX,EMP00670,Unpaid Leave,CO-PLAN-06,2022-10-14,2022-10-11,5,2022-09-25,EMP00040,2022-09-28,Approved,COVID-19,,Y,Yes,Engineering,Sydney
ABSZ0PXB5YJA,EMP00099,Compensatory Off,AL-PLAN-01,2023-10-16,2023-10-23,8,2023-10-13,EMP00033,2023-10-18,Withdrawn,Medical,,N,No,Marketing,Toronto
ABSGTK9JV5QT,EMP00557,Casual Leave,BL-PLAN-08,2023-06-06,2023-06-09,4,2023-06-02,EMP00013,2023-06-03,Cancelled,Medical,Pre-planned,Y,Yes,Human Resources,Mumbai
ABSNT5545N17,EMP00329,Compensatory Off,SL-PLAN-02,2022-05-10,2022-05-23,14,2022-04-17,EMP00043,2022-04-19,Rejected,Travel,,N,Yes,Human Resources,Toronto
ABSR7B0B3D3B,EMP00578,Compensatory Off,UL-PLAN-07,2024-03-28,2024-03-28,1,2024-03-04,EMP00046,2024-03-08,Approved,Marriage,,N,N/A,Sales,New York
ABSCNJMTA13X,EMP00643,Maternity Leave,BL-PLAN-08,2023-12-01,2023-12-06,6,2023-11-10,EMP00047,2023-11-15,Rejected,COVID-19,Pre-planned,Y,N/A,Sales,Sydney
ABSYWNG2GLZR,EMP00626,Unpaid Leave,CO-PLAN-06,2022-07-01,2022-07-06,6,2022-06-03,EMP00047,2022-06-07,Pending,Medical Appointment,Recurring,N,Yes,Marketing,Mumbai
ABSZEVDASO57,EMP00134,Unpaid Leave,ML-PLAN-04,2024-02-25,2024-03-05,10,2024-02-22,EMP00039,2024-02-26,Pending,Marriage,,Y,Yes,Product,New York
ABSDQ0BWBAZ0,EMP00102,Annual Leave,SL-PLAN-02,2024-02-08,2024-02-13,6,2024-01-11,EMP00025,2024-01-16,Rejected,Emergency,Recurring,N,Yes,Human Resources,Mumbai
ABSY6IBTWND7,EMP00301,Annual Leave,SL-PLAN-02,2022-11-10,2022-11-22,13,2022-11-06,EMP00034,2022-11-11,Pending,Family,Urgent,Y,Yes,Operations,Toronto
ABSTJIVSM171,EMP00549,UNKNOWN_TYPE_XYZ,SL-PLAN-02,,2022-08-03,-1,2022-07-07,EMP00039,2022-07-12,UNKNOWN,Family,,N,Yes,Product,Singapore
ABSODE95TKST,EMP00795,Casual Leave,ML-PLAN-04,2023-06-28,2023-07-08,11,2023-06-16,EMP00005,2023-06-17,Cancelled,Family,,N,Yes,Engineering,London
ABS3AT8M0Q35,EMP00199,Sick Leave,CO-PLAN-06,2022-10-24,2022-10-31,8,2022-10-08,EMP00036,2022-10-12,Pending,Travel,Pre-planned,Y,No,Human Resources,Dubai
ABSZQIQIPGH4,EMP00441,Annual Leave,BL-PLAN-08,2022-02-26,2022-03-02,5,2022-02-04,EMP00048,2022-02-08,Rejected,Child Care,None,N,Yes,Finance,Sydney
ABSR7V2FE4DD,EMP00439,Sick Leave,PL-PLAN-05,2022-05-12,2022-05-17,6,2022-04-22,EMP00018,2022-04-26,Pending,Medical,,Y,Yes,Operations,Singapore
ABS1RRL5BIST,EMP00075,Casual Leave,AL-PLAN-01,2023-09-03,2023-09-05,3,2023-08-25,EMP00049,2023-08-26,Rejected,Medical Appointment,None,N,Yes,Engineering,Toronto
ABSETDUIFVRE,EMP00382,Work From Home,CO-PLAN-06,2022-12-04,2022-12-09,6,2022-11-17,EMP00026,2022-11-22,Pending,Family,,N,No,Marketing,New York
ABSTOSSHGYG2,EMP00687,Bereavement Leave,SL-PLAN-02,2023-08-04,2023-08-06,3,2023-07-28,EMP00044,2023-08-02,Withdrawn,Personal,Pre-planned,N,Yes,Operations,Sydney
ABS4AV5M3TL6,EMP00579,Annual Leave,UL-PLAN-07,2023-05-26,2023-05-28,3,2023-05-23,EMP00030,2023-05-25,Cancelled,Medical,,N,Yes,Marketing,New York
ABSI0N21RAG9,EMP00119,Casual Leave,PL-PLAN-05,2024-04-16,2024-04-26,11,2024-03-26,EMP00017,2024-03-29,Approved,COVID-19,,N,Yes,Human Resources,Toronto
ABSYUANPWY29,,Maternity Leave,CO-PLAN-06,2025-02-15,2025-02-12,1,2025-02-25,EMP00022,2025-01-23,Withdrawn,Personal,Urgent,Y,No,Sales,Sydney
ABS737R4BJF0,EMP00718,Casual Leave,CO-PLAN-06,2024-08-06,2024-08-09,4,2024-07-26,EMP00037,2024-07-29,Pending,Emergency,None,Y,No,Legal,London
ABSM02P7PTO5,EMP00112,Bereavement Leave,SL-PLAN-02,2024-03-22,2024-03-23,2,2024-03-18,EMP00004,2024-03-19,Approved,Medical Appointment,Pre-planned,N,No,Legal,New York
ABSBYMWKLOD4,EMP00464,Compensatory Off,AL-PLAN-01,2023-06-20,2023-06-28,9,2023-06-10,EMP00027,2023-06-15,Rejected,Child Care,Pre-planned,N,No,Product,London
ABSN6QTSIK5N,EMP00294,Sick Leave,ML-PLAN-04,2022-05-31,2022-06-06,7,2022-05-13,EMP00002,2022-05-18,Pending,Marriage,,N,No,Engineering,Sydney
ABS4N6K6XAE9,EMP00168,Maternity Leave,AL-PLAN-01,2024-06-01,2024-06-02,12,2024-05-27,EMP00023,2024-05-29,Pending,Other,Recurring,Y,No,Legal,Dubai
ABSV14HLO8YS,EMP00572,Maternity Leave,CO-PLAN-06,2024-02-29,2024-03-06,7,2024-02-17,EMP00021,2024-02-19,Approved,Medical Appointment,Recurring,N,Yes,Finance,Sydney
ABSMZZ7A813S,EMP00501,Work From Home,SL-PLAN-02,2023-10-07,2023-10-08,2,2023-09-28,EMP00002,2023-10-01,Rejected,COVID-19,Pre-planned,N,N/A,Finance,London
ABS1CN5IFJXA,EMP00320,Bereavement Leave,PL-PLAN-05,2024-05-08,2024-05-13,6,2024-05-02,EMP00039,2024-05-05,Rejected,Vacation,None,N,Yes,Legal,London
ABSXUKH03RM0,EMP00648,Maternity Leave,CL-PLAN-03,2023-08-27,2023-08-27,1,2023-08-15,EMP00042,2023-08-19,Cancelled,Emergency,Pre-planned,N,Yes,Sales,Singapore
ABS5BKDSRB74,EMP00651,Bereavement Leave,BL-PLAN-08,,2024-08-02,14,2024-07-23,EMP00030,2024-07-25,Pending,Child Care,Pre-planned,N,Yes,Sales,Toronto
ABSX8FBAQEXS,EMP00094,Compensatory Off,UL-PLAN-07,2024-05-04,2024-05-16,13,2024-04-18,EMP00024,2024-04-20,Rejected,Family,Urgent,Y,Yes,Engineering,New York
ABSKPO7NPV2B,EMP00261,Unpaid Leave,CO-PLAN-06,2022-01-14,2022-01-20,7,2022-01-02,EMP00010,2022-01-03,Pending,Travel,None,N,N/A,Finance,Sydney
ABSQW22VRS31,EMP00142,Work From Home,UL-PLAN-07,2022-11-21,2022-11-27,7,2022-11-04,EMP00012,2022-11-09,Rejected,Travel,,N,Yes,Product,Sydney
ABS41V5UABQP,EMP00523,Annual Leave,CL-PLAN-03,2022-10-23,2022-11-02,11,2022-09-25,EMP00020,2022-09-29,Approved,Other,Recurring,N,No,Product,New York
ABSQWZKHNPH9,EMP00764,Bereavement Leave,ML-PLAN-04,2022-11-09,2022-11-22,14,2022-10-19,EMP00023,2022-10-22,Rejected,Medical Appointment,,N,No,Finance,New York
ABSQJJSPLAJE,EMP00747,Compensatory Off,CO-PLAN-06,2022-11-15,2022-11-26,12,2022-11-04,EMP00011,2022-11-07,Pending,Other,Recurring,N,Yes,Marketing,Toronto
ABS0AJITKHEW,EMP00661,Sick Leave,BL-PLAN-08,2022-06-27,2022-07-04,8,2022-06-04,EMP00030,2022-06-06,Pending,COVID-19,Pre-planned,Y,No,Legal,Dubai
ABSHR0X4EU6Y,EMP00406,Casual Leave,AL-PLAN-01,2022-05-26,2022-05-28,3,2022-05-25,EMP00028,2022-05-30,Approved,Vacation,,Y,No,Human Resources,Sydney
ABSUW2HJSB0H,EMP00640,Maternity Leave,PL-PLAN-05,2024-04-22,2024-04-22,1,2024-04-13,EMP00038,2024-04-16,Pending,Child Care,,Y,No,Sales,Sydney
ABS7Z3C6CUA4,EMP00783,UNKNOWN_TYPE_XYZ,BL-PLAN-08,2022-06-04,2022-06-01,16,2022-05-05,EMP00009,2022-05-07,Withdrawn,Other,None,N,No,Human Resources,Bengaluru
ABS7QGJCL6DQ,EMP00328,Work From Home,PL-PLAN-05,2023-12-24,2023-12-27,4,2023-12-02,EMP00019,2023-12-04,Rejected,Family,,N,No,Product,New York
ABSPMSPOWX02,EMP00116,Compensatory Off,PL-PLAN-05,2024-10-31,2024-11-09,10,2024-10-15,EMP00029,2024-10-16,Pending,Other,,Y,Yes,Engineering,Mumbai
ABSGU7UWJXLP,EMP00085,Sick Leave,AL-PLAN-01,2023-10-02,2023-10-03,2,2023-09-02,EMP00008,2023-09-05,Cancelled,Family,None,N,Yes,Legal,Mumbai
ABSJE9MI86VW,EMP00175,Unpaid Leave,ML-PLAN-04,2023-09-02,2023-09-13,12,2023-08-17,EMP00005,2023-08-21,Withdrawn,Travel,None,Y,No,Sales,Singapore
ABSAKPCOE81V,,Unpaid Leave,PL-PLAN-05,2023-01-05,2023-01-11,0,2022-12-15,EMP00014,2022-12-16,Approved,Marriage,,N,Yes,Sales,Toronto
ABSUK8PZ6J16,EMP00226,Sick Leave,CL-PLAN-03,2022-11-30,2022-12-01,2,2022-11-11,EMP00005,2022-11-15,Rejected,COVID-19,Pre-planned,N,Yes,Finance,Mumbai
ABSEFRMCURXJ,EMP00718,Maternity Leave,PL-PLAN-05,2024-06-02,2024-06-13,12,2024-05-29,EMP00039,2024-06-03,Pending,Personal,Urgent,N,Yes,Marketing,Sydney
ABSXZJ27X376,EMP00643,Sick Leave,SL-PLAN-02,2022-08-03,2022-08-04,2,2022-07-18,EMP00033,2022-07-22,Rejected,Marriage,,N,Yes,Product,Sydney
ABS4EV4VDUHG,EMP00266,Work From Home,SL-PLAN-02,2024-11-06,2024-11-09,4,2024-10-27,EMP00019,2024-10-31,Cancelled,Emergency,,N,Yes,Product,Mumbai
ABSSLHRVGJR5,EMP00647,Maternity Leave,CO-PLAN-06,,2024-07-03,-1,2024-06-20,EMP00009,2024-06-23,Pending,Emergency,Urgent,N,Yes,Finance,Sydney
ABSHFA4ERN6Y,EMP00643,Maternity Leave,AL-PLAN-01,2024-10-16,2024-10-21,6,2024-10-07,EMP00012,2024-10-11,Approved,Medical,None,N,N/A,Product,London
ABSEKYLEZ9CX,EMP00433,Compensatory Off,ML-PLAN-04,2025-03-26,2025-03-27,2,2025-02-24,EMP00046,2025-02-26,Pending,Child Care,,N,N/A,Finance,Mumbai
ABS9WRTEEZVT,EMP00650,Casual Leave,SL-PLAN-02,2022-12-04,2022-12-08,5,2022-11-13,EMP00036,2022-11-16,Rejected,Family,,Y,Yes,Marketing,Mumbai
ABSFNRDRGIC5,EMP00068,Casual Leave,AL-PLAN-01,2023-10-31,2023-11-04,5,2023-10-21,EMP00034,2023-10-24,Pending,Personal,None,N,N/A,Human Resources,Singapore
ABSB1Y9B5PA5,EMP00383,Annual Leave,CL-PLAN-03,2023-08-06,2023-08-13,13,2023-07-17,EMP00033,2023-07-20,Rejected,Personal,,N,N/A,Engineering,Dubai
ABS30K7NF0GA,EMP00103,Sick Leave,BL-PLAN-08,2023-10-26,2023-10-31,6,2023-09-28,EMP00045,2023-10-01,Pending,Family,,Y,No,Marketing,Dubai
ABSLHXKDEB70,EMP00644,Work From Home,CO-PLAN-06,2023-04-12,2023-04-19,8,2023-04-03,EMP00042,2023-04-08,Cancelled,Travel,Recurring,Y,Yes,Engineering,Dubai
ABS5KWQV04MJ,EMP00386,Maternity Leave,PL-PLAN-05,2022-09-22,2022-09-25,4,2022-08-23,EMP00040,2022-08-28,Cancelled,Travel,,N,Yes,Engineering,Toronto
ABSDTLOA3WZ3,EMP00171,Annual Leave,UL-PLAN-07,2023-08-14,2023-08-25,12,2023-07-30,EMP00042,2023-08-01,Rejected,Emergency,Pre-planned,Y,N/A,Human Resources,New York
ABS1LN1U09IH,EMP00720,Bereavement Leave,CO-PLAN-06,2024-05-01,2024-04-28,14,2024-04-22,EMP00030,2024-04-26,Withdrawn,Emergency,Urgent,N,Yes,Engineering,Mumbai
ABSEZAWS7MX6,EMP00588,Sick Leave,SL-PLAN-02,2022-08-25,2022-08-30,6,2022-07-28,EMP00049,2022-07-31,Pending,Child Care,Urgent,N,No,Human Resources,Toronto
ABSHX9BO7AZI,EMP00748,Annual Leave,CL-PLAN-03,2022-09-12,2022-09-16,5,2022-08-31,EMP00045,2022-09-02,Approved,Travel,,Y,N/A,Engineering,Dubai
ABSMELZ405ZQ,EMP00699,Sick Leave,ML-PLAN-04,2023-08-12,2023-08-18,7,2023-07-25,EMP00027,2023-07-27,Cancelled,Family,Recurring,N,Yes,Finance,Bengaluru
ABSJG99CU4Y9,EMP00402,Annual Leave,BL-PLAN-08,2023-09-09,2023-09-17,9,2023-09-08,EMP00028,2023-09-10,Cancelled,Vacation,,Y,Yes,Human Resources,New York
ABSR98KCEZAY,EMP00345,Bereavement Leave,CL-PLAN-03,2024-08-04,2024-08-09,6,2024-07-31,EMP00002,2024-08-02,Rejected,Medical,Urgent,N,N/A,Human Resources,Dubai
ABSBCKZQ3X27,EMP00448,Annual Leave,BL-PLAN-08,2024-12-23,2024-12-29,7,2024-12-16,EMP00002,2024-12-21,Pending,Emergency,Recurring,N,No,Marketing,New York
ABSX1LD4SBB6,EMP00773,Unpaid Leave,PL-PLAN-05,2022-11-29,2022-12-10,12,2022-11-06,EMP00027,2022-11-08,Withdrawn,Medical Appointment,,N,Yes,Engineering,Mumbai
ABSC17RBOJGW,EMP00014,Maternity Leave,CO-PLAN-06,2023-10-03,2023-10-08,6,2023-09-09,EMP00016,2023-09-12,Pending,COVID-19,Pre-planned,Y,No,Engineering,London
ABS26M86NS98,EMP00527,Work From Home,SL-PLAN-02,2022-12-08,2022-12-21,14,2022-12-07,EMP00034,2022-12-10,Pending,Medical Appointment,Pre-planned,N,Yes,Marketing,Singapore
ABS4LTKI0AK3,,UNKNOWN_TYPE_XYZ,AL-PLAN-01,,2024-10-01,10,2024-10-14,EMP00021,2024-09-29,UNKNOWN,Other,,N,No,Operations,Mumbai
ABSOQM4YU9WZ,EMP00116,Casual Leave,PL-PLAN-05,2022-12-04,2022-12-08,5,2022-11-06,EMP00034,2022-11-09,Pending,Other,Recurring,N,N/A,Engineering,Toronto
ABS78R0V7P21,EMP00412,Bereavement Leave,BL-PLAN-08,2024-10-28,2024-11-09,13,2024-10-11,EMP00022,2024-10-15,Approved,Vacation,,N,Yes,Marketing,Mumbai
ABSTATJL4JC9,EMP00106,Sick Leave,PL-PLAN-05,2023-12-27,2024-01-08,13,2023-11-30,EMP00007,2023-12-04,Rejected,Travel,,N,Yes,Sales,Mumbai
ABSODIBQMEZ0,EMP00566,Casual Leave,AL-PLAN-01,2025-03-24,2025-03-24,1,2025-03-19,EMP00018,2025-03-23,Rejected,Child Care,,Y,Yes,Operations,Singapore
ABSDDOPGVWT8,EMP00695,Sick Leave,CO-PLAN-06,2024-12-30,2025-01-02,4,2024-11-30,EMP00011,2024-12-05,Pending,COVID-19,,Y,Yes,Legal,Toronto
ABSYLL15X02H,EMP00657,Bereavement Leave,SL-PLAN-02,2024-01-07,2024-01-11,5,2023-12-31,EMP00002,2024-01-03,Cancelled,COVID-19,,Y,No,Sales,Sydney
ABSPDSQLLI5M,EMP00371,Casual Leave,CO-PLAN-06,2022-06-20,2022-06-28,9,2022-06-06,EMP00006,2022-06-10,Approved,Vacation,Urgent,N,Yes,Product,Dubai
ABSS8ENVZNN0,EMP00023,Bereavement Leave,UL-PLAN-07,2025-01-07,2025-01-09,3,2024-12-29,EMP00011,2025-01-02,Approved,Medical,None,N,Yes,Product,Bengaluru
ABS24WQRGLG8,EMP00163,Unpaid Leave,SL-PLAN-02,2023-02-01,2023-02-13,13,2023-01-23,EMP00005,2023-01-24,Pending,Emergency,None,N,Yes,Marketing,London
ABSTD92FXYJ2,EMP00576,Work From Home,CO-PLAN-06,2024-07-12,2024-07-09,0,2024-06-28,EMP00039,2024-06-29,Approved,Emergency,None,N,Yes,Marketing,New York
ABSOZDN5V8OJ,EMP00743,Bereavement Leave,BL-PLAN-08,2023-05-27,2023-06-02,7,2023-05-25,EMP00049,2023-05-26,Approved,Emergency,,N,N/A,Finance,Singapore
ABSZ0JTLNH6A,EMP00450,Casual Leave,BL-PLAN-08,2024-02-19,2024-03-02,13,2024-02-01,EMP00047,2024-02-02,Cancelled,Travel,Urgent,N,Yes,Engineering,Toronto
ABS4Z04XDH1P,EMP00367,Maternity Leave,AL-PLAN-01,2022-12-09,2022-12-19,11,2022-11-23,EMP00049,2022-11-26,Cancelled,Family,,N,Yes,Legal,Singapore
ABSDPBAICQ9J,EMP00454,Annual Leave,CL-PLAN-03,2023-11-26,2023-11-28,3,2023-11-21,EMP00036,2023-11-25,Cancelled,Other,,N,Yes,Product,London
ABSAY2A1HPRL,EMP00350,Bereavement Leave,BL-PLAN-08,2023-11-22,2023-12-05,18,2023-11-21,EMP00040,2023-11-23,Cancelled,Family,Pre-planned,N,Yes,Engineering,Singapore
ABS53RG7Q1XO,EMP00685,Maternity Leave,BL-PLAN-08,2024-02-01,2024-02-14,14,2024-01-11,EMP00014,2024-01-13,Approved,Other,None,N,Yes,Product,Sydney
ABSGDB69I847,EMP00110,Annual Leave,CL-PLAN-03,2022-05-22,2022-05-25,4,2022-05-04,EMP00020,2022-05-07,Approved,Personal,Urgent,N,Yes,Sales,New York
ABSVFWSGRDQ3,EMP00021,Work From Home,BL-PLAN-08,2024-10-26,2024-10-30,5,2024-10-08,EMP00039,2024-10-13,Pending,Personal,,N,Yes,Legal,New York
ABSOL0NNNFXU,EMP00780,Work From Home,CL-PLAN-03,2024-10-03,2024-10-16,14,2024-09-18,EMP00026,2024-09-23,Approved,Personal,,Y,N/A,Engineering,Sydney
ABSGV2QNO4FW,EMP00048,Bereavement Leave,CL-PLAN-03,,2023-08-14,-1,2023-08-04,EMP00043,2023-08-07,Pending,Marriage,Pre-planned,N,Yes,Sales,Dubai
ABS7NU30NUSS,EMP00116,Maternity Leave,CL-PLAN-03,2024-08-17,2024-08-17,1,2024-07-22,EMP00026,2024-07-23,Cancelled,Child Care,None,N,No,Engineering,London
ABSKGJY07U4Y,EMP00531,Maternity Leave,BL-PLAN-08,2025-01-26,2025-01-29,4,2025-01-25,EMP00012,2025-01-27,Pending,Family,Recurring,N,Yes,Legal,Mumbai
ABSBLXZAIKO5,EMP00332,Annual Leave,CO-PLAN-06,2022-08-23,2022-08-25,3,2022-08-03,EMP00042,2022-08-05,Rejected,COVID-19,Pre-planned,N,Yes,Legal,Dubai
ABSZORP8G7UI,EMP00752,Annual Leave,ML-PLAN-04,2022-08-11,2022-08-23,13,2022-07-15,EMP00049,2022-07-17,Approved,Medical Appointment,,N,No,Human Resources,Toronto
ABSW3MFLJKGS,,Compensatory Off,CO-PLAN-06,2024-03-04,2024-03-16,13,2024-02-11,EMP00005,2024-02-12,Withdrawn,Medical,Recurring,Y,No,Human Resources,Toronto
ABSP9T0FY8AT,EMP00552,Compensatory Off,CL-PLAN-03,2022-03-07,2022-03-16,10,2022-02-22,EMP00025,2022-02-23,Pending,Other,,N,Yes,Engineering,Dubai
ABSAJ8X16D8P,EMP00102,Bereavement Leave,CO-PLAN-06,2022-09-30,2022-10-03,4,2022-09-14,EMP00002,2022-09-17,Cancelled,Travel,,N,Yes,Marketing,London
ABSR8YUW5WJM,EMP00576,Annual Leave,CO-PLAN-06,2022-12-22,2022-12-29,8,2022-12-14,EMP00001,2022-12-19,Pending,Travel,Pre-planned,N,Yes,Engineering,Dubai
ABS8VHGOLMUP,EMP00189,Sick Leave,SL-PLAN-02,2024-11-24,2024-12-02,9,2024-11-04,EMP00045,2024-11-08,Rejected,Medical Appointment,Recurring,N,Yes,Engineering,London
ABSFT7O0GOHU,EMP00446,UNKNOWN_TYPE_XYZ,ML-PLAN-04,2024-07-06,2024-07-03,16,2024-07-04,EMP00007,2024-07-06,Pending,Travel,Recurring,N,No,Legal,London
ABSL20U6CJ6S,EMP00092,Maternity Leave,AL-PLAN-01,2023-07-03,2023-07-12,10,2023-06-22,EMP00019,2023-06-26,Cancelled,COVID-19,,N,N/A,Legal,Singapore
ABS96LPKKNTL,EMP00204,Work From Home,PL-PLAN-05,2023-03-04,2023-03-09,6,2023-02-10,EMP00039,2023-02-12,Cancelled,Child Care,Pre-planned,N,Yes,Legal,Singapore
ABSUYGU6EOYU,EMP00118,Unpaid Leave,CO-PLAN-06,2022-12-01,2022-12-09,9,2022-11-07,EMP00041,2022-11-08,Rejected,Family,,Y,Yes,Finance,Singapore
ABSK2B7JO7HO,EMP00483,Compensatory Off,CL-PLAN-03,2022-03-29,2022-03-31,3,2022-03-09,EMP00042,2022-03-14,Approved,COVID-19,Urgent,N,Yes,Human Resources,London
ABSSJV37BTTF,EMP00417,Compensatory Off,SL-PLAN-02,2025-03-18,2025-03-24,7,2025-02-27,EMP00031,2025-02-28,Cancelled,Family,None,N,Yes,Product,New York
ABSC8B543FEH,EMP00184,Compensatory Off,AL-PLAN-01,2023-04-30,2023-05-02,3,2023-04-14,EMP00007,2023-04-18,Pending,Marriage,None,N,Yes,Sales,London
ABSL65FYT883,EMP00398,Bereavement Leave,ML-PLAN-04,2023-01-06,2023-01-19,14,2022-12-30,EMP00015,2022-12-31,Pending,Medical Appointment,,N,N/A,Sales,Dubai
ABSHUGLYZFYB,EMP00651,Casual Leave,SL-PLAN-02,2023-09-04,2023-09-13,10,2023-08-26,EMP00015,2023-08-29,Rejected,Marriage,Pre-planned,N,Yes,Legal,New York
ABSD7I4RZU1R,EMP00604,Maternity Leave,ML-PLAN-04,2024-02-13,2024-02-24,12,2024-01-25,EMP00018,2024-01-26,Withdrawn,Vacation,,Y,Yes,Legal,Toronto
ABS33GVBER6E,EMP00511,Compensatory Off,AL-PLAN-01,,2024-05-23,5,2024-05-10,EMP00023,2024-05-15,Withdrawn,Other,None,N,N/A,Operations,Dubai
ABST28SPWA1A,EMP00202,Compensatory Off,CO-PLAN-06,2024-02-27,2024-03-08,11,2024-02-14,EMP00047,2024-02-17,Withdrawn,Other,None,N,No,Legal,Sydney
ABSJQUUM1DLF,EMP00639,Bereavement Leave,ML-PLAN-04,2024-12-29,2025-01-09,12,2024-12-28,EMP00029,2025-01-02,Rejected,Marriage,None,N,Yes,Operations,London
ABSLA8BDRDVX,EMP00795,Sick Leave,CL-PLAN-03,2024-08-13,2024-08-14,2,2024-08-03,EMP00032,2024-08-07,Rejected,Personal,,N,No,Sales,New York
ABSNVVSO7A60,EMP00457,Casual Leave,SL-PLAN-02,2023-03-30,2023-04-04,6,2023-03-11,EMP00010,2023-03-14,Approved,Vacation,,N,No,Marketing,Singapore
ABSBMI8AZBP3,EMP00146,Annual Leave,AL-PLAN-01,2022-10-12,2022-10-18,0,2022-09-12,EMP00024,2022-09-13,Pending,Child Care,,N,Yes,Sales,Mumbai
ABSA7ICK3MD6,EMP00718,Bereavement Leave,CL-PLAN-03,2024-01-26,2024-01-30,5,2024-01-17,EMP00029,2024-01-21,Rejected,Medical,,Y,No,Sales,Sydney
ABSTZ6OTVKWI,EMP00233,Unpaid Leave,SL-PLAN-02,2022-01-10,2022-01-10,1,2022-01-02,EMP00047,2022-01-06,Cancelled,Personal,,N,No,Engineering,Singapore
ABS8MJ1LDWUE,EMP00598,Casual Leave,UL-PLAN-07,2024-04-24,2024-05-04,11,2024-04-08,EMP00048,2024-04-09,Pending,Marriage,,N,No,Finance,London
ABSF0KUO39Q3,EMP00661,Bereavement Leave,CO-PLAN-06,2025-01-05,2025-01-12,8,2024-12-21,EMP00006,2024-12-25,Rejected,Other,,N,Yes,Legal,Toronto
ABSFMUN4UIOV,,Bereavement Leave,PL-PLAN-05,2023-07-05,2023-07-02,11,2023-07-15,EMP00012,2023-07-06,Cancelled,Marriage,None,Y,No,Sales,Sydney
ABSI9B5XKBXT,EMP00713,Annual Leave,BL-PLAN-08,2022-04-20,2022-05-01,12,2022-04-01,EMP00042,2022-04-02,Pending,Family,,N,Yes,Sales,Mumbai
ABSSZ9TNQ7X3,EMP00145,Bereavement Leave,BL-PLAN-08,2023-07-03,2023-07-03,1,2023-06-04,EMP00004,2023-06-07,Pending,Family,,N,Yes,Marketing,Toronto
ABSZUDJE7E70,EMP00168,Casual Leave,UL-PLAN-07,2023-06-28,2023-07-01,4,2023-06-24,EMP00023,2023-06-29,Pending,Other,,N,Yes,Legal,Bengaluru
ABSRVSLDOVRU,EMP00458,Annual Leave,ML-PLAN-04,2023-01-13,2023-01-14,2,2023-01-11,EMP00038,2023-01-16,Pending,Emergency,Pre-planned,N,N/A,Engineering,Sydney
ABSHA48S5E4X,EMP00309,Bereavement Leave,BL-PLAN-08,2024-03-09,2024-03-14,6,2024-03-01,EMP00043,2024-03-06,Rejected,Marriage,,N,No,Product,Mumbai
ABSSW2S10DSM,EMP00053,Casual Leave,SL-PLAN-02,2023-11-02,2023-11-09,8,2023-10-31,EMP00010,2023-11-04,Pending,Medical,,N,Yes,Sales,New York
ABSMKBBHS9S3,EMP00476,Compensatory Off,ML-PLAN-04,2024-05-23,2024-05-31,9,2024-04-27,EMP00030,2024-05-01,Pending,Marriage,,Y,N/A,Operations,Bengaluru
ABS6ZQGHGMKK,EMP00746,Sick Leave,ML-PLAN-04,2024-03-04,2024-03-08,5,2024-02-21,EMP00049,2024-02-25,Pending,Emergency,Pre-planned,N,Yes,Product,London
ABS321FD4SEU,EMP00717,Work From Home,CL-PLAN-03,2023-07-05,2023-07-13,9,2023-06-20,EMP00014,2023-06-23,Rejected,Other,,N,Yes,Engineering,Bengaluru
ABST00Q0EL3G,EMP00798,UNKNOWN_TYPE_XYZ,SL-PLAN-02,,2024-05-11,-1,2024-05-13,EMP00014,2024-05-16,UNKNOWN,Marriage,,Y,No,Marketing,Mumbai
ABSC5HTU84FD,EMP00165,Bereavement Leave,CL-PLAN-03,2023-08-22,2023-08-23,2,2023-07-31,EMP00005,2023-08-05,Pending,Travel,Recurring,Y,Yes,Human Resources,Toronto
ABSJCUTI72TX,EMP00028,Sick Leave,SL-PLAN-02,2024-08-06,2024-08-19,14,2024-07-29,EMP00019,2024-07-31,Pending,Family,,N,No,Legal,Dubai
ABSIF4SR23BI,EMP00012,Sick Leave,PL-PLAN-05,2023-10-14,2023-10-19,6,2023-10-09,EMP00007,2023-10-10,Withdrawn,Emergency,Pre-planned,N,Yes,Sales,Bengaluru
ABSLJH58C52G,EMP00689,Casual Leave,AL-PLAN-01,2023-08-04,2023-08-15,12,2023-07-15,EMP00034,2023-07-20,Approved,Family,Recurring,Y,No,Marketing,Dubai
ABSPK6SFPSAO,EMP00449,Work From Home,CO-PLAN-06,2023-10-22,2023-11-04,14,2023-10-13,EMP00010,2023-10-15,Pending,Family,Urgent,N,N/A,Marketing,Toronto
ABS22FW86JZ0,EMP00584,Bereavement Leave,UL-PLAN-07,2023-03-02,2023-03-07,6,2023-02-04,EMP00027,2023-02-08,Withdrawn,Emergency,,N,Yes,Marketing,Bengaluru
ABSV66VLPNWY,EMP00265,Annual Leave,AL-PLAN-01,2023-03-20,2023-03-29,10,2023-02-19,EMP00048,2023-02-22,Rejected,Emergency,,N,Yes,Operations,New York
ABSH585LGYZ5,EMP00198,Unpaid Leave,ML-PLAN-04,2023-12-05,2023-12-17,13,2023-11-22,EMP00040,2023-11-25,Pending,Medical Appointment,,Y,Yes,Legal,Bengaluru
ABSW9XF135E7,EMP00755,Maternity Leave,UL-PLAN-07,2023-05-19,2023-05-23,5,2023-05-05,EMP00047,2023-05-06,Rejected,Child Care,Urgent,N,No,Finance,Toronto
ABS8XNP7PYZH,EMP00788,Annual Leave,UL-PLAN-07,2024-08-21,2024-08-18,1,2024-07-24,EMP00023,2024-07-27,Approved,Travel,None,N,N/A,Engineering,London
ABSZO3HI8YKH,EMP00368,Maternity Leave,CO-PLAN-06,2022-12-29,2023-01-09,12,2022-12-09,EMP00010,2022-12-10,Rejected,Emergency,,Y,No,Human Resources,New York
ABSPGD6C3ZMC,EMP00571,Bereavement Leave,CO-PLAN-06,2025-01-04,2025-01-17,14,2024-12-08,EMP00002,2024-12-10,Withdrawn,Child Care,,Y,Yes,Legal,Bengaluru
ABSK4XYZKWPM,EMP00579,Unpaid Leave,CO-PLAN-06,2024-12-06,2024-12-12,7,2024-11-16,EMP00035,2024-11-20,Approved,Vacation,,N,No,Operations,New York
ABSWXAZ87OUN,EMP00624,Unpaid Leave,PL-PLAN-05,2023-07-11,2023-07-11,1,2023-06-23,EMP00024,2023-06-27,Withdrawn,Family,Pre-planned,N,No,Sales,Dubai
ABSZRV6JYHZ1,,Compensatory Off,PL-PLAN-05,2022-05-14,2022-05-24,18,2022-04-29,EMP00047,2022-04-30,Approved,Other,Pre-planned,N,No,Sales,Singapore
ABSD0S3QQIL7,EMP00162,Bereavement Leave,CL-PLAN-03,2024-04-28,2024-05-02,5,2024-03-30,EMP00022,2024-04-04,Cancelled,Medical Appointment,,N,Yes,Sales,London
ABS47D9FR9Z8,EMP00229,Sick Leave,BL-PLAN-08,2023-03-05,2023-03-13,9,2023-02-08,EMP00039,2023-02-10,Approved,Vacation,,N,No,Sales,Bengaluru
ABSR1XZOQZHH,EMP00060,Annual Leave,CL-PLAN-03,2023-12-30,2024-01-04,6,2023-12-20,EMP00043,2023-12-25,Rejected,Travel,Pre-planned,N,N/A,Finance,Sydney
ABSHLTAE7SKP,EMP00259,Compensatory Off,UL-PLAN-07,2023-06-16,2023-06-16,1,2023-06-11,EMP00003,2023-06-16,Withdrawn,Medical,Pre-planned,N,Yes,Finance,New York
ABSS7UHPEW76,EMP00293,Annual Leave,ML-PLAN-04,,2022-06-07,0,2022-05-15,EMP00037,2022-05-18,Withdrawn,Medical Appointment,,Y,Yes,Engineering,New York
ABSAXN47URS2,EMP00578,Sick Leave,CL-PLAN-03,2022-11-30,2022-11-30,1,2022-11-23,EMP00042,2022-11-24,Pending,Travel,Urgent,N,Yes,Legal,Dubai
ABS54MZI06Z4,EMP00034,Annual Leave,BL-PLAN-08,2024-08-16,2024-08-20,5,2024-08-07,EMP00008,2024-08-12,Approved,Marriage,,N,N/A,Marketing,Mumbai
ABSBT3Y9TMAZ,EMP00728,Maternity Leave,ML-PLAN-04,2023-08-18,2023-08-22,5,2023-08-08,EMP00034,2023-08-11,Rejected,Other,,N,Yes,Human Resources,Bengaluru
ABS5JM3Q10C7,EMP00301,Compensatory Off,ML-PLAN-04,2024-06-24,2024-06-25,2,2024-06-14,EMP00011,2024-06-15,Approved,Medical Appointment,,N,Yes,Legal,Toronto
ABSOSE66YNW0,EMP00238,Annual Leave,AL-PLAN-01,2024-04-03,2024-04-11,9,2024-03-12,EMP00041,2024-03-17,Pending,Medical,Pre-planned,Y,No,Operations,Toronto
ABS0F3E2JLUG,EMP00746,Work From Home,CL-PLAN-03,2025-02-13,2025-02-15,3,2025-01-28,EMP00007,2025-02-02,Withdrawn,Marriage,Urgent,N,No,Marketing,Bengaluru
ABS53PG1UU4K,EMP00733,Casual Leave,SL-PLAN-02,2024-10-29,2024-11-03,6,2024-10-17,EMP00049,2024-10-22,Rejected,Other,Recurring,N,Yes,Finance,Singapore
ABSJIHXOFF34,EMP00209,Casual Leave,PL-PLAN-05,2024-03-03,2024-03-07,5,2024-02-10,EMP00025,2024-02-11,Rejected,Marriage,,Y,Yes,Human Resources,Dubai
ABSJITBV568S,EMP00556,Bereavement Leave,UL-PLAN-07,2025-03-02,2025-03-12,11,2025-02-16,EMP00035,2025-02-19,Cancelled,Travel,,Y,N/A,Marketing,Sydney
ABSOKKQ4BUZA,EMP00203,UNKNOWN_TYPE_XYZ,CO-PLAN-06,2024-03-01,2024-02-27,7,2024-02-25,EMP00044,2024-02-28,Approved,Travel,Pre-planned,N,No,Operations,Sydney
ABSWIZBGZNXQ,EMP00153,Compensatory Off,AL-PLAN-01,2025-01-21,2025-01-26,6,2025-01-01,EMP00002,2025-01-02,Cancelled,Medical,Pre-planned,N,Yes,Legal,London
ABS64Y9IGIA1,EMP00770,Unpaid Leave,AL-PLAN-01,2023-05-01,2023-05-06,6,2023-04-18,EMP00017,2023-04-22,Approved,Medical Appointment,Urgent,N,Yes,Legal,Singapore
ABSFM18J00MM,EMP00037,Work From Home,UL-PLAN-07,2023-12-05,2023-12-11,7,2023-11-29,EMP00009,2023-12-04,Rejected,Medical,None,N,Yes,Human Resources,London
ABSPKYIZLN3H,EMP00695,Work From Home,BL-PLAN-08,2024-05-05,2024-05-11,7,2024-04-13,EMP00031,2024-04-18,Pending,Other,,N,No,Sales,Singapore
ABS58KL8F8ZZ,EMP00737,Sick Leave,CL-PLAN-03,2024-01-06,2024-01-06,1,2023-12-14,EMP00002,2023-12-16,Cancelled,Child Care,,Y,Yes,Operations,Toronto
ABSV1EHV9DB7,EMP00108,Compensatory Off,ML-PLAN-04,2023-05-10,2023-05-10,1,2023-04-23,EMP00020,2023-04-25,Cancelled,Medical,None,N,No,Sales,Bengaluru
ABSKLNTPETGX,EMP00491,Compensatory Off,SL-PLAN-02,2023-12-26,2023-12-31,6,2023-12-21,EMP00043,2023-12-22,Rejected,Emergency,Recurring,N,Yes,Marketing,Mumbai
ABSTY4TWY9HX,EMP00561,Bereavement Leave,CL-PLAN-03,2023-08-10,2023-08-13,4,2023-07-11,EMP00044,2023-07-13,Approved,Personal,Recurring,Y,Yes,Human Resources,London
ABSJQ5N0QQ7I,EMP00206,Sick Leave,CL-PLAN-03,2022-07-18,2022-07-26,9,2022-06-25,EMP00048,2022-06-29,Withdrawn,Travel,,N,No,Finance,Mumbai
ABSL7LDMYV2M,,Bereavement Leave,CL-PLAN-03,,2024-09-24,-1,2024-10-07,EMP00031,2024-09-10,Rejected,COVID-19,None,N,Yes,Operations,Singapore
ABSRGKXCWPQ5,EMP00735,Casual Leave,PL-PLAN-05,2023-09-29,2023-09-29,1,2023-09-19,EMP00040,2023-09-21,Pending,Emergency,,Y,Yes,Engineering,New York
ABS3RVNWPF1O,EMP00442,Annual Leave,AL-PLAN-01,2022-06-21,2022-06-21,1,2022-06-16,EMP00004,2022-06-20,Rejected,Marriage,,Y,No,Marketing,New York
ABSYPQDF6977,EMP00019,Annual Leave,CL-PLAN-03,2024-12-15,2024-12-19,5,2024-11-20,EMP00012,2024-11-21,Withdrawn,Travel,,Y,Yes,Sales,New York
ABSFG84FU5NU,EMP00004,Compensatory Off,UL-PLAN-07,2024-02-07,2024-02-09,3,2024-01-27,EMP00004,2024-01-28,Rejected,Personal,None,N,Yes,Human Resources,London
ABSAL6EX7GS4,EMP00438,Work From Home,AL-PLAN-01,2022-11-05,2022-11-07,13,2022-10-08,EMP00001,2022-10-13,Pending,Child Care,Urgent,N,Yes,Product,Dubai
ABSSN60WEEZ8,EMP00625,Compensatory Off,CO-PLAN-06,2022-09-08,2022-09-20,13,2022-08-14,EMP00017,2022-08-19,Cancelled,Child Care,None,N,Yes,Marketing,Dubai
ABSNETS29ZUJ,EMP00055,Bereavement Leave,SL-PLAN-02,2022-03-28,2022-04-08,12,2022-03-21,EMP00017,2022-03-23,Pending,Emergency,Pre-planned,Y,Yes,Marketing,Singapore
ABS22J4IO0YM,EMP00610,Sick Leave,UL-PLAN-07,2022-10-02,2022-10-15,14,2022-09-07,EMP00001,2022-09-11,Pending,Child Care,,N,N/A,Sales,Mumbai
ABSML47S5386,EMP00780,Work From Home,SL-PLAN-02,2024-02-21,2024-03-02,11,2024-01-23,EMP00012,2024-01-25,Withdrawn,Child Care,,N,Yes,Legal,Bengaluru
ABS66NVIBQ5B,EMP00460,Annual Leave,SL-PLAN-02,2022-04-09,2022-04-06,4,2022-04-05,EMP00043,2022-04-08,Withdrawn,COVID-19,,N,No,Legal,Toronto
ABSBM3QVNZXU,EMP00165,Casual Leave,CO-PLAN-06,2023-07-27,2023-08-03,8,2023-07-03,EMP00035,2023-07-05,Pending,Medical Appointment,,N,N/A,Human Resources,London
ABSJRW7I5M00,EMP00403,Compensatory Off,ML-PLAN-04,2024-01-02,2024-01-09,8,2023-12-13,EMP00025,2023-12-16,Rejected,Travel,Recurring,N,Yes,Marketing,Mumbai
ABSLLEA1LVB2,EMP00324,Unpaid Leave,ML-PLAN-04,2024-02-03,2024-02-15,13,2024-01-26,EMP00028,2024-01-29,Rejected,Medical,Urgent,N,Yes,Sales,Toronto
ABS8AFSHIGRN,EMP00253,Sick Leave,CL-PLAN-03,2022-12-26,2023-01-07,13,2022-12-22,EMP00004,2022-12-24,Approved,Marriage,,N,No,Operations,Singapore
ABS4B16L4LR5,EMP00761,Work From Home,PL-PLAN-05,2022-07-19,2022-07-23,0,2022-06-24,EMP00016,2022-06-29,Cancelled,Emergency,Urgent,N,N/A,Sales,Mumbai
ABSD3D7L1RC5,EMP00736,Unpaid Leave,SL-PLAN-02,2023-09-19,2023-09-29,11,2023-08-24,EMP00001,2023-08-27,Cancelled,COVID-19,None,N,Yes,Engineering,Bengaluru
ABSVDGRCAPUM,EMP00492,Maternity Leave,AL-PLAN-01,2024-10-28,2024-11-07,11,2024-10-27,EMP00008,2024-10-28,Approved,Medical,,N,No,Product,Toronto
ABSDA4PW3KRZ,EMP00788,Work From Home,BL-PLAN-08,2025-01-08,2025-01-17,10,2024-12-11,EMP00001,2024-12-16,Withdrawn,Travel,Recurring,Y,Yes,Finance,Toronto
ABSHYWUDAO4G,EMP00006,Sick Leave,SL-PLAN-02,2024-06-05,2024-06-12,8,2024-05-23,EMP00041,2024-05-27,Rejected,Travel,,Y,N/A,Finance,Toronto
ABSFKRJ03JWR,EMP00545,UNKNOWN_TYPE_XYZ,CO-PLAN-06,,2023-02-26,21,2023-02-24,EMP00020,2023-03-01,UNKNOWN,Family,,N,Yes,Operations,Bengaluru
ABS2Y17CCQAW,EMP00470,Casual Leave,CL-PLAN-03,2022-07-16,2022-07-19,4,2022-07-14,EMP00039,2022-07-17,Pending,Medical,,N,No,Engineering,Bengaluru
ABSAW2YITF9D,EMP00771,Unpaid Leave,ML-PLAN-04,2022-10-27,2022-11-05,10,2022-09-29,EMP00028,2022-10-01,Cancelled,Child Care,Urgent,N,No,Operations,Sydney
ABSYENBMUV9L,EMP00113,Bereavement Leave,CL-PLAN-03,2022-05-23,2022-06-05,14,2022-05-13,EMP00006,2022-05-18,Pending,Personal,Pre-planned,N,N/A,Marketing,Dubai
ABSMIY28ZXUQ,EMP00569,Casual Leave,BL-PLAN-08,2022-12-04,2022-12-05,2,2022-11-23,EMP00047,2022-11-25,Cancelled,Medical,,N,N/A,Product,Dubai
ABSWID6EW688,,Work From Home,UL-PLAN-07,2024-12-13,2024-12-24,12,2024-11-25,EMP00010,2024-11-28,Cancelled,Emergency,Recurring,Y,Yes,Human Resources,New York
ABSHEN6RQMM6,EMP00421,Compensatory Off,CO-PLAN-06,2024-06-17,2024-06-23,7,2024-06-06,EMP00025,2024-06-10,Withdrawn,Child Care,,N,Yes,Engineering,Dubai
ABSZ6SQFWS52,EMP00394,Casual Leave,AL-PLAN-01,2024-06-03,2024-06-04,2,2024-05-13,EMP00031,2024-05-16,Pending,Child Care,Pre-planned,N,No,Product,New York
ABSMWCGTG4G7,EMP00174,Compensatory Off,AL-PLAN-01,2022-11-08,2022-11-21,14,2022-10-24,EMP00014,2022-10-25,Approved,Personal,,N,No,Sales,Dubai
ABSKZF3UGR6L,EMP00070,Unpaid Leave,SL-PLAN-02,2023-12-22,2024-01-01,11,2023-11-24,EMP00040,2023-11-28,Cancelled,Emergency,,N,Yes,Human Resources,Mumbai
ABSYC3R1SYYG,EMP00117,Work From Home,SL-PLAN-02,2022-05-05,2022-05-02,2,2022-05-03,EMP00048,2022-05-05,Cancelled,Vacation,Pre-planned,N,No,Engineering,Dubai
ABSZ44J8GZIZ,EMP00544,Annual Leave,AL-PLAN-01,2022-05-28,2022-05-30,3,2022-05-09,EMP00038,2022-05-10,Withdrawn,Other,,N,Yes,Legal,New York
ABSM7SZTFCR9,EMP00793,Work From Home,PL-PLAN-05,2023-08-30,2023-09-06,8,2023-08-15,EMP00025,2023-08-16,Approved,Child Care,,Y,Yes,Human Resources,Dubai
ABSGQZUNWQYZ,EMP00201,Sick Leave,ML-PLAN-04,2022-01-27,2022-01-29,3,2022-01-03,EMP00016,2022-01-07,Approved,Other,Urgent,N,Yes,Legal,Toronto
ABSZLH4CU1BZ,EMP00745,Compensatory Off,SL-PLAN-02,2023-07-17,2023-07-30,14,2023-07-15,EMP00021,2023-07-16,Withdrawn,Vacation,Urgent,Y,Yes,Finance,London
ABS038HXFHKV,EMP00074,Maternity Leave,CO-PLAN-06,2024-01-28,2024-02-06,19,2024-01-10,EMP00005,2024-01-14,Approved,Family,Urgent,N,Yes,Legal,Dubai
ABS867LS249F,EMP00029,Maternity Leave,CO-PLAN-06,2022-01-31,2022-02-04,5,2022-01-27,EMP00030,2022-02-01,Cancelled,Travel,Recurring,N,Yes,Legal,Dubai
ABSY6YDBH28N,EMP00128,Bereavement Leave,UL-PLAN-07,2023-06-12,2023-06-21,10,2023-05-25,EMP00048,2023-05-30,Approved,Marriage,None,Y,Yes,Operations,New York
ABSB93JJI8AX,EMP00468,Maternity Leave,ML-PLAN-04,2024-04-30,2024-05-12,13,2024-04-20,EMP00013,2024-04-22,Withdrawn,Medical Appointment,,N,Yes,Legal,London
ABS0J9OXAVUZ,EMP00183,Casual Leave,BL-PLAN-08,2024-01-22,2024-01-26,5,2023-12-30,EMP00040,2024-01-02,Approved,Travel,Recurring,N,Yes,Marketing,Mumbai
ABSYSD4JIH7Q,EMP00145,Annual Leave,CL-PLAN-03,,2023-03-02,-1,2023-02-22,EMP00025,2023-02-27,Withdrawn,Child Care,Pre-planned,Y,Yes,Product,Dubai
ABSRE5631OMN,EMP00125,Sick Leave,PL-PLAN-05,2022-04-04,2022-04-09,6,2022-03-28,EMP00003,2022-03-31,Pending,COVID-19,,N,Yes,Operations,London
ABSZYTXZCAO7,EMP00216,Maternity Leave,AL-PLAN-01,2024-01-08,2024-01-08,1,2024-01-02,EMP00034,2024-01-07,Approved,Emergency,,N,Yes,Legal,Toronto
ABSKYHPCX3YK,EMP00296,Annual Leave,AL-PLAN-01,2023-10-09,2023-10-13,5,2023-09-24,EMP00038,2023-09-25,Approved,Child Care,None,N,N/A,Product,Mumbai
ABS6FX3Q3F6C,EMP00670,Bereavement Leave,AL-PLAN-01,2022-01-07,2022-01-12,6,2022-01-04,EMP00004,2022-01-08,Withdrawn,Child Care,,N,No,Human Resources,Mumbai
ABST47BK9ZJ9,EMP00775,Maternity Leave,SL-PLAN-02,2025-02-04,2025-02-10,7,2025-01-25,EMP00050,2025-01-30,Withdrawn,Personal,,Y,N/A,Product,London
ABS1YOP7G1HO,EMP00771,Maternity Leave,AL-PLAN-01,2022-03-03,2022-03-11,9,2022-02-25,EMP00004,2022-02-26,Rejected,Child Care,Pre-planned,N,Yes,Marketing,London
ABSDL03GSKUZ,EMP00715,Sick Leave,BL-PLAN-08,2024-11-06,2024-11-18,13,2024-10-10,EMP00013,2024-10-11,Approved,Family,,N,N/A,Sales,London
ABS67H1X2GH6,EMP00736,Casual Leave,CL-PLAN-03,2023-10-18,2023-10-27,10,2023-10-13,EMP00027,2023-10-15,Withdrawn,Marriage,,Y,Yes,Legal,Dubai
ABSUD7FGO2TJ,EMP00467,Annual Leave,PL-PLAN-05,2024-09-02,2024-09-14,13,2024-08-05,EMP00041,2024-08-06,Rejected,Other,Recurring,Y,Yes,Human Resources,London
ABSCA9FM4P74,,UNKNOWN_TYPE_XYZ,UL-PLAN-07,2024-12-09,2024-12-06,0,2024-12-19,EMP00040,2024-12-01,Rejected,Vacation,Pre-planned,N,Yes,Sales,Singapore
ABSS2LG5HR0P,EMP00310,Bereavement Leave,UL-PLAN-07,2024-11-17,2024-11-26,10,2024-10-26,EMP00017,2024-10-27,Rejected,Emergency,,Y,Yes,Finance,New York
ABSPILTZEVMX,EMP00264,Work From Home,PL-PLAN-05,2024-08-29,2024-09-03,6,2024-07-31,EMP00034,2024-08-05,Pending,COVID-19,Recurring,N,N/A,Product,Mumbai
ABSOOORZIUPH,EMP00110,Casual Leave,SL-PLAN-02,2024-01-06,2024-01-14,9,2023-12-25,EMP00003,2023-12-27,Pending,Family,,N,Yes,Human Resources,Mumbai
ABSE953SKS48,EMP00199,Unpaid Leave,CO-PLAN-06,2023-10-02,2023-10-09,8,2023-09-13,EMP00032,2023-09-15,Rejected,Other,,N,Yes,Legal,London
ABS6Z543D48D,EMP00700,Unpaid Leave,CO-PLAN-06,2024-10-13,2024-10-15,3,2024-09-20,EMP00019,2024-09-21,Cancelled,Emergency,,N,Yes,Operations,Toronto
ABSHESRQCGFF,EMP00035,Annual Leave,CO-PLAN-06,2022-06-02,2022-06-06,5,2022-05-26,EMP00002,2022-05-27,Cancelled,Marriage,,N,Yes,Marketing,Sydney
ABS1EU3G5C23,EMP00211,Compensatory Off,CO-PLAN-06,2024-11-20,2024-11-25,6,2024-10-24,EMP00003,2024-10-28,Cancelled,Medical,None,Y,No,Legal,Dubai
ABSUNEN7MBKB,EMP00075,Work From Home,UL-PLAN-07,2022-06-15,2022-06-22,8,2022-06-08,EMP00019,2022-06-11,Cancelled,Child Care,Recurring,N,N/A,Finance,New York
ABST3E3EPXZX,EMP00237,Compensatory Off,UL-PLAN-07,2024-01-25,2024-02-03,10,2024-01-23,EMP00013,2024-01-26,Approved,Other,None,N,N/A,Product,Singapore
ABS2QKPH5SF8,EMP00095,Annual Leave,BL-PLAN-08,,2025-03-14,2,2025-02-15,EMP00013,2025-02-19,Approved,Vacation,None,N,Yes,Human Resources,Dubai
ABS63BHOFQF8,EMP00668,Unpaid Leave,SL-PLAN-02,2024-06-20,2024-06-30,11,2024-05-25,EMP00018,2024-05-28,Rejected,Marriage,,N,Yes,Human Resources,Sydney
ABSEZX7ODQK8,EMP00363,Compensatory Off,UL-PLAN-07,2023-10-18,2023-10-23,6,2023-09-29,EMP00025,2023-10-03,Rejected,Personal,Urgent,N,Yes,Marketing,Mumbai
ABSUH3V7YC3A,EMP00607,Compensatory Off,BL-PLAN-08,2022-10-12,2022-10-14,3,2022-09-26,EMP00029,2022-09-29,Cancelled,Other,,Y,Yes,Sales,New York
ABS22MWP7IHE,EMP00145,Compensatory Off,CO-PLAN-06,2024-03-20,2024-04-02,14,2024-03-12,EMP00038,2024-03-13,Approved,Marriage,None,N,N/A,Operations,Singapore
ABSYSLXHCX5A,EMP00443,Maternity Leave,UL-PLAN-07,2024-02-06,2024-02-08,8,2024-01-11,EMP00013,2024-01-15,Pending,Medical,Recurring,N,Yes,Operations,Singapore
ABSGX7O55PGA,EMP00662,Unpaid Leave,BL-PLAN-08,2022-03-10,2022-03-11,2,2022-02-09,EMP00044,2022-02-14,Cancelled,Medical,Recurring,N,No,Product,London
ABS1N5ZCIW0M,EMP00309,Work From Home,AL-PLAN-01,2022-12-18,2022-12-19,2,2022-11-25,EMP00045,2022-11-26,Approved,Marriage,None,Y,Yes,Human Resources,New York
ABSV2W6YLPAD,EMP00576,Casual Leave,PL-PLAN-05,2024-10-04,2024-10-08,5,2024-09-05,EMP00027,2024-09-08,Rejected,Other,Urgent,N,Yes,Human Resources,Mumbai
ABSXDV18U910,EMP00293,Bereavement Leave,BL-PLAN-08,2022-09-16,2022-09-25,10,2022-09-08,EMP00015,2022-09-13,Pending,Medical,Recurring,N,No,Marketing,London
ABSIL4UW4KWW,EMP00048,Work From Home,CL-PLAN-03,2024-07-12,2024-07-09,9,2024-06-21,EMP00015,2024-06-25,Pending,Personal,Pre-planned,N,Yes,Legal,Toronto
ABSVG92G57G9,EMP00123,Maternity Leave,SL-PLAN-02,2023-08-23,2023-09-05,14,2023-08-16,EMP00013,2023-08-19,Withdrawn,Emergency,,N,Yes,Finance,Singapore
ABSFXF0F8CSN,EMP00232,Casual Leave,PL-PLAN-05,2022-10-08,2022-10-15,8,2022-09-24,EMP00014,2022-09-25,Withdrawn,Child Care,Pre-planned,Y,Yes,Human Resources,Bengaluru
ABSXQTQS9IOK,EMP00516,Work From Home,CO-PLAN-06,2022-08-09,2022-08-12,4,2022-07-11,EMP00028,2022-07-12,Cancelled,Family,None,N,N/A,Marketing,New York
ABSIDP4MT0D6,EMP00697,Unpaid Leave,CL-PLAN-03,2023-10-30,2023-11-06,8,2023-10-10,EMP00039,2023-10-15,Pending,COVID-19,Pre-planned,Y,Yes,Operations,London
ABSZOCCLD53J,,Casual Leave,SL-PLAN-02,2024-07-11,2024-07-14,4,2024-06-13,EMP00049,2024-06-16,Approved,COVID-19,Recurring,N,Yes,Engineering,Sydney
ABSDLLXTRLK8,EMP00031,Sick Leave,CO-PLAN-06,2023-04-20,2023-05-02,13,2023-04-06,EMP00027,2023-04-07,Pending,COVID-19,,Y,N/A,Product,Dubai
ABS01IU6KHMS,EMP00493,Maternity Leave,AL-PLAN-01,2023-08-02,2023-08-08,7,2023-07-16,EMP00046,2023-07-18,Pending,Vacation,,Y,No,Sales,Sydney
ABSRICCGQMAG,EMP00472,Sick Leave,CO-PLAN-06,2023-11-29,2023-12-04,6,2023-11-03,EMP00009,2023-11-05,Rejected,Travel,,N,No,Operations,Singapore
ABSH364P8RNH,EMP00608,Unpaid Leave,SL-PLAN-02,2023-04-03,2023-04-07,5,2023-03-26,EMP00046,2023-03-27,Cancelled,Emergency,Recurring,N,Yes,Human Resources,Sydney
ABSHK7ATY6UI,EMP00495,UNKNOWN_TYPE_XYZ,SL-PLAN-02,,2024-08-06,-1,2024-07-20,EMP00037,2024-07-24,UNKNOWN,Emergency,,N,Yes,Engineering,Dubai
ABSMP2ILH7YI,EMP00086,Bereavement Leave,SL-PLAN-02,2022-10-09,2022-10-19,11,2022-09-21,EMP00033,2022-09-22,Rejected,Travel,Urgent,N,Yes,Operations,Toronto
ABS0YFRVOQLB,EMP00010,Bereavement Leave,CL-PLAN-03,2023-01-04,2023-01-04,1,2022-12-24,EMP00042,2022-12-28,Rejected,Medical,Urgent,N,No,Product,Dubai
ABS9PX9NNP5L,EMP00649,Maternity Leave,AL-PLAN-01,2022-08-06,2022-08-15,10,2022-08-04,EMP00014,2022-08-09,Withdrawn,Vacation,Pre-planned,N,Yes,Sales,Dubai
ABS9H9Z4BCNN,EMP00323,Unpaid Leave,BL-PLAN-08,2024-07-27,2024-07-29,3,2024-06-28,EMP00003,2024-07-03,Withdrawn,Child Care,Recurring,Y,Yes,Product,New York
ABSZT42DB4VX,EMP00764,Sick Leave,BL-PLAN-08,2024-05-22,2024-05-28,0,2024-04-22,EMP00013,2024-04-27,Pending,Vacation,Urgent,N,Yes,Marketing,New York
ABSROTYRRX33,EMP00746,Casual Leave,AL-PLAN-01,2025-02-10,2025-02-19,10,2025-02-05,EMP00030,2025-02-08,Pending,Medical,None,N,Yes,Human Resources,London
ABSYLICTB70R,EMP00624,Annual Leave,CO-PLAN-06,2023-05-29,2023-05-30,2,2023-05-28,EMP00044,2023-06-02,Cancelled,Other,Urgent,N,Yes,Operations,Singapore
ABSM4R70K580,EMP00031,Compensatory Off,SL-PLAN-02,2022-08-24,2022-08-29,6,2022-08-23,EMP00027,2022-08-28,Pending,Medical,Recurring,N,No,Finance,Dubai
ABSSMG9MEJK4,EMP00577,Unpaid Leave,CO-PLAN-06,2023-04-11,2023-04-11,1,2023-04-05,EMP00002,2023-04-07,Approved,Personal,,N,Yes,Engineering,Toronto
ABSOUZ6GX5JZ,EMP00689,Casual Leave,AL-PLAN-01,2025-01-02,2024-12-30,4,2024-12-16,EMP00015,2024-12-19,Cancelled,Medical,,N,No,Legal,Bengaluru
ABSUVLTZU2VE,EMP00443,Annual Leave,BL-PLAN-08,2024-02-21,2024-02-22,2,2024-02-17,EMP00030,2024-02-21,Approved,Family,,N,No,Operations,London
ABSG2NU9IPNZ,EMP00289,Casual Leave,CO-PLAN-06,2024-01-31,2024-02-11,12,2024-01-23,EMP00042,2024-01-24,Withdrawn,Medical,Pre-planned,N,Yes,Engineering,Singapore
ABSU11AZ8GE1,EMP00788,Annual Leave,CO-PLAN-06,2022-09-20,2022-09-23,4,2022-08-31,EMP00026,2022-09-02,Pending,Other,None,Y,Yes,Operations,London
ABS3BO0AO5Q1,EMP00282,Bereavement Leave,ML-PLAN-04,2023-10-31,2023-11-05,6,2023-10-12,EMP00015,2023-10-13,Cancelled,Personal,,Y,N/A,Human Resources,New York
ABS8P5VC369A,EMP00169,Annual Leave,UL-PLAN-07,2023-08-03,2023-08-11,16,2023-07-16,EMP00020,2023-07-20,Pending,Vacation,None,Y,No,Operations,Mumbai
ABSKW64XC84Y,EMP00749,Casual Leave,ML-PLAN-04,2022-08-12,2022-08-12,1,2022-07-26,EMP00031,2022-07-28,Rejected,Personal,Urgent,N,N/A,Marketing,Toronto
ABSRKPJRVJ52,EMP00438,Sick Leave,UL-PLAN-07,2024-11-18,2024-11-19,2,2024-10-24,EMP00013,2024-10-29,Withdrawn,COVID-19,None,N,N/A,Legal,Mumbai
ABSJQBIOS17H,EMP00614,Annual Leave,CO-PLAN-06,2022-04-17,2022-04-18,2,2022-04-03,EMP00035,2022-04-04,Withdrawn,Vacation,None,Y,No,Legal,Bengaluru
ABSV1IQXDNDY,EMP00678,Maternity Leave,CO-PLAN-06,2022-05-30,2022-05-30,1,2022-05-05,EMP00037,2022-05-10,Approved,Personal,Urgent,N,Yes,Product,Singapore
ABS3XAJDNQVW,,Sick Leave,PL-PLAN-05,,2024-09-03,5,2024-09-16,EMP00022,2024-08-18,Cancelled,Travel,Pre-planned,N,Yes,Finance,Toronto
ABSTNS25IKCL,EMP00017,Compensatory Off,CO-PLAN-06,2025-02-22,2025-03-07,14,2025-02-16,EMP00030,2025-02-18,Withdrawn,Other,,Y,Yes,Product,New York
ABSJH63DAJ50,EMP00353,Maternity Leave,AL-PLAN-01,2024-04-13,2024-04-19,7,2024-03-19,EMP00007,2024-03-24,Cancelled,Family,,Y,N/A,Product,New York
ABSTH835S1M5,EMP00489,Casual Leave,CO-PLAN-06,2024-11-29,2024-12-12,14,2024-11-05,EMP00033,2024-11-08,Rejected,Emergency,Pre-planned,Y,N/A,Engineering,Sydney
ABS7OWHA1JHM,EMP00212,Sick Leave,PL-PLAN-05,2025-03-07,2025-03-15,9,2025-03-06,EMP00042,2025-03-10,Pending,Medical,Recurring,N,Yes,Operations,New York
ABSQVSI4QVX2,EMP00369,Bereavement Leave,CL-PLAN-03,2025-02-11,2025-02-17,7,2025-01-31,EMP00039,2025-02-04,Withdrawn,Medical,Urgent,Y,No,Sales,Bengaluru
ABSZU8YHXP9C,EMP00611,Casual Leave,AL-PLAN-01,2023-07-12,2023-07-19,8,2023-06-26,EMP00019,2023-06-27,Cancelled,Other,None,Y,No,Engineering,Sydney
ABS6LXTS6N8C,EMP00767,Annual Leave,SL-PLAN-02,2023-12-22,2024-01-04,14,2023-11-25,EMP00040,2023-11-26,Pending,Family,Recurring,N,Yes,Sales,Toronto
ABSJIN4Q76ZE,EMP00773,Bereavement Leave,BL-PLAN-08,2022-02-16,2022-02-18,3,2022-02-06,EMP00029,2022-02-08,Rejected,Personal,,N,Yes,Product,Singapore
ABSBO203T5RO,EMP00027,Compensatory Off,SL-PLAN-02,2022-05-04,2022-05-16,13,2022-04-28,EMP00043,2022-04-29,Approved,Medical,,Y,Yes,Legal,Singapore
ABS43S9L735O,EMP00794,UNKNOWN_TYPE_XYZ,ML-PLAN-04,2024-06-04,2024-06-01,13,2024-05-29,EMP00019,2024-06-03,Rejected,COVID-19,,N,Yes,Sales,Bengaluru
ABS90SR52U5Q,EMP00668,Compensatory Off,AL-PLAN-01,2022-09-04,2022-09-04,1,2022-08-27,EMP00013,2022-08-31,Approved,Personal,None,N,Yes,Sales,Singapore
ABSH5ONI17YW,EMP00745,Annual Leave,PL-PLAN-05,2024-11-24,2024-11-25,2,2024-11-16,EMP00014,2024-11-20,Withdrawn,Vacation,Recurring,N,No,Operations,Toronto
ABS8K167MO7G,EMP00427,Bereavement Leave,BL-PLAN-08,2025-03-01,2025-03-14,14,2025-02-24,EMP00046,2025-02-27,Withdrawn,Marriage,Pre-planned,Y,No,Operations,Mumbai
ABS12X4MU3S2,EMP00740,Maternity Leave,CO-PLAN-06,2024-04-06,2024-04-06,1,2024-04-04,EMP00033,2024-04-05,Withdrawn,Travel,,N,Yes,Engineering,New York
ABS3MUVJNH1P,EMP00015,Bereavement Leave,CL-PLAN-03,2022-04-20,2022-04-30,11,2022-03-29,EMP00002,2022-03-31,Rejected,Other,Recurring,N,Yes,Human Resources,New York
ABSO4WNUJ2TE,EMP00253,Casual Leave,BL-PLAN-08,2024-09-25,2024-09-29,5,2024-09-18,EMP00035,2024-09-19,Rejected,Vacation,None,Y,Yes,Engineering,Toronto
ABSYA6FIVY2N,EMP00139,Maternity Leave,UL-PLAN-07,2024-05-27,2024-05-27,1,2024-05-07,EMP00036,2024-05-10,Approved,Marriage,None,Y,N/A,Finance,Singapore
ABSJ2U74SC83,EMP00714,Compensatory Off,UL-PLAN-07,2024-02-08,2024-02-17,10,2024-01-25,EMP00042,2024-01-29,Approved,Travel,None,N,N/A,Finance,Sydney
ABS94SLD683X,EMP00349,Annual Leave,UL-PLAN-07,2024-05-29,2024-06-08,11,2024-04-30,EMP00036,2024-05-01,Approved,Vacation,,Y,Yes,Product,London
ABSR7QEFTVBM,EMP00429,Sick Leave,CO-PLAN-06,,2023-12-24,-1,2023-12-13,EMP00026,2023-12-17,Withdrawn,COVID-19,,N,Yes,Operations,Singapore
ABSPFIAJUQJA,EMP00371,Maternity Leave,SL-PLAN-02,2023-11-20,2023-11-25,6,2023-10-24,EMP00011,2023-10-27,Cancelled,Emergency,Recurring,N,Yes,Sales,Singapore
ABSXRBQQY9J3,EMP00612,Compensatory Off,PL-PLAN-05,2023-08-14,2023-08-17,4,2023-07-20,EMP00025,2023-07-21,Withdrawn,Emergency,,N,Yes,Sales,Singapore
ABSV1Y35P676,EMP00380,Unpaid Leave,BL-PLAN-08,2022-09-10,2022-09-17,8,2022-09-06,EMP00008,2022-09-07,Withdrawn,Family,,N,Yes,Product,Sydney
ABSK9KCF2JEJ,EMP00744,Unpaid Leave,CL-PLAN-03,2023-01-24,2023-01-25,2,2022-12-29,EMP00037,2022-12-31,Approved,Emergency,,N,Yes,Marketing,Dubai
ABS7CN16Z7QF,,Unpaid Leave,CO-PLAN-06,2023-11-17,2023-11-30,20,2023-11-12,EMP00020,2023-11-15,Withdrawn,Medical,Recurring,N,N/A,Product,Mumbai
ABS8GFCAXIMW,EMP00276,Casual Leave,PL-PLAN-05,2024-04-15,2024-04-27,13,2024-04-03,EMP00048,2024-04-06,Withdrawn,Emergency,,N,No,Sales,Toronto
ABSC3D324Q8V,EMP00473,Compensatory Off,SL-PLAN-02,2022-08-07,2022-08-16,10,2022-08-01,EMP00020,2022-08-06,Cancelled,Medical,Urgent,Y,Yes,Product,Singapore
ABSIZ53SBY26,EMP00451,Annual Leave,SL-PLAN-02,2022-05-17,2022-05-24,8,2022-04-30,EMP00013,2022-05-03,Withdrawn,Emergency,,N,Yes,Human Resources,New York
ABS4PCRRGFTU,EMP00751,Annual Leave,UL-PLAN-07,2024-06-23,2024-06-23,1,2024-05-29,EMP00021,2024-06-02,Rejected,Travel,Urgent,N,Yes,Human Resources,Bengaluru
ABSUVDLIN5B2,EMP00677,Bereavement Leave,AL-PLAN-01,2023-04-25,2023-04-22,4,2023-04-07,EMP00042,2023-04-10,Withdrawn,Marriage,Urgent,Y,N/A,Human Resources,Toronto
ABSCF8YEFAII,EMP00312,Bereavement Leave,PL-PLAN-05,2024-08-30,2024-09-04,6,2024-08-28,EMP00021,2024-08-31,Withdrawn,Medical,Urgent,N,Yes,Product,Toronto
ABSMRSA0DQ4F,EMP00287,Sick Leave,AL-PLAN-01,2024-03-15,2024-03-28,14,2024-02-18,EMP00049,2024-02-23,Rejected,COVID-19,,N,N/A,Human Resources,Toronto
ABSVEXZTRSVT,EMP00220,Unpaid Leave,CL-PLAN-03,2023-12-06,2023-12-12,7,2023-12-04,EMP00018,2023-12-06,Cancelled,Medical Appointment,,N,Yes,Engineering,Bengaluru
ABST9LAMEVX4,EMP00194,Compensatory Off,PL-PLAN-05,2024-06-15,2024-06-21,7,2024-06-10,EMP00017,2024-06-11,Approved,Child Care,Pre-planned,N,Yes,Legal,Sydney
ABSU2MDIFTCJ,EMP00243,Unpaid Leave,CL-PLAN-03,2025-02-05,2025-02-18,14,2025-01-06,EMP00011,2025-01-08,Cancelled,Personal,,N,N/A,Finance,Singapore
ABSW3YCPOIH8,EMP00011,Sick Leave,CO-PLAN-06,2023-06-04,2023-06-04,1,2023-05-24,EMP00047,2023-05-29,Cancelled,Medical Appointment,Pre-planned,N,N/A,Marketing,Sydney
ABS1JPZWP02T,EMP00540,Casual Leave,PL-PLAN-05,2022-10-24,2022-11-03,11,2022-10-20,EMP00010,2022-10-22,Pending,Child Care,Urgent,N,Yes,Operations,Dubai
ABSHRL6E4CG7,EMP00213,Bereavement Leave,UL-PLAN-07,2024-10-29,2024-11-11,14,2024-10-19,EMP00018,2024-10-24,Withdrawn,Emergency,None,N,No,Human Resources,New York
ABSBUXI7E5M0,EMP00624,Compensatory Off,BL-PLAN-08,2022-10-09,2022-10-10,2,2022-09-13,EMP00004,2022-09-14,Pending,Personal,,Y,No,Operations,Sydney
ABSCJ2DH3KB9,EMP00382,UNKNOWN_TYPE_XYZ,CO-PLAN-06,,2024-04-03,21,2024-04-01,EMP00040,2024-04-06,UNKNOWN,COVID-19,,N,Yes,Sales,Bengaluru
ABSV3H9XB6ED,EMP00665,Casual Leave,SL-PLAN-02,2023-08-09,2023-08-17,9,2023-07-13,EMP00026,2023-07-16,Withdrawn,Family,,N,Yes,Finance,Bengaluru
ABSE6Q3U5E4U,EMP00575,Work From Home,SL-PLAN-02,2025-02-21,2025-03-06,14,2025-02-13,EMP00049,2025-02-17,Rejected,Emergency,Recurring,N,N/A,Legal,Bengaluru
ABSWC8A5FDRC,EMP00210,Maternity Leave,SL-PLAN-02,2024-10-21,2024-10-25,5,2024-10-15,EMP00043,2024-10-17,Cancelled,Family,Recurring,Y,No,Operations,Singapore
ABSXS1E4ETWH,EMP00255,Annual Leave,BL-PLAN-08,2024-03-28,2024-04-08,12,2024-03-04,EMP00047,2024-03-09,Rejected,Personal,Pre-planned,N,N/A,Marketing,Toronto
ABS665ZRQSNA,EMP00761,Annual Leave,CO-PLAN-06,2024-03-02,2024-03-05,4,2024-02-23,EMP00027,2024-02-24,Approved,Travel,None,N,Yes,Finance,Dubai
ABSIAGQEKHGH,EMP00048,Sick Leave,SL-PLAN-02,2023-10-20,2023-10-30,11,2023-10-14,EMP00040,2023-10-17,Rejected,Child Care,Recurring,N,No,Finance,Bengaluru
ABSJYOQB9I2O,EMP00624,Bereavement Leave,BL-PLAN-08,2023-08-27,2023-09-08,13,2023-08-20,EMP00018,2023-08-25,Cancelled,Medical Appointment,,N,Yes,Operations,Sydney
ABSV1GJ3BC41,EMP00182,Unpaid Leave,BL-PLAN-08,2022-09-25,2022-10-03,9,2022-09-22,EMP00019,2022-09-27,Withdrawn,Travel,Pre-planned,N,Yes,Marketing,Singapore
ABSB0H0NQV5M,EMP00427,Maternity Leave,ML-PLAN-04,2022-08-02,2022-08-02,1,2022-07-29,EMP00035,2022-07-30,Rejected,Personal,,N,Yes,Human Resources,New York
ABSDBJ9KT72M,,Compensatory Off,PL-PLAN-05,2022-10-25,2022-10-22,5,2022-11-04,EMP00020,2022-10-22,Approved,Vacation,Pre-planned,Y,No,Sales,Bengaluru
ABSP9O3E44D4,EMP00427,Annual Leave,CL-PLAN-03,2023-11-17,2023-11-17,1,2023-11-13,EMP00001,2023-11-16,Withdrawn,Emergency,Pre-planned,N,Yes,Sales,Mumbai
ABSD51YNQ2ER,EMP00713,Maternity Leave,BL-PLAN-08,2023-05-27,2023-06-05,10,2023-05-14,EMP00042,2023-05-18,Withdrawn,Family,None,N,Yes,Product,New York
ABSQ3QBQY3W2,EMP00456,Annual Leave,CO-PLAN-06,2022-06-17,2022-06-29,13,2022-06-04,EMP00048,2022-06-08,Rejected,Other,None,N,N/A,Human Resources,Bengaluru
ABSMDLK34NGH,EMP00271,Bereavement Leave,CO-PLAN-06,2022-03-15,2022-03-22,8,2022-02-16,EMP00006,2022-02-18,Pending,COVID-19,Recurring,N,Yes,Finance,Dubai
ABSMNAFBSCMZ,EMP00800,Unpaid Leave,CO-PLAN-06,2023-01-24,2023-01-31,0,2022-12-31,EMP00006,2023-01-04,Cancelled,Emergency,Urgent,N,Yes,Operations,Bengaluru
ABSJP4ZNLY8W,EMP00211,Maternity Leave,BL-PLAN-08,2023-10-03,2023-10-03,1,2023-09-30,EMP00029,2023-10-04,Cancelled,COVID-19,Recurring,N,Yes,Operations,Mumbai
ABSAK0MHHRFN,EMP00585,Compensatory Off,PL-PLAN-05,2023-10-17,2023-10-28,12,2023-10-05,EMP00018,2023-10-07,Approved,Marriage,Urgent,Y,Yes,Finance,Singapore
ABSOEWZSPSRO,EMP00730,Maternity Leave,BL-PLAN-08,2022-06-07,2022-06-15,9,2022-05-19,EMP00031,2022-05-22,Rejected,Family,Pre-planned,Y,Yes,Sales,New York
ABSQ7I6NHFGH,EMP00414,Annual Leave,PL-PLAN-05,2023-10-20,2023-10-29,10,2023-10-06,EMP00044,2023-10-08,Cancelled,Vacation,Recurring,N,Yes,Engineering,Dubai
ABS6PBQMYS14,EMP00048,Casual Leave,BL-PLAN-08,,2024-07-27,-1,2024-07-13,EMP00030,2024-07-15,Cancelled,COVID-19,None,N,N/A,Product,Singapore
ABS30W1M79GH,EMP00561,Unpaid Leave,SL-PLAN-02,2022-07-01,2022-07-01,1,2022-06-29,EMP00008,2022-07-02,Approved,COVID-19,,N,Yes,Product,Singapore
ABSRE577QQLT,EMP00283,Work From Home,SL-PLAN-02,2023-01-20,2023-01-30,11,2022-12-28,EMP00039,2022-12-29,Rejected,Child Care,,Y,Yes,Legal,Bengaluru
ABSGDKQU6W3V,EMP00290,Sick Leave,CO-PLAN-06,2023-04-26,2023-04-30,5,2023-04-22,EMP00017,2023-04-24,Cancelled,Other,,N,N/A,Operations,Toronto
ABSPN9W2KAJ5,EMP00681,Sick Leave,AL-PLAN-01,2022-06-02,2022-06-07,6,2022-05-11,EMP00002,2022-05-13,Pending,Vacation,Urgent,N,Yes,Product,New York
ABS85ONP73S2,EMP00308,Compensatory Off,CO-PLAN-06,2022-10-12,2022-10-22,11,2022-09-18,EMP00002,2022-09-22,Cancelled,Marriage,,N,Yes,Sales,Dubai
ABSLEUDES2EN,EMP00505,Maternity Leave,CL-PLAN-03,2024-10-05,2024-10-14,10,2024-09-05,EMP00010,2024-09-10,Approved,Vacation,,N,Yes,Product,Dubai
ABSJ44PLZLT2,EMP00554,Compensatory Off,AL-PLAN-01,2025-01-01,2025-01-02,2,2024-12-17,EMP00017,2024-12-21,Rejected,Family,,N,Yes,Engineering,Dubai
ABS9QL567WWI,EMP00301,Casual Leave,CO-PLAN-06,2025-03-17,2025-03-17,1,2025-03-12,EMP00016,2025-03-17,Rejected,Family,,Y,Yes,Human Resources,Dubai
ABSQMNQK4LCW,EMP00374,Casual Leave,SL-PLAN-02,2023-02-04,2023-02-15,12,2023-01-31,EMP00043,2023-02-01,Approved,Marriage,Urgent,N,Yes,Human Resources,New York
ABSKUC5CO103,EMP00739,UNKNOWN_TYPE_XYZ,ML-PLAN-04,2022-08-26,2022-08-23,19,2022-08-01,EMP00004,2022-08-05,Withdrawn,Family,Urgent,N,Yes,Operations,London
ABSRCYKF7SZ6,EMP00155,Sick Leave,CO-PLAN-06,2022-11-29,2022-12-12,14,2022-10-31,EMP00003,2022-11-03,Rejected,COVID-19,,N,N/A,Human Resources,London
ABSX4DOHBFCL,EMP00073,Compensatory Off,CO-PLAN-06,2022-11-17,2022-11-26,10,2022-11-03,EMP00029,2022-11-07,Cancelled,COVID-19,Urgent,N,No,Human Resources,Mumbai
ABSI4KAW7D32,EMP00603,Work From Home,CL-PLAN-03,2023-11-08,2023-11-12,5,2023-10-13,EMP00034,2023-10-14,Approved,Travel,,N,N/A,Legal,Mumbai
ABSN3Y3KSLJH,EMP00518,Maternity Leave,CL-PLAN-03,2022-05-03,2022-05-14,12,2022-04-29,EMP00033,2022-05-03,Pending,Marriage,,N,Yes,Product,Dubai
ABSZTAV9BXA5,,Compensatory Off,BL-PLAN-08,2024-11-14,2024-11-21,8,2024-11-01,EMP00037,2024-11-04,Rejected,Medical,Recurring,N,Yes,Operations,New York
ABSS2VZ7SU6K,EMP00717,Casual Leave,CO-PLAN-06,2024-10-08,2024-10-09,2,2024-10-03,EMP00025,2024-10-04,Pending,Travel,,N,Yes,Human Resources,Toronto
ABSPQRF278Q0,EMP00205,Sick Leave,SL-PLAN-02,2022-03-29,2022-04-05,8,2022-03-13,EMP00026,2022-03-15,Approved,Family,None,N,Yes,Product,Sydney
ABSEFX1MNFI7,EMP00298,Unpaid Leave,CO-PLAN-06,2023-03-13,2023-03-20,8,2023-02-12,EMP00001,2023-02-15,Cancelled,Vacation,,N,No,Product,London
ABSIOE7XEEVR,EMP00480,Unpaid Leave,ML-PLAN-04,2024-02-21,2024-02-24,4,2024-02-12,EMP00006,2024-02-16,Rejected,Vacation,None,N,No,Finance,Toronto
ABS9W49S90OI,EMP00795,Annual Leave,CO-PLAN-06,,2023-06-12,6,2023-06-03,EMP00021,2023-06-04,Withdrawn,Vacation,Pre-planned,N,Yes,Product,Bengaluru
ABSFMHDGPTX9,EMP00726,Maternity Leave,CL-PLAN-03,2022-07-01,2022-07-11,11,2022-06-10,EMP00041,2022-06-15,Rejected,Other,Recurring,N,Yes,Operations,Toronto
ABSGC7NS0JBW,EMP00744,Sick Leave,CL-PLAN-03,2022-11-07,2022-11-08,2,2022-11-03,EMP00025,2022-11-06,Approved,Other,,Y,Yes,Human Resources,Toronto
ABS321RIDU02,EMP00006,Casual Leave,CO-PLAN-06,2023-09-17,2023-09-26,10,2023-09-06,EMP00024,2023-09-08,Pending,Family,,N,Yes,Operations,Dubai
ABSZMZ9UMN3W,EMP00180,Unpaid Leave,BL-PLAN-08,2024-02-08,2024-02-18,11,2024-01-25,EMP00029,2024-01-29,Approved,COVID-19,Recurring,N,Yes,Finance,Bengaluru
ABS93QI3F6PB,EMP00322,Unpaid Leave,AL-PLAN-01,2024-01-20,2024-02-01,16,2024-01-13,EMP00011,2024-01-15,Rejected,Other,,N,No,Legal,New York
ABS4U39A3CIP,EMP00412,Work From Home,CL-PLAN-03,2024-03-26,2024-04-04,10,2024-03-18,EMP00032,2024-03-21,Approved,Marriage,,N,Yes,Marketing,Toronto
ABSI9K23OSOH,EMP00509,Bereavement Leave,SL-PLAN-02,2025-01-27,2025-02-06,11,2025-01-19,EMP00009,2025-01-22,Rejected,Family,,N,Yes,Legal,Dubai
ABSPQKH8J4IS,EMP00041,Work From Home,SL-PLAN-02,2025-01-17,2025-01-29,13,2024-12-26,EMP00040,2024-12-30,Pending,Personal,Recurring,N,No,Marketing,Mumbai
ABSLM6KPFPDP,EMP00349,Casual Leave,BL-PLAN-08,2024-11-14,2024-11-23,10,2024-11-07,EMP00004,2024-11-11,Withdrawn,Other,,N,Yes,Legal,London
ABS24MEL3KZF,EMP00478,Maternity Leave,UL-PLAN-07,2024-01-23,2024-01-20,0,2024-01-15,EMP00026,2024-01-20,Cancelled,Other,Pre-planned,N,Yes,Finance,Bengaluru
ABS5UEX9XPE7,EMP00588,Casual Leave,UL-PLAN-07,2022-01-23,2022-02-04,13,2022-01-21,EMP00016,2022-01-26,Cancelled,Other,None,N,Yes,Legal,Sydney
ABS5Y5Q90108,EMP00404,Maternity Leave,PL-PLAN-05,2022-02-27,2022-03-10,12,2022-02-22,EMP00032,2022-02-26,Cancelled,Emergency,Urgent,N,N/A,Engineering,Mumbai
ABSZDDBT626W,EMP00740,Bereavement Leave,CO-PLAN-06,2023-12-11,2023-12-18,8,2023-11-20,EMP00018,2023-11-21,Withdrawn,Emergency,Recurring,N,Yes,Human Resources,Dubai
ABS4WICT6NFJ,EMP00343,Compensatory Off,AL-PLAN-01,2023-03-08,2023-03-20,13,2023-02-10,EMP00033,2023-02-12,Withdrawn,Travel,Urgent,N,Yes,Legal,Sydney
ABSLZ7TEKABW,EMP00299,Casual Leave,ML-PLAN-04,2023-06-21,2023-06-23,3,2023-06-20,EMP00023,2023-06-25,Approved,Other,Recurring,N,No,Marketing,New York
ABSXC51TEK0L,EMP00211,Bereavement Leave,AL-PLAN-01,2023-09-30,2023-10-11,12,2023-09-08,EMP00001,2023-09-13,Rejected,Medical,Urgent,Y,N/A,Legal,Bengaluru
ABSSEDN344L3,EMP00347,Sick Leave,ML-PLAN-04,2024-05-20,2024-05-23,4,2024-05-08,EMP00029,2024-05-11,Rejected,Other,Recurring,N,No,Marketing,Dubai
ABSO1YP1OMCU,EMP00229,Bereavement Leave,CL-PLAN-03,2024-12-01,2024-12-04,4,2024-11-14,EMP00047,2024-11-18,Cancelled,Marriage,Pre-planned,N,No,Legal,Sydney
ABS3UJYTKSBT,EMP00552,Maternity Leave,AL-PLAN-01,2024-12-12,2024-12-23,12,2024-11-29,EMP00011,2024-12-04,Pending,Medical Appointment,None,N,No,Legal,London
ABSVXELSEYV7,,UNKNOWN_TYPE_XYZ,PL-PLAN-05,,2022-11-18,-1,2022-12-01,EMP00032,2022-11-13,UNKNOWN,Vacation,None,N,N/A,Product,Bengaluru
ABS5DTISD7GN,EMP00269,Bereavement Leave,ML-PLAN-04,2022-08-01,2022-08-02,2,2022-07-22,EMP00041,2022-07-23,Pending,Medical Appointment,Recurring,N,Yes,Engineering,Dubai
ABSDHKYWQTWX,EMP00264,Bereavement Leave,CL-PLAN-03,2023-03-02,2023-03-07,6,2023-02-16,EMP00047,2023-02-19,Cancelled,COVID-19,,N,Yes,Operations,London
ABSB5439QA5E,EMP00002,Work From Home,SL-PLAN-02,2022-01-16,2022-01-23,8,2021-12-31,EMP00022,2022-01-01,Cancelled,Emergency,Recurring,Y,N/A,Sales,Mumbai
ABSPX1IWGO73,EMP00031,Unpaid Leave,PL-PLAN-05,2022-09-04,2022-09-04,1,2022-08-17,EMP00015,2022-08-19,Withdrawn,COVID-19,Pre-planned,N,Yes,Engineering,Singapore
ABSAOMWAORB2,EMP00370,Casual Leave,CL-PLAN-03,2022-05-13,2022-05-14,2,2022-05-11,EMP00026,2022-05-14,Rejected,Emergency,,Y,No,Engineering,Bengaluru
ABSOA3JEQC0Z,EMP00152,Maternity Leave,UL-PLAN-07,2023-08-30,2023-09-05,7,2023-08-15,EMP00002,2023-08-20,Pending,Family,,N,No,Finance,Dubai
ABSGVCJ4XGOB,EMP00434,Annual Leave,AL-PLAN-01,2023-04-12,2023-04-19,8,2023-04-07,EMP00010,2023-04-10,Cancelled,Marriage,,N,Yes,Sales,Sydney
ABSJ7VWDL791,EMP00620,Work From Home,AL-PLAN-01,2022-07-02,2022-07-10,9,2022-06-23,EMP00008,2022-06-26,Withdrawn,Medical Appointment,Recurring,N,Yes,Finance,Mumbai
ABSFI3CHIFE2,EMP00440,Work From Home,ML-PLAN-04,2025-03-20,2025-03-23,4,2025-03-02,EMP00012,2025-03-03,Rejected,Medical,,N,Yes,Finance,Dubai
ABS0A3QLLCQR,EMP00529,Sick Leave,BL-PLAN-08,2022-10-15,2022-10-12,2,2022-09-30,EMP00003,2022-10-04,Approved,Child Care,None,Y,Yes,Human Resources,New York
ABSZUCS6OHU3,EMP00522,Unpaid Leave,CO-PLAN-06,2023-07-18,2023-07-31,14,2023-06-23,EMP00004,2023-06-27,Approved,Emergency,Pre-planned,N,Yes,Sales,New York
ABSCL5BYFJRG,EMP00609,Compensatory Off,ML-PLAN-04,2023-08-31,2023-09-08,9,2023-08-04,EMP00020,2023-08-06,Pending,Emergency,None,N,N/A,Sales,Singapore
ABSQNWF4GQWI,EMP00232,Unpaid Leave,CO-PLAN-06,2025-02-09,2025-02-17,9,2025-02-08,EMP00001,2025-02-09,Withdrawn,Medical Appointment,,N,Yes,Legal,London
ABS4OJR32ZPJ,EMP00248,Annual Leave,ML-PLAN-04,2022-08-25,2022-09-04,11,2022-08-05,EMP00012,2022-08-06,Pending,Family,,N,N/A,Operations,Sydney
ABSHIRIEWUS6,EMP00397,Compensatory Off,PL-PLAN-05,2024-06-14,2024-06-26,23,2024-05-15,EMP00021,2024-05-19,Rejected,Marriage,Pre-planned,N,Yes,Marketing,Sydney
ABS2XYN1DUL6,EMP00650,Annual Leave,ML-PLAN-04,2023-09-01,2023-09-12,12,2023-08-10,EMP00010,2023-08-13,Cancelled,Travel,Urgent,N,Yes,Legal,Bengaluru
ABS7KET5F0ZD,EMP00502,Work From Home,ML-PLAN-04,2022-12-22,2023-01-01,11,2022-11-23,EMP00019,2022-11-28,Withdrawn,COVID-19,Pre-planned,N,No,Legal,Toronto
ABSI0IBNAQGA,EMP00747,Casual Leave,UL-PLAN-07,2024-10-21,2024-10-24,4,2024-09-21,EMP00030,2024-09-24,Withdrawn,Marriage,,N,N/A,Finance,London
ABSG35YNS1VD,EMP00237,Sick Leave,BL-PLAN-08,2024-05-17,2024-05-18,2,2024-05-14,EMP00015,2024-05-16,Rejected,Family,,N,Yes,Marketing,London
ABSU73URJYCU,EMP00543,Sick Leave,ML-PLAN-04,,2023-06-03,11,2023-05-25,EMP00048,2023-05-28,Rejected,Other,,N,Yes,Engineering,Toronto
ABSXZBFF9SYE,EMP00431,Maternity Leave,BL-PLAN-08,2024-01-04,2024-01-14,11,2023-12-18,EMP00024,2023-12-21,Approved,Family,,N,Yes,Human Resources,Dubai
ABSMK29GLRXX,EMP00408,Unpaid Leave,BL-PLAN-08,2024-01-16,2024-01-19,4,2024-01-04,EMP00038,2024-01-09,Withdrawn,Child Care,,N,Yes,Legal,Toronto
ABSCU7ICP9R0,EMP00774,Casual Leave,AL-PLAN-01,2022-06-17,2022-06-19,3,2022-06-03,EMP00025,2022-06-04,Pending,COVID-19,,Y,Yes,Operations,Bengaluru
ABSJRSAEQD84,EMP00742,Maternity Leave,BL-PLAN-08,2022-03-08,2022-03-20,13,2022-02-27,EMP00005,2022-03-02,Approved,Family,Recurring,Y,No,Operations,New York
ABSMY27KOTQC,,Sick Leave,UL-PLAN-07,2024-03-13,2024-03-17,0,2024-02-17,EMP00004,2024-02-18,Cancelled,Other,Urgent,N,Yes,Human Resources,Mumbai
ABSKVHOYYTDP,EMP00456,Sick Leave,BL-PLAN-08,2023-09-07,2023-09-08,2,2023-08-24,EMP00050,2023-08-29,Approved,Medical,,N,No,Finance,Toronto
ABSBMLUWM9I8,EMP00660,Bereavement Leave,UL-PLAN-07,2024-03-05,2024-03-17,13,2024-02-06,EMP00049,2024-02-11,Pending,Personal,Recurring,N,N/A,Operations,Singapore
ABSN8F0GMPPX,EMP00253,Work From Home,UL-PLAN-07,2022-09-28,2022-10-04,7,2022-09-26,EMP00015,2022-09-30,Withdrawn,Medical Appointment,,N,N/A,Legal,Singapore
ABSCJZ2T80WP,EMP00236,Unpaid Leave,BL-PLAN-08,2022-03-12,2022-03-21,10,2022-02-28,EMP00045,2022-03-02,Pending,COVID-19,None,N,Yes,Legal,Mumbai
ABSQ20QQYNXC,EMP00466,UNKNOWN_TYPE_XYZ,UL-PLAN-07,2022-01-03,2021-12-31,6,2021-12-25,EMP00030,2021-12-29,Withdrawn,Child Care,Pre-planned,N,Yes,Operations,Bengaluru
ABSGCVS0TIFB,EMP00476,Maternity Leave,CO-PLAN-06,2024-04-16,2024-04-23,8,2024-03-26,EMP00002,2024-03-27,Approved,Child Care,Pre-planned,Y,N/A,Marketing,Sydney
ABSQU32BT17O,EMP00033,Work From Home,AL-PLAN-01,2023-01-30,2023-02-09,11,2023-01-09,EMP00001,2023-01-12,Pending,Medical,,Y,N/A,Finance,New York
ABS53EXCOZT6,EMP00595,Sick Leave,CO-PLAN-06,2022-02-06,2022-02-10,5,2022-01-07,EMP00042,2022-01-11,Withdrawn,COVID-19,Pre-planned,N,Yes,Marketing,New York
ABSJSMKTGD0A,EMP00146,Sick Leave,CL-PLAN-03,2022-05-06,2022-05-12,7,2022-04-28,EMP00026,2022-05-02,Cancelled,Child Care,Urgent,Y,Yes,Legal,Dubai
ABSCIPGZR6AR,EMP00758,Unpaid Leave,UL-PLAN-07,2022-01-29,2022-02-04,7,2022-01-22,EMP00039,2022-01-26,Withdrawn,Medical Appointment,Pre-planned,N,Yes,Engineering,Singapore
ABS5DOUSUC3K,EMP00407,Unpaid Leave,UL-PLAN-07,2022-02-18,2022-02-19,2,2022-02-12,EMP00041,2022-02-16,Withdrawn,Medical,Pre-planned,N,N/A,Finance,Toronto
ABS0B508IKZE,EMP00489,Compensatory Off,SL-PLAN-02,2022-07-24,2022-07-25,2,2022-07-14,EMP00037,2022-07-17,Pending,COVID-19,Pre-planned,N,N/A,Product,Singapore
ABSG0C6U1L3Y,EMP00095,Casual Leave,UL-PLAN-07,2024-06-24,2024-06-24,1,2024-06-21,EMP00045,2024-06-22,Withdrawn,Family,Pre-planned,N,No,Marketing,Singapore
ABSF04X01B73,EMP00530,Work From Home,BL-PLAN-08,2023-01-10,2023-01-23,14,2022-12-21,EMP00016,2022-12-22,Approved,Medical Appointment,,N,No,Marketing,Sydney
ABS5RHWEMFNO,EMP00630,Maternity Leave,CL-PLAN-03,,2023-08-05,-1,2023-08-01,EMP00009,2023-08-06,Approved,Personal,,N,Yes,Engineering,Bengaluru
ABSHQOU8JS8D,EMP00773,Sick Leave,CO-PLAN-06,2025-03-06,2025-03-10,5,2025-03-03,EMP00028,2025-03-08,Approved,Marriage,,Y,Yes,Engineering,Toronto
ABSL1TQOKAS1,EMP00127,Compensatory Off,SL-PLAN-02,2024-02-28,2024-03-11,13,2024-02-04,EMP00013,2024-02-07,Approved,Child Care,None,Y,Yes,Sales,London
ABSZXS9E78LG,EMP00416,Work From Home,ML-PLAN-04,2023-08-21,2023-08-22,2,2023-07-28,EMP00004,2023-07-30,Withdrawn,Child Care,,Y,No,Human Resources,Sydney
ABSS2RZBPVU8,EMP00529,Annual Leave,CL-PLAN-03,2023-01-14,2023-01-23,10,2023-01-01,EMP00031,2023-01-04,Withdrawn,Child Care,,Y,Yes,Engineering,Toronto
ABSM1PRP79I3,EMP00429,Annual Leave,CO-PLAN-06,2024-09-08,2024-09-19,22,2024-08-14,EMP00040,2024-08-15,Rejected,Family,Pre-planned,N,Yes,Sales,Mumbai
ABSP8Z9D7K16,EMP00532,Work From Home,CO-PLAN-06,2023-06-26,2023-07-02,7,2023-06-21,EMP00001,2023-06-24,Approved,Personal,,N,Yes,Engineering,London
ABS8KYQ56CVT,EMP00115,Work From Home,ML-PLAN-04,2022-05-23,2022-05-24,2,2022-05-08,EMP00022,2022-05-13,Pending,Marriage,Pre-planned,N,Yes,Legal,Bengaluru
ABS2O8X4SPPO,EMP00675,Casual Leave,AL-PLAN-01,2024-03-13,2024-03-17,5,2024-03-01,EMP00029,2024-03-04,Pending,Other,,Y,Yes,Finance,Dubai
ABSPTYJ3MJDL,EMP00335,Work From Home,BL-PLAN-08,2023-04-27,2023-05-01,5,2023-04-21,EMP00005,2023-04-23,Cancelled,Family,,N,N/A,Finance,Singapore
ABSXVW5HT1J7,,Bereavement Leave,CL-PLAN-03,2025-03-12,2025-03-09,13,2025-03-22,EMP00004,2025-02-15,Withdrawn,Medical,,Y,No,Finance,Mumbai
ABSH9C10NQMV,EMP00078,Maternity Leave,ML-PLAN-04,2025-03-02,2025-03-03,2,2025-02-15,EMP00021,2025-02-19,Pending,Personal,,Y,Yes,Engineering,Dubai
ABS5HMK0S227,EMP00078,Annual Leave,BL-PLAN-08,2022-07-15,2022-07-24,10,2022-06-27,EMP00018,2022-07-01,Withdrawn,Personal,None,Y,Yes,Legal,Dubai
ABSG35LQUANJ,EMP00312,Casual Leave,PL-PLAN-05,2022-02-08,2022-02-20,13,2022-02-07,EMP00004,2022-02-08,Cancelled,Emergency,,Y,Yes,Human Resources,Toronto
ABSOCO12EYVK,EMP00353,Sick Leave,PL-PLAN-05,2023-08-12,2023-08-25,14,2023-07-30,EMP00011,2023-08-01,Cancelled,Marriage,Urgent,N,Yes,Marketing,Sydney
ABSN6IPKSSCI,EMP00525,Unpaid Leave,UL-PLAN-07,2025-03-29,2025-03-29,1,2025-03-11,EMP00043,2025-03-13,Cancelled,COVID-19,,N,No,Legal,Dubai
ABSX2SEKZEDB,EMP00549,Casual Leave,UL-PLAN-07,2023-08-11,2023-08-20,10,2023-08-07,EMP00026,2023-08-11,Pending,Marriage,,N,Yes,Sales,Singapore
ABSBR4GAS34T,EMP00616,Unpaid Leave,CO-PLAN-06,2023-01-20,2023-01-27,8,2023-01-18,EMP00050,2023-01-21,Cancelled,Medical,,N,Yes,Engineering,New York
ABSD1VI4RKXD,EMP00580,Sick Leave,CO-PLAN-06,2022-01-21,2022-01-21,1,2022-01-16,EMP00036,2022-01-17,Pending,Family,Urgent,N,Yes,Product,Mumbai
ABSCSFODFOTF,EMP00070,Sick Leave,CO-PLAN-06,2022-12-26,2023-01-08,14,2022-12-20,EMP00018,2022-12-21,Cancelled,Child Care,None,N,Yes,Human Resources,Dubai
ABST2NDFNQNR,EMP00322,UNKNOWN_TYPE_XYZ,CO-PLAN-06,,2021-12-31,0,2021-12-06,EMP00043,2021-12-11,UNKNOWN,Personal,None,N,N/A,Legal,Mumbai
ABSW24AOFXHZ,EMP00512,Sick Leave,CL-PLAN-03,2023-03-05,2023-03-17,13,2023-02-03,EMP00045,2023-02-07,Pending,Other,Recurring,N,Yes,Marketing,Bengaluru
ABSS92SZRKCQ,EMP00260,Sick Leave,SL-PLAN-02,2022-08-08,2022-08-11,4,2022-07-23,EMP00047,2022-07-25,Pending,Personal,,Y,Yes,Human Resources,London
ABSGRCQUMZHE,EMP00320,Bereavement Leave,SL-PLAN-02,2022-10-07,2022-10-12,6,2022-09-07,EMP00008,2022-09-11,Rejected,Medical,None,N,N/A,Product,Bengaluru
ABSOHS4OMPN9,EMP00379,Maternity Leave,UL-PLAN-07,2024-01-27,2024-02-04,9,2024-01-05,EMP00043,2024-01-07,Approved,Family,Urgent,Y,Yes,Engineering,Mumbai
ABSZ5VNBM8TJ,EMP00704,Annual Leave,PL-PLAN-05,2023-01-24,2023-02-02,10,2023-01-12,EMP00024,2023-01-17,Pending,Child Care,Recurring,N,No,Product,Toronto
ABS7694FFI99,EMP00556,Sick Leave,UL-PLAN-07,2022-02-19,2022-02-26,8,2022-01-22,EMP00031,2022-01-24,Cancelled,Other,Pre-planned,N,N/A,Engineering,Singapore
ABSS7CCVNZ4G,EMP00429,Work From Home,BL-PLAN-08,2022-05-09,2022-05-22,14,2022-05-02,EMP00021,2022-05-03,Rejected,Family,,N,Yes,Sales,New York
ABS8JQV93SCN,EMP00143,Sick Leave,BL-PLAN-08,2023-11-16,2023-11-22,7,2023-10-28,EMP00039,2023-11-02,Pending,Personal,Urgent,N,Yes,Legal,New York
ABSXRC4WZ5OF,EMP00410,Work From Home,CO-PLAN-06,2022-03-28,2022-04-03,7,2022-03-10,EMP00046,2022-03-12,Pending,Marriage,Pre-planned,Y,Yes,Product,New York
ABS3TQE26LKT,EMP00182,Maternity Leave,CO-PLAN-06,2024-07-07,2024-07-04,5,2024-06-15,EMP00033,2024-06-20,Approved,Family,Pre-planned,N,Yes,Marketing,Singapore
ABSB4WSP40ZJ,EMP00637,Annual Leave,PL-PLAN-05,2023-07-19,2023-07-22,4,2023-06-22,EMP00006,2023-06-24,Withdrawn,Travel,,N,N/A,Product,Bengaluru
ABSP3D8X5BDG,EMP00507,Unpaid Leave,ML-PLAN-04,2025-02-01,2025-02-13,13,2025-01-29,EMP00046,2025-02-01,Withdrawn,Child Care,,N,Yes,Engineering,London
ABS7R0ZS1X7R,EMP00778,Bereavement Leave,ML-PLAN-04,2023-08-27,2023-08-30,4,2023-07-30,EMP00031,2023-07-31,Approved,COVID-19,Recurring,Y,N/A,Marketing,Mumbai
ABS0HW1HK6W1,EMP00277,Compensatory Off,BL-PLAN-08,2022-12-22,2022-12-24,3,2022-12-04,EMP00024,2022-12-05,Cancelled,Family,None,N,N/A,Legal,Sydney
ABSGP62NLOF8,,Unpaid Leave,CL-PLAN-03,2025-01-18,2025-01-29,19,2025-01-01,EMP00025,2025-01-03,Pending,Marriage,None,N,Yes,Product,Dubai
ABSO0HAKMS28,EMP00121,Annual Leave,CO-PLAN-06,2023-08-20,2023-08-24,5,2023-07-30,EMP00010,2023-07-31,Approved,COVID-19,Recurring,Y,No,Sales,Mumbai
ABS21058JZLR,EMP00027,Unpaid Leave,CO-PLAN-06,2025-03-21,2025-04-01,12,2025-03-19,EMP00022,2025-03-23,Rejected,Medical Appointment,,N,Yes,Product,Sydney
ABSI89C3JI1Q,EMP00116,Unpaid Leave,ML-PLAN-04,2023-01-17,2023-01-28,12,2022-12-18,EMP00044,2022-12-23,Cancelled,Personal,,N,Yes,Marketing,London
ABS9YLCBAOR3,EMP00485,Annual Leave,PL-PLAN-05,2022-08-02,2022-08-06,5,2022-08-01,EMP00003,2022-08-04,Cancelled,COVID-19,Recurring,Y,N/A,Product,Dubai
ABSNPY415BNB,EMP00468,Unpaid Leave,BL-PLAN-08,,2024-03-04,-1,2024-03-04,EMP00012,2024-03-06,Withdrawn,Family,Pre-planned,N,Yes,Product,Toronto
ABSZEMONFH0C,EMP00533,Work From Home,BL-PLAN-08,2024-04-28,2024-05-06,9,2024-04-12,EMP00036,2024-04-14,Cancelled,Child Care,Pre-planned,N,Yes,Engineering,Sydney
ABS0BZM72XJ3,EMP00767,Unpaid Leave,PL-PLAN-05,2022-04-15,2022-04-15,1,2022-04-05,EMP00027,2022-04-08,Approved,Medical,Pre-planned,N,Yes,Operations,Singapore
ABS54OAKS5ME,EMP00180,Work From Home,CO-PLAN-06,2023-12-26,2024-01-07,13,2023-12-10,EMP00045,2023-12-13,Cancelled,Emergency,,N,No,Sales,Mumbai
ABSBAV0DY7NM,EMP00665,Compensatory Off,CO-PLAN-06,2023-08-01,2023-08-07,7,2023-07-21,EMP00030,2023-07-23,Pending,Marriage,Recurring,N,N/A,Operations,Sydney
ABSVRMF2DTTS,EMP00427,Casual Leave,CL-PLAN-03,2022-04-28,2022-05-08,11,2022-04-04,EMP00046,2022-04-05,Withdrawn,Family,Urgent,N,Yes,Engineering,Singapore
ABSKXMH0NDX6,EMP00624,Work From Home,BL-PLAN-08,2022-09-16,2022-09-28,13,2022-08-21,EMP00035,2022-08-23,Withdrawn,Family,None,Y,Yes,Product,Bengaluru
ABSYETMAQ4TN,EMP00569,Sick Leave,BL-PLAN-08,2025-03-18,2025-03-28,11,2025-03-13,EMP00037,2025-03-17,Approved,Child Care,,N,Yes,Engineering,Sydney
ABS13CJNCZ8L,EMP00481,Work From Home,PL-PLAN-05,2024-02-23,2024-03-02,9,2024-02-19,EMP00021,2024-02-23,Withdrawn,Vacation,Recurring,Y,N/A,Finance,Dubai
ABSG8AK9XYXW,EMP00343,Unpaid Leave,UL-PLAN-07,2022-12-20,2022-12-30,11,2022-12-08,EMP00012,2022-12-12,Withdrawn,Travel,,Y,Yes,Product,Mumbai
ABS8SIKLTEPG,EMP00278,UNKNOWN_TYPE_XYZ,UL-PLAN-07,2023-01-13,2023-01-10,12,2022-12-28,EMP00041,2022-12-30,Approved,Marriage,,Y,N/A,Operations,London
ABSL6LVTES8I,EMP00487,Casual Leave,AL-PLAN-01,2024-07-04,2024-07-15,12,2024-06-12,EMP00020,2024-06-17,Rejected,Family,Urgent,Y,Yes,Engineering,London
ABS1OSJEJXPF,EMP00507,Compensatory Off,UL-PLAN-07,2024-07-02,2024-07-07,6,2024-06-02,EMP00044,2024-06-05,Withdrawn,Marriage,,Y,Yes,Product,London
ABSU663EEKSR,EMP00021,Work From Home,AL-PLAN-01,2024-01-21,2024-01-21,1,2023-12-23,EMP00036,2023-12-28,Cancelled,Personal,Pre-planned,Y,Yes,Finance,New York
ABS987QS6KAC,EMP00363,Annual Leave,SL-PLAN-02,2024-07-08,2024-07-20,13,2024-06-30,EMP00016,2024-07-04,Pending,COVID-19,,Y,Yes,Human Resources,Toronto
ABS4SDHWTP13,EMP00263,Compensatory Off,CO-PLAN-06,2022-03-20,2022-03-24,0,2022-03-12,EMP00012,2022-03-15,Pending,Family,,N,N/A,Marketing,Dubai
ABSE4SV9CAWU,EMP00523,Bereavement Leave,SL-PLAN-02,2024-03-27,2024-03-27,1,2024-03-15,EMP00037,2024-03-17,Approved,Medical,,N,Yes,Engineering,Bengaluru
ABS8KHP4B515,EMP00763,Maternity Leave,BL-PLAN-08,2023-02-10,2023-02-12,3,2023-01-24,EMP00046,2023-01-27,Cancelled,Emergency,Recurring,N,Yes,Operations,Bengaluru
ABSWBEG14IJS,EMP00362,Annual Leave,UL-PLAN-07,2022-08-02,2022-08-06,5,2022-07-06,EMP00010,2022-07-09,Approved,Other,,N,Yes,Finance,New York
ABSSQOEOEEVR,EMP00472,Sick Leave,AL-PLAN-01,2022-12-15,2022-12-15,1,2022-11-27,EMP00006,2022-11-28,Rejected,Medical,None,N,Yes,Finance,Toronto
