ledger_id,employee_id,plan_code,plan_name,period,opening_balance,accrued_days,taken_days,adjusted_days,closing_balance,max_entitlement,last_updated,updated_by,ledger_status
LDGF9UA8AASE,,CL-PLAN-03,Casual Leave,INVALID-PERIOD,,-5.0,24.59,1.95,42.0,20,2023-09-08,EMP00021,Revised
LDG67PJM0M4Q,EMP00607,PL-PLAN-05,Paternity Leave,2025-Q1,11.37,3.21,1.16,-1.68,11.74,20,2023-03-06,EMP00010,Final
LDGVFYN3Y6H5,EMP00083,AL-PLAN-01,Annual Leave,2024-Q1,12.4,2.07,10.07,1.95,6.35,20,2025-05-09,EMP00029,Revised
LDGNV408C1TX,EMP00062,CL-PLAN-03,Casual Leave,2023-Q4,19.83,9.17,21.92,1.33,8.41,20,2023-08-14,EMP00006,Revised
LDG458YTNZ7U,EMP00658,UL-PLAN-07,Unpaid Leave,2024-Q1,20.15,4.4,12.95,-2.37,9.23,25,2023-02-02,EMP00038,Final
LDGJDJ46XO3S,EMP00650,BL-PLAN-08,Bereavement Leave,2024-Q1,18.54,3.38,12.04,0.45,10.33,30,2023-06-20,EMP00036,Revised
LDGS7EE02R7P,EMP00359,ML-PLAN-04,Maternity Leave,2024-Q4,18.88,2.76,16.22,1.43,6.85,15,2024-06-28,EMP00034,Final
LDG6CFTFDF34,EMP00326,UL-PLAN-07,Unpaid Leave,2023-Q4,0.84,4.51,1.52,0.84,4.67,25,2024-04-21,EMP00022,Draft
LDGXZ76JHN9N,EMP00725,ML-PLAN-04,Maternity Leave,2023-Q4,4.66,9.0,7.12,-0.39,6.15,18,2025-03-17,EMP00043,Final
LDGY3PK8BQ38,EMP00160,AL-PLAN-01,Annual Leave,2024-Q4,15.58,5.4,17.73,-2.79,-1.46,20,2023-07-27,EMP00049,Final
LDGNML9J2PB3,EMP00422,AL-PLAN-01,Annual Leave,2024-Q4,6.78,5.13,7.43,1.21,5.69,25,2024-04-15,EMP00049,Final
LDGXXR8MVXZ1,EMP00487,CO-PLAN-06,Compensatory Off,2024-Q4,8.57,6.12,10.92,-2.79,0.98,15,2023-11-01,EMP00044,Final
LDGLQCV0L4GM,EMP00553,CO-PLAN-06,Compensatory Off,2023-Q3,24.89,2.04,22.42,-2.32,2.19,21,2024-08-27,EMP00008,Final
LDG5H0IKPG8Y,,BL-PLAN-08,Bereavement Leave,2023-Q4,4.33,6.95,10.84,0.89,1.33,25,2024-08-03,EMP00024,Final
LDGD7EMXVJAG,EMP00202,AL-PLAN-01,Annual Leave,2023-Q1,3.94,0.24,0.69,-0.33,3.16,15,2023-03-27,EMP00007,Final
LDGT3OH2THWW,EMP00645,SL-PLAN-02,Sick Leave,2023-Q4,14.79,3.68,12.08,-2.99,3.4,21,2023-08-19,EMP00007,Final
LDG1L62D1NFP,EMP00157,AL-PLAN-01,Annual Leave,2024-Q3,7.39,1.85,2.27,2.39,9.36,15,2023-11-17,EMP00002,Final
LDGTPU62X4OD,EMP00706,BL-PLAN-08,Bereavement Leave,2023-Q1,14.57,-5.0,9.15,0.01,6.98,30,2024-02-19,EMP00028,Final
LDGU4C1QC692,EMP00039,UL-PLAN-07,Unpaid Leave,2024-Q3,22.57,8.04,23.25,-0.23,-8.129999999999999,21,2025-03-05,EMP00017,Final
LDGJE7J5TYDZ,EMP00014,UL-PLAN-07,Unpaid Leave,2023-Q4,0.2,6.69,2.98,1.1,5.01,15,2023-08-25,EMP00045,Final
LDGB2M38PCF6,EMP00076,CL-PLAN-03,Casual Leave,2023-Q4,18.94,4.99,10.78,-1.93,11.22,21,2024-06-11,EMP00002,Draft
LDGGNBC5TNVO,EMP00351,CL-PLAN-03,Casual Leave,2023-Q2,18.97,0.56,4.96,0.26,45.0,20,2023-03-06,EMP00039,Final
LDGVU3BLV6EE,EMP00276,UL-PLAN-07,Unpaid Leave,2024-Q3,12.61,4.76,3.68,-2.11,11.58,20,2023-03-19,EMP00029,Draft
LDGO88BMYCT8,EMP00241,CO-PLAN-06,Compensatory Off,2023-Q2,0.49,9.2,5.58,-0.56,3.55,15,2023-03-31,EMP00006,Draft
LDGJ31YR7RNH,EMP00632,PL-PLAN-05,Paternity Leave,2024-Q4,0.28,0.11,0.18,-0.13,0.08,15,2024-07-29,EMP00006,Final
LDG6MR0SF61R,EMP00114,PL-PLAN-05,Paternity Leave,INVALID-PERIOD,10.99,0.81,5.89,0.93,6.84,18,2025-06-20,EMP00045,Revised
LDGI47YH3PIS,,UL-PLAN-07,Unpaid Leave,2024-Q4,24.64,3.26,19.07,0.47,9.3,30,2024-02-15,EMP00029,Draft
LDGL357T2BHQ,EMP00278,UL-PLAN-07,Unpaid Leave,2023-Q3,8.38,3.48,8.96,1.82,-5.72,15,2024-08-16,EMP00013,Final
LDGC1JOB14XO,EMP00358,CL-PLAN-03,Casual Leave,2023-Q4,15.49,3.19,0.97,-0.68,17.03,20,2024-09-01,EMP00044,Draft
LDG03A3CESOZ,EMP00109,PL-PLAN-05,Paternity Leave,2023-Q3,6.39,3.34,1.08,-1.13,7.52,18,2024-12-14,EMP00017,Final
LDG2G4XJBDHT,EMP00563,SL-PLAN-02,Sick Leave,2023-Q4,3.69,1.86,25.55,0.06,4.38,18,2024-02-28,EMP00035,Revised
LDGGP4L6L5Q8,EMP00080,CO-PLAN-06,Compensatory Off,2023-Q4,21.56,9.2,30.24,2.86,3.38,15,2024-03-31,EMP00028,Final
LDGULEITWO4Y,EMP00553,SL-PLAN-02,Sick Leave,2023-Q2,2.84,4.32,6.29,-0.64,0.23,20,2025-04-23,EMP00022,Final
LDGBY171DDAA,EMP00671,CO-PLAN-06,Compensatory Off,2023-Q4,15.78,3.52,4.71,2.31,16.9,15,2024-01-18,EMP00006,Final
LDG5WFZ7RWB9,EMP00452,PL-PLAN-05,Paternity Leave,2024-Q1,9.55,-5.0,6.77,2.68,8.7,20,2024-10-31,EMP00033,Draft
LDGRKJ1FFAP3,EMP00446,CL-PLAN-03,Casual Leave,2024-Q2,22.94,0.63,2.73,-2.51,18.33,30,2024-05-22,EMP00010,Final
LDGKIMD0TEA2,EMP00413,BL-PLAN-08,Bereavement Leave,2024-Q1,9.31,3.57,9.71,0.63,-4.8,30,2025-05-18,EMP00039,Final
LDGTV4QZWODT,EMP00459,PL-PLAN-05,Paternity Leave,2023-Q2,5.01,1.7,1.86,1.69,6.54,30,2024-07-29,EMP00004,Revised
LDG1FSAVNGF8,EMP00490,SL-PLAN-02,Sick Leave,2024-Q4,11.47,7.98,2.03,0.23,17.65,21,2023-12-01,EMP00046,Draft
LDG1IO2NACCK,,CL-PLAN-03,Casual Leave,2023-Q3,8.87,2.21,7.31,-2.86,0.91,15,2023-05-13,EMP00047,Revised
LDG9NQ90VFZ2,EMP00033,PL-PLAN-05,Paternity Leave,2024-Q2,16.31,5.44,10.43,-2.84,8.48,25,2025-02-22,EMP00043,Draft
LDGKTJ4T4M66,EMP00104,ML-PLAN-04,Maternity Leave,2024-Q2,15.05,2.76,3.2,0.01,14.62,20,2023-03-28,EMP00007,Final
LDGAE62GX4QQ,EMP00604,PL-PLAN-05,Paternity Leave,2024-Q3,24.66,4.62,13.43,2.03,35.0,25,2024-04-27,EMP00030,Final
LDGVUNVUHN0N,EMP00038,PL-PLAN-05,Paternity Leave,2023-Q2,5.56,4.36,1.16,-0.05,8.71,30,2024-12-16,EMP00021,Draft
LDGJ85HHOQK9,EMP00488,AL-PLAN-01,Annual Leave,2023-Q1,24.62,3.34,21.74,1.55,7.77,20,2025-01-17,EMP00044,Revised
LDGKBHZRZD0V,EMP00787,AL-PLAN-01,Annual Leave,2024-Q4,,6.42,8.37,-1.05,-1.83,21,2024-05-02,EMP00026,Final
LDG4A5ECO3UC,EMP00117,AL-PLAN-01,Annual Leave,2024-Q3,1.69,1.11,1.09,-2.91,-1.2,30,2023-01-07,EMP00009,Draft
LDG3UPSJHJ2H,EMP00529,BL-PLAN-08,Bereavement Leave,2023-Q4,24.22,0.64,4.39,-0.97,19.5,25,2023-11-25,EMP00038,Draft
LDG3JFYNUN7S,EMP00295,CL-PLAN-03,Casual Leave,2023-Q1,1.36,1.09,1.12,-0.4,0.93,20,2023-12-20,EMP00007,Final
LDG0363RJW6L,EMP00707,CL-PLAN-03,Casual Leave,2024-Q1,22.0,2.31,9.79,2.14,16.66,20,2023-06-10,EMP00023,Draft
LDGS9YOLR2EZ,EMP00554,CL-PLAN-03,Casual Leave,INVALID-PERIOD,19.53,6.39,11.39,-2.83,11.7,20,2023-10-16,EMP00013,Final
LDGK29MRX3K4,EMP00374,ML-PLAN-04,Maternity Leave,2025-Q1,1.34,-5.0,2.56,-2.62,3.21,20,2024-09-09,EMP00023,Revised
LDGGKQKRNBPO,,SL-PLAN-02,Sick Leave,2024-Q2,21.92,5.18,9.93,-0.14,17.03,30,2025-01-23,EMP00039,Revised
LDGKS48KYNQ1,EMP00579,CO-PLAN-06,Compensatory Off,2024-Q1,12.87,5.92,5.43,0.75,14.11,20,2025-06-11,EMP00004,Revised
LDGLW4JMX0YP,EMP00413,CO-PLAN-06,Compensatory Off,2024-Q4,13.9,9.49,3.63,-0.96,-19.8,21,2024-12-06,EMP00026,Draft
LDGR39D7E5EO,EMP00495,BL-PLAN-08,Bereavement Leave,2024-Q4,15.61,0.69,1.28,0.74,15.76,20,2024-07-30,EMP00015,Draft
LDGR0SXCKTMR,EMP00640,CO-PLAN-06,Compensatory Off,2023-Q2,12.78,5.88,4.65,2.17,16.18,15,2025-01-17,EMP00004,Final
LDG1ZL68K4NF,EMP00437,PL-PLAN-05,Paternity Leave,2023-Q4,11.78,1.94,12.29,2.64,4.07,18,2024-05-15,EMP00034,Revised
LDG630TGEAMI,EMP00416,BL-PLAN-08,Bereavement Leave,2024-Q1,19.36,7.66,19.85,-2.19,4.98,20,2023-09-10,EMP00044,Final
LDG84MEFGUX5,EMP00574,CL-PLAN-03,Casual Leave,2024-Q1,2.94,0.26,0.51,2.26,4.95,18,2023-12-27,EMP00040,Revised
LDGQCZJL6KAK,EMP00064,UL-PLAN-07,Unpaid Leave,2023-Q1,14.9,8.05,42.95,1.61,16.25,21,2023-03-12,EMP00045,Final
LDGUJSV1JQY3,EMP00576,ML-PLAN-04,Maternity Leave,2024-Q4,8.89,1.07,2.17,-0.08,7.71,15,2023-07-30,EMP00005,Final
LDGOX531USOY,EMP00406,UL-PLAN-07,Unpaid Leave,2024-Q4,3.85,9.68,9.66,-1.11,2.76,20,2025-02-18,EMP00045,Draft
LDGH2WJLZKYQ,EMP00105,BL-PLAN-08,Bereavement Leave,2023-Q1,14.54,5.67,13.33,-1.62,38.0,15,2024-11-12,EMP00026,Revised
LDGNBT9IKQ46,EMP00709,PL-PLAN-05,Paternity Leave,2023-Q2,0.8,0.71,1.41,-1.45,-1.35,25,2023-05-31,EMP00042,Revised
LDG97VELG76E,,CO-PLAN-06,Compensatory Off,2023-Q2,10.75,7.7,5.33,-1.72,11.4,21,2025-06-10,EMP00042,Final
LDGWPBPQ8NS0,EMP00344,CO-PLAN-06,Compensatory Off,2025-Q1,16.88,3.06,19.9,2.61,2.65,15,2024-11-20,EMP00012,Final
LDGVANVO6P6E,EMP00335,SL-PLAN-02,Sick Leave,2023-Q2,15.39,2.11,6.87,-0.77,9.86,21,2025-02-15,EMP00017,Draft
LDGNULPHBKGJ,EMP00279,UL-PLAN-07,Unpaid Leave,2023-Q1,4.47,-5.0,10.43,-1.25,-0.47,21,2023-04-16,EMP00008,Final
LDGO8G25PF4Y,EMP00279,ML-PLAN-04,Maternity Leave,2024-Q3,11.45,9.73,14.01,1.24,8.41,30,2024-09-18,EMP00031,Revised
LDGXPJ9HPORH,EMP00583,UL-PLAN-07,Unpaid Leave,2023-Q4,22.47,6.4,24.85,2.6,6.62,25,2025-01-09,EMP00011,Final
LDGG6RT0D8BG,EMP00101,PL-PLAN-05,Paternity Leave,2025-Q1,16.92,3.89,1.23,0.81,20.39,21,2023-04-12,EMP00001,Final
LDGLZX2YQPW2,EMP00020,CO-PLAN-06,Compensatory Off,2025-Q1,24.95,5.48,25.65,2.95,-8.73,30,2024-01-17,EMP00013,Revised
LDGRH1G3C132,EMP00297,UL-PLAN-07,Unpaid Leave,2023-Q3,22.93,2.54,23.46,2.71,4.72,18,2023-03-20,EMP00008,Revised
LDG32U800DWX,EMP00104,PL-PLAN-05,Paternity Leave,2024-Q1,23.78,2.58,14.43,-0.29,11.64,20,2024-07-24,EMP00008,Final
LDG7M207KCLW,EMP00097,AL-PLAN-01,Annual Leave,INVALID-PERIOD,7.02,7.81,11.94,-0.57,2.32,18,2023-04-28,EMP00016,Revised
LDG6E1DDBX5S,EMP00307,ML-PLAN-04,Maternity Leave,2024-Q3,16.24,3.41,2.97,1.99,18.67,21,2023-10-13,EMP00036,Final
LDGT3KQ5MT0X,EMP00690,PL-PLAN-05,Paternity Leave,2024-Q3,0.14,3.28,0.49,1.31,4.24,18,2023-02-10,EMP00045,Revised
LDGN0VMKL39R,,CO-PLAN-06,Compensatory Off,2023-Q1,15.46,0.88,0.81,0.12,15.65,21,2023-05-30,EMP00040,Revised
LDGW1YG60SQJ,EMP00323,CO-PLAN-06,Compensatory Off,2025-Q1,10.6,0.34,5.34,0.69,6.29,20,2023-11-14,EMP00046,Final
LDGX7R5S2XSX,EMP00640,ML-PLAN-04,Maternity Leave,2023-Q3,14.04,7.94,3.67,-2.77,15.54,15,2023-02-12,EMP00002,Revised
LDGH4EMHZWHI,EMP00680,PL-PLAN-05,Paternity Leave,2024-Q3,16.98,6.35,6.01,-2.68,-15.64,15,2025-04-07,EMP00026,Revised
LDGFTWP76BFC,EMP00084,SL-PLAN-02,Sick Leave,2025-Q1,1.7,6.42,3.06,0.6,5.66,15,2024-03-15,EMP00008,Revised
LDGIZ3YR9FJA,EMP00212,ML-PLAN-04,Maternity Leave,2023-Q2,18.13,7.4,17.57,-1.91,6.05,25,2023-10-17,EMP00031,Draft
LDGZSLF0H9XA,EMP00621,CL-PLAN-03,Casual Leave,2023-Q1,20.85,4.98,4.37,-1.79,39.0,18,2023-05-22,EMP00041,Final
LDG676BYCMVD,EMP00776,CL-PLAN-03,Casual Leave,2023-Q1,13.99,-5.0,10.32,-2.03,1.99,15,2024-06-11,EMP00017,Final
LDGHYHH56FD8,EMP00701,CL-PLAN-03,Casual Leave,2024-Q3,14.59,7.16,21.26,-1.43,-0.94,30,2023-03-14,EMP00034,Final
LDGWTZ0LWFSO,EMP00729,PL-PLAN-05,Paternity Leave,2023-Q4,22.44,5.45,24.95,-1.45,1.49,15,2024-01-13,EMP00020,Draft
LDG4V7QLX084,EMP00462,AL-PLAN-01,Annual Leave,2025-Q1,11.72,1.19,11.06,0.18,2.03,18,2024-01-06,EMP00017,Revised
LDGQA056PJLU,EMP00176,SL-PLAN-02,Sick Leave,2024-Q3,8.49,2.73,11.19,1.89,1.92,20,2024-03-17,EMP00044,Final
LDGPO3M19TJ9,EMP00312,SL-PLAN-02,Sick Leave,2023-Q3,,3.28,26.65,2.97,-7.38,15,2023-07-12,EMP00014,Draft
LDGL2G9X4ZQB,,PL-PLAN-05,Paternity Leave,2024-Q1,16.2,4.46,3.39,0.46,17.73,25,2023-09-24,EMP00004,Final
LDGI4ID7UTGP,EMP00360,PL-PLAN-05,Paternity Leave,2023-Q4,5.64,2.94,5.28,2.92,6.22,15,2024-06-01,EMP00040,Final
LDGZXRHER0Q1,EMP00215,UL-PLAN-07,Unpaid Leave,2023-Q3,5.41,0.21,4.97,1.22,1.87,20,2023-08-22,EMP00044,Final
LDGTHRXJC52G,EMP00489,PL-PLAN-05,Paternity Leave,2024-Q1,9.45,2.93,0.07,0.87,13.18,25,2024-08-25,EMP00050,Final
LDG53SEW8IL3,EMP00361,PL-PLAN-05,Paternity Leave,2024-Q2,9.03,5.71,13.17,-2.56,-0.99,15,2024-08-27,EMP00007,Final
LDGAYUL4I34A,EMP00683,CO-PLAN-06,Compensatory Off,2024-Q4,12.35,9.0,1.98,0.19,19.56,15,2024-01-11,EMP00018,Final
LDGRGM8945UF,EMP00473,SL-PLAN-02,Sick Leave,2023-Q4,18.87,0.06,16.79,-2.54,-0.4,15,2024-03-03,EMP00038,Revised
LDGVVZTTM791,EMP00555,BL-PLAN-08,Bereavement Leave,2023-Q3,20.94,1.27,11.1,-2.53,8.58,18,2024-03-16,EMP00003,Revised
LDG26P8U1QCX,EMP00477,SL-PLAN-02,Sick Leave,2023-Q4,19.73,4.93,4.94,0.67,-21.39,15,2025-04-03,EMP00016,Final
LDGDG2CMEZ1Q,EMP00070,ML-PLAN-04,Maternity Leave,INVALID-PERIOD,5.69,4.83,7.56,1.14,4.1,30,2025-05-09,EMP00043,Draft
LDGL9R1GZTY2,EMP00656,UL-PLAN-07,Unpaid Leave,2025-Q1,13.65,7.57,13.94,-0.03,7.25,18,2024-10-04,EMP00005,Draft
LDGD44BJDKOP,EMP00798,SL-PLAN-02,Sick Leave,2023-Q3,11.26,-5.0,13.07,-0.42,1.24,21,2024-08-05,EMP00039,Revised
LDG2HV2OKSLK,EMP00700,PL-PLAN-05,Paternity Leave,2024-Q4,15.24,8.05,18.33,2.79,7.75,30,2025-04-02,EMP00046,Revised
LDGR3BHI1Y45,,UL-PLAN-07,Unpaid Leave,2024-Q3,21.63,1.98,23.3,0.18,0.49,30,2024-06-05,EMP00034,Final
LDG2A5WA4PDA,EMP00369,SL-PLAN-02,Sick Leave,2025-Q1,23.93,9.74,25.13,-0.85,42.0,21,2025-02-21,EMP00017,Draft
LDGZYX3ZD36A,EMP00632,UL-PLAN-07,Unpaid Leave,2024-Q4,10.47,8.78,7.98,-1.38,9.89,20,2024-05-05,EMP00027,Final
LDGYW7HD6D5K,EMP00235,UL-PLAN-07,Unpaid Leave,2024-Q3,18.46,2.31,4.88,1.56,17.45,20,2025-06-06,EMP00032,Draft
LDGPL6CF146P,EMP00601,PL-PLAN-05,Paternity Leave,2024-Q3,10.17,9.23,8.33,2.43,-14.5,15,2024-02-26,EMP00045,Draft
LDGS2KEMLKIM,EMP00113,SL-PLAN-02,Sick Leave,2023-Q4,7.61,0.39,3.67,-0.66,3.67,15,2024-02-05,EMP00006,Final
LDGX39ZILYC1,EMP00542,SL-PLAN-02,Sick Leave,2023-Q1,22.58,3.82,21.13,2.53,7.8,15,2025-04-18,EMP00009,Final
LDGYAHP8QT50,EMP00084,CL-PLAN-03,Casual Leave,2023-Q4,5.01,5.25,2.26,0.17,8.17,20,2024-05-27,EMP00050,Draft
LDGOH1AUVLN9,EMP00426,CL-PLAN-03,Casual Leave,2023-Q1,5.18,1.01,4.43,0.47,2.23,25,2025-04-30,EMP00046,Revised
LDGMRP5XIZHC,EMP00374,CO-PLAN-06,Compensatory Off,2024-Q3,13.22,2.4,4.33,2.14,13.43,15,2023-11-12,EMP00002,Revised
LDG6ZRO7IFLM,EMP00726,UL-PLAN-07,Unpaid Leave,2025-Q1,5.09,1.73,5.7,0.85,1.97,21,2025-01-28,EMP00050,Final
LDGORWSUEDSQ,EMP00514,UL-PLAN-07,Unpaid Leave,2023-Q3,2.71,0.04,1.84,-2.46,-1.55,25,2025-05-26,EMP00028,Final
LDGAYAQEKK2N,EMP00735,PL-PLAN-05,Paternity Leave,2023-Q1,23.8,8.98,12.52,-0.36,19.9,15,2023-10-21,EMP00030,Final
LDG5CEZPJZ09,,SL-PLAN-02,Sick Leave,2023-Q1,7.87,4.84,8.16,2.51,-8.059999999999999,15,2023-11-27,EMP00001,Draft
LDGFX01J59GE,EMP00285,PL-PLAN-05,Paternity Leave,2024-Q1,24.0,1.26,21.35,2.35,6.26,15,2025-05-04,EMP00032,Final
LDGGMYI3IZFT,EMP00445,SL-PLAN-02,Sick Leave,2025-Q1,6.54,-5.0,4.29,-0.53,10.33,25,2024-06-24,EMP00012,Final
LDGFXI7XCOX5,EMP00427,CL-PLAN-03,Casual Leave,2024-Q4,7.55,3.09,30.64,0.3,2.76,25,2024-05-16,EMP00010,Revised
LDGPJUZMIWBT,EMP00169,AL-PLAN-01,Annual Leave,2023-Q4,18.73,3.95,15.91,0.35,7.12,21,2025-04-12,EMP00006,Revised
LDG1AHK5O8UT,EMP00297,BL-PLAN-08,Bereavement Leave,2023-Q3,21.91,8.9,21.34,0.61,10.08,30,2023-08-30,EMP00030,Revised
LDG4APQTKVY5,EMP00530,ML-PLAN-04,Maternity Leave,2024-Q4,18.19,2.96,20.46,-2.92,-2.23,25,2025-01-07,EMP00044,Final
LDGIAXBURJTT,EMP00096,BL-PLAN-08,Bereavement Leave,2023-Q3,2.75,8.73,3.13,2.67,11.02,25,2023-10-10,EMP00011,Revised
LDGYTWFNL0K6,EMP00209,ML-PLAN-04,Maternity Leave,INVALID-PERIOD,3.88,2.83,1.96,-2.17,2.58,18,2024-07-08,EMP00004,Final
LDG8UONLSJIV,EMP00761,UL-PLAN-07,Unpaid Leave,2025-Q1,16.52,4.29,5.41,-2.63,38.0,21,2024-06-06,EMP00007,Revised
LDGQWIESC3EH,EMP00342,PL-PLAN-05,Paternity Leave,2023-Q1,19.92,6.6,7.26,0.34,19.6,15,2024-12-13,EMP00025,Final
LDG95AU4Q7M0,EMP00282,UL-PLAN-07,Unpaid Leave,2024-Q4,8.66,1.48,2.12,-0.65,7.37,15,2025-03-29,EMP00012,Draft
LDGTD4QZGMIL,EMP00582,PL-PLAN-05,Paternity Leave,2025-Q1,0.17,6.74,0.49,1.6,8.02,18,2023-03-07,EMP00039,Draft
LDG7ZE00EJBI,,SL-PLAN-02,Sick Leave,2023-Q2,9.82,6.3,9.26,1.44,8.3,30,2024-06-18,EMP00011,Final
LDGR9OGROMRR,EMP00627,PL-PLAN-05,Paternity Leave,2025-Q1,10.77,8.54,15.74,-2.36,1.21,20,2023-11-29,EMP00040,Final
LDGR12F7UM2S,EMP00050,CO-PLAN-06,Compensatory Off,2023-Q2,0.43,9.94,7.09,1.81,5.09,18,2023-05-25,EMP00028,Revised
LDGNQH1JVO4M,EMP00508,PL-PLAN-05,Paternity Leave,2024-Q4,13.52,2.06,8.37,-2.56,4.65,30,2025-06-04,EMP00019,Final
LDGHMTR1I4MN,EMP00589,BL-PLAN-08,Bereavement Leave,2024-Q2,4.26,1.37,2.26,0.62,3.99,20,2023-11-06,EMP00037,Final
LDG585X3WJZJ,EMP00475,BL-PLAN-08,Bereavement Leave,2023-Q1,,9.77,13.39,-1.89,-19.82,20,2023-07-04,EMP00004,Final
LDGUCH4GZN5U,EMP00743,ML-PLAN-04,Maternity Leave,2024-Q1,20.56,-5.0,15.06,2.96,14.5,15,2023-09-04,EMP00030,Final
LDGMBZH7XD9B,EMP00725,UL-PLAN-07,Unpaid Leave,2023-Q4,16.34,3.28,18.26,-1.52,-0.16,15,2025-02-16,EMP00014,Final
LDGZ884R3UA6,EMP00455,UL-PLAN-07,Unpaid Leave,2024-Q2,13.01,1.45,6.33,1.15,9.28,21,2023-10-06,EMP00021,Revised
LDGHFTRGIF6L,EMP00532,AL-PLAN-01,Annual Leave,2023-Q2,0.28,6.7,0.13,-0.71,6.14,21,2024-02-19,EMP00040,Final
LDGB6BFY58T8,EMP00364,ML-PLAN-04,Maternity Leave,2023-Q3,2.66,9.36,5.82,2.95,9.15,20,2024-08-07,EMP00017,Final
LDGV1SD00WWL,EMP00309,UL-PLAN-07,Unpaid Leave,2024-Q4,21.07,9.71,22.29,0.38,8.87,30,2023-09-06,EMP00021,Draft
LDGZD75ERRW2,EMP00028,AL-PLAN-01,Annual Leave,2025-Q1,5.71,3.95,8.67,-0.21,0.78,20,2023-07-13,EMP00026,Draft
LDGL92Y576N4,,PL-PLAN-05,Paternity Leave,2025-Q1,21.36,1.5,20.34,0.82,3.34,18,2023-01-20,EMP00034,Final
LDGP4ORB6CRP,EMP00052,ML-PLAN-04,Maternity Leave,2023-Q2,18.61,1.6,1.56,-2.78,-16.869999999999997,21,2024-02-09,EMP00008,Revised
LDG3R8QRMNY6,EMP00744,UL-PLAN-07,Unpaid Leave,2024-Q1,6.72,2.47,6.47,2.36,5.08,25,2025-03-15,EMP00001,Final
LDGHGXI147RI,EMP00078,SL-PLAN-02,Sick Leave,2024-Q4,11.05,2.48,0.39,-2.82,10.32,25,2023-03-25,EMP00030,Draft
LDGQGDFNRIME,EMP00709,CL-PLAN-03,Casual Leave,2025-Q1,5.01,5.53,5.12,-1.56,37.0,20,2023-03-14,EMP00014,Revised
LDGRVEK9IJ0G,EMP00749,ML-PLAN-04,Maternity Leave,2023-Q1,24.02,7.04,8.05,1.75,24.76,30,2025-06-07,EMP00026,Draft
LDG8DGTFGM11,EMP00054,CL-PLAN-03,Casual Leave,2024-Q1,11.76,3.62,12.78,1.52,4.12,25,2025-02-08,EMP00010,Draft
LDG4FIP6ZRIG,EMP00594,UL-PLAN-07,Unpaid Leave,INVALID-PERIOD,16.55,4.22,40.769999999999996,-2.53,3.0,18,2023-10-04,EMP00008,Revised
LDGBNI8QMLVF,EMP00162,UL-PLAN-07,Unpaid Leave,2024-Q2,2.62,4.02,4.54,1.83,3.93,18,2023-02-12,EMP00012,Final
LDGEDJQLE7J2,EMP00650,ML-PLAN-04,Maternity Leave,2024-Q1,11.02,3.36,13.03,-1.27,0.08,21,2024-05-29,EMP00018,Final
LDGCH97ILTQR,EMP00422,SL-PLAN-02,Sick Leave,2023-Q1,8.21,-5.0,7.31,-1.93,-6.81,25,2023-08-19,EMP00007,Draft
LDGY8DH02AMO,EMP00132,UL-PLAN-07,Unpaid Leave,2024-Q4,16.24,1.6,4.6,0.05,13.29,18,2023-10-02,EMP00033,Final
LDG90L3JRXVE,EMP00075,UL-PLAN-07,Unpaid Leave,2024-Q3,5.18,8.21,0.15,-0.82,12.42,25,2024-11-12,EMP00004,Draft
LDGA1OEI7PR5,,SL-PLAN-02,Sick Leave,2023-Q4,6.39,3.54,7.62,1.82,4.13,18,2023-09-22,EMP00035,Draft
LDGESD0XARMC,EMP00756,SL-PLAN-02,Sick Leave,2023-Q1,2.29,0.57,0.4,-1.5,0.96,15,2025-02-10,EMP00013,Final
LDG1ROOQG60Q,EMP00357,CO-PLAN-06,Compensatory Off,2023-Q1,15.2,0.12,10.53,1.78,6.57,18,2023-01-05,EMP00020,Final
LDG2BB7ZEXQ5,EMP00356,CO-PLAN-06,Compensatory Off,2023-Q1,15.91,4.27,13.64,1.53,8.07,30,2023-10-29,EMP00014,Final
LDGI68FHSZ7M,EMP00756,UL-PLAN-07,Unpaid Leave,2023-Q3,22.01,9.25,10.18,1.84,22.92,20,2024-07-02,EMP00039,Final
LDG4QOLQZBV7,EMP00681,AL-PLAN-01,Annual Leave,2024-Q3,20.66,2.24,12.55,0.14,10.49,15,2024-10-19,EMP00010,Draft
LDGWL0LUIYBJ,EMP00311,BL-PLAN-08,Bereavement Leave,2024-Q2,1.12,8.86,3.31,-1.09,-6.58,25,2024-08-16,EMP00045,Final
LDGBB8IQA4X2,EMP00495,PL-PLAN-05,Paternity Leave,2023-Q1,5.95,8.61,11.21,-2.83,0.52,21,2023-08-23,EMP00038,Draft
LDG2O1UN3AR5,EMP00050,CO-PLAN-06,Compensatory Off,2023-Q2,5.74,0.83,3.1,0.23,3.7,25,2024-06-24,EMP00007,Final
LDG5DWEOOWYA,EMP00642,CO-PLAN-06,Compensatory Off,2023-Q3,3.08,2.2,3.46,-1.93,-0.11,20,2023-10-08,EMP00010,Revised
LDGJQ7D82EPZ,EMP00381,BL-PLAN-08,Bereavement Leave,2024-Q3,5.57,1.52,5.58,-2.71,-1.2,30,2024-05-20,EMP00012,Final
LDGSQ28A5L5M,EMP00482,PL-PLAN-05,Paternity Leave,2024-Q4,4.07,5.58,3.76,2.67,8.56,30,2023-07-02,EMP00022,Final
LDG6JPX1SD6G,EMP00337,AL-PLAN-01,Annual Leave,2024-Q4,21.66,9.87,0.97,1.03,39.0,25,2025-01-29,EMP00002,Final
LDGCBQ3Q29AR,,AL-PLAN-01,Annual Leave,2024-Q4,5.8,8.06,11.74,-1.45,0.67,21,2023-03-08,EMP00010,Final
LDGPSRCY342Q,EMP00478,BL-PLAN-08,Bereavement Leave,2025-Q1,24.79,-5.0,9.21,-1.07,21.61,15,2023-10-14,EMP00003,Final
LDG4P2WKVD3D,EMP00539,PL-PLAN-05,Paternity Leave,2023-Q1,23.01,6.79,12.32,-2.51,-15.97,21,2023-11-18,EMP00022,Final
LDGBI7BL8F4A,EMP00410,CL-PLAN-03,Casual Leave,2024-Q1,6.6,5.88,0.37,1.21,13.32,30,2023-03-05,EMP00004,Draft
LDGBH0NHAEM7,EMP00466,PL-PLAN-05,Paternity Leave,2024-Q3,1.73,3.22,0.84,1.72,5.83,25,2024-01-14,EMP00008,Revised
LDGKYXISNGUW,EMP00387,AL-PLAN-01,Annual Leave,2024-Q3,18.91,2.95,20.82,-0.79,0.25,21,2023-04-05,EMP00013,Final
LDGWRW9ZE271,EMP00400,AL-PLAN-01,Annual Leave,INVALID-PERIOD,13.78,2.26,10.15,2.51,8.4,18,2023-02-14,EMP00021,Final
LDGV799T2L2U,EMP00036,PL-PLAN-05,Paternity Leave,2023-Q3,7.14,1.62,6.32,-1.5,0.94,25,2023-06-03,EMP00048,Final
LDG6OEZFZOBV,EMP00239,CL-PLAN-03,Casual Leave,2025-Q1,23.77,2.06,19.21,-2.58,4.04,18,2023-05-13,EMP00013,Draft
LDG6LIJ72AIW,EMP00448,ML-PLAN-04,Maternity Leave,2025-Q1,10.39,6.37,16.55,0.45,0.66,18,2023-02-08,EMP00045,Draft
LDGQ1XCTWQ06,EMP00612,AL-PLAN-01,Annual Leave,2024-Q3,18.24,5.15,9.61,1.65,15.43,15,2025-05-01,EMP00007,Revised
LDGBP1301YBK,EMP00434,CL-PLAN-03,Casual Leave,2024-Q3,,9.79,48.980000000000004,-1.67,-22.3,25,2025-05-21,EMP00044,Final
LDGXDZ183026,EMP00565,CL-PLAN-03,Casual Leave,2024-Q4,14.92,4.32,5.74,0.04,13.54,30,2024-05-23,EMP00018,Final
LDG4LBSN4GC7,,BL-PLAN-08,Bereavement Leave,2023-Q1,2.96,9.68,4.74,-0.69,7.21,20,2024-09-28,EMP00024,Final
LDGYI0OU3R9E,EMP00281,CO-PLAN-06,Compensatory Off,2024-Q4,4.51,5.42,4.57,2.91,8.27,21,2024-07-12,EMP00042,Final
LDG483ACJT5H,EMP00210,ML-PLAN-04,Maternity Leave,2023-Q1,19.12,8.07,2.22,-0.36,24.61,25,2023-10-27,EMP00042,Final
LDGUV2CJAP9Y,EMP00413,ML-PLAN-04,Maternity Leave,2023-Q1,16.58,9.77,14.08,-1.4,10.87,30,2023-07-04,EMP00040,Draft
LDGPKUDCJ2CZ,EMP00286,SL-PLAN-02,Sick Leave,2023-Q4,6.89,1.42,0.49,1.22,9.04,18,2024-07-04,EMP00007,Final
LDGHOW8HDTZ1,EMP00290,PL-PLAN-05,Paternity Leave,2024-Q2,20.28,-5.0,22.36,0.61,8.36,20,2024-06-09,EMP00025,Draft
LDGSGAUBET17,EMP00169,CO-PLAN-06,Compensatory Off,2024-Q3,1.79,5.68,2.32,2.28,7.43,21,2024-09-27,EMP00005,Final
LDG26M04KY89,EMP00669,PL-PLAN-05,Paternity Leave,2023-Q3,18.47,6.22,20.35,-0.51,38.0,25,2024-11-12,EMP00011,Final
LDGWUC8B214T,EMP00337,CL-PLAN-03,Casual Leave,2024-Q2,17.06,0.95,15.05,-1.02,1.94,18,2023-12-28,EMP00011,Final
LDGT09OA3R29,EMP00629,PL-PLAN-05,Paternity Leave,2023-Q1,2.47,4.46,4.24,1.37,4.06,18,2024-06-22,EMP00003,Final
LDG4561XTAFR,EMP00376,CO-PLAN-06,Compensatory Off,2024-Q2,7.17,9.44,13.21,-1.62,1.78,25,2023-03-17,EMP00008,Revised
LDGD8DGOO2MY,EMP00715,PL-PLAN-05,Paternity Leave,2023-Q3,3.43,6.48,6.99,2.62,5.54,21,2024-06-28,EMP00042,Final
LDGRAEIM6G59,EMP00230,CO-PLAN-06,Compensatory Off,2025-Q1,3.19,9.27,4.1,0.89,9.25,21,2024-10-11,EMP00042,Final
LDGYXM4TPBCO,,ML-PLAN-04,Maternity Leave,2024-Q1,10.22,9.85,5.19,-2.66,12.22,18,2024-11-28,EMP00024,Final
LDG2UXKR0D5H,EMP00708,CL-PLAN-03,Casual Leave,2024-Q1,11.3,6.32,3.21,0.38,14.79,25,2023-10-31,EMP00036,Final
LDG5IZ35EMLJ,EMP00508,AL-PLAN-01,Annual Leave,2023-Q1,10.11,3.13,3.4,-1.79,8.05,30,2023-06-13,EMP00033,Final
LDGHAYAQTI00,EMP00504,CL-PLAN-03,Casual Leave,2025-Q1,14.09,4.64,8.13,0.05,-11.65,20,2023-05-21,EMP00044,Final
LDGBBD86UT0Q,EMP00092,SL-PLAN-02,Sick Leave,2024-Q2,8.69,3.1,10.56,0.59,1.82,15,2024-05-03,EMP00013,Final
LDGXSWF9Z1W0,EMP00395,CO-PLAN-06,Compensatory Off,INVALID-PERIOD,18.4,2.24,11.32,0.22,9.54,15,2024-04-11,EMP00010,Draft
LDG2E3PCBIGO,EMP00471,AL-PLAN-01,Annual Leave,2023-Q2,21.75,3.13,1.62,0.59,23.85,25,2025-01-01,EMP00033,Revised
LDGEQCZYY73B,EMP00521,BL-PLAN-08,Bereavement Leave,2024-Q4,21.1,2.42,9.95,-1.13,12.44,21,2023-02-07,EMP00008,Final
LDG82XRVI9CX,EMP00549,AL-PLAN-01,Annual Leave,2024-Q1,12.19,3.99,11.9,-2.57,1.71,15,2025-05-18,EMP00004,Draft
LDGOT1MCMVLE,EMP00710,CO-PLAN-06,Compensatory Off,2023-Q2,24.78,-5.0,19.24,2.98,9.42,18,2024-05-12,EMP00027,Revised
LDGXV2HNBSF1,EMP00646,ML-PLAN-04,Maternity Leave,2023-Q1,20.18,3.38,14.13,-1.86,7.57,21,2025-01-27,EMP00036,Final
LDGKMUMHGT4A,EMP00298,AL-PLAN-01,Annual Leave,2024-Q1,10.08,4.7,12.21,-2.34,0.23,20,2024-05-25,EMP00037,Final
LDGV19JCD9MG,EMP00278,CL-PLAN-03,Casual Leave,2023-Q4,7.63,1.15,1.29,-0.98,-7.51,18,2024-02-04,EMP00047,Draft
LDGIAHBGZF3K,,SL-PLAN-02,Sick Leave,2023-Q4,3.22,8.06,8.23,0.79,3.84,30,2023-06-23,EMP00045,Final
LDGH4L0PINJK,EMP00280,ML-PLAN-04,Maternity Leave,2023-Q2,20.89,0.63,13.0,-0.9,7.62,20,2023-12-31,EMP00016,Final
LDG0NUSZFYFU,EMP00558,BL-PLAN-08,Bereavement Leave,2024-Q4,18.65,9.36,48.01,0.25,55.0,25,2025-04-27,EMP00038,Revised
LDGH6HAFDIDZ,EMP00143,PL-PLAN-05,Paternity Leave,2023-Q2,23.31,3.95,10.42,-2.93,13.91,25,2024-07-23,EMP00023,Draft
LDGBT9MGZ8I1,EMP00006,CO-PLAN-06,Compensatory Off,2023-Q2,20.63,8.0,11.87,2.42,19.18,25,2024-08-22,EMP00045,Final
LDG7GJFNSGKB,EMP00197,ML-PLAN-04,Maternity Leave,2023-Q4,13.7,7.36,14.5,-1.65,4.91,21,2023-12-22,EMP00036,Draft
LDGJNNMRU1LW,EMP00457,CO-PLAN-06,Compensatory Off,2023-Q4,15.94,2.9,18.11,0.05,0.78,18,2023-06-10,EMP00008,Final
LDGTSF8V8NTR,EMP00280,CO-PLAN-06,Compensatory Off,2023-Q2,17.02,9.15,16.16,2.92,12.93,30,2025-01-14,EMP00024,Final
LDGX3YP9PGJ3,EMP00568,ML-PLAN-04,Maternity Leave,2024-Q3,7.83,5.73,6.66,1.09,-8.99,25,2024-02-06,EMP00033,Final
LDGJQLKZFF87,EMP00209,ML-PLAN-04,Maternity Leave,2023-Q2,23.07,4.21,19.28,-0.46,7.54,18,2024-02-10,EMP00012,Final
LDGXI1PAYDQ9,EMP00058,SL-PLAN-02,Sick Leave,2023-Q4,0.93,0.69,0.09,0.83,2.36,15,2023-02-24,EMP00041,Final
LDG2RYEG6GIF,EMP00241,BL-PLAN-08,Bereavement Leave,2024-Q1,15.13,1.84,13.61,-2.26,1.1,18,2024-08-26,EMP00019,Final
LDGGHS1W618Z,EMP00590,SL-PLAN-02,Sick Leave,2023-Q2,19.25,8.77,4.48,-3.0,20.54,21,2024-01-05,EMP00007,Revised
LDGOW5VYWZFW,,ML-PLAN-04,Maternity Leave,2023-Q1,4.78,-5.0,0.3,-0.33,5.28,25,2023-05-02,EMP00013,Final
LDGAIBRIHXPM,EMP00096,CL-PLAN-03,Casual Leave,2023-Q1,22.43,9.32,11.58,-1.24,18.93,15,2023-06-09,EMP00020,Final
LDG3377F57JF,EMP00524,SL-PLAN-02,Sick Leave,2023-Q2,24.52,3.25,18.3,2.94,12.41,20,2023-08-29,EMP00026,Final
LDGB01PGGJL4,EMP00540,UL-PLAN-07,Unpaid Leave,2024-Q4,4.62,7.62,5.44,0.58,7.38,30,2024-09-30,EMP00015,Final
LDGJ0BZAESTF,EMP00422,SL-PLAN-02,Sick Leave,INVALID-PERIOD,,4.67,7.52,-2.67,-2.6399999999999997,20,2025-03-28,EMP00048,Draft
LDG4Z50V66OM,EMP00445,ML-PLAN-04,Maternity Leave,2025-Q1,8.42,0.6,2.5,1.03,7.55,18,2024-03-29,EMP00031,Draft
LDGM2288BGSY,EMP00419,BL-PLAN-08,Bereavement Leave,2024-Q3,5.38,0.09,0.92,-0.73,3.82,30,2024-04-25,EMP00040,Draft
LDG3EPABK8VL,EMP00123,UL-PLAN-07,Unpaid Leave,2023-Q1,17.21,5.1,3.01,-2.94,16.36,25,2023-12-13,EMP00012,Final
LDG3ODR6LT9C,EMP00215,AL-PLAN-01,Annual Leave,2025-Q1,24.89,0.86,22.91,0.04,2.88,18,2023-06-11,EMP00025,Draft
LDGSP1LBTTNU,EMP00146,AL-PLAN-01,Annual Leave,2023-Q4,20.61,8.83,27.15,3.0,5.29,30,2024-07-16,EMP00049,Final
LDG3NJL6H5N2,EMP00019,PL-PLAN-05,Paternity Leave,2025-Q1,21.6,2.94,4.95,1.86,47.0,30,2024-09-27,EMP00022,Final
LDGGHWPTL0G5,EMP00219,ML-PLAN-04,Maternity Leave,2024-Q3,10.41,3.15,7.05,-1.63,4.88,25,2025-05-08,EMP00021,Final
LDG3J3840I0P,EMP00565,CO-PLAN-06,Compensatory Off,2025-Q1,18.79,3.15,6.14,2.25,18.05,18,2024-05-16,EMP00011,Final
LDG315WRB5YX,,PL-PLAN-05,Paternity Leave,2023-Q4,13.22,7.61,14.48,-2.03,-5.32,21,2025-04-08,EMP00028,Final
LDGV4WZUE5PO,EMP00560,CL-PLAN-03,Casual Leave,2024-Q4,15.5,8.78,11.06,2.85,16.07,30,2023-07-26,EMP00013,Draft
LDGQ4MQXCBKG,EMP00391,SL-PLAN-02,Sick Leave,2023-Q3,23.42,3.82,3.91,1.25,24.58,20,2023-01-11,EMP00044,Final
LDGMOB7Y8WCI,EMP00436,CL-PLAN-03,Casual Leave,2023-Q4,15.39,0.55,6.47,2.93,12.4,15,2024-06-05,EMP00038,Final
LDGPDGUPK3AR,EMP00104,SL-PLAN-02,Sick Leave,2024-Q2,15.71,-5.0,18.08,1.26,5.74,21,2025-06-21,EMP00009,Draft
LDGTB0WBY1G6,EMP00246,CO-PLAN-06,Compensatory Off,2024-Q2,9.05,9.97,0.33,-2.18,16.51,21,2023-07-06,EMP00032,Final
LDGM2FNYUM8W,EMP00454,PL-PLAN-05,Paternity Leave,2024-Q3,12.97,3.28,36.25,-1.83,4.56,25,2024-06-30,EMP00027,Draft
LDGZ3IUY1BAH,EMP00671,UL-PLAN-07,Unpaid Leave,2023-Q1,18.3,7.36,8.94,2.44,19.16,25,2023-04-03,EMP00023,Final
LDGYMYMA5LTN,EMP00685,CL-PLAN-03,Casual Leave,2023-Q4,14.05,6.62,6.26,-0.05,14.36,21,2024-11-13,EMP00021,Final
LDG01B9M2XSJ,EMP00456,AL-PLAN-01,Annual Leave,2025-Q1,9.81,0.56,0.92,0.96,-11.41,30,2023-04-15,EMP00014,Final
LDGKKHHNFLTR,EMP00482,ML-PLAN-04,Maternity Leave,2023-Q1,24.3,2.99,17.41,-0.89,8.99,25,2025-06-22,EMP00027,Final
LDG7VZ6SLZGO,EMP00605,CO-PLAN-06,Compensatory Off,2023-Q1,20.36,5.09,2.44,-1.5,21.51,20,2024-07-04,EMP00039,Final
LDG5K11C95BG,EMP00297,CL-PLAN-03,Casual Leave,2023-Q2,12.26,0.11,4.41,-0.86,7.1,21,2023-05-17,EMP00036,Draft
LDGI35SNJLTJ,,CO-PLAN-06,Compensatory Off,2023-Q4,4.63,0.45,4.01,-2.32,-1.25,21,2023-02-21,EMP00040,Final
LDG9XYZXV0UP,EMP00387,AL-PLAN-01,Annual Leave,2024-Q2,20.32,3.98,9.64,2.96,17.62,21,2023-06-06,EMP00041,Revised
LDGSC6MNBB5A,EMP00581,PL-PLAN-05,Paternity Leave,2024-Q4,17.26,3.77,9.02,-0.64,11.37,15,2025-04-22,EMP00017,Final
LDG3TKIGPTRU,EMP00600,CL-PLAN-03,Casual Leave,INVALID-PERIOD,2.69,6.28,7.29,1.61,3.29,20,2023-02-12,EMP00043,Final
LDGSBMFQQGFO,EMP00719,CO-PLAN-06,Compensatory Off,2024-Q1,10.66,2.06,12.43,0.85,1.14,30,2024-11-13,EMP00003,Revised
LDGAZUFELO8U,EMP00033,SL-PLAN-02,Sick Leave,2023-Q2,8.51,1.15,3.75,-2.77,36.0,20,2025-04-29,EMP00011,Final
LDGO4BGKH4WV,EMP00023,BL-PLAN-08,Bereavement Leave,2024-Q4,14.55,1.23,12.78,1.01,4.01,25,2023-02-23,EMP00023,Final
LDG0RFKABCKY,EMP00108,ML-PLAN-04,Maternity Leave,2025-Q1,23.97,1.57,0.74,-0.05,24.75,15,2024-12-29,EMP00006,Final
LDGWZ9QGHX3J,EMP00422,AL-PLAN-01,Annual Leave,2024-Q1,10.29,-5.0,12.36,-2.4,1.13,30,2023-07-04,EMP00012,Final
LDGXCF4RGBFJ,EMP00497,CL-PLAN-03,Casual Leave,2023-Q2,4.33,1.38,5.64,-1.69,-1.62,20,2024-10-01,EMP00047,Final
LDG0JVW5ENWF,EMP00169,CL-PLAN-03,Casual Leave,2024-Q1,3.88,5.83,3.91,1.99,7.79,20,2024-10-12,EMP00043,Draft
LDGUUHSR9TZF,EMP00713,AL-PLAN-01,Annual Leave,2023-Q1,7.02,0.73,3.49,1.8,6.06,15,2023-11-19,EMP00003,Revised
LDGJT2KGBQ0U,EMP00597,ML-PLAN-04,Maternity Leave,2024-Q2,3.19,9.15,7.79,-2.4,2.15,18,2023-08-18,EMP00010,Draft
LDG9Y5EIST4W,,SL-PLAN-02,Sick Leave,2023-Q1,19.9,4.84,10.69,-1.69,12.36,20,2023-12-17,EMP00035,Final
LDG7YFPA84AU,EMP00164,PL-PLAN-05,Paternity Leave,2024-Q2,13.34,0.68,5.87,2.89,-12.04,25,2024-01-23,EMP00010,Revised
LDGW1GIYR1JC,EMP00351,SL-PLAN-02,Sick Leave,2023-Q4,18.75,4.49,4.26,2.39,21.37,15,2024-06-05,EMP00034,Final
LDGHJWUOAM3V,EMP00459,SL-PLAN-02,Sick Leave,2024-Q3,10.72,2.61,7.71,0.55,6.17,25,2025-01-24,EMP00026,Final
LDGXC7Z2ZYYO,EMP00105,PL-PLAN-05,Paternity Leave,2024-Q4,17.95,9.81,3.37,1.24,25.63,30,2023-06-18,EMP00014,Final
LDGG6BRFMF9X,EMP00461,CL-PLAN-03,Casual Leave,2024-Q1,19.76,6.54,10.12,-2.09,14.09,18,2023-01-21,EMP00015,Revised
LDGN6P5H65WZ,EMP00497,AL-PLAN-01,Annual Leave,2024-Q2,23.68,6.48,26.07,-1.71,2.38,25,2025-03-19,EMP00011,Final
LDG6HK93P3D3,EMP00261,CL-PLAN-03,Casual Leave,2025-Q1,10.82,8.07,7.93,-2.23,8.73,30,2023-10-15,EMP00006,Final
LDGKAOBYTHCK,EMP00567,SL-PLAN-02,Sick Leave,2024-Q1,20.49,3.27,7.25,-0.26,16.25,18,2023-04-26,EMP00006,Final
LDG0RO16OWWM,EMP00402,ML-PLAN-04,Maternity Leave,2024-Q1,19.54,6.65,17.86,0.32,8.65,25,2024-06-13,EMP00015,Final
LDGHR92EJRBN,EMP00330,UL-PLAN-07,Unpaid Leave,2025-Q1,,3.16,36.769999999999996,2.41,-15.22,18,2024-08-16,EMP00034,Revised
LDGVOVFJ2DX0,EMP00367,AL-PLAN-01,Annual Leave,2024-Q4,24.64,5.46,16.09,-2.48,11.53,18,2023-03-09,EMP00021,Final
LDGHVTY6TKTW,EMP00738,CL-PLAN-03,Casual Leave,2024-Q4,6.19,-5.0,10.02,-0.23,1.1,21,2025-03-11,EMP00049,Revised
LDG97A88MH2Z,,PL-PLAN-05,Paternity Leave,2024-Q1,12.02,7.4,7.12,1.27,31.0,18,2024-03-11,EMP00045,Revised
LDGI4E6LRI8V,EMP00048,CO-PLAN-06,Compensatory Off,2024-Q2,3.6,4.1,2.67,0.7,5.73,21,2025-04-06,EMP00023,Revised
LDGDQI14ASV1,EMP00307,ML-PLAN-04,Maternity Leave,INVALID-PERIOD,15.62,1.65,7.72,-1.41,8.14,25,2024-04-04,EMP00025,Final
LDGTELKQAYJX,EMP00735,CL-PLAN-03,Casual Leave,2024-Q4,9.45,3.26,11.52,-0.52,0.67,15,2024-09-07,EMP00017,Revised
LDGPUOYIOORH,EMP00732,PL-PLAN-05,Paternity Leave,2024-Q4,3.71,5.63,8.49,0.6,1.45,15,2023-09-23,EMP00003,Draft
LDGSWTFB61Z8,EMP00575,ML-PLAN-04,Maternity Leave,2023-Q3,18.36,3.86,2.79,-2.22,17.21,25,2023-03-18,EMP00024,Revised
LDG8YFF5BAFL,EMP00704,AL-PLAN-01,Annual Leave,2024-Q2,18.74,3.34,3.28,-0.2,-19.6,15,2023-09-01,EMP00001,Final
LDGSRTGKV6YB,EMP00656,PL-PLAN-05,Paternity Leave,2023-Q1,2.83,2.4,4.19,-2.79,-1.75,18,2024-07-12,EMP00048,Revised
LDGFME6LSP0J,EMP00411,PL-PLAN-05,Paternity Leave,2024-Q3,21.88,8.9,6.04,1.48,26.22,18,2023-01-17,EMP00014,Draft
LDGKZCQAF17L,EMP00003,CO-PLAN-06,Compensatory Off,2024-Q3,12.36,5.04,15.43,1.81,3.78,15,2024-12-05,EMP00033,Draft
LDG1EGIA9227,EMP00150,ML-PLAN-04,Maternity Leave,2023-Q1,3.22,8.44,9.76,2.23,4.13,30,2024-07-11,EMP00010,Final
LDGDB9VX6Y7P,EMP00702,UL-PLAN-07,Unpaid Leave,2025-Q1,6.19,3.63,3.7,-2.03,4.09,25,2023-12-01,EMP00049,Final
LDGFXNF1CUY3,EMP00223,PL-PLAN-05,Paternity Leave,2024-Q3,5.25,5.26,4.72,-2.73,3.06,18,2024-08-30,EMP00011,Final
LDGSKXFMQC4F,,AL-PLAN-01,Annual Leave,2024-Q2,13.04,1.32,3.83,0.52,11.05,20,2024-10-29,EMP00044,Final
LDGAULI7AM73,EMP00664,SL-PLAN-02,Sick Leave,2024-Q1,13.14,4.32,10.13,-2.9,4.43,15,2025-04-06,EMP00041,Final
LDGFHSIIA3LU,EMP00652,ML-PLAN-04,Maternity Leave,2023-Q3,12.96,1.54,1.87,2.83,-16.46,30,2025-05-15,EMP00029,Draft
LDGYR1YRIC4Z,EMP00189,BL-PLAN-08,Bereavement Leave,2023-Q3,13.04,-5.0,5.87,-0.56,13.47,15,2024-12-15,EMP00015,Final
LDG3O5HNRC81,EMP00193,BL-PLAN-08,Bereavement Leave,2024-Q1,14.06,6.57,14.64,-2.33,3.66,30,2023-07-08,EMP00050,Draft
LDG6UO0BECB7,EMP00305,PL-PLAN-05,Paternity Leave,2024-Q4,16.57,4.22,2.18,-1.98,16.63,25,2024-11-12,EMP00046,Final
LDGETG1EQDJZ,EMP00612,CL-PLAN-03,Casual Leave,2025-Q1,23.41,8.36,28.04,1.77,5.5,20,2025-06-28,EMP00038,Final
LDG57H1G82MS,EMP00332,AL-PLAN-01,Annual Leave,2023-Q1,19.55,3.24,1.48,1.58,22.89,15,2023-01-31,EMP00048,Final
LDGKELXHZJVQ,EMP00428,CL-PLAN-03,Casual Leave,2025-Q1,3.13,7.44,6.95,-0.33,52.0,30,2025-02-09,EMP00025,Final
LDGT7T7CVGF1,EMP00432,SL-PLAN-02,Sick Leave,2024-Q2,5.48,5.8,8.91,2.4,4.77,25,2024-09-13,EMP00026,Revised
LDGPEVABJ52B,EMP00178,BL-PLAN-08,Bereavement Leave,2024-Q2,17.41,7.05,9.8,0.86,15.52,18,2025-04-25,EMP00032,Revised
LDG6L1GRV3UN,EMP00417,CL-PLAN-03,Casual Leave,2025-Q1,11.73,3.76,15.08,0.01,-1.42,21,2025-01-05,EMP00028,Draft
LDGZRSFKWUKV,EMP00385,UL-PLAN-07,Unpaid Leave,2023-Q1,19.06,8.69,8.94,-1.42,17.39,15,2023-10-22,EMP00015,Final
LDGTW1HGRFIH,,CL-PLAN-03,Casual Leave,2024-Q1,22.45,3.31,11.39,0.87,15.24,15,2023-07-22,EMP00048,Revised
LDGHZ556CEOB,EMP00765,SL-PLAN-02,Sick Leave,INVALID-PERIOD,17.4,0.88,38.28,-1.9,6.66,18,2023-09-19,EMP00042,Final
LDGJUD361YHT,EMP00557,PL-PLAN-05,Paternity Leave,2023-Q2,1.69,4.32,4.75,-2.69,-1.43,30,2023-03-29,EMP00030,Final
LDG8L36I8YTK,EMP00405,CO-PLAN-06,Compensatory Off,2023-Q4,12.09,7.9,17.12,-0.02,2.85,18,2024-03-20,EMP00010,Final
LDG1XUD677CE,EMP00238,AL-PLAN-01,Annual Leave,2023-Q1,8.93,0.85,1.02,-1.38,7.38,21,2024-07-07,EMP00046,Draft
LDGTWRW9TWDN,EMP00266,CL-PLAN-03,Casual Leave,2024-Q1,14.26,3.29,2.22,-2.67,12.66,15,2023-05-30,EMP00005,Final
LDGRR85DK3BN,EMP00063,UL-PLAN-07,Unpaid Leave,2024-Q3,21.39,9.43,9.08,-0.22,21.52,25,2023-10-13,EMP00014,Draft
LDGEA6E82038,EMP00109,PL-PLAN-05,Paternity Leave,2023-Q4,20.14,-5.0,7.22,-2.74,-19.48,15,2023-09-17,EMP00006,Revised
LDGSJA95N2AZ,EMP00215,UL-PLAN-07,Unpaid Leave,2025-Q1,3.26,2.26,4.61,-0.79,0.12,15,2024-06-01,EMP00028,Draft
LDGBEUD2AA3B,EMP00612,AL-PLAN-01,Annual Leave,2024-Q2,0.83,1.64,0.74,2.57,4.3,18,2024-05-19,EMP00032,Final
LDG7EA4I8PKL,EMP00194,BL-PLAN-08,Bereavement Leave,2024-Q3,21.28,5.94,21.56,-2.64,3.02,20,2024-10-16,EMP00010,Draft
LDGGSEL1D4F4,EMP00456,UL-PLAN-07,Unpaid Leave,2024-Q3,0.35,5.71,2.87,0.01,3.2,15,2023-08-26,EMP00003,Final
LDGX7N3N6S2F,EMP00528,SL-PLAN-02,Sick Leave,2024-Q3,23.2,8.37,11.72,-1.5,18.35,15,2024-03-24,EMP00041,Final
LDGESPPNJXB2,,ML-PLAN-04,Maternity Leave,2024-Q1,1.8,7.85,0.8,-0.83,8.02,30,2024-09-30,EMP00008,Revised
LDGI6RPTGO3R,EMP00081,CL-PLAN-03,Casual Leave,2023-Q4,4.28,0.08,1.12,-2.43,0.81,20,2024-11-01,EMP00049,Final
LDGO4YORQ1LB,EMP00043,PL-PLAN-05,Paternity Leave,2025-Q1,15.39,5.61,15.96,2.34,7.38,20,2024-09-15,EMP00027,Final
LDGCZ68C9HXF,EMP00695,UL-PLAN-07,Unpaid Leave,2024-Q1,,9.02,14.95,0.9,34.0,20,2023-07-20,EMP00040,Draft
LDGJEJV0D8ZA,EMP00634,CO-PLAN-06,Compensatory Off,2023-Q1,16.91,1.97,11.77,-0.34,6.77,25,2023-05-10,EMP00031,Final
LDGEEIX2FZ50,EMP00476,AL-PLAN-01,Annual Leave,2023-Q3,12.85,7.74,1.74,2.8,21.65,15,2023-01-31,EMP00016,Revised
LDG5S6M5KP4M,EMP00544,CL-PLAN-03,Casual Leave,2024-Q3,7.51,5.37,11.55,-0.43,0.9,30,2024-11-07,EMP00039,Final
LDG8YBIRTNI3,EMP00155,SL-PLAN-02,Sick Leave,2023-Q2,17.44,3.73,5.29,0.97,16.85,25,2024-06-20,EMP00019,Final
LDGRJATND2I4,EMP00221,ML-PLAN-04,Maternity Leave,2023-Q1,1.78,8.82,3.8,2.47,9.27,30,2024-10-10,EMP00023,Final
LDGBREVSGK1Y,EMP00645,UL-PLAN-07,Unpaid Leave,2023-Q2,16.57,5.89,4.17,-0.86,17.43,30,2025-04-23,EMP00039,Final
LDG4KFJZNIFO,EMP00059,AL-PLAN-01,Annual Leave,2024-Q3,6.16,8.46,4.4,-0.51,9.71,30,2024-09-18,EMP00016,Final
LDGR321LDGIL,EMP00465,ML-PLAN-04,Maternity Leave,2025-Q1,18.99,-5.0,4.98,-1.83,20.6,15,2024-05-03,EMP00049,Revised
LDGJG5RQXUCV,EMP00344,PL-PLAN-05,Paternity Leave,2025-Q1,14.93,3.44,12.12,-0.54,-6.71,30,2025-01-23,EMP00003,Final
LDGK4D0M2NP9,,CO-PLAN-06,Compensatory Off,INVALID-PERIOD,0.35,7.86,5.04,0.73,3.9,30,2023-08-09,EMP00022,Revised
LDG89B7ILPH0,EMP00712,UL-PLAN-07,Unpaid Leave,2023-Q4,8.93,9.51,0.03,0.33,18.74,30,2024-05-21,EMP00020,Final
LDGHUOH49J6S,EMP00607,UL-PLAN-07,Unpaid Leave,2024-Q3,20.03,7.59,7.47,2.74,22.89,20,2023-08-06,EMP00009,Final
LDGEVLH0DVB2,EMP00463,ML-PLAN-04,Maternity Leave,2024-Q4,7.53,2.42,8.28,2.5,4.17,30,2024-08-18,EMP00041,Draft
LDGRSJHCT9T8,EMP00241,CO-PLAN-06,Compensatory Off,2024-Q4,4.43,0.12,3.47,-0.77,0.31,21,2025-03-13,EMP00004,Revised
LDGAGFA44FRC,EMP00626,CL-PLAN-03,Casual Leave,2023-Q2,2.83,1.73,24.560000000000002,0.35,4.42,25,2025-05-14,EMP00024,Final
LDG0NVJ6U3W7,EMP00135,CO-PLAN-06,Compensatory Off,2023-Q1,13.13,4.78,11.5,-1.93,4.48,20,2023-10-04,EMP00016,Draft
LDG5E6UER0HP,EMP00463,UL-PLAN-07,Unpaid Leave,2023-Q1,17.48,6.12,19.9,1.15,4.85,20,2024-12-05,EMP00050,Final
LDG7T6D1M08D,EMP00276,CL-PLAN-03,Casual Leave,2025-Q1,15.79,3.74,1.26,-2.02,-17.25,18,2023-08-28,EMP00045,Final
LDGZPJ62NPR0,EMP00302,BL-PLAN-08,Bereavement Leave,2023-Q3,4.02,7.42,7.56,1.26,5.14,30,2024-10-18,EMP00035,Final
LDG23MP08LUC,EMP00732,ML-PLAN-04,Maternity Leave,2024-Q4,15.45,2.5,15.44,1.41,3.92,20,2023-04-11,EMP00013,Draft
LDGSB7LNRJ7S,EMP00350,CL-PLAN-03,Casual Leave,2023-Q1,1.06,9.71,0.5,-0.55,44.0,25,2025-04-26,EMP00047,Final
LDGJONUNZLN4,EMP00618,PL-PLAN-05,Paternity Leave,2023-Q1,5.27,4.78,2.66,0.37,7.76,18,2024-06-16,EMP00017,Revised
LDG0BR4WKJH6,,ML-PLAN-04,Maternity Leave,2023-Q4,21.4,8.12,17.85,1.52,13.19,30,2024-10-25,EMP00028,Final
LDGMW39PZIWL,EMP00020,CL-PLAN-03,Casual Leave,2024-Q4,23.88,7.93,5.95,0.65,26.51,30,2025-05-27,EMP00034,Final
LDG4EPUP06AX,EMP00147,SL-PLAN-02,Sick Leave,2025-Q1,6.22,-5.0,1.67,2.4,16.65,21,2023-06-16,EMP00019,Revised
LDGK2L4JXVLE,EMP00796,CL-PLAN-03,Casual Leave,2024-Q3,3.69,0.2,2.76,-2.83,-1.7,20,2024-02-17,EMP00038,Revised
LDGXHM6TJ2XZ,EMP00638,CL-PLAN-03,Casual Leave,2025-Q1,2.03,1.14,0.44,-2.28,-1.45,15,2023-01-05,EMP00005,Final
LDG2VBDH3WFG,EMP00714,UL-PLAN-07,Unpaid Leave,2024-Q2,13.63,8.87,7.76,-0.64,14.1,20,2025-04-12,EMP00048,Revised
LDGQ9WCNTJAE,EMP00431,CL-PLAN-03,Casual Leave,2023-Q3,4.92,6.67,10.79,2.41,3.21,15,2023-03-08,EMP00029,Draft
LDG7Y4HJ9SXZ,EMP00442,AL-PLAN-01,Annual Leave,2023-Q1,0.07,5.93,2.92,0.99,4.07,15,2024-05-10,EMP00048,Final
LDGQNP7O8L52,EMP00107,CO-PLAN-06,Compensatory Off,2023-Q2,2.32,3.74,5.13,2.8,3.73,18,2023-04-21,EMP00046,Revised
LDGWNRGOJ5FF,EMP00445,AL-PLAN-01,Annual Leave,2024-Q2,22.21,4.76,15.52,-0.43,11.02,30,2023-03-18,EMP00047,Final
LDGMC4AEAWLZ,EMP00568,CL-PLAN-03,Casual Leave,2023-Q3,19.56,3.06,2.02,-2.06,18.54,30,2023-07-21,EMP00022,Final
LDGJ83IWGJCD,EMP00376,CO-PLAN-06,Compensatory Off,2024-Q3,19.97,0.52,18.01,-2.65,-0.17,25,2023-09-17,EMP00027,Revised
LDGMTX9G0KTW,EMP00724,BL-PLAN-08,Bereavement Leave,INVALID-PERIOD,6.63,4.95,4.92,-0.08,6.58,21,2023-08-22,EMP00040,Final
LDGDU0HUGUN0,,CL-PLAN-03,Casual Leave,2025-Q1,2.67,5.29,5.95,-0.25,-2.76,30,2023-07-16,EMP00041,Final
LDGFKULY72KM,EMP00282,PL-PLAN-05,Paternity Leave,2023-Q4,20.67,3.49,23.72,0.02,0.46,25,2023-04-16,EMP00045,Final
LDG0EW7B5XHR,EMP00379,AL-PLAN-01,Annual Leave,2024-Q4,12.22,0.48,3.45,-2.18,7.07,30,2024-12-24,EMP00050,Revised
LDGVW3LEY0H4,EMP00549,PL-PLAN-05,Paternity Leave,2023-Q4,24.01,1.17,9.53,1.98,17.63,21,2025-06-22,EMP00046,Final
LDGSQLM9SIUJ,EMP00624,AL-PLAN-01,Annual Leave,2023-Q2,6.37,9.0,2.42,-0.73,12.22,18,2023-09-22,EMP00049,Final
LDGIM54FG4K3,EMP00266,BL-PLAN-08,Bereavement Leave,2024-Q2,24.23,9.15,27.22,2.38,8.54,30,2023-02-10,EMP00036,Draft
LDG0UL9N99EW,EMP00009,SL-PLAN-02,Sick Leave,2023-Q1,8.72,-5.0,5.26,-2.62,40.0,25,2024-05-22,EMP00012,Draft
LDG8X3UU1HBU,EMP00129,BL-PLAN-08,Bereavement Leave,2025-Q1,0.37,9.25,3.61,-2.99,3.02,25,2024-12-21,EMP00042,Final
LDGBRJXUK37O,EMP00208,PL-PLAN-05,Paternity Leave,2023-Q4,11.59,4.48,12.66,-0.73,2.68,15,2023-10-13,EMP00045,Final
LDGVQPASCH1Q,EMP00702,UL-PLAN-07,Unpaid Leave,2023-Q3,,5.55,30.32,2.47,-8.89,20,2024-05-23,EMP00012,Final
LDGZ08UBUH8E,EMP00261,CO-PLAN-06,Compensatory Off,2025-Q1,18.5,3.09,3.54,-0.48,17.57,15,2024-03-04,EMP00041,Final
LDG15TXG31NV,EMP00056,AL-PLAN-01,Annual Leave,2025-Q1,8.68,1.74,9.55,-2.39,-1.52,25,2024-05-02,EMP00029,Revised
LDGSREODQY7K,EMP00023,AL-PLAN-01,Annual Leave,2024-Q1,11.3,8.29,0.69,2.48,21.38,30,2024-12-01,EMP00034,Draft
LDGOWWRK6FM7,,ML-PLAN-04,Maternity Leave,2023-Q3,18.58,6.28,10.38,-0.71,13.77,25,2023-03-13,EMP00027,Draft
LDGG77OPVDRZ,EMP00114,BL-PLAN-08,Bereavement Leave,2023-Q1,5.39,4.19,6.22,-1.4,1.96,30,2024-02-05,EMP00031,Revised
LDG0DD4PTRNV,EMP00523,AL-PLAN-01,Annual Leave,2024-Q1,17.08,8.14,17.85,-1.51,5.86,20,2024-08-17,EMP00026,Final
LDGCSX3I0W51,EMP00100,AL-PLAN-01,Annual Leave,2024-Q1,16.86,2.64,2.13,-0.67,16.7,18,2024-11-11,EMP00029,Draft
LDGWG9PPPDZW,EMP00609,ML-PLAN-04,Maternity Leave,2024-Q3,6.4,5.84,10.38,-1.68,0.18,20,2024-09-13,EMP00033,Final
LDGKXUW0R2I2,EMP00048,SL-PLAN-02,Sick Leave,2024-Q1,0.1,2.57,1.37,-1.22,-1.08,30,2023-10-11,EMP00005,Final
LDGY9NHFEO78,EMP00459,BL-PLAN-08,Bereavement Leave,2024-Q1,12.27,3.79,11.76,1.08,5.38,30,2024-06-29,EMP00013,Draft
LDGRZ6G9UA9V,EMP00339,CO-PLAN-06,Compensatory Off,2024-Q2,17.51,3.48,20.58,-2.02,-1.61,15,2023-01-28,EMP00039,Final
LDG7EH162T39,EMP00034,CO-PLAN-06,Compensatory Off,2024-Q4,11.95,7.14,13.07,0.08,6.1,30,2024-11-18,EMP00008,Revised
LDGDWNY0ZE0X,EMP00096,BL-PLAN-08,Bereavement Leave,2024-Q4,21.92,2.51,7.54,1.99,18.88,18,2023-01-09,EMP00011,Final
LDGOOTBKD4DE,EMP00066,ML-PLAN-04,Maternity Leave,2023-Q4,15.48,-5.0,17.07,1.98,9.04,15,2025-06-19,EMP00037,Draft
LDGO8JDLZ1YD,EMP00783,ML-PLAN-04,Maternity Leave,INVALID-PERIOD,18.01,7.72,22.68,0.59,3.64,21,2024-10-11,EMP00001,Final
LDGN6NK1KAYH,EMP00201,BL-PLAN-08,Bereavement Leave,2025-Q1,16.18,1.58,15.36,2.14,4.54,18,2025-05-02,EMP00045,Draft
LDG83UK69RJP,,CL-PLAN-03,Casual Leave,2023-Q4,13.86,8.48,6.45,0.4,16.29,25,2024-06-28,EMP00027,Final
LDGINAR8HKGQ,EMP00127,PL-PLAN-05,Paternity Leave,2023-Q3,9.66,1.72,1.88,1.57,44.0,25,2025-06-09,EMP00002,Final
LDGI1LO8PHAE,EMP00639,UL-PLAN-07,Unpaid Leave,2023-Q1,12.14,1.89,9.54,0.66,5.15,25,2024-05-17,EMP00024,Draft
LDG0XL53XBL8,EMP00168,UL-PLAN-07,Unpaid Leave,2024-Q1,5.82,7.63,1.79,-0.6,11.06,25,2025-02-14,EMP00028,Final
LDG0O2Z11E2T,EMP00544,AL-PLAN-01,Annual Leave,2023-Q3,19.26,9.21,9.44,-1.15,17.88,21,2023-11-28,EMP00043,Final
LDG4DMGGC8W4,EMP00520,ML-PLAN-04,Maternity Leave,2024-Q4,9.47,9.63,5.29,-2.81,11.0,20,2024-09-30,EMP00049,Revised
LDGN4TZ3GWIP,EMP00396,CO-PLAN-06,Compensatory Off,2023-Q3,2.61,2.93,5.14,-2.97,-2.57,21,2025-05-14,EMP00047,Final
LDGNATRE3BOX,EMP00763,PL-PLAN-05,Paternity Leave,2023-Q3,20.66,3.98,18.62,0.99,7.01,25,2024-04-14,EMP00031,Revised
LDG2BJPI9LZO,EMP00171,AL-PLAN-01,Annual Leave,2023-Q3,6.98,2.0,0.59,0.12,8.51,15,2023-07-11,EMP00043,Revised
LDGVX2W64A58,EMP00229,CL-PLAN-03,Casual Leave,2024-Q2,23.03,8.81,18.57,-2.89,10.38,20,2024-12-19,EMP00032,Revised
LDG64T60H81S,EMP00743,UL-PLAN-07,Unpaid Leave,2024-Q4,3.99,6.66,6.03,-2.97,-2.65,15,2023-02-07,EMP00042,Revised
LDGTD0BOHGAH,EMP00667,CO-PLAN-06,Compensatory Off,2023-Q3,4.37,4.13,0.47,-0.62,7.41,20,2023-06-03,EMP00037,Revised
LDGSX1LT03FE,EMP00268,PL-PLAN-05,Paternity Leave,2024-Q2,22.76,9.34,23.0,2.58,11.68,21,2023-04-07,EMP00023,Draft
LDGKRX5A4YN9,,BL-PLAN-08,Bereavement Leave,2023-Q1,9.32,3.44,32.76,0.02,0.13,25,2023-07-23,EMP00044,Final
LDGXATJCD8FO,EMP00245,CO-PLAN-06,Compensatory Off,2024-Q4,0.09,-5.0,2.95,1.72,3.28,20,2023-04-04,EMP00008,Final
LDGV0EUPCGL1,EMP00785,BL-PLAN-08,Bereavement Leave,2023-Q3,15.28,2.12,11.15,0.55,6.8,25,2024-10-07,EMP00015,Draft
LDGX9IYHBYCP,EMP00768,AL-PLAN-01,Annual Leave,2024-Q4,6.02,7.69,0.95,-1.23,11.53,20,2023-03-24,EMP00012,Final
LDGF1JYVDBST,EMP00090,AL-PLAN-01,Annual Leave,2023-Q4,18.22,8.18,19.78,-0.15,6.47,21,2025-04-20,EMP00030,Final
LDG49K38G7EG,EMP00227,CL-PLAN-03,Casual Leave,2023-Q3,15.07,4.53,6.8,-0.19,12.61,20,2024-08-19,EMP00019,Draft
LDGLVPRK9ENQ,EMP00733,ML-PLAN-04,Maternity Leave,2024-Q4,5.61,6.01,1.41,0.74,-11.95,21,2024-07-12,EMP00034,Final
LDG4U89PZNH7,EMP00655,SL-PLAN-02,Sick Leave,2024-Q4,0.98,4.03,4.05,-2.29,-1.33,20,2024-05-25,EMP00049,Final
LDGKX62WNV37,EMP00470,CL-PLAN-03,Casual Leave,2023-Q4,7.17,5.08,4.91,-1.49,5.85,21,2023-02-22,EMP00049,Final
LDGY3U7THVCG,EMP00751,AL-PLAN-01,Annual Leave,2023-Q2,3.09,6.25,2.11,0.22,60.0,30,2023-04-05,EMP00018,Final
LDGNJC4MNVTB,EMP00051,PL-PLAN-05,Paternity Leave,INVALID-PERIOD,23.48,0.75,18.04,-2.3,3.89,20,2025-05-09,EMP00028,Final
LDGC4SETDEGC,EMP00721,SL-PLAN-02,Sick Leave,2023-Q2,2.69,3.76,0.33,2.99,9.11,21,2023-06-14,EMP00007,Final
LDG30RPVPGCO,EMP00412,UL-PLAN-07,Unpaid Leave,2024-Q3,6.95,1.13,0.2,-1.2,6.68,21,2023-01-31,EMP00030,Final
LDG336UYHF92,,ML-PLAN-04,Maternity Leave,2023-Q1,8.69,3.85,10.07,-2.23,0.24,15,2024-11-26,EMP00013,Final
LDGLBE8V9H97,EMP00220,AL-PLAN-01,Annual Leave,2024-Q1,10.89,2.12,5.65,1.54,8.9,30,2023-03-16,EMP00034,Final
LDG8MGSGZRDE,EMP00606,ML-PLAN-04,Maternity Leave,2024-Q4,,7.57,10.2,0.75,-8.719999999999999,15,2025-02-06,EMP00004,Draft
LDGPMCCGVDYJ,EMP00575,ML-PLAN-04,Maternity Leave,2023-Q2,4.88,5.56,1.57,1.02,9.89,15,2024-02-23,EMP00022,Revised
LDGLGS66RMK8,EMP00272,AL-PLAN-01,Annual Leave,2024-Q1,7.83,0.42,6.53,-2.95,-1.23,25,2023-04-03,EMP00049,Revised
LDGSLE7MRNKL,EMP00788,PL-PLAN-05,Paternity Leave,2024-Q1,4.73,-5.0,4.43,-1.55,2.5,21,2024-10-19,EMP00041,Draft
LDGP1I736DDX,EMP00008,CL-PLAN-03,Casual Leave,2023-Q3,23.16,3.65,8.41,-1.18,17.22,18,2024-02-06,EMP00022,Final
LDGZR9KKEL1L,EMP00714,AL-PLAN-01,Annual Leave,2025-Q1,7.48,3.47,10.3,-1.25,-0.6,18,2023-08-07,EMP00020,Revised
LDG7A380RMPH,EMP00404,UL-PLAN-07,Unpaid Leave,2023-Q3,3.85,4.61,8.32,2.07,2.21,20,2025-04-18,EMP00014,Final
LDG0UDJFEPZI,EMP00422,SL-PLAN-02,Sick Leave,2025-Q1,0.16,7.52,6.57,-0.41,0.7,15,2023-06-09,EMP00007,Final
LDGJVU8VOTVZ,EMP00079,UL-PLAN-07,Unpaid Leave,2023-Q1,19.15,8.2,11.14,0.5,16.71,20,2025-04-02,EMP00026,Final
LDGY91FAIZG6,EMP00366,ML-PLAN-04,Maternity Leave,2024-Q3,1.17,7.72,4.65,1.63,-6.87,18,2025-06-26,EMP00006,Final
LDG2ER17ERJP,EMP00524,UL-PLAN-07,Unpaid Leave,2023-Q4,4.6,7.23,0.31,1.79,13.31,21,2023-02-17,EMP00046,Final
LDG7FUY7VWUB,,AL-PLAN-01,Annual Leave,2024-Q1,16.41,7.83,3.59,-1.08,19.57,21,2023-06-15,EMP00050,Final
LDGQ2DI7TFZQ,EMP00133,BL-PLAN-08,Bereavement Leave,2023-Q1,16.62,7.84,8.91,2.11,17.66,20,2024-05-06,EMP00040,Draft
LDGV0M6ZV6CP,EMP00581,SL-PLAN-02,Sick Leave,2023-Q3,5.23,8.27,1.36,0.44,12.58,15,2023-03-17,EMP00014,Final
LDGUHK0N3B1X,EMP00528,SL-PLAN-02,Sick Leave,2024-Q4,5.53,7.29,8.3,0.5,5.02,18,2024-05-07,EMP00002,Final
LDGBX0TTNOE7,EMP00581,BL-PLAN-08,Bereavement Leave,2023-Q1,14.25,2.05,36.3,1.93,35.0,15,2023-08-16,EMP00042,Final
LDG9P9LJQIOV,EMP00582,AL-PLAN-01,Annual Leave,2025-Q1,22.57,1.43,20.31,-1.75,1.94,25,2025-06-02,EMP00034,Final
LDGBV3RH3Z2R,EMP00558,CO-PLAN-06,Compensatory Off,2023-Q1,2.6,9.46,3.15,-1.22,7.69,20,2025-03-28,EMP00043,Draft
LDG3CNTNIDDY,EMP00741,ML-PLAN-04,Maternity Leave,2023-Q3,6.23,7.38,7.59,-1.05,-5.97,30,2024-12-30,EMP00021,Final
LDG8UX8PI8R5,EMP00628,AL-PLAN-01,Annual Leave,2025-Q1,22.18,1.29,2.3,2.06,23.23,20,2023-02-28,EMP00003,Final
LDGZ1EC814WN,EMP00700,BL-PLAN-08,Bereavement Leave,INVALID-PERIOD,22.97,-5.0,27.89,-0.63,3.01,25,2023-06-02,EMP00045,Final
LDGCSWUZFEWU,EMP00768,AL-PLAN-01,Annual Leave,2023-Q3,20.42,4.4,12.6,0.09,12.31,15,2023-01-30,EMP00019,Draft
LDGKME0LW368,EMP00060,AL-PLAN-01,Annual Leave,2025-Q1,10.58,6.06,11.66,1.28,6.26,21,2024-03-23,EMP00024,Draft
LDGBCHN2SFGT,EMP00677,SL-PLAN-02,Sick Leave,2023-Q1,13.02,3.9,14.63,2.78,5.07,15,2023-05-05,EMP00007,Final
LDGJ9BRS4B0U,,SL-PLAN-02,Sick Leave,2024-Q4,20.65,2.84,4.26,0.54,19.77,18,2023-03-20,EMP00023,Final
LDGOP0VZBZFO,EMP00406,UL-PLAN-07,Unpaid Leave,2023-Q4,9.75,2.96,0.36,-0.54,11.81,30,2025-03-18,EMP00026,Revised
LDGV14B6KO5Y,EMP00735,CL-PLAN-03,Casual Leave,2024-Q4,18.64,0.84,8.83,-0.61,10.04,20,2023-05-19,EMP00041,Final
LDGZC8N40VES,EMP00115,BL-PLAN-08,Bereavement Leave,2023-Q4,6.57,6.01,3.44,1.33,-11.47,25,2024-08-29,EMP00048,Final
LDGOOEBD4NAZ,EMP00158,BL-PLAN-08,Bereavement Leave,2024-Q4,18.71,6.37,3.3,-2.99,18.79,20,2024-07-17,EMP00034,Final
LDG7QDLBZ299,EMP00156,CO-PLAN-06,Compensatory Off,2023-Q4,7.34,9.64,14.08,-1.91,0.99,21,2025-03-08,EMP00033,Draft
LDGO4OYU624U,EMP00579,CL-PLAN-03,Casual Leave,2025-Q1,18.31,5.25,23.1,1.34,1.8,18,2024-03-30,EMP00023,Draft
LDGMT2IAJBD1,EMP00523,CO-PLAN-06,Compensatory Off,2024-Q2,16.29,2.6,14.49,1.24,5.64,25,2024-03-08,EMP00011,Revised
LDGCZZ03GDVW,EMP00143,BL-PLAN-08,Bereavement Leave,2024-Q1,24.57,8.92,19.96,1.7,15.23,20,2025-03-11,EMP00032,Final
LDG8RN42TWYL,EMP00199,PL-PLAN-05,Paternity Leave,2024-Q1,9.02,9.55,16.11,-1.98,0.48,21,2023-04-13,EMP00006,Final
LDGRYX17NQ4H,EMP00269,PL-PLAN-05,Paternity Leave,2023-Q4,22.79,8.63,14.33,-0.57,16.52,20,2024-03-05,EMP00040,Draft
LDGDJFQGEUGB,EMP00274,ML-PLAN-04,Maternity Leave,2024-Q2,17.03,0.55,5.97,1.39,13.0,15,2023-02-11,EMP00037,Final
LDG0MT33UB7L,EMP00205,UL-PLAN-07,Unpaid Leave,2023-Q2,3.55,8.26,8.33,0.0,49.0,21,2025-06-28,EMP00028,Draft
LDGLBA90QW49,,ML-PLAN-04,Maternity Leave,2023-Q4,15.79,-5.0,10.05,0.51,11.34,25,2023-11-28,EMP00028,Draft
LDGTVTD5K9MD,EMP00732,CL-PLAN-03,Casual Leave,2024-Q4,20.09,4.91,8.69,2.37,18.68,21,2024-12-25,EMP00025,Revised
LDG8GJPJU9RZ,EMP00175,AL-PLAN-01,Annual Leave,2024-Q3,15.27,8.41,23.43,0.27,0.52,15,2025-02-01,EMP00032,Revised
LDGPXHL60SMI,EMP00417,SL-PLAN-02,Sick Leave,2024-Q2,24.29,2.46,21.65,-0.01,5.09,25,2024-06-28,EMP00018,Final
LDGY8Q7H1RYJ,EMP00478,BL-PLAN-08,Bereavement Leave,2024-Q3,18.43,6.7,21.04,2.98,7.07,21,2023-11-20,EMP00017,Draft
LDGTC2BS39YG,EMP00448,BL-PLAN-08,Bereavement Leave,2024-Q3,1.09,5.16,1.95,-2.13,2.17,20,2025-05-06,EMP00049,Final
LDGI9JVH9ETM,EMP00725,AL-PLAN-01,Annual Leave,2024-Q3,10.69,2.96,4.25,0.19,9.59,30,2024-04-29,EMP00047,Final
LDG1DRTX50LF,EMP00264,UL-PLAN-07,Unpaid Leave,2024-Q2,6.08,3.19,1.83,1.48,8.92,25,2023-11-26,EMP00030,Final
LDGRICXYO7RI,EMP00317,CL-PLAN-03,Casual Leave,INVALID-PERIOD,,3.34,35.44,0.25,-9.11,21,2024-08-08,EMP00039,Draft
LDGDS59LZDBR,EMP00044,AL-PLAN-01,Annual Leave,2023-Q4,21.89,1.61,0.12,0.9,24.28,30,2023-08-01,EMP00015,Final
LDG87SATDEQD,EMP00742,PL-PLAN-05,Paternity Leave,2024-Q4,6.97,7.26,13.82,-1.23,-0.82,25,2023-11-25,EMP00040,Final
LDGD9ZEIL66S,EMP00734,CO-PLAN-06,Compensatory Off,2023-Q3,1.21,4.86,2.32,2.66,6.41,20,2024-06-20,EMP00047,Final
LDGJ9S666WV0,EMP00679,SL-PLAN-02,Sick Leave,2023-Q2,0.71,4.92,0.37,1.45,6.71,30,2023-11-26,EMP00004,Final
LDGZ94WC8LFG,,BL-PLAN-08,Bereavement Leave,2025-Q1,7.9,8.08,14.06,2.01,3.93,30,2025-05-31,EMP00017,Draft
LDGFA0AK05KB,EMP00371,CO-PLAN-06,Compensatory Off,2024-Q2,12.9,9.58,6.51,-0.79,15.18,21,2023-04-30,EMP00041,Revised
LDG7LHR7U3IP,EMP00369,UL-PLAN-07,Unpaid Leave,2024-Q2,10.99,2.68,11.55,0.28,2.4,15,2024-12-21,EMP00018,Revised
LDGZA4BRPCXJ,EMP00159,CL-PLAN-03,Casual Leave,2024-Q1,5.51,0.94,2.39,-0.72,3.34,20,2024-08-20,EMP00009,Final
LDG95N58T88S,EMP00040,BL-PLAN-08,Bereavement Leave,2024-Q1,21.25,-5.0,21.51,-0.29,-7.93,18,2024-07-08,EMP00006,Final
LDGDF5O9R653,EMP00589,BL-PLAN-08,Bereavement Leave,2023-Q1,11.99,7.04,3.93,1.54,16.64,15,2023-12-09,EMP00048,Final
LDGH17IBUAPN,EMP00285,SL-PLAN-02,Sick Leave,2024-Q4,3.5,1.61,4.01,2.04,3.14,15,2023-07-05,EMP00005,Final
LDGKQEJVZC19,EMP00702,CO-PLAN-06,Compensatory Off,2025-Q1,2.85,0.54,3.09,2.64,39.0,25,2023-06-05,EMP00011,Revised
LDG99K9SIFBV,EMP00472,CL-PLAN-03,Casual Leave,2023-Q4,21.41,3.28,0.61,1.49,25.57,15,2025-01-19,EMP00025,Final
LDG3N91BZESM,EMP00604,ML-PLAN-04,Maternity Leave,2023-Q4,10.11,0.55,9.46,0.56,1.76,30,2025-06-21,EMP00030,Draft
LDGCZT3AEPRF,EMP00649,CO-PLAN-06,Compensatory Off,2023-Q2,24.06,3.03,11.45,-0.63,15.01,25,2024-02-03,EMP00003,Final
LDGJO4CF5R61,EMP00765,SL-PLAN-02,Sick Leave,2023-Q4,20.89,8.59,7.5,2.37,24.35,25,2024-03-28,EMP00033,Draft
LDGQ1VWGV70Q,EMP00253,UL-PLAN-07,Unpaid Leave,2023-Q2,8.96,7.15,8.01,-0.06,8.04,18,2024-12-15,EMP00048,Draft
LDGSTFKDAR6L,,SL-PLAN-02,Sick Leave,2025-Q1,13.46,4.25,3.02,-0.28,-15.41,18,2023-04-09,EMP00050,Final
LDGOU6WKF6O7,EMP00167,UL-PLAN-07,Unpaid Leave,2025-Q1,11.99,8.87,2.36,-2.47,16.03,20,2023-08-27,EMP00008,Draft
LDG2YCCVRNE5,EMP00277,CO-PLAN-06,Compensatory Off,2023-Q3,9.75,6.05,4.72,-1.61,9.47,21,2025-03-18,EMP00008,Final
LDGKJV88ID30,EMP00300,CO-PLAN-06,Compensatory Off,2023-Q4,21.27,8.52,19.89,-0.78,9.12,15,2025-06-03,EMP00014,Revised
LDGTVO1AK8DK,EMP00181,ML-PLAN-04,Maternity Leave,2024-Q3,4.09,3.82,1.19,0.29,7.01,21,2025-03-03,EMP00015,Final
LDGDT7QWRKMM,EMP00186,AL-PLAN-01,Annual Leave,2024-Q4,13.93,7.12,20.72,1.05,1.38,15,2024-01-11,EMP00023,Final
LDG2FJ1EAY6C,EMP00075,UL-PLAN-07,Unpaid Leave,2025-Q1,20.82,3.61,15.86,-1.75,6.82,20,2024-05-29,EMP00010,Final
LDGMJDOD9USH,EMP00094,CO-PLAN-06,Compensatory Off,INVALID-PERIOD,13.01,0.77,7.45,2.81,9.14,15,2023-07-29,EMP00045,Final
LDGMSHV3ZSSV,EMP00063,UL-PLAN-07,Unpaid Leave,2023-Q4,14.45,-5.0,17.08,2.59,5.12,18,2023-01-30,EMP00004,Final
LDGHRE18FUS8,EMP00051,CL-PLAN-03,Casual Leave,2024-Q2,5.0,5.76,5.19,-1.35,-5.22,18,2025-02-08,EMP00019,Final
LDGXNJ7JV9JC,EMP00679,UL-PLAN-07,Unpaid Leave,2024-Q2,5.6,5.46,6.87,-0.81,3.38,18,2024-12-27,EMP00004,Final
LDGYCUMKLMKD,EMP00737,AL-PLAN-01,Annual Leave,2025-Q1,21.1,4.91,11.79,-1.93,12.29,30,2024-02-03,EMP00038,Draft
LDGMJ13QHB7T,EMP00606,SL-PLAN-02,Sick Leave,2023-Q1,17.44,9.58,47.02,-2.71,19.32,20,2023-04-24,EMP00011,Final
LDGXOTTC9W6H,,PL-PLAN-05,Paternity Leave,2024-Q2,12.14,9.07,7.48,0.24,13.97,30,2023-08-12,EMP00045,Draft
LDG9J046TKF0,EMP00109,CL-PLAN-03,Casual Leave,2024-Q4,8.94,2.26,0.54,-2.06,8.6,25,2023-01-23,EMP00013,Revised
LDGCX5UNDTMC,EMP00321,SL-PLAN-02,Sick Leave,2023-Q4,7.77,2.02,1.17,1.76,37.0,18,2025-01-02,EMP00008,Final
LDG169645ZMV,EMP00540,AL-PLAN-01,Annual Leave,2024-Q1,24.31,2.1,12.04,2.57,16.94,30,2024-05-31,EMP00042,Revised
LDGR9164QI0X,EMP00478,ML-PLAN-04,Maternity Leave,2023-Q3,15.36,4.2,16.09,0.75,4.22,25,2023-10-05,EMP00010,Draft
LDGAV1ESFBYH,EMP00176,ML-PLAN-04,Maternity Leave,2024-Q2,13.71,7.34,16.55,2.71,-8.21,20,2023-04-14,EMP00043,Final
LDGPDFN9ED93,EMP00108,SL-PLAN-02,Sick Leave,2023-Q3,0.74,1.51,2.18,1.66,1.73,20,2023-05-31,EMP00040,Final
LDGH8140PA5S,EMP00668,SL-PLAN-02,Sick Leave,2024-Q4,16.41,5.11,18.23,2.78,6.07,25,2023-12-20,EMP00010,Final
LDG0VLJZ1AA3,EMP00521,UL-PLAN-07,Unpaid Leave,2023-Q4,15.57,3.35,9.83,0.39,9.48,25,2023-08-26,EMP00003,Final
LDGBSH1L5ZOY,EMP00235,PL-PLAN-05,Paternity Leave,2024-Q4,6.65,0.0,0.53,-0.18,5.94,30,2024-06-12,EMP00035,Revised
LDGZNKLCMLXG,EMP00375,UL-PLAN-07,Unpaid Leave,2023-Q4,20.77,8.43,26.4,-2.7,0.1,15,2023-05-21,EMP00014,Draft
LDGHQC45XEO0,EMP00675,BL-PLAN-08,Bereavement Leave,2023-Q2,18.34,2.56,8.2,-1.69,11.01,25,2025-02-14,EMP00017,Final
LDGLQXK0LE2K,EMP00117,UL-PLAN-07,Unpaid Leave,2023-Q3,2.1,-5.0,1.84,1.46,10.25,20,2025-06-26,EMP00044,Draft
LDGKILMY61FS,,AL-PLAN-01,Annual Leave,2023-Q2,14.49,0.3,2.97,-2.52,9.3,15,2024-07-30,EMP00037,Revised
LDGN3F707V4P,EMP00450,CO-PLAN-06,Compensatory Off,2023-Q4,,0.15,5.76,0.89,-7.59,30,2025-04-15,EMP00003,Draft
LDG1VLIPPK2C,EMP00056,CL-PLAN-03,Casual Leave,2023-Q2,11.44,8.21,10.08,0.61,10.18,15,2025-01-02,EMP00048,Draft
LDGHU8433ZWO,EMP00268,BL-PLAN-08,Bereavement Leave,2023-Q4,15.9,2.85,2.94,0.36,16.17,18,2023-08-18,EMP00041,Revised
LDGCMZ21IYI9,EMP00067,PL-PLAN-05,Paternity Leave,2023-Q4,4.51,9.65,2.11,2.95,15.0,20,2025-03-22,EMP00005,Final
LDGF8QZLSQU4,EMP00265,ML-PLAN-04,Maternity Leave,2023-Q2,7.14,1.24,0.4,1.13,9.11,30,2024-08-17,EMP00033,Final
LDGOGV9AO3CQ,EMP00373,BL-PLAN-08,Bereavement Leave,INVALID-PERIOD,18.78,5.6,9.41,-1.92,13.05,20,2025-05-02,EMP00034,Revised
LDGOWHRD10YK,EMP00259,AL-PLAN-01,Annual Leave,2023-Q3,9.22,3.91,11.27,-2.53,-0.67,25,2023-05-21,EMP00047,Revised
LDG8GNF6ALH7,EMP00441,CL-PLAN-03,Casual Leave,2023-Q2,24.12,0.61,1.78,0.25,23.2,20,2023-06-17,EMP00046,Final
LDGOK6566ISF,EMP00265,ML-PLAN-04,Maternity Leave,2024-Q3,14.12,9.88,3.54,-2.59,17.87,25,2024-09-30,EMP00019,Final
LDGWFV717LV1,EMP00567,SL-PLAN-02,Sick Leave,2023-Q3,13.95,4.27,3.07,-2.63,35.0,18,2024-07-21,EMP00013,Revised
LDGXES54ICSW,EMP00040,CO-PLAN-06,Compensatory Off,2024-Q1,5.07,8.3,7.19,0.58,6.76,18,2023-09-24,EMP00019,Revised
LDG0SMW0S4VX,EMP00276,AL-PLAN-01,Annual Leave,2024-Q2,8.16,0.12,5.54,2.97,5.71,15,2023-05-04,EMP00004,Draft
LDGFKQHKCD3Y,,SL-PLAN-02,Sick Leave,2023-Q3,1.61,1.12,1.28,1.08,2.53,15,2024-01-14,EMP00032,Final
LDGYG60O0QYU,EMP00457,ML-PLAN-04,Maternity Leave,2023-Q1,11.94,1.66,2.45,2.31,13.46,25,2023-08-12,EMP00019,Final
LDGPF754EZDP,EMP00360,PL-PLAN-05,Paternity Leave,2024-Q3,7.95,3.04,3.81,2.16,9.34,20,2023-04-15,EMP00020,Final
LDGK8ZO1NHVU,EMP00021,SL-PLAN-02,Sick Leave,2023-Q4,24.03,-5.0,39.03,2.34,26.78,30,2024-12-21,EMP00005,Final
LDG019KW4LDZ,EMP00471,AL-PLAN-01,Annual Leave,2023-Q3,17.78,8.1,25.56,0.16,0.48,18,2025-05-12,EMP00044,Final
LDGXYNASA4NE,EMP00368,SL-PLAN-02,Sick Leave,2024-Q4,0.27,6.16,1.96,-0.43,4.04,20,2023-12-31,EMP00022,Final
LDGHTU827XK7,EMP00333,ML-PLAN-04,Maternity Leave,2024-Q4,24.02,3.65,2.44,-2.26,-23.97,18,2024-12-29,EMP00021,Final
LDGEIKO6EK63,EMP00470,CO-PLAN-06,Compensatory Off,2024-Q3,12.76,9.26,11.53,-1.98,8.51,20,2025-01-23,EMP00021,Revised
LDGB9BQ55L2O,EMP00425,AL-PLAN-01,Annual Leave,2024-Q3,22.64,3.6,24.62,-0.43,1.19,21,2024-11-06,EMP00013,Draft
LDG84I0Q8P1W,EMP00631,BL-PLAN-08,Bereavement Leave,2024-Q1,14.14,8.59,18.08,0.5,5.15,18,2023-03-10,EMP00042,Draft
LDGJVDUC49GC,EMP00450,BL-PLAN-08,Bereavement Leave,2023-Q4,7.91,5.91,1.08,-1.22,11.52,30,2023-07-28,EMP00019,Final
LDGURRDWOEP8,EMP00181,SL-PLAN-02,Sick Leave,2023-Q1,8.2,1.34,3.61,-0.05,5.88,25,2023-08-24,EMP00018,Final
LDG7RS2C5XUO,EMP00663,BL-PLAN-08,Bereavement Leave,2024-Q2,3.13,7.36,2.32,2.73,10.9,20,2025-04-16,EMP00038,Final
LDGQENI0LWFL,,BL-PLAN-08,Bereavement Leave,2023-Q4,20.78,5.03,22.58,-1.58,1.65,15,2024-10-21,EMP00001,Final
LDGHDEPUMSGE,EMP00721,UL-PLAN-07,Unpaid Leave,2025-Q1,23.78,9.28,13.44,2.91,22.53,15,2025-05-25,EMP00041,Final
LDG0APGT4BUD,EMP00310,CO-PLAN-06,Compensatory Off,2023-Q1,17.74,4.4,11.63,2.6,-14.11,20,2024-10-18,EMP00010,Final
LDGCURHI0QOB,EMP00156,AL-PLAN-01,Annual Leave,2024-Q3,0.51,0.5,0.03,-1.18,-0.2,21,2024-01-21,EMP00028,Draft
LDG6D0063LHU,EMP00161,BL-PLAN-08,Bereavement Leave,2024-Q4,3.07,1.05,1.95,-0.25,1.92,21,2025-01-06,EMP00015,Draft
LDGDQOE61INZ,EMP00399,CL-PLAN-03,Casual Leave,INVALID-PERIOD,3.78,4.52,1.49,-0.8,42.0,20,2025-01-25,EMP00047,Final
LDGPPZ7DHCK3,EMP00443,PL-PLAN-05,Paternity Leave,2023-Q3,13.73,7.94,7.33,2.14,16.48,15,2024-07-06,EMP00028,Final
LDGJK1PS6C21,EMP00624,BL-PLAN-08,Bereavement Leave,2023-Q1,10.64,-5.0,11.99,-1.06,3.35,15,2023-05-23,EMP00039,Final
LDGTWQ9XSLGK,EMP00148,CL-PLAN-03,Casual Leave,2023-Q2,11.6,8.04,11.29,2.93,11.28,18,2024-06-21,EMP00002,Revised
LDGISGL9PQH0,EMP00504,AL-PLAN-01,Annual Leave,2024-Q3,22.2,4.2,10.33,0.7,16.77,30,2023-02-14,EMP00048,Draft
LDG4Z9BSLHQL,EMP00099,SL-PLAN-02,Sick Leave,2023-Q3,21.44,5.74,5.84,-0.66,20.68,18,2023-01-14,EMP00045,Final
LDGTEPJUX2N9,EMP00554,ML-PLAN-04,Maternity Leave,2023-Q2,19.74,8.31,8.66,-1.01,-19.38,21,2023-06-26,EMP00044,Final
LDGYHQ9TDXZM,EMP00686,CL-PLAN-03,Casual Leave,2024-Q3,3.06,6.16,3.68,2.14,7.68,21,2023-12-14,EMP00037,Final
LDGDY5LFFXCW,,CO-PLAN-06,Compensatory Off,2025-Q1,17.54,5.72,1.67,-2.66,18.93,30,2024-08-17,EMP00012,Draft
LDGWTXN7ZEAT,EMP00068,PL-PLAN-05,Paternity Leave,2023-Q1,22.21,5.4,13.56,0.54,14.59,30,2023-03-01,EMP00036,Revised
LDGRL21CN9I1,EMP00758,SL-PLAN-02,Sick Leave,2024-Q1,0.75,4.78,4.68,-1.43,-0.58,21,2024-01-09,EMP00005,Draft
LDGYVHCZGLLT,EMP00476,BL-PLAN-08,Bereavement Leave,2023-Q4,4.6,2.43,4.72,-0.8,1.51,25,2024-05-28,EMP00036,Draft
LDGD4D76IM50,EMP00301,AL-PLAN-01,Annual Leave,2023-Q4,12.27,7.01,13.73,2.7,8.25,18,2024-11-24,EMP00043,Final
LDGAE92K39FB,EMP00727,UL-PLAN-07,Unpaid Leave,2024-Q1,20.9,3.6,20.81,2.03,5.72,15,2024-10-02,EMP00033,Revised
LDGR6I6S4DPZ,EMP00574,CO-PLAN-06,Compensatory Off,2024-Q4,12.5,9.76,18.84,1.75,5.17,20,2025-05-06,EMP00037,Final
LDG9HTAQC9WO,EMP00580,PL-PLAN-05,Paternity Leave,2024-Q3,,4.17,47.6,0.37,-28.84,15,2024-07-10,EMP00030,Draft
LDGIAF81JW6B,EMP00244,SL-PLAN-02,Sick Leave,2024-Q3,15.07,6.38,3.59,2.17,20.03,15,2025-02-07,EMP00039,Draft
LDGX4UHJUCXQ,EMP00118,CL-PLAN-03,Casual Leave,2024-Q1,17.1,1.12,15.69,-0.44,2.09,15,2025-06-28,EMP00027,Final
LDG0I7N19I02,EMP00514,ML-PLAN-04,Maternity Leave,2024-Q2,6.24,7.3,6.82,-1.47,5.25,21,2024-11-13,EMP00016,Final
LDGEYZJPTKPY,EMP00319,CO-PLAN-06,Compensatory Off,2023-Q2,3.67,-5.0,4.98,-1.61,2.94,18,2023-09-20,EMP00005,Draft
LDGCE0B8HZPZ,EMP00683,ML-PLAN-04,Maternity Leave,2023-Q2,7.58,4.65,6.25,1.18,7.16,20,2024-01-13,EMP00043,Revised
LDGZ7Y8MRDZ8,,CL-PLAN-03,Casual Leave,2024-Q3,1.51,7.91,3.19,-1.59,34.0,15,2023-03-07,EMP00030,Final
LDGJIIFD1PLX,EMP00028,ML-PLAN-04,Maternity Leave,2024-Q3,15.02,4.76,15.46,0.47,4.79,18,2023-07-19,EMP00024,Final
LDGJTC8VUZIQ,EMP00357,SL-PLAN-02,Sick Leave,2024-Q3,12.55,7.96,5.22,1.67,16.96,25,2023-04-26,EMP00011,Final
LDGZOYSKSEDB,EMP00189,CL-PLAN-03,Casual Leave,2023-Q2,16.17,1.16,10.65,2.83,-10.51,30,2023-03-29,EMP00034,Draft
LDG28VEEVX79,EMP00558,SL-PLAN-02,Sick Leave,INVALID-PERIOD,6.61,4.92,9.2,2.02,4.35,18,2023-10-19,EMP00002,Draft
LDG2X6OM1AHR,EMP00298,BL-PLAN-08,Bereavement Leave,2024-Q3,1.71,4.83,3.06,0.02,3.5,25,2024-12-13,EMP00017,Final
LDGYP0FFBV7R,EMP00201,CO-PLAN-06,Compensatory Off,2023-Q4,10.28,3.77,12.81,1.5,2.74,20,2024-12-11,EMP00014,Final
LDG4AVSARXDF,EMP00417,PL-PLAN-05,Paternity Leave,2024-Q3,10.88,9.19,13.22,0.47,7.32,20,2023-07-01,EMP00010,Final
LDGK4Y9OFHKE,EMP00204,CO-PLAN-06,Compensatory Off,2023-Q3,2.94,6.74,9.31,0.36,0.73,15,2023-09-21,EMP00020,Final
LDGMRP1ONCRJ,EMP00762,AL-PLAN-01,Annual Leave,2025-Q1,9.03,8.83,2.6,-1.27,13.99,20,2024-12-18,EMP00009,Final
LDGMDAR9KUHJ,EMP00584,AL-PLAN-01,Annual Leave,2023-Q2,22.08,6.24,11.77,-2.88,13.67,15,2023-01-28,EMP00031,Final
LDGBD32WHAK2,EMP00071,SL-PLAN-02,Sick Leave,2024-Q2,7.09,9.18,5.6,2.48,13.15,18,2024-01-06,EMP00037,Final
LDGHJSEK3NQQ,EMP00415,CL-PLAN-03,Casual Leave,2023-Q2,10.0,4.49,9.66,1.31,-7.14,15,2023-11-19,EMP00012,Final
LDGQYQE18MG8,,BL-PLAN-08,Bereavement Leave,2023-Q4,6.4,8.17,2.67,1.11,13.01,20,2024-09-29,EMP00010,Revised
LDG2IBLXDDB1,EMP00014,UL-PLAN-07,Unpaid Leave,2025-Q1,0.25,9.53,2.9,-1.95,4.93,21,2025-06-10,EMP00010,Final
LDGXPCQMLYO5,EMP00256,CO-PLAN-06,Compensatory Off,2024-Q3,9.58,-5.0,13.0,2.09,7.74,30,2023-04-08,EMP00011,Final
LDGC0AFADUS1,EMP00005,BL-PLAN-08,Bereavement Leave,2023-Q3,2.82,6.98,3.56,0.54,6.78,18,2025-03-28,EMP00038,Revised
LDGKP53B5RVS,EMP00748,BL-PLAN-08,Bereavement Leave,2024-Q3,5.79,9.14,12.97,-0.44,1.52,15,2023-09-13,EMP00031,Final
LDG57KAZJPB8,EMP00293,BL-PLAN-08,Bereavement Leave,2023-Q1,6.76,1.51,1.24,2.43,9.46,25,2024-10-05,EMP00007,Final
LDGP2EI4D9DL,EMP00708,BL-PLAN-08,Bereavement Leave,2024-Q1,22.13,6.9,10.74,-2.31,15.98,20,2024-02-17,EMP00042,Final
LDG49GRW4V8Y,EMP00277,BL-PLAN-08,Bereavement Leave,2023-Q4,8.47,2.61,2.74,-0.15,8.19,21,2024-09-21,EMP00046,Draft
LDGIK7P6R0MU,EMP00610,UL-PLAN-07,Unpaid Leave,2024-Q3,20.72,4.13,14.17,-2.84,42.0,18,2024-04-08,EMP00008,Final
LDGL8XEU3JU1,EMP00116,SL-PLAN-02,Sick Leave,2025-Q1,15.74,6.35,21.67,-0.57,-0.15,18,2023-08-30,EMP00037,Final
LDGRPCP51SZT,EMP00308,SL-PLAN-02,Sick Leave,2023-Q1,22.94,1.38,13.14,0.02,11.2,30,2023-05-22,EMP00019,Draft
LDGJD16X8583,EMP00324,CL-PLAN-03,Casual Leave,2025-Q1,21.62,1.36,42.980000000000004,0.83,7.73,21,2024-04-09,EMP00045,Final
LDGLP8QY0K4K,EMP00675,PL-PLAN-05,Paternity Leave,2024-Q2,7.47,8.63,3.91,-2.73,9.46,21,2023-11-11,EMP00046,Draft
LDGFHK18QLQH,,UL-PLAN-07,Unpaid Leave,2023-Q4,18.39,8.96,4.82,-0.68,21.85,20,2024-10-30,EMP00010,Final
LDGXJ5P0SRZU,EMP00753,CO-PLAN-06,Compensatory Off,2024-Q2,21.86,3.24,24.8,0.82,1.12,18,2025-03-20,EMP00001,Final
LDG39P83IE6Y,EMP00195,PL-PLAN-05,Paternity Leave,2023-Q3,13.38,2.87,8.24,-0.13,7.88,18,2025-04-13,EMP00003,Draft
LDGL8Z00HNI9,EMP00274,UL-PLAN-07,Unpaid Leave,INVALID-PERIOD,6.56,3.2,1.96,-1.34,6.46,25,2023-10-23,EMP00023,Revised
LDGZTASLO941,EMP00286,CL-PLAN-03,Casual Leave,2023-Q2,8.85,5.26,10.35,-1.5,-3.26,15,2024-07-06,EMP00006,Final
LDG0IUHVGSPZ,EMP00239,PL-PLAN-05,Paternity Leave,2025-Q1,1.09,3.38,0.06,-2.94,1.47,25,2023-09-07,EMP00007,Final
LDGJ81ZNBJHH,EMP00591,ML-PLAN-04,Maternity Leave,2023-Q3,17.43,-5.0,10.13,-2.34,14.24,18,2023-10-21,EMP00026,Final
LDGDNZ9X9VCN,EMP00467,BL-PLAN-08,Bereavement Leave,2023-Q4,17.85,6.99,2.19,0.45,23.1,25,2023-12-05,EMP00033,Final
LDG589JHQ60I,EMP00751,ML-PLAN-04,Maternity Leave,2023-Q4,7.79,7.24,7.27,-1.98,5.78,18,2023-05-09,EMP00021,Final
LDGTHU60JB71,EMP00684,AL-PLAN-01,Annual Leave,2023-Q1,16.77,1.96,14.3,0.28,4.71,20,2025-05-23,EMP00032,Final
LDG0F6THC67M,EMP00111,SL-PLAN-02,Sick Leave,2023-Q4,22.06,3.91,20.46,0.79,6.3,20,2024-11-05,EMP00034,Final
LDGFCRXCH6E9,EMP00287,UL-PLAN-07,Unpaid Leave,2024-Q2,1.66,5.44,2.18,-0.83,4.09,25,2025-05-10,EMP00006,Draft
LDG38OYETITV,EMP00258,SL-PLAN-02,Sick Leave,2024-Q3,5.59,3.28,8.13,0.95,1.69,20,2025-04-21,EMP00021,Draft
LDGFCCJE4Y0S,,UL-PLAN-07,Unpaid Leave,2024-Q3,,6.26,2.31,1.28,-30.78,15,2023-07-12,EMP00029,Final
LDG6WY71SUBT,EMP00353,CO-PLAN-06,Compensatory Off,2024-Q2,20.99,5.78,4.49,2.44,24.72,18,2025-05-21,EMP00017,Final
LDGHO8L6ZW8K,EMP00574,ML-PLAN-04,Maternity Leave,2025-Q1,15.23,1.92,8.63,2.68,11.2,25,2023-02-21,EMP00033,Draft
LDG5TIRW8O8V,EMP00394,BL-PLAN-08,Bereavement Leave,2024-Q1,3.81,8.06,4.25,1.27,47.0,21,2024-09-15,EMP00023,Final
LDGK8IFX7SAL,EMP00435,ML-PLAN-04,Maternity Leave,2023-Q4,5.03,8.25,1.14,1.04,13.18,30,2025-02-09,EMP00025,Final
LDGP01Y1U9LM,EMP00430,SL-PLAN-02,Sick Leave,2023-Q1,16.81,0.14,2.29,-1.16,13.5,21,2023-02-11,EMP00003,Revised
LDGYRE9B0PMR,EMP00225,CO-PLAN-06,Compensatory Off,2023-Q1,21.1,4.33,9.38,-0.55,15.5,25,2023-12-21,EMP00009,Draft
LDGZ0UHZJ1HL,EMP00644,BL-PLAN-08,Bereavement Leave,2024-Q4,15.65,5.14,5.93,1.84,16.7,20,2023-08-16,EMP00038,Final
LDGJ5AB0R6WU,EMP00339,CO-PLAN-06,Compensatory Off,2024-Q3,19.57,3.76,4.98,-2.32,16.03,15,2024-04-12,EMP00046,Final
LDG3LI3IKVOK,EMP00194,SL-PLAN-02,Sick Leave,2023-Q1,20.06,7.4,25.16,-0.13,-3.17,20,2024-12-25,EMP00038,Final
LDGB72W7IEDW,EMP00563,AL-PLAN-01,Annual Leave,2023-Q4,2.61,-5.0,7.2,-2.39,2.56,25,2025-05-02,EMP00039,Final
LDGI4NDUV16G,EMP00477,PL-PLAN-05,Paternity Leave,2024-Q2,11.37,7.21,5.77,2.52,15.33,15,2023-12-18,EMP00045,Draft
LDGBP3TXI9NW,EMP00089,PL-PLAN-05,Paternity Leave,2023-Q1,14.11,0.77,13.1,-0.29,1.49,21,2024-01-13,EMP00047,Final
LDGL4EXLOTT7,,ML-PLAN-04,Maternity Leave,2024-Q2,7.38,2.45,6.06,2.75,6.52,20,2023-01-05,EMP00050,Draft
LDGAFUX152SY,EMP00494,CL-PLAN-03,Casual Leave,2024-Q4,1.83,2.94,1.06,0.39,4.1,21,2024-02-01,EMP00041,Draft
LDGK6KHKTP90,EMP00697,AL-PLAN-01,Annual Leave,INVALID-PERIOD,23.92,8.77,52.69,1.38,22.04,30,2024-04-06,EMP00037,Draft
LDGBBR41XU0F,EMP00368,CO-PLAN-06,Compensatory Off,2023-Q3,6.77,1.98,4.84,-1.3,2.61,18,2023-04-09,EMP00010,Final
LDGN61X1EZO6,EMP00534,AL-PLAN-01,Annual Leave,2023-Q3,0.62,2.47,0.58,2.84,5.35,25,2025-04-12,EMP00022,Final
LDGJJP0M6REL,EMP00417,ML-PLAN-04,Maternity Leave,2024-Q2,9.21,3.98,0.64,-1.55,-12.0,30,2024-10-05,EMP00011,Draft
LDGKXHQWR8J6,EMP00577,CO-PLAN-06,Compensatory Off,2023-Q4,21.44,9.25,19.88,1.92,12.73,30,2025-02-06,EMP00016,Final
LDGFUGXY18CL,EMP00632,AL-PLAN-01,Annual Leave,2023-Q3,20.42,2.25,7.19,-1.7,13.78,25,2024-06-13,EMP00043,Draft
LDG0S6ID3Z8E,EMP00436,AL-PLAN-01,Annual Leave,2024-Q4,6.05,8.62,7.42,1.74,8.99,21,2025-04-30,EMP00034,Final
LDGVCLO0LPHR,EMP00032,BL-PLAN-08,Bereavement Leave,2024-Q4,17.1,0.19,12.81,2.34,6.82,30,2023-10-30,EMP00006,Final
LDG9EEBSGMFV,EMP00089,PL-PLAN-05,Paternity Leave,2024-Q2,5.77,2.81,5.47,-1.2,1.91,21,2025-05-05,EMP00015,Final
LDGIEDAY2ABP,EMP00479,SL-PLAN-02,Sick Leave,2024-Q2,20.2,6.16,18.2,1.53,47.0,20,2024-03-04,EMP00047,Final
LDGXJP8D052D,EMP00009,ML-PLAN-04,Maternity Leave,2023-Q1,7.42,8.88,2.83,-1.7,11.77,25,2023-03-29,EMP00033,Revised
LDGB6HSI416A,,UL-PLAN-07,Unpaid Leave,2024-Q1,19.32,7.7,15.43,-0.84,10.75,21,2024-08-23,EMP00026,Final
LDGZZKR77NE6,EMP00081,CL-PLAN-03,Casual Leave,2024-Q1,15.06,-5.0,7.44,-2.52,-9.31,21,2023-12-14,EMP00014,Final
LDG2ECF6799N,EMP00084,AL-PLAN-01,Annual Leave,2023-Q1,17.52,8.35,24.79,-0.33,0.75,25,2023-06-27,EMP00041,Final
LDGVZP1II66O,EMP00094,AL-PLAN-01,Annual Leave,2024-Q1,3.05,7.36,2.55,-0.8,7.06,15,2023-10-07,EMP00030,Final
LDGHFDE5LT7G,EMP00078,CL-PLAN-03,Casual Leave,2024-Q1,20.5,7.1,17.75,-0.24,9.61,21,2023-03-26,EMP00049,Final
LDGVXMHE3IO5,EMP00415,AL-PLAN-01,Annual Leave,2023-Q4,18.85,2.75,1.96,-1.29,18.35,18,2024-09-20,EMP00016,Final
LDG3OMKSYR3R,EMP00616,SL-PLAN-02,Sick Leave,2023-Q4,0.63,7.33,6.9,-0.24,0.82,15,2025-05-13,EMP00010,Revised
LDGXFYVF3J8R,EMP00303,ML-PLAN-04,Maternity Leave,2024-Q2,17.28,5.62,0.3,0.93,23.53,25,2023-10-02,EMP00023,Final
LDGSC5PNESXD,EMP00457,UL-PLAN-07,Unpaid Leave,2023-Q3,17.03,6.1,0.74,2.61,25.0,18,2024-02-14,EMP00004,Final
LDGQS72KFU4O,EMP00681,CO-PLAN-06,Compensatory Off,2024-Q2,6.42,8.92,7.09,-1.58,6.67,15,2023-08-06,EMP00050,Revised
LDGMG4QH5DCX,EMP00032,BL-PLAN-08,Bereavement Leave,2023-Q2,13.17,2.12,11.4,2.56,-7.45,30,2023-09-18,EMP00042,Final
LDGBIGGGADJZ,EMP00744,CL-PLAN-03,Casual Leave,2024-Q1,23.08,7.36,14.4,1.5,17.54,15,2023-04-20,EMP00018,Final
LDGNRUB79B5F,EMP00756,CO-PLAN-06,Compensatory Off,2023-Q1,17.65,6.08,0.16,-2.63,20.94,20,2024-10-27,EMP00012,Revised
LDG0SBFEJJ8W,,SL-PLAN-02,Sick Leave,2023-Q3,10.16,2.03,2.42,0.33,10.1,15,2023-10-18,EMP00002,Revised
LDGZLMQUDWSQ,EMP00404,BL-PLAN-08,Bereavement Leave,INVALID-PERIOD,16.06,8.24,12.42,2.66,14.54,18,2023-02-06,EMP00023,Final
LDGZ1EJ2B9JJ,EMP00619,BL-PLAN-08,Bereavement Leave,2025-Q1,16.94,1.23,15.47,2.85,5.55,30,2024-01-23,EMP00049,Revised
LDGKZDZMQI0N,EMP00758,CL-PLAN-03,Casual Leave,2023-Q1,11.11,1.75,6.43,2.63,9.06,20,2024-05-12,EMP00015,Draft
LDGK7ESM5Y8T,EMP00714,SL-PLAN-02,Sick Leave,2024-Q3,2.53,3.61,0.23,-1.46,4.45,30,2024-05-17,EMP00020,Final
LDGH8PCH3OZQ,EMP00323,CL-PLAN-03,Casual Leave,2025-Q1,21.45,-5.0,22.5,1.37,9.31,15,2025-05-05,EMP00013,Draft
LDGRG6ROGT8U,EMP00469,BL-PLAN-08,Bereavement Leave,2024-Q3,,6.5,30.48,-1.02,32.0,18,2023-07-08,EMP00004,Revised
LDGL68RVMDX9,EMP00557,AL-PLAN-01,Annual Leave,2024-Q3,9.06,0.44,6.18,-1.62,1.7,21,2024-08-12,EMP00005,Revised
LDGCX8KUJSUE,EMP00444,CL-PLAN-03,Casual Leave,2023-Q2,16.73,2.92,3.71,-0.64,15.3,15,2023-05-18,EMP00007,Draft
LDG6H9G44T3F,EMP00538,SL-PLAN-02,Sick Leave,2025-Q1,9.81,2.08,9.97,0.13,2.05,25,2023-03-21,EMP00041,Final
LDGCFV2TVTWP,EMP00170,UL-PLAN-07,Unpaid Leave,2023-Q4,21.12,6.46,1.65,-2.82,23.11,20,2023-05-28,EMP00044,Final
LDGZTT1BP3I0,EMP00487,PL-PLAN-05,Paternity Leave,2023-Q3,17.81,0.06,3.77,-1.09,13.01,20,2024-12-15,EMP00032,Revised
LDGSZECOBSYU,EMP00327,UL-PLAN-07,Unpaid Leave,2024-Q1,1.87,1.04,1.02,-2.29,-0.4,20,2023-04-01,EMP00028,Final
LDG9G53DH2LD,,CL-PLAN-03,Casual Leave,2023-Q2,8.29,1.92,8.69,-0.42,1.1,20,2024-12-11,EMP00008,Final
LDG025C375PW,EMP00246,AL-PLAN-01,Annual Leave,2024-Q3,4.38,7.7,10.63,1.53,2.98,21,2024-06-16,EMP00021,Draft
LDGIWITEVA6H,EMP00201,CL-PLAN-03,Casual Leave,2023-Q2,8.18,7.49,2.73,1.78,-15.72,20,2023-01-14,EMP00025,Revised
LDGPJXGJ80X8,EMP00710,PL-PLAN-05,Paternity Leave,2024-Q4,10.82,4.54,3.22,2.78,14.92,21,2024-06-07,EMP00029,Final
LDGPRC99BF9W,EMP00527,AL-PLAN-01,Annual Leave,2024-Q1,5.63,5.52,5.45,-2.85,2.85,25,2024-11-18,EMP00038,Final
LDGIQ0TOKDZM,EMP00266,AL-PLAN-01,Annual Leave,2024-Q2,5.42,9.53,12.37,0.14,2.72,21,2024-04-12,EMP00023,Final
LDGUXRTTOYHX,EMP00436,BL-PLAN-08,Bereavement Leave,2023-Q4,22.2,7.09,12.16,0.94,18.07,25,2023-06-22,EMP00011,Final
LDGULRM5R0MM,EMP00639,BL-PLAN-08,Bereavement Leave,2023-Q3,17.31,5.61,5.71,-0.64,16.57,21,2025-05-15,EMP00002,Draft
LDG7NCDX25FL,EMP00525,SL-PLAN-02,Sick Leave,2024-Q3,11.32,9.42,0.48,-2.72,17.54,18,2023-08-19,EMP00019,Final
LDG1S34Y5L25,EMP00279,ML-PLAN-04,Maternity Leave,2025-Q1,19.49,-5.0,15.16,1.47,6.77,21,2023-06-22,EMP00039,Final
LDG1MZDBUDUA,EMP00640,UL-PLAN-07,Unpaid Leave,2024-Q2,18.81,7.34,4.01,-2.67,19.47,21,2024-02-03,EMP00012,Final
LDGY78ZCT6U7,EMP00195,ML-PLAN-04,Maternity Leave,2023-Q2,13.24,9.38,13.7,2.36,-12.28,25,2024-02-26,EMP00017,Final
LDG8NMB7FCTT,EMP00319,UL-PLAN-07,Unpaid Leave,2023-Q2,2.21,9.44,2.43,-0.13,9.09,25,2023-09-26,EMP00050,Final
LDGRPXWEHL75,,CL-PLAN-03,Casual Leave,INVALID-PERIOD,24.03,6.81,8.06,-2.23,20.55,18,2025-03-20,EMP00016,Draft
LDG8XT12F2SM,EMP00369,CL-PLAN-03,Casual Leave,2024-Q2,0.51,1.44,1.43,2.91,44.0,25,2025-03-22,EMP00007,Final
LDGK76KDYI52,EMP00398,AL-PLAN-01,Annual Leave,2024-Q1,11.36,9.53,6.44,-0.61,13.84,18,2024-05-13,EMP00018,Revised
LDG6YBE6SGNA,EMP00415,UL-PLAN-07,Unpaid Leave,2023-Q3,21.04,5.0,11.73,2.25,16.56,21,2024-05-18,EMP00021,Revised
LDGKM1AG6HKL,EMP00506,CL-PLAN-03,Casual Leave,2025-Q1,20.81,2.75,14.09,2.45,11.92,25,2025-02-05,EMP00002,Revised
LDGAOCIHYGIZ,EMP00317,SL-PLAN-02,Sick Leave,2024-Q4,11.3,8.16,1.34,2.14,20.26,30,2023-06-28,EMP00013,Final
LDGG1LLBWOXU,EMP00672,AL-PLAN-01,Annual Leave,2023-Q2,7.66,9.65,6.62,-1.26,9.43,25,2024-11-20,EMP00027,Final
LDGC3E1O4SO4,EMP00583,BL-PLAN-08,Bereavement Leave,2023-Q3,10.41,6.04,16.16,-0.96,-1.67,15,2024-04-25,EMP00012,Final
LDGQ87ZH4SFJ,EMP00035,UL-PLAN-07,Unpaid Leave,2023-Q3,8.47,5.67,11.73,-1.82,0.59,18,2023-07-22,EMP00005,Final
LDGRFP3S87XN,EMP00133,AL-PLAN-01,Annual Leave,2024-Q2,21.36,2.53,22.58,2.26,3.57,25,2023-04-30,EMP00005,Final
LDGFB0YDK7ZG,EMP00699,PL-PLAN-05,Paternity Leave,2024-Q4,1.7,0.97,22.67,-1.3,0.69,20,2025-03-09,EMP00021,Final
LDGYRWMJY0WI,EMP00585,CL-PLAN-03,Casual Leave,2023-Q2,14.99,9.25,18.85,-2.66,2.73,25,2025-06-11,EMP00017,Revised
LDGM1RTDLZCB,EMP00398,CO-PLAN-06,Compensatory Off,2024-Q4,2.13,9.01,1.45,0.87,10.56,15,2023-06-01,EMP00039,Revised
LDGU54RYF1VJ,,UL-PLAN-07,Unpaid Leave,2024-Q3,9.46,-5.0,5.56,-1.13,3.61,18,2024-04-04,EMP00032,Revised
LDG2JIP2N4NH,EMP00399,UL-PLAN-07,Unpaid Leave,2024-Q4,3.51,7.51,10.7,-0.36,-0.04,30,2024-11-29,EMP00032,Final
LDGICVP4R4BG,EMP00388,PL-PLAN-05,Paternity Leave,2025-Q1,3.28,3.29,0.22,-2.03,4.32,30,2023-08-30,EMP00004,Draft
LDGSI6J5PTSJ,EMP00171,ML-PLAN-04,Maternity Leave,2023-Q4,0.22,1.48,1.6,1.79,-2.8899999999999997,30,2024-11-08,EMP00033,Draft
LDGEYAM4QZXN,EMP00060,BL-PLAN-08,Bereavement Leave,2023-Q3,20.63,7.44,5.58,0.06,22.55,18,2024-02-06,EMP00024,Revised
LDGO0YENUEQV,EMP00108,UL-PLAN-07,Unpaid Leave,2024-Q1,9.52,0.07,6.78,2.94,5.75,18,2024-03-22,EMP00042,Final
LDGA6H8E3ZYW,EMP00473,CO-PLAN-06,Compensatory Off,2024-Q2,11.86,5.83,1.55,-1.24,14.9,21,2023-11-08,EMP00045,Final
LDGSOQ7Q0NT9,EMP00623,CL-PLAN-03,Casual Leave,2024-Q1,18.1,2.06,9.73,-1.27,9.16,21,2023-03-04,EMP00036,Revised
LDG2QXGPHELS,EMP00516,BL-PLAN-08,Bereavement Leave,2024-Q3,9.51,3.24,11.07,-1.37,0.31,21,2025-05-28,EMP00050,Draft
LDGO40DNI0FP,EMP00091,CO-PLAN-06,Compensatory Off,2023-Q3,4.89,0.46,4.86,0.51,42.0,20,2023-05-10,EMP00025,Final
LDGX1B1JPR27,EMP00598,BL-PLAN-08,Bereavement Leave,2023-Q1,23.6,2.0,12.12,-2.16,11.32,18,2023-07-04,EMP00010,Draft
LDGR6LYS7P8Z,EMP00196,BL-PLAN-08,Bereavement Leave,2023-Q3,7.83,3.77,5.6,2.92,8.92,25,2023-03-03,EMP00005,Final
LDGCYZ6H92G6,EMP00650,ML-PLAN-04,Maternity Leave,INVALID-PERIOD,,2.73,2.87,-1.11,-5.0,18,2023-02-25,EMP00044,Revised
LDG96IH74ILP,,SL-PLAN-02,Sick Leave,2023-Q4,6.07,5.45,10.24,1.99,3.27,30,2024-06-05,EMP00013,Final
LDG8NH0SPAP1,EMP00326,AL-PLAN-01,Annual Leave,2024-Q2,20.61,7.06,23.52,-0.32,3.83,25,2023-04-03,EMP00039,Final
LDGQPJBV2PGZ,EMP00305,PL-PLAN-05,Paternity Leave,2024-Q3,13.55,3.3,10.88,0.28,6.25,30,2023-09-01,EMP00050,Revised
LDGIB745LBK4,EMP00099,BL-PLAN-08,Bereavement Leave,2024-Q1,0.21,5.66,5.12,1.95,2.7,30,2023-04-18,EMP00008,Draft
LDGK3TA7C0KM,EMP00679,SL-PLAN-02,Sick Leave,2025-Q1,14.52,-5.0,6.95,2.62,18.58,25,2023-04-09,EMP00039,Draft
LDGQGTTFHO03,EMP00375,ML-PLAN-04,Maternity Leave,2024-Q2,5.69,8.36,10.84,-2.93,0.28,20,2024-08-22,EMP00039,Draft
LDGHANQB06QU,EMP00575,AL-PLAN-01,Annual Leave,2023-Q3,12.47,8.95,17.38,0.26,4.3,30,2023-10-09,EMP00005,Final
LDGFWVRQXZEQ,EMP00635,UL-PLAN-07,Unpaid Leave,2023-Q3,17.86,9.16,19.71,-2.92,4.39,25,2024-08-09,EMP00039,Draft
LDGUTEW0W9HF,EMP00170,CO-PLAN-06,Compensatory Off,2023-Q3,8.86,3.84,10.57,-1.19,-1.94,18,2024-04-26,EMP00045,Final
LDG1EQX1G848,EMP00333,PL-PLAN-05,Paternity Leave,2023-Q1,17.03,5.85,17.69,-1.56,3.63,30,2024-05-10,EMP00046,Final
LDGATS7UFHJX,EMP00212,BL-PLAN-08,Bereavement Leave,2024-Q3,0.44,2.13,1.44,-1.49,-0.36,30,2024-04-14,EMP00012,Draft
LDGCE8YD1K35,EMP00464,SL-PLAN-02,Sick Leave,2023-Q3,9.84,1.87,5.2,-1.64,4.87,15,2024-06-16,EMP00046,Draft
LDG9Q1U7JXY7,EMP00033,BL-PLAN-08,Bereavement Leave,2024-Q1,12.24,1.88,4.11,1.3,11.31,20,2023-04-21,EMP00036,Final
LDGPWJOLDMP0,,UL-PLAN-07,Unpaid Leave,2023-Q3,24.81,2.61,24.63,0.48,3.27,15,2025-05-17,EMP00019,Final
LDG3JNA5OUOH,EMP00410,CO-PLAN-06,Compensatory Off,2023-Q3,19.21,7.27,46.480000000000004,0.9,24.96,20,2023-11-08,EMP00032,Draft
LDG7KJRTUQ43,EMP00288,BL-PLAN-08,Bereavement Leave,2025-Q1,13.83,5.33,9.45,1.07,10.78,18,2023-08-20,EMP00045,Final
LDGY6YYS8IQ8,EMP00008,BL-PLAN-08,Bereavement Leave,2024-Q2,16.16,2.9,7.13,-1.78,10.15,25,2023-01-29,EMP00031,Final
LDGT9WOACODD,EMP00053,CL-PLAN-03,Casual Leave,2024-Q2,21.4,9.75,25.74,-1.06,42.0,25,2023-06-13,EMP00035,Revised
LDGMU0C2GX78,EMP00471,PL-PLAN-05,Paternity Leave,2023-Q3,8.38,0.12,3.94,1.79,6.35,18,2024-04-15,EMP00028,Final
LDGRWU59452T,EMP00415,CO-PLAN-06,Compensatory Off,2023-Q3,4.94,9.45,4.69,0.23,9.93,15,2025-06-20,EMP00028,Final
LDGR79HN133C,EMP00552,SL-PLAN-02,Sick Leave,2024-Q3,21.64,2.5,11.1,-1.56,11.48,20,2024-03-30,EMP00035,Final
LDG8821850RZ,EMP00712,PL-PLAN-05,Paternity Leave,2025-Q1,1.38,-5.0,3.03,-1.31,4.57,21,2024-01-14,EMP00017,Revised
LDGVGCBW6LG7,EMP00730,CL-PLAN-03,Casual Leave,2024-Q2,6.69,7.19,10.01,-2.89,0.98,15,2023-03-24,EMP00006,Final
LDG2J7VLQ20V,EMP00025,UL-PLAN-07,Unpaid Leave,2023-Q4,17.07,1.98,13.52,1.53,7.06,30,2024-08-03,EMP00041,Final
LDGQWHK78KCV,EMP00028,CO-PLAN-06,Compensatory Off,INVALID-PERIOD,22.8,5.44,14.58,-2.9,10.76,15,2025-03-10,EMP00022,Final
LDG4R1ED1NFU,EMP00680,PL-PLAN-05,Paternity Leave,2023-Q1,0.3,3.0,1.47,-2.59,-0.76,15,2023-10-27,EMP00018,Final
LDGRHJLPJAMB,,AL-PLAN-01,Annual Leave,2023-Q4,13.73,3.55,11.29,-1.37,-5.62,25,2024-03-29,EMP00004,Revised
LDGJTNYWEOF2,EMP00731,BL-PLAN-08,Bereavement Leave,2023-Q2,9.32,5.3,11.36,-1.27,1.99,21,2024-10-29,EMP00028,Revised
LDGQ4L9VVHO3,EMP00603,CL-PLAN-03,Casual Leave,2023-Q3,15.89,0.47,5.17,2.86,14.05,30,2023-05-30,EMP00027,Revised
LDG8MKD07MPI,EMP00503,CO-PLAN-06,Compensatory Off,2025-Q1,3.96,5.72,1.64,2.39,10.43,18,2024-01-03,EMP00044,Draft
LDG0DG8XIBB7,EMP00185,AL-PLAN-01,Annual Leave,2024-Q4,0.78,6.24,2.3,2.02,6.74,30,2025-02-26,EMP00047,Final
LDGG232ZN97C,EMP00172,SL-PLAN-02,Sick Leave,2023-Q2,7.54,8.69,3.19,1.39,14.43,25,2023-05-31,EMP00030,Final
LDGSZMJUQ5EQ,EMP00113,AL-PLAN-01,Annual Leave,2023-Q1,14.42,6.91,2.21,2.54,21.66,30,2024-02-09,EMP00017,Draft
LDG9DQLUIP8J,EMP00561,CL-PLAN-03,Casual Leave,2023-Q3,11.65,1.52,6.8,0.78,7.15,30,2023-06-24,EMP00005,Final
LDG0XEDYQU37,EMP00254,BL-PLAN-08,Bereavement Leave,2023-Q2,24.67,7.8,8.15,-2.85,21.47,20,2024-05-14,EMP00043,Final
LDG963MNP4KO,EMP00405,SL-PLAN-02,Sick Leave,2024-Q2,24.9,7.88,21.16,2.14,-14.76,20,2025-02-25,EMP00047,Final
LDGNI4SYRLBA,EMP00007,BL-PLAN-08,Bereavement Leave,2023-Q1,18.22,7.69,2.92,1.81,24.8,20,2024-10-03,EMP00021,Draft
LDGXP3RFWQYI,EMP00614,ML-PLAN-04,Maternity Leave,2024-Q1,7.4,3.8,10.56,-1.79,-1.15,25,2025-05-19,EMP00044,Final
LDG0MVOKHCYZ,EMP00387,BL-PLAN-08,Bereavement Leave,2024-Q4,8.43,-5.0,4.78,-1.02,48.0,18,2024-04-25,EMP00014,Draft
LDGY0ZT8OW73,,ML-PLAN-04,Maternity Leave,2024-Q2,3.72,7.78,10.64,-2.81,-1.95,30,2023-11-06,EMP00021,Final
LDGYBBIRBO76,EMP00652,AL-PLAN-01,Annual Leave,2023-Q4,2.56,8.18,10.43,0.5,0.81,21,2025-01-25,EMP00011,Revised
LDG8DP4FYJHV,EMP00386,CL-PLAN-03,Casual Leave,2023-Q1,17.73,1.47,4.02,-1.19,13.99,20,2023-08-20,EMP00017,Final
LDGL3P9L1BUC,EMP00013,ML-PLAN-04,Maternity Leave,2024-Q2,23.95,3.52,12.34,2.36,17.49,30,2023-07-18,EMP00003,Final
LDG42EVYZXSM,EMP00790,CO-PLAN-06,Compensatory Off,2024-Q2,23.74,0.63,21.72,-2.73,-0.08,21,2023-01-09,EMP00003,Revised
LDG98YEMYBNA,EMP00765,ML-PLAN-04,Maternity Leave,2023-Q1,,9.57,51.31,1.69,-13.97,20,2025-02-02,EMP00010,Revised
LDGG0XGDA1TL,EMP00152,PL-PLAN-05,Paternity Leave,2024-Q4,18.39,1.77,0.24,-2.43,17.49,25,2023-03-18,EMP00007,Final
LDGYTRE6PDIF,EMP00122,CL-PLAN-03,Casual Leave,2023-Q2,13.37,3.52,15.29,-1.38,0.22,18,2024-11-10,EMP00034,Final
LDGCSDOPDHDO,EMP00355,PL-PLAN-05,Paternity Leave,2024-Q2,18.05,6.63,9.88,2.63,17.43,30,2023-02-05,EMP00024,Final
LDGDI440SQYL,EMP00323,ML-PLAN-04,Maternity Leave,2024-Q2,17.42,0.16,12.09,1.67,7.16,20,2023-12-31,EMP00019,Final
LDGT6QJINCEC,EMP00436,AL-PLAN-01,Annual Leave,INVALID-PERIOD,2.92,0.37,2.76,1.67,2.2,18,2023-06-07,EMP00045,Final
LDG4XJZRPZI5,EMP00780,BL-PLAN-08,Bereavement Leave,2025-Q1,3.26,7.92,1.75,-0.21,9.22,18,2024-03-22,EMP00004,Final
LDGWERJWMFVO,EMP00111,CO-PLAN-06,Compensatory Off,2023-Q4,15.45,2.2,4.2,2.18,15.63,25,2024-09-15,EMP00006,Final
LDGE5ZNOZFA5,,AL-PLAN-01,Annual Leave,2024-Q3,15.01,8.25,11.23,-2.57,9.46,20,2024-08-17,EMP00023,Final
LDG078NIROXX,EMP00589,CL-PLAN-03,Casual Leave,2025-Q1,19.4,0.18,10.94,-0.24,-9.4,18,2025-05-16,EMP00037,Draft
LDGGN5SLWA8K,EMP00161,SL-PLAN-02,Sick Leave,2024-Q2,22.88,1.13,17.75,2.42,8.68,25,2024-11-05,EMP00022,Final
LDGETOWMR2BN,EMP00519,SL-PLAN-02,Sick Leave,2023-Q4,0.22,-5.0,4.48,-1.17,0.47,21,2024-06-10,EMP00018,Final
LDGRUIEHHS4L,EMP00570,PL-PLAN-05,Paternity Leave,2024-Q4,23.56,9.29,2.83,0.81,30.83,20,2024-10-02,EMP00007,Revised
LDG9SVNHQVKQ,EMP00554,SL-PLAN-02,Sick Leave,2024-Q3,16.17,2.96,10.7,1.45,9.88,30,2023-12-29,EMP00031,Draft
LDG5IEOEE9LO,EMP00608,BL-PLAN-08,Bereavement Leave,2024-Q3,10.75,3.19,3.71,-2.81,7.42,18,2023-01-29,EMP00008,Final
LDGGREPXA5RE,EMP00289,CO-PLAN-06,Compensatory Off,2025-Q1,0.37,9.01,1.38,2.92,48.0,20,2024-08-31,EMP00048,Final
LDGCWDZ6GML3,EMP00281,CO-PLAN-06,Compensatory Off,2023-Q4,22.51,1.69,5.51,-2.07,16.62,18,2025-04-03,EMP00047,Revised
LDG8UZU6APLR,EMP00188,ML-PLAN-04,Maternity Leave,2023-Q1,11.43,7.6,16.94,2.74,4.83,25,2023-08-24,EMP00006,Final
LDG6T05C1G5L,EMP00616,AL-PLAN-01,Annual Leave,2023-Q2,22.03,1.38,11.66,-2.72,-10.03,18,2024-07-06,EMP00042,Final
LDG304KZMT0P,EMP00443,ML-PLAN-04,Maternity Leave,2023-Q1,5.53,0.01,5.3,-0.17,0.07,30,2024-03-09,EMP00022,Revised
LDGGZ9T1XVMV,EMP00075,PL-PLAN-05,Paternity Leave,2024-Q3,11.36,4.75,10.78,1.03,6.36,25,2023-03-04,EMP00015,Final
LDG8U5EW1G6N,,AL-PLAN-01,Annual Leave,2024-Q3,13.07,9.43,12.39,-1.08,9.03,15,2025-01-09,EMP00004,Final
LDG0HNXYEH8O,EMP00137,PL-PLAN-05,Paternity Leave,2023-Q4,14.66,2.88,0.78,0.4,17.16,25,2023-11-12,EMP00032,Final
LDGWVMT0Y7FK,EMP00555,AL-PLAN-01,Annual Leave,2024-Q3,12.14,9.96,10.26,-0.25,11.59,20,2023-12-13,EMP00049,Final
LDGBDIIMBJ93,EMP00583,SL-PLAN-02,Sick Leave,2023-Q1,0.82,7.96,2.05,1.2,7.93,25,2024-05-24,EMP00017,Final
LDG38Z8XUIE5,EMP00240,PL-PLAN-05,Paternity Leave,2024-Q1,9.35,7.9,6.54,2.51,13.22,25,2023-03-19,EMP00049,Draft
LDGWWOZ17JJT,EMP00086,UL-PLAN-07,Unpaid Leave,2023-Q2,18.27,4.81,12.98,2.84,12.94,25,2024-02-24,EMP00034,Final
LDGDVD2AZIM2,EMP00671,CO-PLAN-06,Compensatory Off,2024-Q1,14.45,9.62,13.85,2.55,-13.77,21,2024-06-18,EMP00017,Final
LDGT2FOZKAK5,EMP00568,AL-PLAN-01,Annual Leave,2023-Q1,23.04,-5.0,23.39,0.63,3.79,18,2025-05-28,EMP00015,Revised
LDGKFNNOVBFN,EMP00604,BL-PLAN-08,Bereavement Leave,2024-Q1,23.53,2.46,4.44,1.98,23.53,18,2024-12-07,EMP00024,Draft
LDGB4KR7FBP7,EMP00417,SL-PLAN-02,Sick Leave,INVALID-PERIOD,11.67,0.83,32.5,0.53,0.6,18,2024-02-03,EMP00029,Revised
LDGFFJ9AV1RP,EMP00231,BL-PLAN-08,Bereavement Leave,2025-Q1,5.93,6.12,11.15,1.44,2.34,20,2024-08-23,EMP00026,Final
LDG8NS5ZHDLB,EMP00247,BL-PLAN-08,Bereavement Leave,2024-Q2,2.77,1.92,2.66,2.86,4.89,21,2023-01-02,EMP00042,Draft
LDGEC88BVG6A,EMP00097,BL-PLAN-08,Bereavement Leave,2024-Q2,22.81,4.71,5.29,-2.09,20.14,25,2024-01-27,EMP00007,Draft
LDG8TV57HXDH,,AL-PLAN-01,Annual Leave,2024-Q1,8.06,0.59,3.35,-0.49,4.81,25,2023-11-27,EMP00029,Final
LDGY7XT5CYT3,EMP00395,UL-PLAN-07,Unpaid Leave,2023-Q1,15.24,4.26,17.02,1.76,4.24,30,2025-02-05,EMP00018,Draft
LDG73AIAGK3H,EMP00006,AL-PLAN-01,Annual Leave,2024-Q4,19.09,2.84,16.82,1.55,40.0,15,2023-11-27,EMP00007,Final
LDGRXX6DATQG,EMP00387,SL-PLAN-02,Sick Leave,2023-Q1,18.41,7.38,18.86,0.66,7.59,15,2024-03-07,EMP00026,Revised
LDGRQMDN5HNA,EMP00018,AL-PLAN-01,Annual Leave,2024-Q2,0.08,3.13,0.16,-2.94,0.11,30,2025-05-08,EMP00042,Final
LDG7R1HLXDBR,EMP00659,CL-PLAN-03,Casual Leave,2023-Q2,2.53,1.89,3.6,0.96,1.78,18,2024-11-13,EMP00031,Draft
LDGFIBG6906M,EMP00273,AL-PLAN-01,Annual Leave,2024-Q1,18.43,7.67,15.92,2.51,12.69,18,2024-07-15,EMP00045,Revised
LDG5NNIFWZEA,EMP00012,AL-PLAN-01,Annual Leave,2023-Q1,6.17,8.22,5.07,-1.25,8.07,21,2024-12-22,EMP00016,Final
LDGMFM9ROMDP,EMP00101,SL-PLAN-02,Sick Leave,2023-Q4,17.49,2.33,16.5,1.72,5.04,20,2023-03-31,EMP00027,Final
LDGNH2QZA8HX,EMP00415,UL-PLAN-07,Unpaid Leave,2024-Q3,10.37,6.74,6.55,-0.78,9.78,15,2025-03-08,EMP00035,Revised
LDGWH10SA2I3,EMP00141,CO-PLAN-06,Compensatory Off,2024-Q2,19.82,8.18,3.69,-0.72,23.59,20,2023-02-07,EMP00039,Draft
LDGZ2XK6SV6I,EMP00800,SL-PLAN-02,Sick Leave,2024-Q3,,-5.0,0.63,-2.74,-12.82,20,2025-06-04,EMP00043,Final
LDGPAN6HKUXW,EMP00222,CO-PLAN-06,Compensatory Off,2025-Q1,22.93,0.13,16.62,0.02,6.46,20,2024-01-06,EMP00020,Draft
LDGX1JAX9I85,,PL-PLAN-05,Paternity Leave,2024-Q2,6.17,0.08,2.34,0.27,4.18,25,2024-11-06,EMP00005,Revised
LDGCH5GQI5XX,EMP00447,AL-PLAN-01,Annual Leave,2023-Q3,10.39,7.07,6.16,0.91,12.21,25,2024-01-21,EMP00006,Final
LDG34K6X2BKQ,EMP00701,AL-PLAN-01,Annual Leave,2025-Q1,4.81,1.89,6.7,-0.71,-0.71,30,2024-07-18,EMP00004,Final
LDGOCESGO53P,EMP00433,CL-PLAN-03,Casual Leave,2023-Q3,12.92,3.63,15.47,-0.92,0.16,18,2023-06-06,EMP00048,Revised
LDGMYOO9N4JO,EMP00510,CO-PLAN-06,Compensatory Off,2025-Q1,22.31,5.01,3.56,1.24,25.0,20,2023-07-18,EMP00014,Final
LDGT5ANGWUOD,EMP00798,BL-PLAN-08,Bereavement Leave,2024-Q1,11.99,3.27,12.19,-0.15,2.92,30,2024-01-21,EMP00038,Draft
LDGITMIY3QIQ,EMP00667,CL-PLAN-03,Casual Leave,2023-Q3,23.6,0.04,19.22,-0.36,4.06,21,2023-12-03,EMP00019,Revised
LDG95S2YGFN9,EMP00379,CO-PLAN-06,Compensatory Off,2023-Q1,23.64,7.58,9.78,-0.02,-22.42,30,2024-06-13,EMP00025,Final
LDGGL73RQTB0,EMP00441,ML-PLAN-04,Maternity Leave,INVALID-PERIOD,14.34,1.08,2.74,2.69,15.37,21,2025-05-22,EMP00019,Final
LDGR30ZB1RB6,EMP00482,AL-PLAN-01,Annual Leave,2024-Q1,9.91,5.6,1.4,-2.2,11.91,21,2024-12-19,EMP00002,Final
LDGBIWN8OURL,EMP00197,SL-PLAN-02,Sick Leave,2024-Q1,6.22,2.27,5.5,2.31,37.0,21,2025-04-14,EMP00046,Draft
LDG7KDEZXEJK,EMP00328,UL-PLAN-07,Unpaid Leave,2023-Q2,19.2,2.12,14.85,0.7,7.17,18,2023-09-07,EMP00005,Final
LDGJ4RLXCVIH,EMP00650,BL-PLAN-08,Bereavement Leave,2024-Q3,10.25,9.68,3.12,-2.15,14.66,20,2024-03-04,EMP00021,Final
LDGE7Z9DIM0R,,PL-PLAN-05,Paternity Leave,2023-Q4,17.14,6.24,43.38,2.53,9.71,15,2024-10-21,EMP00004,Draft
LDGUWFV1G3OF,EMP00496,BL-PLAN-08,Bereavement Leave,2023-Q4,19.27,0.94,13.1,0.86,7.97,18,2023-12-25,EMP00011,Draft
LDGC9867E1KQ,EMP00214,AL-PLAN-01,Annual Leave,2024-Q3,20.96,-5.0,11.4,2.56,22.02,30,2024-11-19,EMP00027,Final
LDG9VTFU7M6B,EMP00140,UL-PLAN-07,Unpaid Leave,2023-Q4,4.99,0.77,0.48,0.53,-6.81,25,2024-03-07,EMP00049,Final
LDGAMQ9NTW1L,EMP00485,PL-PLAN-05,Paternity Leave,2023-Q1,20.8,5.27,17.5,1.08,9.65,20,2025-02-20,EMP00044,Final
LDGF6UANKP1V,EMP00288,CL-PLAN-03,Casual Leave,2025-Q1,19.57,1.58,19.84,0.08,1.39,15,2023-11-09,EMP00012,Draft
LDGZLXJQ358D,EMP00679,ML-PLAN-04,Maternity Leave,2024-Q3,21.49,2.14,15.34,-0.53,7.76,15,2024-03-12,EMP00036,Final
LDG7VAEG4RXK,EMP00237,SL-PLAN-02,Sick Leave,2025-Q1,2.42,2.46,0.18,2.8,7.5,30,2023-04-17,EMP00036,Draft
LDGYBK1X88IG,EMP00464,PL-PLAN-05,Paternity Leave,2023-Q1,9.52,0.62,8.44,0.32,2.02,30,2023-09-09,EMP00018,Final
LDGPSITIASEZ,EMP00116,PL-PLAN-05,Paternity Leave,2023-Q1,0.59,6.66,2.34,2.49,7.4,18,2023-11-12,EMP00022,Revised
LDGJO3H9T87G,EMP00552,AL-PLAN-01,Annual Leave,2023-Q1,1.48,7.3,0.2,0.06,8.64,21,2023-04-11,EMP00038,Final
LDGYTTSDZ3QC,EMP00056,PL-PLAN-05,Paternity Leave,2023-Q3,9.81,2.57,2.69,-1.14,8.55,21,2023-02-08,EMP00035,Revised
LDGANVB48EP7,EMP00322,SL-PLAN-02,Sick Leave,2023-Q3,1.68,8.48,0.23,-1.87,-9.06,15,2025-03-19,EMP00019,Final
LDGQIF21D37E,,BL-PLAN-08,Bereavement Leave,2024-Q2,23.94,3.81,5.52,-2.56,19.67,18,2024-10-19,EMP00017,Revised
LDG8UJNTZVZB,EMP00251,CL-PLAN-03,Casual Leave,2023-Q4,4.69,6.16,3.98,1.38,8.25,30,2023-08-17,EMP00001,Final
LDGSF6OXD5NN,EMP00713,PL-PLAN-05,Paternity Leave,2023-Q3,20.52,4.24,6.76,-1.4,16.6,30,2024-02-24,EMP00041,Revised
LDGM1ZG5TNRX,EMP00749,CO-PLAN-06,Compensatory Off,2024-Q1,22.76,1.82,16.32,-1.06,7.2,25,2023-08-02,EMP00022,Final
LDGBGP1DI6ZU,EMP00222,ML-PLAN-04,Maternity Leave,2023-Q3,9.92,2.72,12.26,-1.01,-0.63,25,2025-01-27,EMP00016,Revised
LDGADPWVWPKP,EMP00440,AL-PLAN-01,Annual Leave,2025-Q1,15.03,1.58,9.16,-1.09,37.0,18,2025-03-19,EMP00020,Final
LDGHDK3I6B8H,EMP00674,CL-PLAN-03,Casual Leave,2024-Q4,14.0,-5.0,7.26,0.58,16.4,20,2023-05-26,EMP00014,Final
LDG641I7AGJY,EMP00654,CO-PLAN-06,Compensatory Off,INVALID-PERIOD,12.21,3.2,7.79,-0.61,7.01,18,2024-06-11,EMP00024,Final
LDGFEKOL9EHX,EMP00250,CO-PLAN-06,Compensatory Off,2023-Q1,2.36,5.84,3.87,-0.8,-4.529999999999999,15,2024-07-22,EMP00025,Draft
LDGITX4EGEOD,EMP00795,ML-PLAN-04,Maternity Leave,2023-Q4,11.67,1.84,10.35,1.83,4.99,18,2024-05-19,EMP00032,Draft
LDGLYYQTGUSG,EMP00332,UL-PLAN-07,Unpaid Leave,2024-Q4,9.02,7.79,14.1,-0.21,2.5,30,2023-11-28,EMP00004,Final
LDGUI6DNN7ED,EMP00357,UL-PLAN-07,Unpaid Leave,2025-Q1,8.87,2.55,6.54,-2.86,2.02,20,2023-02-13,EMP00040,Revised
LDGWFTGTJ0UD,EMP00344,CL-PLAN-03,Casual Leave,2024-Q2,5.93,2.43,3.45,2.57,7.48,20,2023-12-21,EMP00049,Revised
LDGXZNTWU6K2,,AL-PLAN-01,Annual Leave,2024-Q2,24.56,4.81,9.58,0.67,20.46,18,2023-04-12,EMP00002,Draft
LDG256VL4FQ5,EMP00234,UL-PLAN-07,Unpaid Leave,2023-Q3,22.55,8.23,5.23,-0.1,25.45,21,2023-08-10,EMP00026,Final
LDG28DHAKROD,EMP00797,UL-PLAN-07,Unpaid Leave,2024-Q4,6.17,7.81,3.02,2.5,13.46,20,2025-03-05,EMP00032,Final
LDGGZUZLF2A6,EMP00358,CO-PLAN-06,Compensatory Off,2023-Q1,22.44,5.11,17.11,0.01,10.45,18,2025-06-27,EMP00024,Final
LDGVYUA68QHJ,EMP00071,PL-PLAN-05,Paternity Leave,2024-Q1,,2.69,23.62,-2.83,-3.57,20,2023-06-13,EMP00032,Final
LDGGO9U9XB55,EMP00259,CL-PLAN-03,Casual Leave,2023-Q1,6.07,7.95,2.02,-1.7,10.3,15,2023-02-24,EMP00012,Draft
LDG8VOPBQ1FT,EMP00623,SL-PLAN-02,Sick Leave,2023-Q1,21.56,6.84,21.01,-1.22,6.17,15,2023-11-08,EMP00050,Final
LDGJ6C5GSPFV,EMP00125,UL-PLAN-07,Unpaid Leave,2024-Q1,23.14,1.62,6.19,1.37,19.94,30,2024-05-06,EMP00014,Final
LDGC3ZCLLIPP,EMP00356,BL-PLAN-08,Bereavement Leave,2024-Q3,3.2,3.63,5.08,-0.45,1.3,15,2025-05-23,EMP00047,Final
LDGXYKX5YQ4H,EMP00394,CO-PLAN-06,Compensatory Off,2023-Q4,1.94,6.71,4.76,0.35,4.24,25,2025-05-26,EMP00003,Draft
LDG3EFQO1XNG,EMP00450,ML-PLAN-04,Maternity Leave,2023-Q1,4.54,-5.0,7.7,1.66,4.48,25,2025-05-14,EMP00036,Revised
LDGGDRZ7AGCZ,EMP00598,ML-PLAN-04,Maternity Leave,2023-Q3,3.59,7.85,1.42,-0.9,9.12,18,2024-05-26,EMP00024,Revised
LDGNZ00ZLMEY,EMP00018,PL-PLAN-05,Paternity Leave,2024-Q2,24.61,4.81,10.11,2.71,22.02,25,2024-04-07,EMP00046,Final
LDGZTGV3W2MQ,,PL-PLAN-05,Paternity Leave,2024-Q1,18.96,1.72,16.98,2.42,28.0,18,2024-11-12,EMP00030,Final
LDGM8FYUPXWS,EMP00231,UL-PLAN-07,Unpaid Leave,2023-Q1,1.66,8.71,1.16,-0.81,8.4,21,2024-08-24,EMP00028,Final
LDG6RLJZVZ2T,EMP00164,CO-PLAN-06,Compensatory Off,2024-Q3,4.14,5.35,4.01,2.76,8.24,15,2023-11-21,EMP00034,Revised
LDG9Q92F4JKX,EMP00028,BL-PLAN-08,Bereavement Leave,2024-Q3,16.67,7.87,14.94,0.7,10.3,30,2023-07-20,EMP00050,Final
LDGOGU8EETTZ,EMP00561,CL-PLAN-03,Casual Leave,2024-Q3,23.79,6.6,7.7,1.7,24.39,21,2024-08-10,EMP00035,Draft
LDGHNRX67BX7,EMP00267,SL-PLAN-02,Sick Leave,2023-Q1,3.2,6.96,9.91,0.34,0.59,21,2023-11-08,EMP00044,Final
LDG40RHAKALO,EMP00272,CL-PLAN-03,Casual Leave,INVALID-PERIOD,21.63,5.89,13.65,-1.68,12.19,25,2023-11-14,EMP00001,Final
LDGH38QQWT12,EMP00294,BL-PLAN-08,Bereavement Leave,2023-Q4,4.82,4.5,1.82,0.53,8.03,30,2024-12-06,EMP00011,Revised
LDGMQH6KQLQK,EMP00437,PL-PLAN-05,Paternity Leave,2024-Q1,4.25,8.57,12.12,1.43,2.13,30,2023-05-16,EMP00048,Final
LDG7EESSXTY0,EMP00344,BL-PLAN-08,Bereavement Leave,2024-Q1,3.6,5.01,2.08,-2.76,-4.77,21,2024-01-16,EMP00030,Final
LDGGV0SYOCBQ,EMP00277,PL-PLAN-05,Paternity Leave,2023-Q4,15.68,5.4,6.86,1.79,16.01,15,2023-10-20,EMP00014,Final
LDGTGZCKF29N,EMP00799,PL-PLAN-05,Paternity Leave,2023-Q3,20.43,0.51,6.02,-1.82,13.1,18,2023-07-28,EMP00036,Draft
LDGI4BO5VZ8A,EMP00409,CO-PLAN-06,Compensatory Off,2024-Q3,11.04,6.99,0.78,2.18,19.43,18,2023-11-17,EMP00022,Final
LDGB5WBVMM7F,,UL-PLAN-07,Unpaid Leave,2024-Q2,14.56,8.47,21.72,1.08,2.39,25,2025-03-25,EMP00012,Draft
LDGA3SH8SLHR,EMP00413,AL-PLAN-01,Annual Leave,2023-Q4,12.15,-5.0,9.23,0.56,12.03,30,2023-02-09,EMP00048,Revised
LDGK1NFLU801,EMP00076,UL-PLAN-07,Unpaid Leave,2023-Q4,18.19,3.31,2.62,-2.23,16.65,30,2025-06-07,EMP00008,Draft
LDGA24BGECC4,EMP00439,SL-PLAN-02,Sick Leave,2024-Q3,22.59,7.81,19.66,-1.68,9.06,25,2025-02-18,EMP00050,Final
LDGHJPUJA533,EMP00434,AL-PLAN-01,Annual Leave,2024-Q2,13.07,6.98,15.64,-0.17,4.24,15,2024-01-15,EMP00021,Draft
LDG88U3F0ZP7,EMP00112,CL-PLAN-03,Casual Leave,2023-Q4,1.95,9.46,8.31,-0.65,-3.45,21,2023-10-28,EMP00033,Revised
LDG7AAWZRJ6E,EMP00177,BL-PLAN-08,Bereavement Leave,2025-Q1,23.08,3.63,23.82,-2.95,-0.06,25,2023-09-23,EMP00018,Revised
LDGI7Z7ZG3C6,EMP00640,AL-PLAN-01,Annual Leave,2024-Q3,19.54,1.96,16.84,2.22,6.88,18,2023-04-27,EMP00003,Draft
LDGUSD5NVNY0,EMP00460,ML-PLAN-04,Maternity Leave,2024-Q3,24.76,9.18,53.94,-1.42,53.0,30,2024-09-08,EMP00026,Revised
LDGXD27DNFFL,EMP00473,ML-PLAN-04,Maternity Leave,2025-Q1,17.62,9.62,2.26,2.21,27.19,20,2023-04-13,EMP00032,Final
LDG0UN8IPNIN,EMP00169,ML-PLAN-04,Maternity Leave,2024-Q3,17.28,8.75,0.39,2.93,28.57,21,2023-09-23,EMP00025,Final
LDGW2Q94AVLR,EMP00130,PL-PLAN-05,Paternity Leave,2025-Q1,0.2,5.01,4.81,0.79,1.19,21,2024-05-09,EMP00044,Final
LDG5XGN7B27H,EMP00692,ML-PLAN-04,Maternity Leave,2025-Q1,23.34,4.65,7.13,2.99,23.85,18,2023-03-10,EMP00031,Final
LDGYL437U47X,,AL-PLAN-01,Annual Leave,2023-Q3,9.55,0.68,5.72,-1.22,3.29,20,2024-03-18,EMP00034,Draft
LDGNI3HN981D,EMP00386,UL-PLAN-07,Unpaid Leave,2023-Q3,16.23,9.97,23.8,-2.43,-1.03,18,2023-12-23,EMP00048,Final
LDGP4OQLWRFV,EMP00663,SL-PLAN-02,Sick Leave,2024-Q2,0.38,3.5,0.83,-1.69,1.36,25,2023-06-13,EMP00039,Final
LDGOZPMXR3G2,EMP00010,SL-PLAN-02,Sick Leave,2023-Q4,21.66,2.35,21.06,-2.16,0.79,18,2024-10-20,EMP00025,Final
LDG4TCFBQE62,EMP00698,CL-PLAN-03,Casual Leave,2023-Q4,16.66,3.61,11.47,1.0,9.8,20,2023-05-25,EMP00001,Draft
LDGD95XECCM7,EMP00242,CL-PLAN-03,Casual Leave,INVALID-PERIOD,11.06,-5.0,0.43,-1.54,15.01,18,2023-08-25,EMP00036,Final
LDG8SPFITBLY,EMP00400,ML-PLAN-04,Maternity Leave,2025-Q1,8.27,2.4,10.09,0.54,1.12,20,2023-06-05,EMP00011,Draft
LDG1F83QT6CT,EMP00536,ML-PLAN-04,Maternity Leave,2023-Q1,17.11,4.09,9.36,1.56,13.4,18,2024-06-17,EMP00036,Draft
LDG3CSTUWPNQ,EMP00723,SL-PLAN-02,Sick Leave,2023-Q4,15.06,8.3,11.78,-0.65,10.93,25,2025-05-02,EMP00050,Final
LDGJ3KNK9IIE,EMP00553,CL-PLAN-03,Casual Leave,2023-Q1,9.08,9.39,13.81,2.46,7.12,21,2023-02-22,EMP00010,Final
LDGT2WY2BSE2,EMP00134,SL-PLAN-02,Sick Leave,2023-Q2,,8.23,6.47,-1.57,-6.98,18,2023-09-15,EMP00043,Final
LDG3FVRA8K7G,EMP00332,BL-PLAN-08,Bereavement Leave,2023-Q3,1.36,4.34,1.16,1.5,6.04,15,2023-08-15,EMP00034,Final
LDGI8WULDDRA,EMP00271,BL-PLAN-08,Bereavement Leave,2024-Q3,18.75,8.15,24.67,1.19,3.42,18,2024-10-06,EMP00020,Final
LDGPLC2JPMII,,UL-PLAN-07,Unpaid Leave,2024-Q3,6.4,5.58,8.35,-2.05,1.58,30,2024-12-09,EMP00026,Final
LDGZ2TTZXXVE,EMP00755,CL-PLAN-03,Casual Leave,2024-Q4,13.2,8.13,5.93,1.72,17.12,25,2024-06-07,EMP00032,Final
LDG3BZ3HLXF7,EMP00281,BL-PLAN-08,Bereavement Leave,2023-Q3,24.82,6.26,9.33,-2.48,19.27,25,2024-03-17,EMP00002,Final
LDGLIQYD1DFO,EMP00754,PL-PLAN-05,Paternity Leave,2023-Q3,2.91,0.93,1.24,0.42,39.0,18,2024-05-29,EMP00002,Final
LDGGKTKBTYIH,EMP00303,PL-PLAN-05,Paternity Leave,2024-Q4,2.66,9.81,5.35,-2.97,4.15,25,2023-02-07,EMP00022,Final
LDG7PESBLK1L,EMP00254,SL-PLAN-02,Sick Leave,2023-Q4,15.27,1.92,5.9,2.61,13.9,15,2025-05-20,EMP00039,Final
LDGC0WUE61CR,EMP00137,SL-PLAN-02,Sick Leave,2024-Q4,3.42,6.63,5.33,-1.34,-4.38,21,2025-03-15,EMP00019,Final
LDGA2X5FZUIW,EMP00251,BL-PLAN-08,Bereavement Leave,2023-Q3,4.3,9.82,0.89,-1.21,12.02,20,2025-05-13,EMP00009,Final
LDG97E5OKM23,EMP00571,CL-PLAN-03,Casual Leave,2023-Q1,14.2,3.2,7.56,2.11,11.95,25,2025-02-14,EMP00049,Final
LDGVQ70NN02Z,EMP00129,AL-PLAN-01,Annual Leave,2023-Q2,15.99,-5.0,4.14,-1.87,15.61,21,2025-05-26,EMP00018,Final
LDGQTA5WW7CA,EMP00742,SL-PLAN-02,Sick Leave,2024-Q3,6.55,9.69,9.65,1.4,7.99,21,2024-11-17,EMP00027,Revised
LDG4T4ZENHHP,EMP00480,CO-PLAN-06,Compensatory Off,2024-Q4,2.15,1.33,0.85,2.41,5.04,21,2025-05-11,EMP00050,Draft
LDGK4KIIYGUN,EMP00134,CO-PLAN-06,Compensatory Off,2023-Q4,10.06,9.21,39.27,-1.83,13.74,30,2024-12-01,EMP00017,Final
LDG7ZQ8CD7Q0,,CO-PLAN-06,Compensatory Off,2024-Q2,3.22,1.35,1.49,1.61,4.69,30,2024-07-09,EMP00012,Final
LDG32PGB8KZN,EMP00443,CL-PLAN-03,Casual Leave,2024-Q4,8.73,2.33,3.12,1.21,9.15,20,2023-05-30,EMP00043,Revised
LDG72536SS1D,EMP00036,UL-PLAN-07,Unpaid Leave,2023-Q2,19.15,3.3,11.53,2.37,-14.29,18,2024-11-08,EMP00006,Revised
LDGW9DY8KKXT,EMP00472,CO-PLAN-06,Compensatory Off,2023-Q2,17.91,6.99,5.34,2.22,21.78,18,2024-06-14,EMP00033,Revised
LDGRUVZY7LFB,EMP00773,CO-PLAN-06,Compensatory Off,INVALID-PERIOD,20.58,8.89,25.75,2.42,6.14,21,2023-09-04,EMP00050,Revised
LDGUCRWSYHT0,EMP00413,CO-PLAN-06,Compensatory Off,2023-Q2,20.98,4.86,11.09,2.6,17.35,30,2024-10-04,EMP00044,Final
LDGCLFRF0UVK,EMP00568,BL-PLAN-08,Bereavement Leave,2024-Q4,16.09,3.83,5.06,-2.22,12.64,30,2024-12-15,EMP00005,Revised
LDG18AYGY4CY,EMP00132,CL-PLAN-03,Casual Leave,2024-Q1,23.77,7.68,3.82,0.18,27.81,20,2023-03-14,EMP00045,Draft
LDG6AX0QVZ1F,EMP00744,ML-PLAN-04,Maternity Leave,2024-Q4,2.29,3.93,0.45,2.94,8.71,25,2024-12-26,EMP00021,Draft
LDGUEAK9JAUH,EMP00653,CL-PLAN-03,Casual Leave,2024-Q2,4.44,9.56,0.52,1.86,15.34,25,2024-08-31,EMP00046,Revised
LDG5WET2PETO,EMP00698,CO-PLAN-06,Compensatory Off,2024-Q4,23.68,1.7,2.52,0.93,23.79,30,2024-04-03,EMP00045,Revised
LDG6VE8ZFX66,EMP00494,UL-PLAN-07,Unpaid Leave,2023-Q3,20.33,9.15,12.1,1.71,31.0,18,2024-05-01,EMP00019,Final
LDG7CIQ1MTDS,EMP00690,AL-PLAN-01,Annual Leave,2024-Q1,6.52,4.75,1.85,-2.56,6.86,25,2024-03-30,EMP00016,Final
LDGXL65M5752,,SL-PLAN-02,Sick Leave,2024-Q2,24.69,-5.0,0.31,0.68,25.3,20,2025-05-15,EMP00035,Revised
LDGT47G8VV4V,EMP00020,ML-PLAN-04,Maternity Leave,2024-Q4,9.27,0.19,6.36,0.12,3.22,18,2024-01-25,EMP00026,Final
LDGYXREI2M3M,EMP00015,UL-PLAN-07,Unpaid Leave,2023-Q3,12.72,5.44,15.68,-0.58,1.9,15,2024-04-12,EMP00029,Final
LDGE6PGIVC3O,EMP00485,AL-PLAN-01,Annual Leave,2023-Q2,12.11,5.74,6.91,-1.24,9.7,25,2024-11-13,EMP00014,Final
LDG2IWPPRJ6Q,EMP00775,UL-PLAN-07,Unpaid Leave,2023-Q1,22.25,9.82,21.19,0.72,11.6,15,2025-02-09,EMP00038,Final
LDGT2SJISA24,EMP00287,AL-PLAN-01,Annual Leave,2023-Q3,17.1,8.8,21.03,0.4,5.27,30,2024-12-24,EMP00048,Final
LDG3DMODLNT3,EMP00221,BL-PLAN-08,Bereavement Leave,2024-Q2,3.36,2.21,4.56,1.57,2.58,15,2024-07-11,EMP00004,Final
LDG9SR7APXWG,EMP00799,CL-PLAN-03,Casual Leave,2023-Q4,24.29,2.9,10.87,-2.21,-15.11,30,2024-01-16,EMP00029,Draft
LDGLETAFNAON,EMP00028,AL-PLAN-01,Annual Leave,2023-Q1,13.65,6.6,6.39,1.51,15.37,18,2023-09-22,EMP00049,Final
LDG5R9A5ZOE1,EMP00758,CL-PLAN-03,Casual Leave,2025-Q1,11.12,5.38,12.73,2.65,6.42,21,2023-04-21,EMP00043,Final
LDGLLKL1D6BB,EMP00486,PL-PLAN-05,Paternity Leave,2025-Q1,13.97,4.34,7.43,0.26,11.14,25,2024-06-11,EMP00038,Draft
LDG2M0IISFNC,EMP00633,BL-PLAN-08,Bereavement Leave,2023-Q2,1.41,9.38,6.02,2.42,7.19,18,2023-11-19,EMP00044,Final
LDG24E8UF15T,EMP00280,SL-PLAN-02,Sick Leave,2023-Q1,0.72,3.64,1.06,2.02,5.32,30,2025-03-20,EMP00024,Final
LDGRT1HY8VHM,,PL-PLAN-05,Paternity Leave,2023-Q4,13.07,0.86,4.57,-2.24,7.12,15,2025-06-08,EMP00003,Final
LDGGDZRRZK6T,EMP00331,PL-PLAN-05,Paternity Leave,2024-Q3,14.8,9.42,19.97,0.22,4.47,25,2023-07-05,EMP00017,Draft
LDG7OALOW4MX,EMP00532,UL-PLAN-07,Unpaid Leave,2023-Q3,1.66,0.69,0.42,1.25,3.18,18,2023-05-08,EMP00049,Final
LDGN6WVC9NSL,EMP00353,ML-PLAN-04,Maternity Leave,INVALID-PERIOD,,6.06,50.76,2.43,-28.52,18,2023-08-10,EMP00023,Final
LDG8JR76K4CI,EMP00191,ML-PLAN-04,Maternity Leave,2024-Q4,8.56,-5.0,8.25,1.93,9.08,15,2025-01-21,EMP00049,Final
LDGW9P3OUYHE,EMP00130,ML-PLAN-04,Maternity Leave,2023-Q2,2.69,1.87,4.04,-2.0,-1.48,15,2025-01-25,EMP00012,Final
LDGABNNTIBK8,EMP00567,PL-PLAN-05,Paternity Leave,2024-Q3,15.73,6.7,7.0,2.99,40.0,15,2024-10-08,EMP00038,Final
LDGKV26D52YW,EMP00089,PL-PLAN-05,Paternity Leave,2025-Q1,18.12,6.98,2.92,-0.65,21.53,25,2024-09-28,EMP00047,Revised
LDGFXUAYGVNH,EMP00723,ML-PLAN-04,Maternity Leave,2024-Q1,16.16,7.47,13.36,-0.81,9.46,25,2024-07-20,EMP00028,Final
LDG6VDNU0PH7,EMP00105,BL-PLAN-08,Bereavement Leave,2024-Q2,22.26,0.88,3.34,-1.07,18.73,20,2025-04-16,EMP00040,Final
LDGS3QEI5BVI,EMP00055,ML-PLAN-04,Maternity Leave,2024-Q4,17.57,5.57,18.85,-2.23,2.06,25,2024-10-29,EMP00036,Final
LDG84HJRP7ED,EMP00631,AL-PLAN-01,Annual Leave,2023-Q2,23.32,5.66,8.64,-2.34,18.0,20,2025-06-15,EMP00001,Draft
LDGH7225WB16,EMP00727,CL-PLAN-03,Casual Leave,2023-Q4,13.06,5.6,4.7,-0.22,-14.74,25,2023-09-29,EMP00044,Final
LDG3WXF72CTS,,UL-PLAN-07,Unpaid Leave,2023-Q2,13.38,3.01,6.42,-2.26,7.71,20,2024-10-11,EMP00037,Final
LDG6RUVFWKGU,EMP00387,CL-PLAN-03,Casual Leave,2025-Q1,7.61,7.04,8.39,1.53,7.79,21,2025-04-19,EMP00029,Revised
LDGBCQHBJAXB,EMP00195,AL-PLAN-01,Annual Leave,2023-Q2,9.1,5.61,1.41,-0.64,12.66,15,2023-02-02,EMP00012,Final
LDGCORGFQ521,EMP00208,SL-PLAN-02,Sick Leave,2023-Q4,18.35,1.16,5.34,2.81,16.98,25,2024-03-20,EMP00046,Final
LDG6T2DS6ISD,EMP00438,AL-PLAN-01,Annual Leave,2024-Q1,21.56,3.63,14.46,-1.35,9.38,30,2024-04-22,EMP00023,Final
LDGFBFF161K1,EMP00511,AL-PLAN-01,Annual Leave,2023-Q2,3.42,2.09,3.17,1.45,3.79,18,2024-12-21,EMP00025,Final
LDGOEGHDCUO6,EMP00735,AL-PLAN-01,Annual Leave,2024-Q4,4.95,0.31,4.96,-0.7,-0.4,18,2025-02-10,EMP00004,Final
LDGT7WR8RAI8,EMP00736,AL-PLAN-01,Annual Leave,2024-Q2,8.76,7.76,11.39,2.64,7.77,18,2023-12-21,EMP00016,Revised
LDGO9PXJB3VO,EMP00071,CO-PLAN-06,Compensatory Off,2023-Q3,19.04,-5.0,6.36,-1.12,-13.01,21,2023-04-20,EMP00010,Draft
LDGLKV91NAWF,EMP00453,ML-PLAN-04,Maternity Leave,2023-Q2,7.81,7.43,13.77,-2.52,-1.05,18,2023-02-12,EMP00015,Revised
LDG21M1UR8S2,EMP00069,CL-PLAN-03,Casual Leave,2024-Q1,12.44,9.72,10.4,0.06,11.82,25,2025-03-13,EMP00047,Final
LDGB6MUBNI2R,EMP00224,SL-PLAN-02,Sick Leave,2023-Q4,13.77,1.6,2.89,2.44,14.92,20,2023-08-09,EMP00005,Final
LDGRQTD0JBLU,EMP00402,AL-PLAN-01,Annual Leave,2024-Q1,10.75,1.27,11.81,0.25,0.46,20,2025-03-14,EMP00046,Revised
LDGHW3MD2QV4,,SL-PLAN-02,Sick Leave,2023-Q4,10.61,9.34,19.22,-2.21,-1.48,20,2023-03-12,EMP00038,Final
LDGC2N5RIERE,EMP00406,ML-PLAN-04,Maternity Leave,2024-Q3,4.88,3.39,7.99,-1.82,41.0,21,2025-04-02,EMP00045,Final
LDGM9J5OG2TG,EMP00357,PL-PLAN-05,Paternity Leave,INVALID-PERIOD,10.02,2.67,1.66,0.7,11.73,25,2024-01-03,EMP00026,Revised
LDGVLZ9C7P23,EMP00417,BL-PLAN-08,Bereavement Leave,2024-Q2,16.45,2.82,1.96,-1.06,16.25,20,2025-01-08,EMP00044,Final
LDGB4FFQKI12,EMP00081,SL-PLAN-02,Sick Leave,2024-Q1,10.17,2.5,10.7,-2.64,-1.67,15,2024-09-02,EMP00043,Revised
LDG36ZHF92B0,EMP00226,SL-PLAN-02,Sick Leave,2023-Q3,5.45,9.51,13.54,1.65,3.07,25,2024-10-07,EMP00040,Draft
LDG0N8HP3TIQ,EMP00346,BL-PLAN-08,Bereavement Leave,2024-Q2,7.83,9.0,1.35,-2.11,13.37,25,2023-02-25,EMP00048,Draft
LDG459OI8ZA3,EMP00653,SL-PLAN-02,Sick Leave,2023-Q2,23.35,2.51,45.86,0.75,10.65,15,2023-09-14,EMP00014,Final
LDGVUK6EHHUN,EMP00459,BL-PLAN-08,Bereavement Leave,2023-Q3,6.21,7.57,5.2,-2.45,6.13,18,2024-04-04,EMP00015,Final
LDG5KIB6J5MO,EMP00108,ML-PLAN-04,Maternity Leave,2024-Q4,21.95,3.89,1.96,-1.31,22.57,25,2025-05-01,EMP00037,Final
LDGHNZ5HWSQU,EMP00431,UL-PLAN-07,Unpaid Leave,2024-Q2,6.41,9.47,11.22,-0.4,4.26,25,2024-07-07,EMP00038,Final
LDGMIVD3ZNZL,EMP00048,UL-PLAN-07,Unpaid Leave,2024-Q4,11.88,8.57,11.95,0.88,9.38,30,2025-05-09,EMP00028,Final
LDG85777IUGR,EMP00450,ML-PLAN-04,Maternity Leave,2023-Q2,1.08,-5.0,1.16,1.37,7.74,25,2023-10-31,EMP00022,Revised
LDGFI0Y6MPTC,,ML-PLAN-04,Maternity Leave,2024-Q4,5.08,7.39,5.43,-2.93,-5.11,25,2023-01-06,EMP00003,Draft
LDG9MWZA3KN4,EMP00698,ML-PLAN-04,Maternity Leave,2023-Q1,24.66,8.86,31.15,2.78,5.15,20,2023-12-03,EMP00010,Draft
LDGQ9Q3I7A3A,EMP00472,CL-PLAN-03,Casual Leave,2023-Q1,21.15,2.41,0.61,2.14,25.09,15,2023-06-18,EMP00001,Revised
LDGTE6DF96MT,EMP00367,AL-PLAN-01,Annual Leave,2023-Q1,18.54,6.31,11.12,1.58,15.31,18,2024-05-31,EMP00033,Revised
LDGC2MTVFHU5,EMP00421,UL-PLAN-07,Unpaid Leave,2023-Q4,15.55,1.85,8.34,2.6,11.66,30,2025-06-21,EMP00033,Final
LDGBYKN7P9TL,EMP00103,AL-PLAN-01,Annual Leave,2024-Q4,18.24,0.21,2.59,1.78,17.64,18,2023-12-16,EMP00045,Draft
LDGM7MAS2V0U,EMP00292,SL-PLAN-02,Sick Leave,2024-Q4,13.49,3.01,11.29,-2.39,2.82,20,2024-09-18,EMP00019,Revised
LDG2CVV7M7LA,EMP00557,UL-PLAN-07,Unpaid Leave,2024-Q4,17.04,4.95,15.88,-2.63,3.48,25,2023-01-20,EMP00050,Final
LDGCVSLXYNYP,EMP00364,BL-PLAN-08,Bereavement Leave,2023-Q2,20.69,5.84,8.07,-2.33,16.13,18,2024-02-29,EMP00002,Final
LDG99AMGH1OP,EMP00333,AL-PLAN-01,Annual Leave,2024-Q2,,1.35,2.96,0.99,44.0,25,2023-10-19,EMP00014,Final
LDGZ8Y11ZH3F,EMP00152,UL-PLAN-07,Unpaid Leave,2023-Q2,12.99,0.29,1.38,2.76,14.66,25,2025-04-05,EMP00035,Final
LDG5KY498ZJH,EMP00547,PL-PLAN-05,Paternity Leave,2024-Q1,14.07,6.73,7.92,-2.4,10.48,15,2024-02-19,EMP00039,Draft
LDG94NM4FXO8,EMP00524,UL-PLAN-07,Unpaid Leave,2023-Q3,9.54,6.67,7.99,1.08,9.3,21,2024-10-14,EMP00013,Final
LDG9NISFNAIE,,SL-PLAN-02,Sick Leave,2023-Q1,23.38,4.28,13.56,1.33,15.43,20,2024-03-22,EMP00017,Final
LDGIT9VCJ3ZB,EMP00229,CL-PLAN-03,Casual Leave,INVALID-PERIOD,21.95,6.23,23.16,-1.46,3.56,18,2023-04-03,EMP00035,Final
LDGE82A5DAGA,EMP00317,UL-PLAN-07,Unpaid Leave,2023-Q1,11.4,4.34,8.19,-0.33,7.22,21,2023-11-11,EMP00047,Final
LDGWPN9TNBSO,EMP00537,UL-PLAN-07,Unpaid Leave,2023-Q2,22.19,-5.0,10.91,2.25,17.7,18,2023-03-19,EMP00045,Final
LDGYE5L6WUDA,EMP00733,BL-PLAN-08,Bereavement Leave,2023-Q2,11.46,6.56,11.17,1.65,8.5,21,2023-08-04,EMP00014,Final
LDGNE1XHVBTD,EMP00644,AL-PLAN-01,Annual Leave,2024-Q1,5.12,10.0,7.92,-2.97,-5.23,18,2024-12-01,EMP00041,Final
LDGP2H2BFXSP,EMP00135,CO-PLAN-06,Compensatory Off,2024-Q3,9.32,9.61,6.65,0.11,12.39,21,2024-12-23,EMP00012,Final
LDGY55AFW02I,EMP00507,CL-PLAN-03,Casual Leave,2024-Q2,12.14,7.35,13.14,-1.94,4.41,21,2023-02-26,EMP00047,Draft
LDGWJLUOCSQL,EMP00660,SL-PLAN-02,Sick Leave,2024-Q1,15.73,9.81,12.03,-1.91,11.6,25,2023-09-22,EMP00047,Final
LDGMC24RA1UC,EMP00756,CO-PLAN-06,Compensatory Off,2024-Q4,11.11,3.71,3.42,-2.35,9.05,25,2024-08-25,EMP00003,Final
LDG51Q9B9OG3,EMP00272,CO-PLAN-06,Compensatory Off,2024-Q2,22.86,6.14,25.64,0.61,3.97,21,2023-01-21,EMP00005,Final
LDG5AL3F2FUD,EMP00564,PL-PLAN-05,Paternity Leave,2023-Q3,16.49,4.09,40.58,-2.85,-1.9,18,2024-05-13,EMP00006,Final
LDGJIJXF0J5Z,EMP00183,AL-PLAN-01,Annual Leave,2024-Q4,5.7,8.02,9.14,-0.58,4.0,25,2024-08-22,EMP00032,Final
LDGNNC32G0P6,,PL-PLAN-05,Paternity Leave,2023-Q2,10.78,4.44,0.49,-0.0,14.73,30,2023-04-26,EMP00006,Final
LDGPST3XJBND,EMP00227,SL-PLAN-02,Sick Leave,2024-Q2,24.31,3.58,0.72,2.82,-30.99,18,2023-05-24,EMP00043,Final
LDGNSPO3V490,EMP00541,ML-PLAN-04,Maternity Leave,2023-Q2,24.89,8.98,26.87,-0.2,6.8,30,2024-09-02,EMP00035,Draft
LDGYJ5UGRBW5,EMP00064,AL-PLAN-01,Annual Leave,2024-Q1,23.81,6.25,2.54,-2.68,24.84,20,2024-07-22,EMP00035,Revised
LDGTQFRKFDQU,EMP00770,CO-PLAN-06,Compensatory Off,2023-Q2,7.3,6.1,8.72,2.28,54.0,30,2025-03-08,EMP00021,Final
LDGVPB0KX4NR,EMP00315,BL-PLAN-08,Bereavement Leave,2023-Q3,12.83,6.23,12.12,-0.13,6.81,30,2023-03-11,EMP00045,Revised
LDG6PSYKV5I3,EMP00011,CL-PLAN-03,Casual Leave,2023-Q1,15.75,2.86,17.75,-0.55,0.31,18,2023-05-09,EMP00015,Draft
LDG99R0UN5MG,EMP00364,AL-PLAN-01,Annual Leave,2023-Q2,23.95,-5.0,12.59,-1.0,16.86,21,2023-04-29,EMP00026,Draft
LDGP8R1EPVUB,EMP00351,ML-PLAN-04,Maternity Leave,2023-Q1,2.27,5.44,1.19,-1.3,5.22,30,2025-02-21,EMP00006,Final
LDGQRYCQM3I7,EMP00633,PL-PLAN-05,Paternity Leave,2023-Q1,14.38,8.31,2.3,-1.1,19.29,25,2023-08-06,EMP00031,Final
LDGEROT2X10G,EMP00107,UL-PLAN-07,Unpaid Leave,2023-Q3,13.11,4.09,16.5,-1.6,-1.9,25,2024-06-12,EMP00027,Final
LDG3S05C6TW4,EMP00139,ML-PLAN-04,Maternity Leave,2023-Q4,2.8,5.13,7.89,-1.61,-1.57,25,2025-06-03,EMP00041,Final
LDG2V7GZGPSR,EMP00204,CL-PLAN-03,Casual Leave,2024-Q4,0.81,3.6,1.99,0.17,2.59,21,2025-04-15,EMP00026,Final
LDGODUDMV3IA,,CL-PLAN-03,Casual Leave,INVALID-PERIOD,23.54,7.56,21.68,0.73,10.15,25,2023-03-13,EMP00029,Final
LDG57AVBIQK6,EMP00377,PL-PLAN-05,Paternity Leave,2023-Q2,11.77,4.33,15.93,-2.87,-2.7,18,2024-07-27,EMP00012,Final
LDGO0GE0I4GM,EMP00468,AL-PLAN-01,Annual Leave,2024-Q1,17.14,4.63,4.85,-2.38,14.54,18,2024-01-20,EMP00047,Draft
LDG2FD8T4QYN,EMP00744,CL-PLAN-03,Casual Leave,2025-Q1,14.09,3.24,5.57,-2.81,8.95,30,2024-10-13,EMP00042,Final
LDGRQF8II4NK,EMP00370,AL-PLAN-01,Annual Leave,2023-Q2,16.45,7.64,8.38,-0.29,15.42,20,2024-11-21,EMP00016,Final
LDGW55A89MOJ,EMP00468,PL-PLAN-05,Paternity Leave,2025-Q1,2.57,7.37,6.46,0.74,4.22,15,2025-06-29,EMP00043,Draft
LDGM3GFTP2U3,EMP00488,UL-PLAN-07,Unpaid Leave,2024-Q4,1.74,7.4,5.57,0.71,-5.28,15,2023-05-12,EMP00044,Revised
LDGAVPKVRDO8,EMP00540,CL-PLAN-03,Casual Leave,2024-Q3,20.63,8.21,7.29,1.87,23.42,30,2024-12-13,EMP00019,Draft
LDG4W8ML6SG5,EMP00282,PL-PLAN-05,Paternity Leave,2025-Q1,3.39,0.26,0.38,0.32,3.59,21,2023-11-09,EMP00043,Final
LDG4MMY2RWOK,EMP00203,ML-PLAN-04,Maternity Leave,2024-Q1,23.81,8.46,24.88,1.83,9.22,21,2023-05-27,EMP00031,Draft
LDGMC1961PIW,EMP00683,CL-PLAN-03,Casual Leave,2023-Q1,3.88,0.06,0.15,-2.44,1.35,15,2024-03-27,EMP00030,Final
LDGQTSZ9P8EA,EMP00140,PL-PLAN-05,Paternity Leave,2025-Q1,16.44,-5.0,16.09,0.53,1.25,18,2023-11-13,EMP00040,Final
LDGHL782F35N,EMP00648,AL-PLAN-01,Annual Leave,2024-Q3,18.93,8.44,4.91,-0.6,35.0,18,2025-06-06,EMP00028,Draft
LDG9CT3X0P29,,AL-PLAN-01,Annual Leave,2023-Q4,8.92,5.73,2.1,-0.27,12.28,30,2024-04-08,EMP00020,Final
LDGQOWXFUO91,EMP00246,CO-PLAN-06,Compensatory Off,2023-Q3,10.58,4.52,4.72,1.94,12.32,20,2023-05-10,EMP00030,Final
LDGEUOQTG0VD,EMP00182,CO-PLAN-06,Compensatory Off,2024-Q3,,1.47,40.54,0.71,-21.8,18,2023-08-14,EMP00003,Final
LDG9TNKMCR2U,EMP00297,SL-PLAN-02,Sick Leave,2023-Q2,22.63,6.87,4.54,-2.83,22.13,25,2024-04-17,EMP00007,Final
LDGENB4LPDBD,EMP00034,AL-PLAN-01,Annual Leave,2023-Q2,23.27,5.99,2.85,1.73,28.14,30,2023-03-08,EMP00029,Draft
LDGKITQ7Z5E5,EMP00050,ML-PLAN-04,Maternity Leave,2024-Q4,18.28,6.67,6.41,1.42,19.96,21,2023-12-24,EMP00028,Revised
LDG44YNDQCOW,EMP00750,AL-PLAN-01,Annual Leave,2024-Q4,13.04,8.25,13.06,-1.69,6.54,18,2023-04-20,EMP00031,Revised
LDGVS0M71QB9,EMP00575,UL-PLAN-07,Unpaid Leave,2023-Q2,13.13,3.27,6.47,0.63,10.56,25,2024-10-18,EMP00014,Final
LDGJV2CCQYOX,EMP00011,AL-PLAN-01,Annual Leave,2023-Q3,8.19,1.68,7.17,-2.71,-0.01,18,2023-04-01,EMP00002,Final
LDGAYB62KCOJ,EMP00257,PL-PLAN-05,Paternity Leave,2023-Q3,17.65,4.26,13.96,2.48,10.43,21,2024-01-03,EMP00034,Revised
LDGDXEMXEIPP,EMP00436,UL-PLAN-07,Unpaid Leave,2025-Q1,9.57,3.95,3.02,-0.09,10.41,15,2024-12-22,EMP00033,Draft
LDGPADC9LU3W,EMP00712,BL-PLAN-08,Bereavement Leave,2023-Q3,6.74,6.28,1.85,0.75,-12.92,25,2023-08-08,EMP00004,Final
LDGHHHWZ4EY9,EMP00775,BL-PLAN-08,Bereavement Leave,INVALID-PERIOD,11.69,8.16,9.35,-1.32,9.18,18,2023-03-19,EMP00013,Final
LDGIWERINHE1,,CL-PLAN-03,Casual Leave,2024-Q1,8.58,1.63,6.56,0.19,3.84,30,2024-08-31,EMP00020,Final
LDG38GVPCY3Z,EMP00727,ML-PLAN-04,Maternity Leave,2023-Q2,0.48,8.5,6.69,2.69,4.98,25,2023-12-24,EMP00038,Draft
LDGJLKQP320C,EMP00592,ML-PLAN-04,Maternity Leave,2023-Q3,21.68,-5.0,25.25,-1.38,-0.1,25,2023-01-24,EMP00002,Final
LDGHBQRDA0GN,EMP00508,ML-PLAN-04,Maternity Leave,2023-Q1,19.05,6.83,14.33,-2.25,9.3,18,2024-06-21,EMP00040,Final
LDGXPM8BA95Y,EMP00713,SL-PLAN-02,Sick Leave,2024-Q3,3.13,7.98,10.9,-1.4,-1.19,21,2023-01-26,EMP00035,Draft
LDGQ73GZ237B,EMP00695,BL-PLAN-08,Bereavement Leave,2023-Q4,5.8,2.92,2.42,-1.77,4.53,18,2024-12-09,EMP00038,Final
LDG2PEA3BRST,EMP00114,CL-PLAN-03,Casual Leave,2025-Q1,13.63,4.35,14.3,-0.34,3.34,25,2025-02-26,EMP00014,Final
LDG3BZWT49UJ,EMP00624,PL-PLAN-05,Paternity Leave,2023-Q4,15.15,7.0,4.89,-2.16,36.0,21,2024-06-29,EMP00024,Final
LDGMSP26EY0C,EMP00588,ML-PLAN-04,Maternity Leave,2023-Q2,9.59,6.77,9.9,1.97,8.43,18,2024-01-19,EMP00011,Final
LDG4YDYER80C,EMP00551,UL-PLAN-07,Unpaid Leave,2024-Q3,15.51,6.35,16.64,-0.44,4.78,20,2023-05-07,EMP00007,Final
LDG9WDLG0BHS,EMP00170,PL-PLAN-05,Paternity Leave,2024-Q1,17.0,6.46,2.33,2.83,23.96,20,2023-08-22,EMP00008,Revised
LDG8HUA14DEY,EMP00113,AL-PLAN-01,Annual Leave,2024-Q1,19.72,0.65,0.42,-2.7,17.25,21,2025-03-18,EMP00025,Final
LDG8ZEJEAWEQ,EMP00071,AL-PLAN-01,Annual Leave,2024-Q4,7.42,5.37,5.99,-1.42,5.38,20,2024-08-07,EMP00016,Revised
LDGHEUHDHTRM,,BL-PLAN-08,Bereavement Leave,2023-Q1,2.41,1.31,2.9,1.06,1.88,25,2025-05-12,EMP00011,Final
LDGF5QX44X37,EMP00679,CO-PLAN-06,Compensatory Off,2023-Q2,2.28,0.02,1.32,-2.66,-1.68,25,2023-09-28,EMP00040,Final
LDGAK2VJ9BX7,EMP00538,BL-PLAN-08,Bereavement Leave,2024-Q3,17.4,9.77,15.6,-0.88,10.69,30,2025-04-02,EMP00041,Draft
LDGLJ9W0E22C,EMP00072,UL-PLAN-07,Unpaid Leave,2023-Q3,19.23,9.0,6.42,2.3,-25.11,21,2024-04-30,EMP00033,Final
LDGXW72HSFAS,EMP00231,BL-PLAN-08,Bereavement Leave,2024-Q4,5.21,6.46,6.83,-0.76,4.08,30,2025-03-07,EMP00015,Final
LDG3345AVWG4,EMP00053,AL-PLAN-01,Annual Leave,2023-Q1,13.24,0.59,1.09,1.07,13.81,25,2023-03-18,EMP00043,Final
LDGDN756PM44,EMP00464,ML-PLAN-04,Maternity Leave,2024-Q1,5.16,-5.0,20.16,0.82,12.53,15,2024-06-10,EMP00018,Draft
LDGM4C59TW65,EMP00372,UL-PLAN-07,Unpaid Leave,2025-Q1,14.27,0.55,11.55,-0.87,2.4,20,2025-05-27,EMP00002,Final
LDG0BLLOAXXY,EMP00642,ML-PLAN-04,Maternity Leave,2024-Q3,7.04,3.49,6.42,-2.71,1.4,25,2024-12-22,EMP00034,Draft
LDGIBZIB1VNU,EMP00643,ML-PLAN-04,Maternity Leave,2024-Q2,9.32,2.69,0.79,0.03,11.25,25,2024-08-14,EMP00007,Final
LDGOT9DFLGI8,EMP00791,PL-PLAN-05,Paternity Leave,2024-Q3,3.92,5.48,4.32,1.24,6.32,18,2024-12-20,EMP00030,Revised
LDG5IF2B24UN,EMP00092,BL-PLAN-08,Bereavement Leave,INVALID-PERIOD,10.17,4.49,1.84,2.39,15.21,20,2024-10-01,EMP00022,Final
LDGD3WAFR1HT,EMP00107,ML-PLAN-04,Maternity Leave,2024-Q1,16.19,7.65,15.37,-1.8,-7.67,30,2023-01-11,EMP00022,Final
LDG2BICEBTIZ,,CL-PLAN-03,Casual Leave,2023-Q2,19.6,4.43,21.62,2.04,4.45,18,2023-08-06,EMP00025,Draft
LDG857GIMJLO,EMP00353,SL-PLAN-02,Sick Leave,2024-Q3,9.08,2.05,8.17,1.16,4.12,21,2025-02-14,EMP00025,Final
LDGAEXVC4WEJ,EMP00586,SL-PLAN-02,Sick Leave,2024-Q3,23.59,9.8,0.26,-2.42,49.0,25,2024-10-31,EMP00006,Revised
LDG6HKBYMFOL,EMP00312,SL-PLAN-02,Sick Leave,2025-Q1,11.8,7.35,13.07,-0.16,5.92,15,2023-06-29,EMP00050,Final
LDG8WQX1HUWT,EMP00046,ML-PLAN-04,Maternity Leave,2023-Q4,24.14,9.0,26.93,2.46,8.67,20,2024-06-09,EMP00028,Revised
LDGHKB8Q01NL,EMP00051,PL-PLAN-05,Paternity Leave,2024-Q3,6.54,9.66,8.11,1.47,9.56,18,2025-01-23,EMP00038,Final
LDGM4TH0J20P,EMP00395,UL-PLAN-07,Unpaid Leave,2024-Q3,23.34,7.37,7.82,-0.29,22.6,15,2025-03-05,EMP00007,Final
LDGELBEPZK8A,EMP00449,PL-PLAN-05,Paternity Leave,2023-Q3,2.34,3.14,4.56,-1.43,-0.51,21,2023-10-11,EMP00034,Final
LDGFP7H4HE68,EMP00392,ML-PLAN-04,Maternity Leave,2024-Q3,,3.1,5.91,1.75,-8.11,18,2024-09-20,EMP00029,Draft
LDGYH8D8G2BB,EMP00374,PL-PLAN-05,Paternity Leave,2023-Q2,13.73,0.05,0.41,-0.28,13.09,30,2025-01-16,EMP00029,Draft
LDGJU2UU1GYE,EMP00260,CO-PLAN-06,Compensatory Off,2024-Q4,16.96,-5.0,14.76,-0.27,10.88,20,2024-06-06,EMP00012,Final
LDGCM5WVVC3I,EMP00069,ML-PLAN-04,Maternity Leave,2025-Q1,12.38,2.66,1.14,0.69,14.59,18,2023-09-20,EMP00025,Revised
LDGEIHY8F9Q8,EMP00185,UL-PLAN-07,Unpaid Leave,2024-Q2,13.03,3.53,9.08,0.33,7.81,25,2025-04-11,EMP00004,Draft
LDG4P04JMZ6S,,ML-PLAN-04,Maternity Leave,2023-Q1,24.13,8.38,9.15,-0.39,22.97,25,2024-05-20,EMP00008,Final
LDGTDO1XRZTK,EMP00450,AL-PLAN-01,Annual Leave,2023-Q1,4.37,1.28,1.15,2.16,6.66,30,2023-10-26,EMP00047,Final
LDGDATH3JIRY,EMP00659,PL-PLAN-05,Paternity Leave,2024-Q1,22.7,7.9,0.36,-1.21,29.03,18,2025-04-08,EMP00047,Draft
LDG3GSN5IG7V,EMP00250,AL-PLAN-01,Annual Leave,2024-Q3,23.48,4.2,19.49,0.99,9.18,15,2023-05-02,EMP00046,Final
LDGKAE7XLI6W,EMP00276,CO-PLAN-06,Compensatory Off,2024-Q2,22.08,7.86,0.01,-0.43,-30.5,25,2023-12-27,EMP00042,Draft
LDG34T3POM4B,EMP00354,CO-PLAN-06,Compensatory Off,2023-Q3,4.35,9.25,4.5,2.16,11.26,30,2025-02-08,EMP00042,Final
LDGLUWBPLI1I,EMP00511,AL-PLAN-01,Annual Leave,2024-Q1,11.37,3.62,8.81,0.12,6.3,18,2023-02-09,EMP00014,Final
LDGAC4SKJCYV,EMP00097,AL-PLAN-01,Annual Leave,2024-Q2,21.09,0.16,7.01,2.11,16.35,30,2023-09-07,EMP00044,Revised
LDGT4SR3TF35,EMP00101,CO-PLAN-06,Compensatory Off,2024-Q2,5.38,5.38,5.68,0.85,5.93,20,2024-02-19,EMP00021,Revised
LDGE5QTYIM9H,EMP00343,UL-PLAN-07,Unpaid Leave,2024-Q4,1.52,3.84,3.04,-0.28,2.04,25,2023-09-20,EMP00002,Revised
LDGSW8OTOLZA,EMP00667,BL-PLAN-08,Bereavement Leave,INVALID-PERIOD,1.7,9.84,31.54,0.86,44.0,18,2023-09-20,EMP00031,Final
LDG61BBP6F9O,EMP00658,UL-PLAN-07,Unpaid Leave,2023-Q3,1.57,2.04,3.33,-0.11,0.17,21,2023-02-21,EMP00015,Final
LDG07BK6K55R,EMP00385,SL-PLAN-02,Sick Leave,2023-Q1,23.38,3.42,3.39,1.54,24.95,15,2024-07-27,EMP00017,Final
LDGUVIH8TIWS,,UL-PLAN-07,Unpaid Leave,2023-Q2,5.03,9.48,8.99,0.13,-6.65,15,2023-11-14,EMP00005,Final
LDG4J0RFI0R6,EMP00242,BL-PLAN-08,Bereavement Leave,2024-Q2,17.03,-5.0,7.26,-0.66,12.73,18,2023-08-25,EMP00031,Revised
LDGFR4KAJ90R,EMP00357,SL-PLAN-02,Sick Leave,2024-Q4,2.3,5.98,3.49,0.82,5.61,25,2024-02-05,EMP00012,Final
LDGEZCNHEZXW,EMP00409,UL-PLAN-07,Unpaid Leave,2023-Q4,10.14,4.14,7.03,0.92,8.17,21,2025-05-09,EMP00028,Final
LDG7M1X4QOMO,EMP00483,CO-PLAN-06,Compensatory Off,2024-Q2,22.03,8.36,28.88,-1.34,0.17,30,2023-08-16,EMP00032,Final
LDG0CQ0TLXDY,EMP00185,UL-PLAN-07,Unpaid Leave,2023-Q2,10.68,0.12,2.87,-2.5,5.43,20,2024-04-29,EMP00009,Final
LDGC5JZQ6412,EMP00179,ML-PLAN-04,Maternity Leave,2024-Q4,12.42,3.72,3.89,-2.03,10.22,15,2025-04-26,EMP00046,Final
LDGWNXPCW97O,EMP00421,PL-PLAN-05,Paternity Leave,2024-Q4,1.16,4.86,1.94,0.73,4.81,30,2023-01-21,EMP00041,Final
LDGWB921WWMA,EMP00582,CL-PLAN-03,Casual Leave,2023-Q3,19.6,1.85,2.08,-0.89,18.48,30,2023-03-12,EMP00042,Final
LDGMMFBSAJDH,EMP00049,CO-PLAN-06,Compensatory Off,2024-Q4,5.12,9.8,2.25,2.05,-15.72,30,2024-08-28,EMP00027,Final
LDGUTL20B5MJ,EMP00339,UL-PLAN-07,Unpaid Leave,2024-Q3,0.77,8.77,0.99,-0.96,7.59,21,2024-04-06,EMP00050,Revised
LDGWE5BSE17Y,EMP00293,PL-PLAN-05,Paternity Leave,2023-Q1,4.02,2.48,4.21,1.51,3.8,21,2024-12-09,EMP00013,Revised
LDG3QB03P5X9,EMP00588,ML-PLAN-04,Maternity Leave,2024-Q4,13.5,6.16,17.5,2.24,4.4,18,2024-02-13,EMP00004,Final
LDGBS2JT8VS5,,BL-PLAN-08,Bereavement Leave,2023-Q2,12.2,1.01,1.69,-2.36,9.16,21,2023-11-09,EMP00046,Final
LDGMHI4CY35I,EMP00210,PL-PLAN-05,Paternity Leave,2023-Q3,0.64,2.46,0.88,-0.66,1.56,15,2024-11-14,EMP00009,Final
LDG6OWYSOL8W,EMP00182,AL-PLAN-01,Annual Leave,2024-Q4,8.98,1.94,6.36,1.18,5.74,25,2024-09-21,EMP00003,Final
LDG28SWX8EZF,EMP00164,UL-PLAN-07,Unpaid Leave,2024-Q2,17.44,9.73,23.34,-2.72,1.11,30,2024-03-13,EMP00032,Revised
LDGZS9WL3P8G,EMP00761,SL-PLAN-02,Sick Leave,2024-Q1,14.02,7.75,13.4,-2.02,6.35,18,2024-01-05,EMP00039,Revised
LDGPGPO9O3UH,EMP00296,PL-PLAN-05,Paternity Leave,2024-Q4,15.53,-5.0,8.25,-2.48,50.0,25,2024-06-07,EMP00003,Final
LDGL551ABUJH,EMP00354,CL-PLAN-03,Casual Leave,2023-Q2,22.86,6.57,11.45,2.81,20.79,30,2023-12-07,EMP00023,Final
LDGS9H2Q4K9M,EMP00674,SL-PLAN-02,Sick Leave,2024-Q3,18.3,2.17,16.34,-0.12,4.01,21,2025-04-21,EMP00029,Final
LDGEA5N4ZKQ1,EMP00212,SL-PLAN-02,Sick Leave,2025-Q1,10.59,3.02,11.59,-1.81,0.21,25,2024-11-07,EMP00038,Final
LDGPYJD0N098,EMP00572,PL-PLAN-05,Paternity Leave,INVALID-PERIOD,7.97,9.87,7.72,-1.27,8.85,21,2023-10-28,EMP00007,Revised
LDGGJ7XP93G5,EMP00104,BL-PLAN-08,Bereavement Leave,2025-Q1,3.52,5.0,8.32,-0.86,-0.66,20,2023-10-06,EMP00044,Draft
LDGGDPQHMDO2,EMP00632,ML-PLAN-04,Maternity Leave,2024-Q4,15.19,8.39,15.39,-2.49,5.7,30,2023-04-04,EMP00006,Final
LDGCFB9GTACJ,EMP00178,PL-PLAN-05,Paternity Leave,2024-Q3,15.95,8.64,14.84,-1.14,8.61,15,2024-07-20,EMP00007,Draft
LDGSKIAHDX72,,CO-PLAN-06,Compensatory Off,2024-Q1,5.21,2.91,5.78,-0.06,2.28,20,2023-04-16,EMP00011,Final
LDGUM1TOHN78,EMP00786,CO-PLAN-06,Compensatory Off,2024-Q1,,3.94,24.34,0.64,-1.8399999999999999,18,2025-04-01,EMP00030,Final
LDG5DN23BPIA,EMP00360,BL-PLAN-08,Bereavement Leave,2024-Q1,7.38,7.93,11.32,2.24,6.23,15,2024-07-20,EMP00048,Revised
LDGUBO56EBTC,EMP00494,UL-PLAN-07,Unpaid Leave,2024-Q4,16.02,9.81,10.56,-2.76,12.51,15,2023-07-31,EMP00007,Revised
LDG55650EQ2P,EMP00104,UL-PLAN-07,Unpaid Leave,2023-Q3,12.93,9.31,21.15,-1.97,-0.88,15,2025-06-04,EMP00021,Draft
LDGNUEN91KIF,EMP00384,BL-PLAN-08,Bereavement Leave,2024-Q3,13.81,0.97,3.73,0.72,11.77,25,2023-07-25,EMP00027,Final
LDGPDYIOZ9N1,EMP00107,AL-PLAN-01,Annual Leave,2024-Q1,11.46,0.98,3.45,0.72,9.71,21,2025-05-08,EMP00028,Draft
LDGF92O15WGW,EMP00448,CL-PLAN-03,Casual Leave,2024-Q4,12.3,4.73,16.83,-1.04,-0.84,25,2025-04-22,EMP00009,Final
LDGNHB4J2UTJ,EMP00800,SL-PLAN-02,Sick Leave,2024-Q1,16.66,7.43,2.39,0.64,22.34,20,2023-10-13,EMP00009,Final
LDG0RMU6QCXP,EMP00206,CO-PLAN-06,Compensatory Off,2023-Q4,15.14,-5.0,13.09,-1.85,0.5,30,2024-10-12,EMP00005,Revised
LDG77IJD0L2X,EMP00572,AL-PLAN-01,Annual Leave,2024-Q3,22.96,9.77,29.06,-0.1,-4.57,15,2023-12-26,EMP00032,Final
LDGGT1MSVCJW,EMP00411,SL-PLAN-02,Sick Leave,2023-Q4,9.8,5.36,3.21,2.14,14.09,18,2024-08-22,EMP00048,Draft
LDGT9LUSF2H7,EMP00211,CO-PLAN-06,Compensatory Off,2025-Q1,18.22,9.11,1.39,-1.55,24.39,25,2025-03-09,EMP00021,Final
LDGWYATYEH4V,,ML-PLAN-04,Maternity Leave,2024-Q4,6.76,1.77,3.66,1.37,37.0,18,2023-12-04,EMP00036,Draft
LDGQ2NHLYCLI,EMP00311,CO-PLAN-06,Compensatory Off,2024-Q2,14.78,2.03,3.38,2.04,15.47,18,2023-04-05,EMP00023,Revised
LDGDED57UCV5,EMP00533,PL-PLAN-05,Paternity Leave,2024-Q2,8.23,4.87,4.57,-2.64,5.89,18,2024-01-17,EMP00042,Final
LDGZQIAZ86V1,EMP00770,PL-PLAN-05,Paternity Leave,2024-Q1,14.35,3.42,15.01,1.39,4.15,20,2023-01-20,EMP00015,Final
LDGE9OCQGF96,EMP00276,UL-PLAN-07,Unpaid Leave,2023-Q2,4.32,2.81,3.3,-0.66,3.17,15,2024-01-28,EMP00033,Revised
LDG7GWPNDUQ1,EMP00525,AL-PLAN-01,Annual Leave,2024-Q3,11.87,0.43,9.16,-0.34,2.8,30,2023-08-02,EMP00040,Revised
LDGVI4FRA8KB,EMP00513,CL-PLAN-03,Casual Leave,2024-Q3,24.85,9.44,14.56,0.77,-21.5,15,2024-01-21,EMP00006,Final
LDGY6TLB8IRS,EMP00753,UL-PLAN-07,Unpaid Leave,2024-Q3,11.91,6.9,9.31,1.35,10.85,21,2025-05-15,EMP00033,Final
