customer_id,full_name,email,phone,city,country,date_of_birth,registration_date,customer_segment,annual_revenue,credit_score,is_active,loyalty_points
CUST00001,,not-an-email-address,000,Mumbai,,2045-07-15,2022-01-31,New,-61600.52,962,1,6140
CUST00002,Siddharth Chen,siddharth.chen84@company.com,+9716946785248,Singapore,Singapore,1961-03-10,2025-04-17,New,50109.99,584,1,49729
CUST00003,Rahul Wu,rahul.wu98@outlook.com,+916398340369,Houston,USA,1975-04-06,2022-02-12,New,39292.14,399,1,22541
CUST00004,Ming Smith,ming.smith49@gmail.com,+449562265906,Delhi,India,1992-09-24,2024-02-25,Inactive,134288.91,670,1,46174
CUST00005,Vikram Patel,vikram.patel30@gmail.com,+9717193887545,Sydney,Australia,1970-03-22,2022-03-31,New,246312.77,673,1,24260
CUST00006,Michael Reddy,michael.reddy22@company.com,+16701808367,Sydney,Australia,1971-12-23,2019-10-20,New,152478.19,688,1,41943
CUST00007,Omar Wang,omar.wang8@yahoo.com,+919457645390,Ahmedabad,India,1990-09-16,2022-08-21,VIP,210791.55,710,1,4337
CUST00008,Kavya Rahman,kavya.rahman64@hotmail.com,+9716613628803,Abu Dhabi,UAE,1999-04-24,2022-07-12,VIP,53550.32,442,1,48823
CUST00009,Hui Wang,hui.wang52@outlook.com,+16594130308,Jaipur,India,1993-07-05,2023-10-21,Inactive,224506.81,805,1,49530
CUST00010,Sneha Malik,,+917652563013,Chennai,India,1966-11-09,2020-10-17,New,198123.8,779,1,36256
CUST00011,Aarav Yang,aarav.yang99@outlook.com,+917260573448,Tokyo,Japan,1965-02-19,2025-01-08,New,187844.01,461,0,212
CUST00012,Ali Hussain,ali.hussain65@gmail.com,+449614942327,Tokyo,Japan,1971-10-25,2024-08-12,Inactive,190609.57,503,1,24504
CUST00013,Rahul Wang,rahul.wang77@outlook.com,+9716083651970,Osaka,Japan,2001-05-18,2024-12-12,Premium,229664.13,671,1,15692
CUST00014,,sneha.nair63@gmail.com,+16551437149,Abu Dhabi,UAE,2002-06-23,2019-11-19,New,21870.54,469,1,34581
CUST00015,Ming Davis,ming.davis89@yahoo.com,+447713658874,Kolkata,India,2001-09-01,2025-01-17,VIP,188938.67,748,0,7930
CUST00016,Nisha Nair,nisha.nair30@company.com,+16030884438,Bengaluru,India,1975-03-02,2019-03-28,Premium,147283.03,360,1,4417
CUST00017,Rohan Malik,rohan.malik86@hotmail.com,+18315992115,New York,USA,1963-03-06,2024-10-06,Regular,59882.16,784,1,30996
CUST00018,Daniel Reddy,daniel.reddy53@hotmail.com,+918892078691,Chennai,India,1964-05-07,2023-11-01,Premium,-88897.24,362,0,47724
CUST00019,Sarah Khan,,+9716788075126,Chennai,India,1971-02-25,2021-02-23,VIP,47957.12,773,1,4940
CUST00020,Chris Khan,chris.khan70@gmail.com,+919978715881,Dubai,UAE,1964-05-23,2019-07-27,Regular,163210.15,470,0,31826
CUST00021,Matthew Reddy,matthew.reddy1@hotmail.com,+449979364815,Chicago,USA,2000-06-24,2019-08-29,New,41576.96,592,0,45651
CUST00022,Ali Khan,ali.khan38@yahoo.com,+918487560384,Dubai,UAE,1989-09-09,2024-06-16,Inactive,39121.81,876,1,3746
CUST00023,Yan Wilson,yan.wilson66@gmail.com,+16294296873,Birmingham,UK,2001-03-29,2024-12-15,Inactive,39779.47,369,1,26461
CUST00024,Meera Siddiqui,meera.siddiqui80@gmail.com,+9718823396242,Abu Dhabi,UAE,1971-01-16,2025-06-29,Inactive,148832.53,835,1,17089
CUST00025,Kavya Yang,kavya.yang17@outlook.com,+9717357970698,Melbourne,Australia,1974-02-03,2021-09-04,Premium,66770.82,309,0,40708
CUST00026,Feng Singh,feng.singh17@outlook.com,+919776436931,Bengaluru,India,2045-07-15,2021-05-23,Regular,126718.23,678,1,10338
CUST00027,,chris.ahmed84@company.com,+918868450609,Dubai,UAE,1991-07-23,2022-05-24,Inactive,153113.6,606,1,8800
CUST00028,Raj Singh,,+19082120871,Chennai,India,1993-04-20,2025-03-16,VIP,39284.25,508,1,33122
CUST00029,Stephanie Smith,stephanie.smith6@gmail.com,+449311931853,Delhi,India,1964-02-21,2023-10-01,Regular,207422.35,568,1,48577
CUST00030,Chris Wang,chris.wang10@yahoo.com,+919584558315,Melbourne,Australia,1979-03-09,2025-04-16,VIP,2912.59,451,0,8352
CUST00031,Rohan Johnson,rohan.johnson27@yahoo.com,+917519038154,Los Angeles,USA,2000-04-28,2019-06-13,Inactive,224781.7,716,1,15514
CUST00032,Rahul Khan,not-an-email-address,+9719445573666,Pune,India,1999-07-16,2023-08-16,Regular,6684.2,573,1,45958
CUST00033,Karan Jones,karan.jones59@outlook.com,+449524176919,Delhi,India,1998-07-07,2024-04-11,Regular,55997.21,528,1,43255
CUST00034,Amit Jones,amit.jones36@outlook.com,+9718918508077,New York,USA,1972-06-30,2019-10-12,Inactive,241738.83,639,1,7559
CUST00035,Raj Joshi,raj.joshi77@hotmail.com,+449129077209,Abu Dhabi,UAE,2003-03-06,2021-12-23,VIP,-10045.17,746,1,25244
CUST00036,Feng Reddy,feng.reddy69@yahoo.com,+447852408227,Jaipur,India,1961-12-28,2023-11-22,Premium,921.97,638,1,43475
CUST00037,Meera Huang,,+448381183483,Surat,India,1982-09-30,2022-06-20,Regular,166889.78,496,0,43576
CUST00038,David Yang,david.yang39@hotmail.com,+917305132983,Tokyo,Japan,2000-06-30,2020-12-13,VIP,154070.97,515,0,38009
CUST00039,Ming Li,ming.li28@company.com,+9719409067573,New York,USA,1980-11-09,2023-12-15,Regular,110818.87,386,1,33780
CUST00040,,ahmed.li97@yahoo.com,+446964824319,Singapore,Singapore,1975-01-13,2020-01-18,Regular,204696.65,450,1,3028
CUST00041,Nisha Wilson,nisha.wilson81@company.com,+19085272193,Singapore,Singapore,1998-02-12,2019-10-26,New,114126.33,806,0,15989
CUST00042,Divya Li,divya.li29@yahoo.com,+9716215686308,Melbourne,Australia,1960-03-31,2020-03-12,Inactive,194715.89,555,1,29914
CUST00043,Arjun Khan,arjun.khan77@outlook.com,+9718631321682,London,UK,1989-12-11,2024-12-15,Inactive,246979.17,1094,0,10430
CUST00044,Chris Smith,chris.smith67@hotmail.com,+17179387055,Osaka,Japan,1971-02-02,2022-02-09,New,191570.51,379,1,15367
CUST00045,Sunita Williams,sunita.williams20@yahoo.com,+9718980491761,New York,USA,2000-01-22,2025-01-21,Regular,20604.13,519,1,27188
CUST00046,Daniel Williams,,000,Dubai,UAE,1980-11-24,2023-08-31,Inactive,16035.29,689,0,386
CUST00047,Michael Johnson,michael.johnson95@company.com,+18096929657,Osaka,Japan,1977-06-29,2023-09-13,Regular,134786.03,579,0,31827
CUST00048,Priya Jones,priya.jones60@yahoo.com,+919895229819,New York,USA,1990-01-01,2023-07-15,New,181183.25,327,1,42123
CUST00049,Ashley Gupta,ashley.gupta42@yahoo.com,+9717403792057,London,UK,1968-02-25,2019-07-25,VIP,65409.0,688,1,49283
CUST00050,Daniel Smith,daniel.smith7@outlook.com,+18792347639,Bengaluru,India,1981-02-04,2019-03-21,Premium,187381.55,341,1,16205
CUST00051,Amit Ahmed,amit.ahmed61@gmail.com,+17997305752,Mumbai,,2045-07-15,2020-09-16,VIP,60016.96,677,1,39707
CUST00052,Ming Siddiqui,ming.siddiqui21@outlook.com,+918485432021,Tokyo,Japan,1992-03-22,2020-04-14,Premium,-194559.08,619,0,25995
CUST00053,,zara.reddy99@outlook.com,+919419769846,Bengaluru,India,1986-07-23,2021-09-21,Inactive,25924.38,342,1,34913
CUST00054,Ashley Yang,ashley.yang2@hotmail.com,+9716453285987,Los Angeles,USA,1963-02-03,2024-09-03,New,162062.04,670,0,46354
CUST00055,Divya Davis,,+9717996617659,Pune,India,1992-11-30,2024-11-07,New,241385.7,574,1,16088
CUST00056,Ananya Smith,ananya.smith86@hotmail.com,+446123265537,London,UK,1970-12-09,2024-03-18,New,142677.49,632,1,31952
CUST00057,Kavya Brown,kavya.brown90@outlook.com,+918218897149,Jaipur,India,1975-04-08,2022-02-19,Regular,220139.83,387,1,47190
CUST00058,Daniel Wilson,daniel.wilson83@hotmail.com,+9719405620755,Dubai,UAE,1994-01-03,2021-09-11,Premium,172807.03,395,1,14522
CUST00059,Jessica Wu,jessica.wu68@outlook.com,+9719203768294,Ahmedabad,India,1973-09-25,2023-02-20,Inactive,118578.49,638,1,46062
CUST00060,Amanda Smith,amanda.smith25@outlook.com,+919190649866,Surat,India,1971-04-11,2021-08-02,Inactive,30603.64,489,1,14180
CUST00061,Layla Wilson,layla.wilson13@yahoo.com,+446977032766,Jaipur,India,1992-07-02,2024-11-18,VIP,149399.29,483,1,927
CUST00062,Zara Wang,zara.wang71@outlook.com,+18739629302,Hyderabad,India,1972-04-21,2019-07-06,New,243586.59,405,1,37621
CUST00063,Deepak Wilson,not-an-email-address,+9716490000526,Manchester,UK,1979-10-04,2022-10-27,Premium,46498.74,710,0,4855
CUST00064,Feng Li,,+917065972034,Sydney,Australia,1962-05-28,2020-09-13,Premium,37724.8,1045,1,34247
CUST00065,Chris Rahman,chris.rahman80@gmail.com,+919275930923,London,UK,1973-05-03,2023-10-23,Regular,76692.37,516,1,43281
CUST00066,,ananya.joshi1@hotmail.com,+9718960826470,Ahmedabad,India,1967-10-18,2025-03-10,Inactive,19228.68,781,1,2139
CUST00067,Siddharth Johnson,siddharth.johnson30@outlook.com,+17825957977,Melbourne,Australia,1972-09-06,2024-02-03,Premium,18259.35,530,1,17408
CUST00068,Divya Kumar,divya.kumar73@outlook.com,+9716534094883,Delhi,India,1967-06-11,2022-06-13,New,148963.49,611,0,17841
CUST00069,Liang Wang,liang.wang56@outlook.com,+446111088881,Manchester,UK,1979-08-21,2019-11-26,Premium,-149710.15,534,1,44058
CUST00070,Sunita Liu,sunita.liu84@hotmail.com,+446779489931,Delhi,India,1994-03-25,2020-12-18,Inactive,117889.96,746,0,5979
CUST00071,Matthew Brown,matthew.brown21@outlook.com,+9718979305739,Houston,USA,1974-12-13,2022-08-08,New,167698.31,595,0,49840
CUST00072,Hui Patel,hui.patel15@hotmail.com,+918824629834,London,UK,1963-12-13,2022-07-12,Inactive,63473.51,773,0,3552
CUST00073,Amit Chen,,+17146997816,Los Angeles,USA,1987-12-06,2024-08-03,Inactive,156539.48,434,1,28712
CUST00074,Omar Wilson,omar.wilson40@company.com,+918371901750,Chennai,India,1961-04-17,2021-09-07,New,177590.81,395,1,7435
CUST00075,Amanda Siddiqui,amanda.siddiqui92@outlook.com,+447784517419,Chennai,India,1989-01-20,2020-09-22,New,124844.69,783,1,29935
CUST00076,Hui Gupta,hui.gupta18@gmail.com,+449318614428,Chicago,USA,2045-07-15,2024-09-12,New,186699.99,648,1,168
CUST00077,Deepak Huang,deepak.huang58@company.com,+9717482296058,Surat,India,1997-07-26,2024-06-28,VIP,216382.52,686,0,21088
CUST00078,Amit Wu,amit.wu53@gmail.com,+449198484273,Ahmedabad,India,1985-08-25,2023-04-18,New,58773.83,690,0,43495
CUST00079,,fatima.gupta76@outlook.com,+919754619063,Manchester,UK,2003-04-12,2019-06-01,New,31998.44,402,0,1005
CUST00080,Ali Gupta,ali.gupta34@outlook.com,+9718791027186,Houston,USA,1999-01-25,2020-09-24,Premium,19169.65,636,0,20752
CUST00081,Mohammed Wu,mohammed.wu9@yahoo.com,+446977046129,Osaka,Japan,1981-11-20,2025-01-25,Premium,9456.83,744,1,49831
CUST00082,Mohammed Wu,,+449419410162,Chennai,India,1979-11-26,2020-11-12,Premium,173653.29,600,1,24565
CUST00083,Ashley Gupta,ashley.gupta24@yahoo.com,+16339166473,Ahmedabad,India,1983-10-29,2023-08-15,Inactive,141699.05,691,1,32615
CUST00084,Yan Gupta,yan.gupta86@gmail.com,+9719870665004,Ahmedabad,India,1980-09-07,2021-11-06,VIP,115162.84,461,1,28949
CUST00085,Michael Liu,michael.liu59@outlook.com,+17652244897,Surat,India,1988-08-29,2023-10-04,New,172733.22,1143,1,24993
CUST00086,Michael Liu,michael.liu85@hotmail.com,+446034780500,Surat,India,1991-05-14,2022-04-24,Inactive,-5973.93,350,0,18756
CUST00087,Siddharth Zhang,siddharth.zhang87@yahoo.com,+919880089348,Los Angeles,USA,1969-10-28,2021-02-17,Premium,155412.35,616,0,2186
CUST00088,Yan Brown,yan.brown42@hotmail.com,+16862407093,Tokyo,Japan,1965-11-23,2020-01-05,Regular,227452.14,674,1,10783
CUST00089,Raj Rahman,raj.rahman44@gmail.com,+9716323408297,Manchester,UK,2003-05-24,2022-04-23,Regular,186766.56,531,0,36524
CUST00090,Emily Kumar,emily.kumar59@outlook.com,+448510666490,Chicago,USA,1960-08-16,2021-12-19,New,134374.79,680,1,44226
CUST00091,Siddharth Wilson,,000,Mumbai,India,1987-10-16,2025-04-18,New,82337.57,609,0,7646
CUST00092,,arjun.patel31@company.com,+17669221121,Delhi,India,1973-08-26,2024-07-10,New,29472.06,679,0,38491
CUST00093,Layla Huang,layla.huang63@company.com,+9717201474778,Hyderabad,India,1999-09-19,2023-08-27,Premium,163903.01,679,1,29057
CUST00094,Chris Siddiqui,not-an-email-address,+446260060661,Ahmedabad,India,1998-05-16,2023-01-25,New,25288.98,582,1,8005
CUST00095,Amanda Kumar,amanda.kumar43@yahoo.com,+19380045208,Sydney,Australia,1969-07-07,2019-03-29,Inactive,13119.34,510,1,36320
CUST00096,Kavya Liu,kavya.liu19@company.com,+917190886387,Kolkata,India,1996-06-21,2021-08-12,Regular,82475.61,433,1,11435
CUST00097,Meera Yang,meera.yang31@company.com,+446067779246,Mumbai,India,1965-11-29,2019-03-02,Regular,89881.45,571,1,8307
CUST00098,Layla Davis,layla.davis47@company.com,+917941348507,Birmingham,UK,1965-02-05,2019-09-18,Inactive,119323.37,526,1,47660
CUST00099,Ahmed Chen,ahmed.chen62@hotmail.com,+9718946766309,Surat,India,1980-07-18,2019-05-08,Premium,15675.94,802,0,4816
CUST00100,Ananya Williams,,+447635971911,Singapore,Singapore,1966-08-27,2019-09-27,Inactive,31984.8,843,1,29734
CUST00101,Liang Zhang,liang.zhang84@company.com,+17847136322,Houston,,2045-07-15,2020-04-13,New,213271.79,533,0,22212
CUST00102,Amanda Jones,amanda.jones41@outlook.com,+446655579180,Houston,USA,1992-09-22,2020-01-25,New,78480.81,368,1,5594
CUST00103,Ananya Davis,ananya.davis72@gmail.com,+448877685081,Chennai,India,1993-05-26,2023-03-07,Premium,-203036.44,720,1,43603
CUST00104,Ashley Malik,ashley.malik46@gmail.com,+16664561034,Tokyo,Japan,1962-04-22,2022-03-24,New,150302.32,529,1,22945
CUST00105,,hui.brown55@company.com,+918615613239,Chennai,India,1994-03-17,2022-02-15,VIP,143737.95,329,1,17909
CUST00106,Omar Al-Hassan,omar.al-hassan24@yahoo.com,+9716298867122,Surat,India,2001-05-03,2022-10-23,Regular,88080.34,1122,1,48897
CUST00107,Kavya Jones,kavya.jones40@outlook.com,+919793925798,Houston,USA,1980-05-07,2022-10-28,Premium,39773.61,459,1,49442
CUST00108,Ling Patel,ling.patel55@hotmail.com,+9717778905619,Sydney,Australia,1963-08-29,2022-01-19,VIP,111056.69,520,1,22621
CUST00109,Ashley Singh,,+17697643337,Surat,India,1990-06-03,2024-06-16,Inactive,131970.06,356,1,13397
CUST00110,Ritu Siddiqui,ritu.siddiqui38@outlook.com,+916033199694,Kolkata,India,1994-06-03,2020-07-16,New,191158.14,740,1,8466
CUST00111,David Wang,david.wang86@outlook.com,+917705407682,Melbourne,Australia,1970-04-28,2024-08-11,Premium,139901.53,746,1,30130
CUST00112,Vikram Malik,vikram.malik91@hotmail.com,+446494665880,New York,USA,1985-10-29,2023-10-25,New,143563.22,321,1,11263
CUST00113,Ling Miller,ling.miller14@yahoo.com,+9718529182928,Melbourne,Australia,2001-04-04,2023-01-22,New,22488.41,836,1,25936
CUST00114,Ritu Huang,ritu.huang10@company.com,+918278930366,New York,USA,1969-12-09,2022-09-26,Inactive,194889.91,498,1,23009
CUST00115,Ali Siddiqui,ali.siddiqui19@outlook.com,+16745172634,Toronto,Canada,1996-07-23,2020-08-27,Inactive,59449.08,456,1,11609
CUST00116,Mohammed Wilson,mohammed.wilson58@company.com,+449711912062,London,UK,1993-11-03,2025-04-28,VIP,190089.35,454,0,4475
CUST00117,Matthew Miller,matthew.miller46@company.com,+917333191560,Toronto,Canada,1973-08-01,2022-01-30,New,148059.23,762,1,3728
CUST00118,,,+9718492495810,Surat,India,1963-06-11,2020-01-05,Inactive,153944.59,342,0,37464
CUST00119,Fatima Reddy,fatima.reddy8@hotmail.com,+919483075928,New York,USA,1987-02-20,2024-05-02,VIP,125591.14,386,1,2565
CUST00120,Nisha Wu,nisha.wu21@outlook.com,+449942508505,London,UK,1979-09-17,2024-11-16,VIP,-130925.63,696,0,22175
CUST00121,Aisha Zhang,aisha.zhang13@company.com,+9717220401982,Delhi,India,1995-05-27,2022-10-02,VIP,16945.01,453,1,5341
CUST00122,Yan Yang,yan.yang84@hotmail.com,+18555682594,Hyderabad,India,2001-02-13,2022-12-03,Premium,77902.82,617,0,42171
CUST00123,Sarah Ahmed,sarah.ahmed86@hotmail.com,+446078299575,Hyderabad,India,1990-01-22,2024-11-26,VIP,23816.51,616,1,14037
CUST00124,Sarah Siddiqui,sarah.siddiqui18@yahoo.com,+917270417388,Osaka,Japan,1981-10-24,2021-02-25,Premium,57022.49,819,1,43380
CUST00125,Sarah Hussain,not-an-email-address,+19570599829,Osaka,Japan,1987-09-21,2020-06-20,Inactive,149512.99,469,0,2863
CUST00126,Daniel Brown,daniel.brown79@outlook.com,+9717005034996,Sydney,Australia,2045-07-15,2021-08-30,Inactive,242412.36,544,1,30737
CUST00127,Amit Brown,,+9718159967797,Sydney,Australia,2002-06-26,2025-05-25,Inactive,246117.73,1160,1,13087
CUST00128,Arjun Malik,arjun.malik71@gmail.com,+917224336336,Jaipur,India,1962-05-04,2024-05-22,Premium,218592.18,464,1,29446
CUST00129,Liang Gupta,liang.gupta45@gmail.com,+9716228736604,Houston,USA,1964-02-11,2021-06-28,New,204267.46,814,1,15451
CUST00130,David Kumar,david.kumar13@outlook.com,+16590985753,Los Angeles,USA,1970-01-26,2019-04-26,Premium,80011.88,593,0,45617
CUST00131,,arjun.al-hassan11@gmail.com,+446926230061,Melbourne,Australia,1981-01-15,2024-01-12,Regular,154029.39,840,0,7286
CUST00132,Deepak Nair,deepak.nair82@company.com,+9716269754673,Surat,India,1965-06-19,2019-07-15,Premium,59990.66,811,1,41415
CUST00133,Liang Liu,liang.liu1@company.com,+447033215551,Ahmedabad,India,1992-03-25,2020-08-11,Inactive,73172.36,726,1,43540
CUST00134,Ahmed Kumar,ahmed.kumar68@company.com,+917676986013,Birmingham,UK,2003-09-20,2023-01-17,New,17385.99,344,0,24464
CUST00135,Raj Huang,raj.huang94@gmail.com,+446572989855,Mumbai,India,1976-01-07,2019-10-04,Premium,86528.22,660,1,42126
CUST00136,Pooja Ahmed,,000,Osaka,Japan,1990-09-17,2024-03-18,New,245214.39,337,1,13211
CUST00137,Rohan Khan,rohan.khan40@company.com,+9719502142446,Kolkata,India,1999-09-25,2019-06-21,Inactive,-79241.16,784,1,2399
CUST00138,Fatima Reddy,fatima.reddy43@outlook.com,+919433149532,Surat,India,1976-01-05,2019-07-15,VIP,216516.67,747,0,48713
CUST00139,Chris Hussain,chris.hussain64@outlook.com,+449440904834,Chicago,USA,1975-03-17,2021-02-04,Premium,124302.71,734,1,28220
CUST00140,Ming Ahmed,ming.ahmed11@outlook.com,+447316389690,Pune,India,1984-06-20,2022-04-18,New,80642.25,736,1,45204
CUST00141,Chris Brown,chris.brown56@outlook.com,+916322299355,London,UK,1961-11-24,2022-12-15,New,153905.44,672,1,2040
CUST00142,Divya Malik,divya.malik9@yahoo.com,+447555424924,Singapore,Singapore,1990-06-01,2023-11-30,New,9182.34,333,1,44503
CUST00143,Chris Siddiqui,chris.siddiqui74@yahoo.com,+447709543220,Los Angeles,USA,1976-09-08,2023-12-24,VIP,190889.58,585,1,7434
CUST00144,,priya.huang72@gmail.com,+449328447109,Pune,India,1982-05-21,2024-10-21,VIP,97053.35,756,1,40099
CUST00145,Deepak Wu,,+19859797024,Manchester,UK,1968-12-23,2020-05-17,New,34364.24,389,1,43767
CUST00146,Michael Wu,michael.wu39@yahoo.com,+19408900003,Bengaluru,India,1984-09-02,2025-01-29,VIP,72945.39,820,1,7953
CUST00147,Amit Khan,amit.khan71@company.com,+448007492791,Hyderabad,India,1970-08-14,2024-07-16,Inactive,7057.86,432,1,4308
CUST00148,Ritu Jones,ritu.jones99@hotmail.com,+916538274418,Melbourne,Australia,1992-03-30,2024-05-14,VIP,131661.07,1199,0,30528
CUST00149,Wei Brown,wei.brown24@yahoo.com,+9718159783506,Hyderabad,India,1999-05-20,2025-03-08,Premium,160128.59,427,1,19931
CUST00150,Rahul Joshi,rahul.joshi67@outlook.com,+917076341629,New York,USA,2001-12-05,2021-07-12,Regular,86832.76,581,1,40961
CUST00151,Ritu Zhang,ritu.zhang76@company.com,+16735301069,Dubai,,2045-07-15,2024-08-20,Inactive,160426.36,645,1,1859
CUST00152,Ananya Patel,ananya.patel27@company.com,+9718654755464,Toronto,Canada,1994-08-02,2025-06-20,Premium,66531.65,809,1,42068
CUST00153,Ritu Wilson,ritu.wilson10@gmail.com,+17888091245,Ahmedabad,India,1996-02-05,2023-07-22,New,74709.75,795,0,13370
CUST00154,Sarah Zhang,,+19267031264,Hyderabad,India,1974-01-08,2022-07-31,VIP,-183682.84,827,1,20913
CUST00155,Nisha Miller,nisha.miller13@gmail.com,+447649910946,Chennai,India,1971-12-31,2024-01-16,Inactive,62355.76,728,1,10466
CUST00156,James Rahman,not-an-email-address,+9718142156616,Abu Dhabi,UAE,1992-05-06,2022-07-04,VIP,47863.61,809,1,5901
CUST00157,,jessica.chen46@gmail.com,+917208416260,London,UK,2003-05-13,2021-09-13,New,54178.53,781,1,35172
CUST00158,Aarav Malik,aarav.malik94@outlook.com,+9717571688961,Chennai,India,1979-05-01,2020-07-02,Premium,220672.7,710,1,37373
CUST00159,Hui Reddy,hui.reddy65@hotmail.com,+449544685115,Los Angeles,USA,1984-10-25,2022-03-28,Inactive,18846.17,421,1,6336
CUST00160,Jessica Brown,jessica.brown26@company.com,+9718147818256,New York,USA,1985-01-08,2023-02-06,Premium,188863.81,346,1,8980
CUST00161,Zara Williams,zara.williams66@yahoo.com,+448633107545,Manchester,UK,1983-04-18,2024-02-15,VIP,37660.7,466,0,40402
CUST00162,Layla Ahmed,layla.ahmed66@company.com,+9719044014286,Surat,India,1986-08-19,2022-10-09,Inactive,127075.09,606,0,1090
CUST00163,Emily Williams,,+9717140444523,Sydney,Australia,1964-11-30,2023-09-03,Inactive,146133.68,533,1,38241
CUST00164,Matthew Joshi,matthew.joshi88@yahoo.com,+918459170565,Birmingham,UK,1988-03-19,2023-04-07,Premium,37370.04,495,1,28903
CUST00165,James Davis,james.davis79@hotmail.com,+919031281545,Hyderabad,India,1978-07-10,2021-04-15,Regular,102889.16,831,1,36758
CUST00166,James Yang,james.yang23@hotmail.com,+448346225613,Manchester,UK,1983-07-28,2023-03-24,VIP,78781.27,570,0,12600
CUST00167,Nisha Smith,nisha.smith39@outlook.com,+18964557845,Dubai,UAE,1973-05-22,2021-07-10,New,235400.64,624,0,22859
CUST00168,Hui Rahman,hui.rahman87@company.com,+9719847261858,Tokyo,Japan,1972-04-07,2022-03-24,New,30907.59,653,1,19035
CUST00169,Rohan Johnson,rohan.johnson84@outlook.com,+9716919066362,Melbourne,Australia,1963-07-18,2022-11-19,Regular,231040.4,906,1,8996
CUST00170,,ling.huang68@yahoo.com,+16225447588,Abu Dhabi,UAE,1970-09-25,2021-09-20,Premium,13165.97,723,1,47012
CUST00171,Matthew Singh,matthew.singh71@yahoo.com,+9718804153202,Sydney,Australia,1994-07-29,2020-07-17,New,-1792.77,788,1,49539
CUST00172,Deepak Williams,,+18298461504,Surat,India,1988-12-21,2019-08-31,Premium,227030.27,479,0,11520
CUST00173,Rohan Ahmed,rohan.ahmed96@outlook.com,+916039802179,Chicago,USA,1995-05-06,2024-07-22,VIP,46984.75,409,1,18649
CUST00174,Amanda Li,amanda.li18@company.com,+9717171826349,Dubai,UAE,1983-07-09,2024-07-16,Regular,222370.36,415,1,10649
CUST00175,Ali Miller,ali.miller44@outlook.com,+16753744909,Toronto,Canada,1971-07-17,2021-02-01,Inactive,4014.01,715,0,33769
CUST00176,James Kumar,james.kumar18@hotmail.com,+447065354117,Chicago,USA,2045-07-15,2020-01-26,Premium,46602.91,567,0,15435
CUST00177,Chris Al-Hassan,chris.al-hassan93@company.com,+917123362233,Jaipur,India,2002-10-17,2022-09-12,VIP,75835.49,541,1,43764
CUST00178,Meera Miller,meera.miller91@outlook.com,+918743244243,Surat,India,1967-03-01,2023-07-19,VIP,171675.37,676,1,14360
CUST00179,Arjun Wilson,arjun.wilson71@hotmail.com,+19272162158,Hyderabad,India,1980-05-29,2023-03-11,Regular,104253.48,383,0,34614
CUST00180,Zara Brown,zara.brown71@company.com,+18459734963,Bengaluru,India,2001-02-22,2025-04-29,Inactive,28496.09,453,1,21503
CUST00181,Wei Miller,,000,Chennai,India,1990-07-07,2021-04-21,Premium,179371.03,764,1,33636
CUST00182,Daniel Miller,daniel.miller40@gmail.com,+9717092885428,Abu Dhabi,UAE,1962-08-03,2025-04-07,Premium,115863.39,523,1,2968
CUST00183,,ashley.brown9@hotmail.com,+917233045201,Melbourne,Australia,1962-11-10,2025-01-25,New,248533.85,484,1,42042
CUST00184,Ali Li,ali.li49@hotmail.com,+918932304514,Houston,USA,1976-10-18,2023-04-16,Inactive,112410.01,436,1,7774
CUST00185,Pooja Wang,pooja.wang29@gmail.com,+917281459294,Chicago,USA,1983-09-21,2020-06-05,New,182100.61,734,0,15051
CUST00186,Nisha Miller,nisha.miller93@gmail.com,+919476682312,Los Angeles,USA,1966-12-16,2022-02-03,New,47525.87,316,1,13505
CUST00187,Vikram Singh,not-an-email-address,+19180599722,Singapore,Singapore,1961-07-04,2024-01-03,Premium,149647.33,711,0,15357
CUST00188,Xiao Reddy,xiao.reddy38@yahoo.com,+448480235438,Osaka,Japan,1998-09-29,2019-08-20,Inactive,-35463.83,628,1,19776
CUST00189,Divya Yang,divya.yang8@company.com,+18688620050,Birmingham,UK,1969-11-30,2023-08-21,New,75474.99,807,1,22571
CUST00190,Fatima Yang,,+17288011277,Chicago,USA,1995-04-01,2024-11-18,New,80024.25,966,0,15792
CUST00191,Ritu Malik,ritu.malik72@hotmail.com,+9718393528385,Melbourne,Australia,1966-06-23,2024-03-11,Inactive,228727.92,437,0,15915
CUST00192,Raj Reddy,raj.reddy48@gmail.com,+16221348142,New York,USA,1989-01-03,2019-11-20,VIP,230595.41,686,1,4769
CUST00193,Amit Khan,amit.khan27@outlook.com,+449904100195,Osaka,Japan,1986-05-10,2025-04-08,Premium,54645.62,516,1,48593
CUST00194,Meera Huang,meera.huang91@yahoo.com,+9719930438209,Osaka,Japan,1981-06-25,2021-09-20,Regular,174058.76,629,1,24947
CUST00195,Amanda Wang,amanda.wang66@hotmail.com,+9716423519117,Toronto,Canada,1976-02-12,2022-06-17,New,65759.63,627,1,24294
CUST00196,,james.davis3@outlook.com,+9717267841227,Delhi,India,1985-03-26,2021-06-25,Regular,185442.47,500,1,15074
CUST00197,David Liu,david.liu88@outlook.com,+449278608906,Ahmedabad,India,1982-05-25,2025-03-05,New,163824.69,802,0,11025
CUST00198,Ali Khan,ali.khan63@yahoo.com,+918250324141,Los Angeles,USA,1967-08-05,2020-07-27,Premium,180218.23,376,1,418
CUST00199,Daniel Gupta,,+9717602884797,Toronto,Canada,1970-05-19,2019-10-06,Premium,176938.81,794,0,1030
CUST00200,Aarav Wang,aarav.wang93@outlook.com,+446073626894,Dubai,UAE,1978-06-14,2019-02-18,Inactive,4673.17,740,1,7013
CUST00201,Karan Chen,karan.chen33@outlook.com,+449414225544,Hyderabad,,2045-07-15,2021-02-25,New,155135.32,380,1,26609
CUST00202,Amanda Liu,amanda.liu11@gmail.com,+917740657035,Ahmedabad,India,1991-04-11,2021-07-14,New,75343.67,686,0,3677
CUST00203,Mohammed Sharma,mohammed.sharma56@outlook.com,+919843098977,Melbourne,Australia,1967-09-08,2019-12-05,Inactive,125214.67,343,1,13855
CUST00204,Omar Hussain,omar.hussain10@outlook.com,+916770321709,Abu Dhabi,UAE,1981-04-30,2022-01-15,VIP,12117.21,316,1,38471
CUST00205,Divya Al-Hassan,divya.al-hassan39@yahoo.com,+18433940416,Melbourne,Australia,1996-10-27,2023-06-20,New,-232254.3,639,0,49519
CUST00206,Layla Gupta,layla.gupta45@gmail.com,+917877279755,Melbourne,Australia,1992-06-25,2019-11-18,Regular,125447.82,377,1,39660
CUST00207,Ling Siddiqui,ling.siddiqui35@hotmail.com,+9716979846924,Singapore,Singapore,1977-10-17,2022-08-29,VIP,7891.6,684,0,12172
CUST00208,Aisha Liu,,+916352350576,Sydney,Australia,1977-01-18,2019-12-18,VIP,193155.77,457,0,46640
CUST00209,,mohammed.gupta12@gmail.com,+447910126009,Tokyo,Japan,1977-06-23,2022-07-21,VIP,90494.71,576,1,8683
CUST00210,Ananya Joshi,ananya.joshi53@gmail.com,+916384909986,Houston,USA,1980-02-18,2025-03-31,VIP,138907.63,395,1,25246
CUST00211,Aarav Johnson,aarav.johnson72@yahoo.com,+18943409776,Houston,USA,1977-05-24,2019-12-13,New,181348.54,1005,1,17623
CUST00212,Sunita Wilson,sunita.wilson54@outlook.com,+9719361527572,Hyderabad,India,1962-11-02,2020-11-15,Premium,108951.73,669,1,16160
CUST00213,Ali Li,ali.li18@outlook.com,+917699484121,Manchester,UK,1986-08-20,2021-03-11,VIP,114736.48,689,1,28850
CUST00214,Sarah Davis,sarah.davis78@yahoo.com,+9717349406919,Toronto,Canada,2003-09-13,2020-07-11,Regular,75458.6,707,1,19100
CUST00215,Layla Wu,layla.wu42@hotmail.com,+449506817238,Toronto,Canada,1982-01-09,2025-06-16,New,195602.61,673,1,36952
CUST00216,Amit Liu,amit.liu94@hotmail.com,+17883149695,Dubai,UAE,1968-01-26,2025-03-03,VIP,7215.57,370,0,44104
CUST00217,Stephanie Gupta,,+9716317677825,Toronto,Canada,1973-08-01,2021-09-18,New,63544.08,790,0,35020
CUST00218,Liang Rahman,not-an-email-address,+916469738105,Melbourne,Australia,1978-10-06,2025-02-04,Regular,9672.91,663,1,42401
CUST00219,Ling Patel,ling.patel43@hotmail.com,+916045302356,Abu Dhabi,UAE,1988-12-07,2023-06-25,Premium,241719.38,564,1,33467
CUST00220,Layla Chen,layla.chen48@hotmail.com,+9719317184619,Dubai,UAE,1986-01-15,2025-06-14,Inactive,55647.42,812,1,22607
CUST00221,Priya Wilson,priya.wilson11@gmail.com,+17496060167,Chennai,India,1973-04-02,2023-08-31,VIP,230176.61,651,0,13557
CUST00222,,wei.wilson90@hotmail.com,+446288511612,Los Angeles,USA,1981-05-11,2020-02-04,VIP,-109822.4,345,1,1480
CUST00223,Sarah Li,sarah.li95@yahoo.com,+18370436671,Chennai,India,1990-05-17,2020-11-04,Regular,232515.65,638,0,30281
CUST00224,Siddharth Khan,siddharth.khan85@hotmail.com,+9716125379850,Chicago,USA,1988-03-31,2021-01-25,Inactive,47003.54,502,0,38810
CUST00225,Ashley Jones,ashley.jones97@gmail.com,+919433836469,Mumbai,India,1991-08-12,2021-05-29,Inactive,51843.23,491,1,21363
CUST00226,Amit Miller,,000,Chennai,India,2045-07-15,2024-06-27,New,132164.9,416,1,23067
CUST00227,Amanda Zhang,amanda.zhang76@gmail.com,+17345122542,Pune,India,1996-07-02,2022-05-03,Premium,229711.3,544,1,7664
CUST00228,Pooja Brown,pooja.brown77@yahoo.com,+9717816937739,Melbourne,Australia,1966-05-05,2024-09-23,Regular,97421.59,798,1,36366
CUST00229,Rahul Wilson,rahul.wilson58@company.com,+919717389692,Surat,India,1966-04-17,2021-02-05,VIP,78987.71,309,0,8947
CUST00230,Amit Ahmed,amit.ahmed64@hotmail.com,+9717785119108,Chicago,USA,2003-03-27,2025-04-19,New,126606.79,800,1,5417
CUST00231,Feng Sharma,feng.sharma29@company.com,+446722452036,Osaka,Japan,1969-11-22,2022-04-11,New,8657.42,807,1,37533
CUST00232,Meera Smith,meera.smith97@gmail.com,+9718346569443,Osaka,Japan,1984-05-12,2023-02-11,Regular,135739.82,1185,1,48233
CUST00233,Nisha Johnson,nisha.johnson12@hotmail.com,+919331312549,Delhi,India,1980-03-04,2021-12-12,Regular,87469.96,514,1,46579
CUST00234,Ling Li,ling.li27@gmail.com,+448286128610,Houston,USA,1967-06-12,2020-07-24,VIP,196319.9,472,1,46140
CUST00235,,,+19221629787,Abu Dhabi,UAE,1971-12-29,2024-10-08,New,246379.33,360,1,42984
CUST00236,Arjun Wu,arjun.wu32@hotmail.com,+9716610622521,Hyderabad,India,1971-03-14,2020-08-22,Inactive,177993.01,575,0,24587
CUST00237,Chris Kumar,chris.kumar96@outlook.com,+447952902914,Toronto,Canada,1995-08-23,2020-01-17,New,101011.27,635,1,48019
CUST00238,Ananya Huang,ananya.huang69@hotmail.com,+17845303066,London,UK,1988-06-23,2023-01-07,Regular,212601.51,806,1,21159
CUST00239,Deepak Williams,deepak.williams63@outlook.com,+916197323378,Dubai,UAE,1985-12-03,2020-06-18,Premium,-141752.46,770,1,8142
CUST00240,Rahul Miller,rahul.miller89@yahoo.com,+446682802977,London,UK,1960-01-12,2023-10-19,VIP,50978.39,395,1,16409
CUST00241,Ananya Brown,ananya.brown81@outlook.com,+17843532841,Sydney,Australia,2000-07-16,2020-11-08,Premium,13420.93,397,1,13986
CUST00242,Matthew Kumar,matthew.kumar57@gmail.com,+918987566830,Hyderabad,India,1986-08-18,2021-07-15,VIP,130101.34,423,0,45484
CUST00243,Arjun Wilson,arjun.wilson14@gmail.com,+447578665411,Bengaluru,India,1970-04-09,2023-04-19,VIP,22788.1,440,0,49358
CUST00244,Arjun Li,,+17890212621,Sydney,Australia,1966-05-29,2019-10-08,VIP,132861.81,518,1,26981
CUST00245,Ling Yang,ling.yang13@yahoo.com,+918532200677,London,UK,1998-07-29,2021-06-08,New,22128.66,659,0,20611
CUST00246,Arjun Nair,arjun.nair77@company.com,+449345649167,Jaipur,India,1988-11-30,2019-12-12,Premium,62417.67,608,1,33931
CUST00247,Ming Chen,ming.chen7@yahoo.com,+9717657365938,Kolkata,India,1993-07-18,2023-05-24,Premium,74237.74,546,0,41817
CUST00248,,ming.kumar41@yahoo.com,+9719697167992,Birmingham,UK,1999-11-12,2019-02-19,Inactive,246727.19,730,1,35806
CUST00249,Aisha Joshi,not-an-email-address,+446926608888,Osaka,Japan,1981-02-16,2019-10-26,Premium,4664.01,361,0,33201
CUST00250,Deepak Li,deepak.li52@gmail.com,+17191714875,Melbourne,Australia,1982-06-23,2023-08-29,Premium,106182.02,617,1,33508
CUST00251,Kavya Khan,kavya.khan82@gmail.com,+449000790068,Hyderabad,,2045-07-15,2022-08-31,New,97987.51,544,1,16022
CUST00252,Ananya Rahman,ananya.rahman8@outlook.com,+16513003815,Houston,USA,1965-03-15,2024-02-01,Premium,153268.05,440,1,10736
CUST00253,Stephanie Siddiqui,,+17597167064,Los Angeles,USA,1983-06-17,2024-10-19,Regular,195855.28,1022,1,1923
CUST00254,Ashley Smith,ashley.smith74@gmail.com,+9717955059570,Birmingham,UK,1962-11-12,2021-12-13,Inactive,178224.65,668,1,32742
CUST00255,Feng Joshi,feng.joshi74@gmail.com,+19181625698,Los Angeles,USA,1967-01-21,2021-11-10,Inactive,193445.57,302,1,805
CUST00256,Nisha Patel,nisha.patel23@gmail.com,+9716964285941,Manchester,UK,1976-04-29,2023-04-18,VIP,-230096.52,554,0,47204
CUST00257,James Smith,james.smith87@gmail.com,+16958572516,Bengaluru,India,1985-08-21,2023-03-08,Inactive,30290.53,347,0,4517
CUST00258,Amanda Malik,amanda.malik71@hotmail.com,+917584496586,Surat,India,1994-09-12,2022-06-26,Regular,82161.58,598,1,48468
CUST00259,Ling Nair,ling.nair26@company.com,+16646677686,London,UK,1976-07-08,2024-07-13,Premium,249447.89,719,1,15269
CUST00260,Xiao Brown,xiao.brown1@hotmail.com,+446446457642,Toronto,Canada,1997-08-29,2019-02-09,Regular,237772.07,842,1,27513
CUST00261,,stephanie.siddiqui12@gmail.com,+19853820334,Delhi,India,2003-08-17,2020-08-06,Inactive,178057.29,722,1,30045
CUST00262,Layla Kumar,,+917868237222,Abu Dhabi,UAE,1964-04-14,2024-09-01,Regular,33811.71,542,1,17104
CUST00263,James Rahman,james.rahman35@yahoo.com,+916870644102,Chicago,USA,1991-06-07,2022-08-29,Regular,79855.4,411,1,6924
CUST00264,Rahul Miller,rahul.miller46@yahoo.com,+9717324171556,London,UK,1974-02-01,2023-07-24,New,30623.82,571,1,5925
CUST00265,Rahul Khan,rahul.khan42@yahoo.com,+919054397788,Sydney,Australia,1973-08-24,2019-06-15,Regular,54147.69,664,0,33650
CUST00266,Sneha Yang,sneha.yang52@hotmail.com,+16406841968,Surat,India,1971-09-02,2020-12-13,New,8254.98,404,1,7959
CUST00267,Aarav Patel,aarav.patel52@outlook.com,+918501061666,Osaka,Japan,1969-12-20,2020-06-19,Inactive,49934.19,565,1,1428
CUST00268,Vikram Reddy,vikram.reddy43@gmail.com,+917979958124,Toronto,Canada,1979-11-22,2020-06-11,Premium,23448.67,472,0,47476
CUST00269,Jessica Wilson,jessica.wilson28@yahoo.com,+447201966146,Mumbai,India,1977-03-02,2023-10-14,New,43615.4,452,1,40246
CUST00270,Ling Zhang,ling.zhang71@hotmail.com,+916376761189,Ahmedabad,India,1989-01-13,2022-04-23,VIP,124973.46,692,1,27474
CUST00271,Amit Li,,000,Birmingham,UK,1971-03-06,2025-02-04,New,198814.14,652,1,25452
CUST00272,Sunita Joshi,sunita.joshi36@gmail.com,+9718273894381,Mumbai,India,1974-04-21,2021-06-16,VIP,7811.21,538,1,6562
CUST00273,Nisha Yang,nisha.yang95@gmail.com,+18472578783,Ahmedabad,India,1971-12-15,2024-12-25,New,-204163.15,663,1,11540
CUST00274,,nisha.liu4@outlook.com,+18418534256,New York,USA,1996-02-29,2023-01-09,Regular,228538.01,1102,1,11505
CUST00275,Rohan Kumar,rohan.kumar62@gmail.com,+449942334096,Delhi,India,1970-06-08,2021-06-15,Inactive,5472.03,506,1,22331
CUST00276,Zara Joshi,zara.joshi91@yahoo.com,+919635607734,New York,USA,2045-07-15,2019-03-31,Inactive,37354.15,673,1,24483
CUST00277,Zara Siddiqui,zara.siddiqui42@yahoo.com,+19145427973,Sydney,Australia,1977-09-29,2020-02-18,New,84471.99,798,1,11416
CUST00278,Zara Siddiqui,zara.siddiqui76@yahoo.com,+9717317795722,Dubai,UAE,1991-02-10,2023-01-01,VIP,56197.68,430,1,47764
CUST00279,Aarav Siddiqui,aarav.siddiqui99@company.com,+916782035199,Melbourne,Australia,2002-07-22,2025-06-04,Inactive,98204.56,625,1,41919
CUST00280,Feng Singh,not-an-email-address,+446721070971,Manchester,UK,1966-04-23,2022-09-18,Premium,186463.16,643,0,746
CUST00281,Raj Reddy,raj.reddy14@gmail.com,+917657587204,Ahmedabad,India,1991-02-03,2019-10-05,New,87945.05,729,1,27133
CUST00282,Stephanie Hussain,stephanie.hussain62@company.com,+16698604397,Chicago,USA,1975-10-03,2025-02-14,New,94149.22,375,1,19327
CUST00283,Priya Williams,priya.williams22@hotmail.com,+19143852021,Jaipur,India,2002-09-09,2020-03-04,Premium,19013.0,395,1,38930
CUST00284,Ling Hussain,ling.hussain84@yahoo.com,+9716674755608,Manchester,UK,1991-08-08,2019-05-07,Premium,108115.17,403,1,13470
CUST00285,Amit Davis,amit.davis37@outlook.com,+16411955771,Melbourne,Australia,1984-11-08,2025-01-21,Premium,66683.56,702,0,10065
CUST00286,Sneha Brown,sneha.brown85@company.com,+9716857596764,Mumbai,India,1979-03-07,2019-12-25,Premium,73990.09,326,1,11195
CUST00287,,mohammed.johnson51@hotmail.com,+9719843469524,Bengaluru,India,1981-03-29,2020-04-18,VIP,77434.17,393,0,12116
CUST00288,Emily Hussain,emily.hussain34@hotmail.com,+9717131297865,Chicago,USA,1976-07-27,2021-02-03,Regular,111720.93,575,1,9904
CUST00289,Omar Yang,,+18377702111,Chennai,India,1963-11-05,2022-11-09,Premium,202140.95,696,0,35095
CUST00290,Aisha Malik,aisha.malik11@hotmail.com,+918156509381,Manchester,UK,1985-09-09,2021-08-23,Inactive,-119327.44,829,1,7882
CUST00291,Chris Joshi,chris.joshi17@gmail.com,+9716336590217,Pune,India,2003-08-10,2021-05-17,New,202210.95,506,1,38997
CUST00292,Raj Williams,raj.williams72@hotmail.com,+449679172843,Tokyo,Japan,2001-01-02,2019-10-02,VIP,22213.35,832,0,810
CUST00293,Omar Zhang,omar.zhang20@yahoo.com,+919972536230,Abu Dhabi,UAE,1983-06-10,2023-09-15,Premium,28573.45,403,1,35103
CUST00294,Michael Hussain,michael.hussain74@company.com,+9716160913827,Houston,USA,1971-11-06,2023-04-18,Regular,163869.52,582,0,9427
CUST00295,Ling Zhang,ling.zhang43@yahoo.com,+919202971098,Sydney,Australia,1991-02-11,2023-07-04,New,10176.24,1023,1,1325
CUST00296,Ritu Johnson,ritu.johnson88@gmail.com,+16577181411,Jaipur,India,1997-10-22,2024-07-06,VIP,214629.58,753,1,17656
CUST00297,Ali Davis,ali.davis28@hotmail.com,+9719261998854,Singapore,Singapore,1988-12-15,2020-01-01,Inactive,47389.95,682,1,33768
CUST00298,Rahul Kumar,,+916746196273,Surat,India,1991-10-30,2024-09-06,Regular,101144.59,505,1,16350
CUST00299,Rohan Miller,rohan.miller36@outlook.com,+9718169501271,Delhi,India,2001-03-07,2023-01-16,New,176306.17,426,1,15855
CUST00300,,emily.wilson61@company.com,+447478538226,Singapore,Singapore,1980-01-04,2020-12-28,Regular,240149.83,564,1,18682
CUST00301,Priya Jones,priya.jones28@yahoo.com,+18910678913,Delhi,,2045-07-15,2025-06-01,Regular,195067.62,575,0,33638
CUST00302,Priya Malik,priya.malik17@yahoo.com,+916961084962,Osaka,Japan,2003-05-20,2019-02-06,VIP,118787.25,612,1,27774
CUST00303,David Malik,david.malik39@company.com,+9718510353238,Los Angeles,USA,1980-08-03,2021-10-29,Premium,54943.16,307,1,36795
CUST00304,Fatima Zhang,fatima.zhang62@gmail.com,+447187486518,Singapore,Singapore,1972-09-05,2022-05-07,VIP,171261.08,583,1,42999
CUST00305,Zara Siddiqui,zara.siddiqui98@yahoo.com,+919459294749,Toronto,Canada,1973-05-27,2021-02-10,Inactive,37907.36,713,1,44614
CUST00306,Arjun Huang,arjun.huang34@hotmail.com,+9717667628074,Mumbai,India,1989-05-26,2024-07-30,Premium,249368.54,494,1,47615
CUST00307,Zara Nair,,+449631048029,Sydney,Australia,1983-12-25,2024-05-02,Regular,-226678.36,485,1,6396
CUST00308,Matthew Gupta,matthew.gupta24@outlook.com,+916954571559,Tokyo,Japan,1971-08-08,2025-04-08,VIP,190848.1,528,1,27556
CUST00309,Sarah Brown,sarah.brown16@hotmail.com,+919721131196,Jaipur,India,1986-04-07,2022-04-19,Inactive,116208.28,372,0,12749
CUST00310,Liang Singh,liang.singh7@yahoo.com,+16860267314,Sydney,Australia,1977-02-13,2024-12-10,VIP,74939.76,719,0,9386
CUST00311,James Malik,not-an-email-address,+448725152347,Melbourne,Australia,1968-02-02,2019-11-28,Premium,122151.42,304,0,17925
CUST00312,Kavya Al-Hassan,kavya.al-hassan63@gmail.com,+18639170397,Osaka,Japan,1967-07-25,2025-06-18,New,191238.69,739,0,28116
CUST00313,,matthew.jones48@gmail.com,+449250636259,Mumbai,India,1961-09-10,2024-12-26,Inactive,50253.86,495,1,44351
CUST00314,Aarav Li,aarav.li45@outlook.com,+16441128454,Tokyo,Japan,1971-02-28,2021-07-15,New,173534.42,815,1,10945
CUST00315,Vikram Ahmed,vikram.ahmed67@company.com,+447862577974,Delhi,India,1973-05-17,2022-04-06,Regular,114253.61,650,0,23543
CUST00316,Amit Joshi,,000,Chicago,USA,1960-11-09,2021-07-24,Inactive,56468.18,1184,1,24024
CUST00317,Rohan Jones,rohan.jones77@gmail.com,+918807051534,Toronto,Canada,1971-06-22,2024-12-30,Premium,155972.13,349,1,27313
CUST00318,Chris Jones,chris.jones20@yahoo.com,+917293285336,Chennai,India,1984-07-19,2021-11-01,New,118861.89,403,1,40815
CUST00319,Ming Wu,ming.wu80@gmail.com,+446489680170,Hyderabad,India,1978-10-15,2020-03-05,Premium,128140.4,809,1,39911
CUST00320,Amit Al-Hassan,amit.al-hassan46@hotmail.com,+446688799369,Jaipur,India,1997-04-19,2024-11-12,Premium,243293.37,808,1,45102
CUST00321,Matthew Williams,matthew.williams15@company.com,+9716640570713,Ahmedabad,India,1960-02-14,2019-02-22,Premium,168072.47,823,1,47419
CUST00322,Ali Singh,ali.singh38@outlook.com,+9716215092803,Jaipur,India,1988-11-25,2021-08-04,Premium,114459.43,478,1,19042
CUST00323,Emily Khan,emily.khan13@gmail.com,+919659306670,Sydney,Australia,1974-01-10,2023-10-11,Regular,184765.78,474,1,23430
CUST00324,Chris Siddiqui,chris.siddiqui44@yahoo.com,+917721326325,Singapore,Singapore,1972-01-13,2020-01-16,New,-93469.23,767,1,25278
CUST00325,Omar Malik,,+18990026838,Manchester,UK,1995-11-18,2023-09-24,Premium,162387.2,463,1,27264
CUST00326,,yan.wilson49@outlook.com,+919704734739,Abu Dhabi,UAE,2045-07-15,2023-11-30,Regular,45724.51,794,0,7401
CUST00327,Daniel Miller,daniel.miller2@company.com,+18876959590,Delhi,India,1962-11-03,2021-12-07,VIP,163915.91,831,1,28367
CUST00328,Ahmed Huang,ahmed.huang83@hotmail.com,+19603619372,Ahmedabad,India,1981-08-13,2022-11-17,Inactive,166095.81,355,1,42165
CUST00329,Rahul Chen,rahul.chen10@hotmail.com,+447034622484,Manchester,UK,1998-03-19,2024-07-23,VIP,217419.2,584,1,33222
CUST00330,Siddharth Wang,siddharth.wang11@hotmail.com,+9719441391011,Toronto,Canada,1976-12-25,2023-07-10,Inactive,204367.27,758,1,32666
CUST00331,Chris Williams,chris.williams3@gmail.com,+9717770980600,Chennai,India,2003-12-28,2024-07-30,Premium,186437.12,300,1,39597
CUST00332,Ling Li,ling.li84@hotmail.com,+447560544045,Surat,India,1999-12-05,2024-09-13,Premium,140801.98,528,0,21756
CUST00333,Hui Al-Hassan,hui.al-hassan47@hotmail.com,+916418488804,Singapore,Singapore,1986-11-29,2024-04-21,Regular,179306.19,302,1,23274
CUST00334,Mohammed Siddiqui,,+18114937010,Surat,India,1984-07-26,2024-11-08,Regular,93785.64,719,1,16665
CUST00335,Ling Reddy,ling.reddy25@outlook.com,+919251931664,Kolkata,India,1965-06-01,2023-05-29,New,54289.58,347,1,29524
CUST00336,Amanda Yang,amanda.yang64@gmail.com,+918376088968,Abu Dhabi,UAE,2002-11-22,2024-08-27,New,34091.69,794,1,45338
CUST00337,Yan Joshi,yan.joshi85@company.com,+448165136471,Tokyo,Japan,1996-07-26,2020-06-09,New,26336.71,1054,1,17930
CUST00338,Sarah Johnson,sarah.johnson78@company.com,+449620977113,London,UK,1996-02-06,2020-06-30,Inactive,34975.91,621,1,13165
CUST00339,,kavya.zhang17@yahoo.com,+449050941750,Melbourne,Australia,1973-01-12,2022-11-15,Premium,230337.35,660,0,38194
CUST00340,Feng Siddiqui,feng.siddiqui69@outlook.com,+9719471642620,Sydney,Australia,1991-11-08,2023-09-06,Premium,168723.75,835,1,1656
CUST00341,David Gupta,david.gupta97@yahoo.com,+448935139119,Delhi,India,1990-01-24,2019-08-20,VIP,-50375.65,449,1,45258
CUST00342,Deepak Reddy,not-an-email-address,+19188638426,Osaka,Japan,1984-04-10,2019-05-13,Inactive,89991.27,698,1,33483
CUST00343,Omar Johnson,,+448371357111,Melbourne,Australia,1989-10-22,2019-07-12,Premium,231657.96,313,1,13309
CUST00344,Ling Malik,ling.malik82@outlook.com,+19333524884,Osaka,Japan,1998-08-06,2023-12-20,Regular,207580.88,601,0,11627
CUST00345,Aisha Kumar,aisha.kumar16@hotmail.com,+917840427040,Pune,India,2003-03-05,2020-12-12,VIP,183902.33,570,1,10546
CUST00346,Yan Malik,yan.malik20@gmail.com,+19988427908,Jaipur,India,1960-04-02,2022-09-15,VIP,116849.67,352,1,32148
CUST00347,Feng Wang,feng.wang24@company.com,+919376953419,Los Angeles,USA,1963-04-09,2022-07-25,Inactive,131586.07,463,0,35591
CUST00348,Xiao Jones,xiao.jones85@outlook.com,+447549614875,Bengaluru,India,1975-09-03,2021-06-25,VIP,220907.49,523,0,36787
CUST00349,Fatima Sharma,fatima.sharma83@company.com,+16171271484,Chennai,India,1990-01-02,2022-11-18,VIP,111693.98,690,1,25288
CUST00350,Raj Wang,raj.wang99@outlook.com,+9718090810307,Tokyo,Japan,1972-09-07,2019-04-12,Premium,227878.31,603,1,20992
CUST00351,Liang Kumar,liang.kumar81@gmail.com,+18879067453,Chennai,,2045-07-15,2025-01-12,Regular,133534.85,734,1,13472
CUST00352,,,+917972357370,Melbourne,Australia,1999-05-31,2023-11-18,VIP,161817.01,338,1,4800
CUST00353,Sneha Joshi,sneha.joshi30@outlook.com,+9717666587357,Jaipur,India,1985-01-12,2019-10-16,New,143953.09,714,0,20735
CUST00354,Priya Jones,priya.jones93@company.com,+919246826017,Sydney,Australia,1965-04-22,2024-12-30,Inactive,1971.78,346,1,23442
CUST00355,Liang Singh,liang.singh37@hotmail.com,+9717696998516,Surat,India,1995-04-19,2022-05-19,Premium,151838.18,785,1,34961
CUST00356,Siddharth Gupta,siddharth.gupta82@yahoo.com,+448908934292,Tokyo,Japan,1977-07-16,2025-02-13,VIP,74097.13,311,1,8076
CUST00357,Rohan Sharma,rohan.sharma11@outlook.com,+19213909354,Abu Dhabi,UAE,1986-10-06,2023-06-03,VIP,134519.44,516,0,42331
CUST00358,Liang Gupta,liang.gupta33@yahoo.com,+916778926596,Pune,India,1968-04-02,2021-06-23,Inactive,-154412.79,1132,0,42249
CUST00359,Vikram Johnson,vikram.johnson93@company.com,+9717420993922,Sydney,Australia,1963-01-08,2021-10-23,VIP,25001.5,431,1,6556
CUST00360,Deepak Zhang,deepak.zhang58@outlook.com,+448978379982,Bengaluru,India,2000-05-17,2021-03-03,Inactive,79787.59,456,1,20731
CUST00361,Ashley Joshi,,000,Mumbai,India,1974-01-18,2021-10-05,VIP,196522.2,437,1,31454
CUST00362,Amanda Miller,amanda.miller14@yahoo.com,+919615473387,Los Angeles,USA,1994-10-02,2022-06-05,VIP,121999.36,443,1,17251
CUST00363,Ali Hussain,ali.hussain65@gmail.com,+9719303689934,Toronto,Canada,1963-06-06,2019-11-05,Inactive,223080.24,517,1,36149
CUST00364,Raj Wang,raj.wang29@company.com,+446575015625,Dubai,UAE,1981-03-05,2020-08-31,New,91771.75,813,1,26003
CUST00365,,emily.chen79@yahoo.com,+17916502228,Mumbai,India,1989-09-22,2021-09-05,Regular,212071.47,483,1,48229
CUST00366,Ali Wilson,ali.wilson30@gmail.com,+447586712032,Los Angeles,USA,1961-10-24,2021-06-15,Regular,190487.36,343,1,33940
CUST00367,Emily Jones,emily.jones6@outlook.com,+919022524173,Manchester,UK,2001-03-04,2024-02-06,Inactive,220447.22,580,1,37921
CUST00368,Xiao Liu,xiao.liu84@gmail.com,+447616319802,Pune,India,1976-11-23,2023-03-31,Regular,91641.55,828,0,23127
CUST00369,Michael Wilson,michael.wilson18@hotmail.com,+16987802843,Manchester,UK,1999-10-18,2019-01-28,Premium,125708.33,826,1,13861
CUST00370,Divya Joshi,,+918068098256,Pune,India,1976-03-31,2020-04-29,New,165446.86,790,1,38718
CUST00371,Rahul Li,rahul.li74@company.com,+16578635360,Houston,USA,1961-01-02,2021-09-25,Inactive,11264.51,340,1,3664
CUST00372,Rahul Smith,rahul.smith73@gmail.com,+446368287033,Pune,India,1983-03-05,2023-07-19,Regular,150039.7,759,0,31566
CUST00373,Rahul Nair,not-an-email-address,+446720359227,Houston,USA,1986-12-14,2020-08-07,VIP,198756.71,764,1,15061
CUST00374,David Jones,david.jones65@hotmail.com,+18600650037,Hyderabad,India,1964-11-13,2019-03-09,Premium,50985.96,481,0,40288
CUST00375,Ming Patel,ming.patel85@yahoo.com,+919852452290,Dubai,UAE,1982-07-30,2020-04-26,New,-23750.9,834,0,24273
CUST00376,Rohan Wu,rohan.wu62@hotmail.com,+448529942267,Birmingham,UK,2045-07-15,2021-07-28,Inactive,234636.2,400,0,8774
CUST00377,Raj Wilson,raj.wilson70@hotmail.com,+446811839103,Osaka,Japan,1970-06-06,2019-12-10,Premium,71175.03,307,1,34063
CUST00378,,aarav.jones14@yahoo.com,+9718798497340,Toronto,Canada,1969-03-19,2022-07-17,Inactive,102506.85,559,1,35134
CUST00379,Ashley Liu,,+9718371272694,Los Angeles,USA,1987-06-13,2022-02-02,Inactive,247953.77,1137,1,24262
CUST00380,Hui Wilson,hui.wilson91@hotmail.com,+19672192390,Jaipur,India,1973-10-03,2025-06-24,Premium,86416.9,535,0,45830
CUST00381,Rahul Singh,rahul.singh71@company.com,+916690364509,Kolkata,India,1982-10-20,2023-06-29,New,196627.24,305,1,9524
CUST00382,Matthew Rahman,matthew.rahman29@outlook.com,+918615759047,Singapore,Singapore,1979-07-13,2019-12-28,Premium,16488.07,693,0,40236
CUST00383,Fatima Chen,fatima.chen23@hotmail.com,+9716046000830,Surat,India,1991-12-02,2019-08-24,Regular,236456.11,830,1,12762
CUST00384,Rohan Khan,rohan.khan79@yahoo.com,+917545071541,Singapore,Singapore,1982-11-25,2024-10-13,Regular,174763.21,300,1,5691
CUST00385,Sunita Al-Hassan,sunita.al-hassan26@company.com,+919165071083,Chicago,USA,1975-11-03,2023-06-07,Premium,101660.02,392,1,47588
CUST00386,Hui Rahman,hui.rahman36@yahoo.com,+17953175066,Abu Dhabi,UAE,1975-08-13,2022-11-24,New,240840.27,304,1,11471
CUST00387,Daniel Chen,daniel.chen44@gmail.com,+449762876894,Chennai,India,1985-01-21,2019-10-24,Inactive,126040.71,556,0,24712
CUST00388,Feng Wilson,,+918070046110,Osaka,Japan,1970-11-29,2022-10-23,Premium,240329.06,564,1,25078
CUST00389,Mohammed Khan,mohammed.khan53@outlook.com,+919009992758,Ahmedabad,India,1990-05-13,2021-07-30,VIP,200140.27,554,1,6095
CUST00390,Jessica Yang,jessica.yang23@hotmail.com,+447518433834,Tokyo,Japan,1996-10-30,2022-11-01,Regular,19469.19,575,1,48900
CUST00391,,aisha.rahman31@outlook.com,+16984438848,Kolkata,India,1982-05-20,2021-03-28,Regular,59097.91,555,1,10223
CUST00392,Karan Singh,karan.singh98@company.com,+919642177784,Bengaluru,India,1990-04-25,2024-07-10,New,-153649.83,680,1,32266
CUST00393,Feng Malik,feng.malik66@outlook.com,+9716953881229,Jaipur,India,1982-01-06,2021-01-19,Inactive,246106.47,431,1,34454
CUST00394,Ashley Wilson,ashley.wilson88@yahoo.com,+9716516977385,Dubai,UAE,1961-06-17,2024-08-20,Inactive,87148.6,771,1,45168
CUST00395,Aarav Sharma,aarav.sharma42@outlook.com,+446803813604,Sydney,Australia,1969-06-14,2023-04-04,Inactive,145461.55,569,1,17655
CUST00396,Matthew Siddiqui,matthew.siddiqui55@yahoo.com,+9719009537802,Singapore,Singapore,1975-05-23,2023-02-07,VIP,46386.46,673,0,18325
CUST00397,Chris Joshi,,+18385167359,Abu Dhabi,UAE,1965-11-18,2025-06-16,New,171659.97,690,1,9558
CUST00398,Layla Gupta,layla.gupta64@yahoo.com,+449372979284,Manchester,UK,1996-02-21,2019-02-09,New,44563.52,607,1,36840
CUST00399,Feng Patel,feng.patel33@hotmail.com,+917932111726,Chicago,USA,1964-06-09,2020-10-31,VIP,15479.08,566,1,23613
CUST00400,Hui Wang,hui.wang45@company.com,+18477568014,Jaipur,India,1975-06-09,2019-03-23,Inactive,103234.35,1017,1,23272
CUST00401,Aisha Chen,aisha.chen49@company.com,+447991800019,Manchester,,2045-07-15,2024-01-05,Regular,222463.3,471,1,27644
CUST00402,Mohammed Zhang,mohammed.zhang44@yahoo.com,+447360981688,Abu Dhabi,UAE,1978-02-26,2019-10-20,VIP,20238.43,573,0,17776
CUST00403,Chris Al-Hassan,chris.al-hassan53@yahoo.com,+19668811953,Los Angeles,USA,1993-07-19,2024-11-03,Premium,241398.75,428,1,43386
CUST00404,,not-an-email-address,+916273986261,Tokyo,Japan,1991-06-07,2019-11-24,New,53037.59,355,1,26018
CUST00405,Wei Al-Hassan,wei.al-hassan11@hotmail.com,+446985076350,Bengaluru,India,1964-08-29,2021-12-11,Regular,154716.49,590,0,41057
CUST00406,Arjun Gupta,,000,Birmingham,UK,1997-08-12,2020-11-29,New,7628.54,778,1,35949
CUST00407,Chris Gupta,chris.gupta59@company.com,+9718248242739,Melbourne,Australia,1984-03-10,2020-12-26,Inactive,147912.32,617,1,31565
CUST00408,Xiao Nair,xiao.nair34@yahoo.com,+446045336904,Bengaluru,India,1979-10-27,2022-06-15,Premium,91762.94,835,1,22536
CUST00409,Deepak Wilson,deepak.wilson62@outlook.com,+919289383176,Dubai,UAE,1960-05-16,2024-07-07,New,-236765.9,599,1,473
CUST00410,Hui Brown,hui.brown32@yahoo.com,+9719558066256,Kolkata,India,1978-06-20,2025-04-15,New,109558.04,525,1,5191
CUST00411,Ashley Li,ashley.li96@company.com,+447773408660,Ahmedabad,India,1983-03-05,2022-01-18,Regular,71526.88,370,1,8953
CUST00412,Deepak Singh,deepak.singh80@hotmail.com,+17377154307,Toronto,Canada,1980-06-04,2024-01-29,Premium,68397.47,455,1,35059
CUST00413,Priya Joshi,priya.joshi57@gmail.com,+16387393108,Chennai,India,1972-08-27,2022-01-07,Regular,31697.28,315,0,14233
CUST00414,Sarah Davis,sarah.davis60@gmail.com,+446344555557,Surat,India,1995-03-31,2024-08-03,Regular,249491.88,357,1,25717
CUST00415,Vikram Wang,,+916523820885,Manchester,UK,1968-02-23,2021-02-26,Regular,223976.9,694,0,16198
CUST00416,Layla Patel,layla.patel27@hotmail.com,+9718926772459,Kolkata,India,1980-09-02,2020-01-20,VIP,130524.21,630,1,41232
CUST00417,,ali.patel33@hotmail.com,+446853511493,Tokyo,Japan,2002-01-18,2025-03-01,VIP,130471.1,353,1,7400
CUST00418,Nisha Li,nisha.li36@company.com,+917699983711,Houston,USA,1974-07-22,2019-03-03,Regular,42256.41,309,1,38081
CUST00419,Omar Wilson,omar.wilson12@yahoo.com,+18147136659,Melbourne,Australia,1986-09-29,2020-09-26,Premium,93163.97,646,1,3917
CUST00420,Michael Li,michael.li17@hotmail.com,+17360386030,Hyderabad,India,1991-06-17,2025-01-05,Inactive,197970.83,655,0,48050
CUST00421,Amit Sharma,amit.sharma33@gmail.com,+9719034935482,Melbourne,Australia,1976-12-11,2023-01-07,New,181237.59,1141,0,12437
CUST00422,Pooja Wang,pooja.wang77@company.com,+16295822679,Los Angeles,USA,1974-07-09,2024-04-02,Inactive,69193.45,458,0,19377
CUST00423,Raj Wang,raj.wang65@hotmail.com,+19792165664,Los Angeles,USA,1980-05-14,2019-01-03,Premium,194091.52,672,1,21017
CUST00424,Ali Kumar,,+9719288802900,Sydney,Australia,2003-05-21,2025-01-16,Inactive,204852.91,457,1,21141
CUST00425,Daniel Li,daniel.li9@gmail.com,+16767247805,New York,USA,1964-12-14,2020-01-30,Premium,131038.53,506,1,31809
CUST00426,Amit Singh,amit.singh68@company.com,+446210821160,Delhi,India,2045-07-15,2023-05-11,VIP,-164651.35,526,1,857
CUST00427,Kavya Li,kavya.li82@gmail.com,+448396677171,Manchester,UK,2001-08-23,2019-11-24,New,117280.76,677,1,40431
CUST00428,Sunita Chen,sunita.chen10@yahoo.com,+916434758564,Delhi,India,1992-12-08,2019-10-16,Regular,208696.9,844,0,12416
CUST00429,Amit Chen,amit.chen23@company.com,+9719204511084,Sydney,Australia,1971-02-27,2025-05-23,Premium,156518.6,666,0,46042
CUST00430,,ahmed.davis65@outlook.com,+18293085064,Chennai,India,1967-06-26,2021-01-08,Inactive,137716.38,753,1,20653
CUST00431,Hui Williams,hui.williams42@company.com,+18418688092,Los Angeles,USA,1978-06-30,2023-10-30,Inactive,206625.67,519,0,36060
CUST00432,Layla Smith,layla.smith51@gmail.com,+917221841614,Los Angeles,USA,2003-02-19,2024-01-28,Inactive,112151.2,316,1,19781
CUST00433,Aarav Johnson,,+16404960131,Ahmedabad,India,1969-08-20,2022-07-13,Premium,5914.49,771,1,10230
CUST00434,Arjun Smith,arjun.smith39@gmail.com,+9718444115276,Los Angeles,USA,1999-11-27,2021-10-20,Regular,58632.04,379,1,31623
CUST00435,Pooja Wilson,not-an-email-address,+446160509766,Melbourne,Australia,1991-07-12,2025-06-18,Inactive,204969.06,690,1,3664
CUST00436,Sarah Brown,sarah.brown30@company.com,+918722524375,Houston,USA,1978-09-07,2020-05-08,New,217511.74,355,1,34365
CUST00437,Rohan Williams,rohan.williams90@yahoo.com,+16216980930,Dubai,UAE,1985-05-04,2020-09-04,New,82044.49,756,1,14554
CUST00438,Ashley Johnson,ashley.johnson61@company.com,+918354296652,Chicago,USA,1966-08-22,2020-06-25,New,84373.96,568,1,26117
CUST00439,Liang Davis,liang.davis62@company.com,+18095347470,Osaka,Japan,1991-04-21,2020-06-18,New,190627.21,500,1,15880
CUST00440,Vikram Smith,vikram.smith74@gmail.com,+918885133776,Osaka,Japan,1979-04-17,2022-08-17,New,171342.12,733,1,22826
CUST00441,Amit Williams,amit.williams22@outlook.com,+9718676546979,Los Angeles,USA,1986-08-22,2019-04-10,Regular,192535.48,751,1,15301
CUST00442,Amit Yang,,+19731262928,Los Angeles,USA,1966-12-30,2019-12-18,VIP,28536.75,907,1,45468
CUST00443,,ritu.miller69@yahoo.com,+18346874134,Manchester,UK,1961-01-07,2022-09-21,Inactive,-52647.88,564,0,40831
CUST00444,Ali Gupta,ali.gupta85@company.com,+917097176652,Melbourne,Australia,1991-05-06,2019-03-17,Regular,94463.36,361,1,13152
CUST00445,Omar Zhang,omar.zhang2@gmail.com,+9718836279709,Jaipur,India,1962-05-19,2024-03-19,VIP,163862.09,668,1,1250
CUST00446,Deepak Malik,deepak.malik66@gmail.com,+448081608088,Toronto,Canada,1977-05-03,2021-08-04,Inactive,244958.32,844,1,12217
CUST00447,Amit Chen,amit.chen68@outlook.com,+448104245546,London,UK,1985-02-24,2019-03-30,New,10418.22,460,1,22726
CUST00448,Aisha Brown,aisha.brown65@outlook.com,+918687757741,Los Angeles,USA,1988-01-17,2022-05-23,VIP,59433.09,696,1,36368
CUST00449,Sunita Nair,sunita.nair12@hotmail.com,+17792433036,Hyderabad,India,1975-05-01,2023-05-29,Regular,164404.47,456,0,20472
CUST00450,Ming Williams,ming.williams18@company.com,+19704785815,London,UK,1984-04-27,2020-06-23,Regular,52085.94,616,1,28184
CUST00451,Divya Li,,000,Abu Dhabi,,2045-07-15,2020-10-09,VIP,79715.3,449,1,20885
CUST00452,Daniel Siddiqui,daniel.siddiqui82@outlook.com,+19346242886,Houston,USA,1973-08-10,2023-12-20,Regular,186529.63,409,1,12107
CUST00453,Priya Al-Hassan,priya.al-hassan79@yahoo.com,+16991761103,Singapore,Singapore,1987-09-04,2021-12-29,Premium,151598.33,667,1,45098
CUST00454,Matthew Gupta,matthew.gupta48@yahoo.com,+9718110742781,Birmingham,UK,1997-12-15,2024-04-04,New,178148.77,440,1,12665
CUST00455,Siddharth Patel,siddharth.patel53@yahoo.com,+19254625665,Houston,USA,1994-04-18,2019-03-03,Regular,231396.05,367,1,28788
CUST00456,,ling.wilson55@hotmail.com,+918611039285,Melbourne,Australia,1974-07-29,2024-02-18,New,221952.94,620,0,40075
CUST00457,Layla Liu,layla.liu91@gmail.com,+917939648421,Singapore,Singapore,1984-01-19,2024-11-21,New,160527.76,343,1,33993
CUST00458,Xiao Jones,xiao.jones98@gmail.com,+17250605847,Tokyo,Japan,1961-10-05,2025-04-03,New,97155.76,707,1,18737
CUST00459,Amanda Joshi,amanda.joshi19@hotmail.com,+9716388440314,Houston,USA,1973-03-16,2019-08-12,Inactive,172643.26,415,1,38367
CUST00460,Omar Wang,,+9718535385657,Hyderabad,India,1977-08-19,2023-08-21,Regular,-81203.5,765,1,16389
CUST00461,James Wu,james.wu16@gmail.com,+919033220627,Toronto,Canada,2000-09-09,2020-11-02,New,179734.49,671,1,34328
CUST00462,Zara Jones,zara.jones21@hotmail.com,+9716188575177,Tokyo,Japan,1995-06-26,2024-09-26,Regular,153212.1,643,1,10624
CUST00463,Divya Joshi,divya.joshi40@hotmail.com,+448690594504,Osaka,Japan,1991-12-10,2019-07-30,Regular,105185.63,852,1,13294
CUST00464,Ling Al-Hassan,ling.al-hassan64@company.com,+918611271078,Jaipur,India,1960-07-19,2024-02-22,New,124658.09,543,1,38591
CUST00465,Ahmed Wilson,ahmed.wilson77@gmail.com,+19788882140,London,UK,1978-05-25,2023-12-15,Inactive,20311.53,584,1,3205
CUST00466,Pooja Gupta,not-an-email-address,+447422111278,Delhi,India,1989-04-21,2022-11-30,Premium,9661.9,350,1,27325
CUST00467,Pooja Joshi,pooja.joshi23@hotmail.com,+446153931824,Sydney,Australia,1972-10-03,2025-06-02,Premium,196933.24,606,1,24154
CUST00468,David Ahmed,david.ahmed9@outlook.com,+9716577869770,Bengaluru,India,1994-01-08,2023-10-17,Premium,210905.75,581,1,34540
CUST00469,,,+918077316693,Kolkata,India,1991-03-19,2021-05-06,Inactive,153207.41,594,0,39901
CUST00470,James Smith,james.smith79@company.com,+9718232119411,Birmingham,UK,1985-10-19,2022-12-20,New,231812.79,804,1,39938
CUST00471,Siddharth Wu,siddharth.wu4@hotmail.com,+919167402552,Surat,India,2003-12-05,2021-03-03,Regular,894.44,724,0,2981
CUST00472,Sarah Brown,sarah.brown26@outlook.com,+449393863868,Dubai,UAE,1996-02-27,2021-05-19,Premium,3318.67,615,1,33206
CUST00473,Hui Williams,hui.williams44@hotmail.com,+919573596487,Osaka,Japan,1960-04-10,2020-04-11,Regular,171616.03,498,1,22147
CUST00474,Aisha Wilson,aisha.wilson62@yahoo.com,+9719831361318,Manchester,UK,1995-10-06,2019-05-26,Inactive,161590.23,643,0,27128
CUST00475,Layla Patel,layla.patel41@company.com,+916894480510,Birmingham,UK,1973-06-05,2025-05-03,Inactive,181378.56,639,1,4339
CUST00476,Divya Smith,divya.smith22@company.com,+9716804786298,Mumbai,India,2045-07-15,2023-03-17,Inactive,156814.46,419,1,46220
CUST00477,James Wu,james.wu31@outlook.com,+9719562492677,Delhi,India,1972-03-06,2023-08-23,VIP,-22156.05,521,1,11469
CUST00478,Meera Brown,,+919431787433,Delhi,India,1994-11-21,2021-04-07,New,228381.78,812,1,12465
CUST00479,Sarah Rahman,sarah.rahman42@yahoo.com,+919531058020,Manchester,UK,1992-11-08,2024-11-14,Inactive,77934.5,435,1,47485
CUST00480,Rohan Miller,rohan.miller40@gmail.com,+917431468604,Chicago,USA,1992-01-05,2024-11-09,New,29401.08,347,1,34116
CUST00481,Ahmed Huang,ahmed.huang82@yahoo.com,+446861379367,Surat,India,1961-01-03,2025-06-23,Regular,189744.21,593,1,34883
CUST00482,,james.al-hassan21@outlook.com,+916065527073,London,UK,1990-02-07,2020-04-26,Inactive,68527.22,826,1,13538
CUST00483,Xiao Brown,xiao.brown91@outlook.com,+16735620429,Dubai,UAE,1974-04-15,2022-01-15,Premium,35818.43,618,1,35427
CUST00484,Chris Patel,chris.patel7@gmail.com,+9716231068718,Hyderabad,India,1961-04-20,2024-04-12,Premium,225871.46,1156,0,11729
CUST00485,Yan Li,yan.li40@outlook.com,+19061876539,Melbourne,Australia,1991-05-16,2024-01-01,Inactive,154270.68,380,0,37210
CUST00486,Arjun Kumar,arjun.kumar88@hotmail.com,+9716995119066,Melbourne,Australia,1981-01-02,2020-02-03,Regular,114168.25,447,1,23819
CUST00487,Jessica Joshi,,+9716129983470,Melbourne,Australia,2001-02-22,2022-09-15,Premium,197300.29,786,1,23032
CUST00488,Matthew Miller,matthew.miller17@company.com,+917742408003,Pune,India,1972-08-29,2022-11-28,Premium,151307.84,633,1,19799
CUST00489,Xiao Miller,xiao.miller32@company.com,+18071783372,Chicago,USA,1986-06-28,2023-08-21,New,60024.54,367,1,13647
CUST00490,Omar Liu,omar.liu44@company.com,+16743396374,Houston,USA,1995-03-08,2023-11-19,Premium,142019.19,798,1,38808
CUST00491,Ming Miller,ming.miller23@outlook.com,+9716298962512,New York,USA,1984-11-24,2020-02-04,Inactive,205594.75,411,0,21457
CUST00492,Stephanie Li,stephanie.li18@company.com,+919251624056,Sydney,Australia,1962-10-04,2020-01-06,Regular,54794.14,452,0,34816
CUST00493,Deepak Jones,deepak.jones88@outlook.com,+448449318527,Singapore,Singapore,1985-12-03,2024-01-06,VIP,49318.82,745,1,5851
CUST00494,Yan Sharma,yan.sharma38@gmail.com,+449870090650,Singapore,Singapore,1982-11-23,2023-07-14,Inactive,-211985.37,354,1,46095
CUST00495,,hui.ahmed31@hotmail.com,+9718685274976,Los Angeles,USA,1964-12-02,2022-03-01,VIP,216487.07,691,0,25006
CUST00496,Ashley Wang,,000,Kolkata,India,1989-09-19,2020-12-11,VIP,118980.42,727,1,18905
CUST00497,Ahmed Gupta,not-an-email-address,+9716583152392,Hyderabad,India,1960-07-09,2019-10-21,Premium,162273.12,440,0,29886
CUST00498,Omar Zhang,omar.zhang55@company.com,+9717652337143,Houston,USA,1987-12-16,2021-01-06,VIP,113871.39,531,1,27837
CUST00499,Ming Sharma,ming.sharma35@hotmail.com,+446143717638,Abu Dhabi,UAE,1982-05-06,2021-08-27,Premium,178176.43,794,1,7416
CUST00500,Yan Wilson,yan.wilson68@outlook.com,+9718220281423,Melbourne,Australia,1963-08-04,2020-08-04,Premium,182681.27,835,1,16071
CUST00501,Matthew Li,matthew.li70@company.com,+448632982968,Tokyo,,2045-07-15,2019-11-16,Premium,171176.47,651,1,30727
CUST00502,Amanda Chen,amanda.chen38@outlook.com,+16151725037,Manchester,UK,1985-09-29,2022-09-19,Inactive,105543.52,611,1,4025
CUST00503,Mohammed Wilson,mohammed.wilson38@company.com,+917231863866,Abu Dhabi,UAE,1967-08-02,2025-06-04,New,13379.16,384,1,33134
CUST00504,Vikram Malik,vikram.malik36@outlook.com,+919184414029,Jaipur,India,1971-04-22,2020-06-26,Premium,154141.54,478,1,43198
CUST00505,Chris Brown,,+446362501515,Pune,India,1971-09-20,2021-08-25,Regular,121487.17,1062,0,49332
CUST00506,David Nair,david.nair94@outlook.com,+918758490418,Sydney,Australia,1979-09-29,2020-11-16,VIP,53108.76,418,1,10983
CUST00507,Amanda Jones,amanda.jones97@company.com,+17631231993,Manchester,UK,1973-07-08,2024-05-04,New,186664.56,785,1,9512
CUST00508,,wei.malik58@hotmail.com,+448277421089,Houston,USA,1960-07-13,2022-03-28,Premium,231842.02,399,1,28297
CUST00509,Ling Rahman,ling.rahman35@gmail.com,+448810382991,Toronto,Canada,1998-07-03,2022-01-21,Inactive,84074.37,700,0,44255
CUST00510,Layla Nair,layla.nair87@yahoo.com,+448351978047,Tokyo,Japan,1990-02-20,2021-03-09,Premium,130228.1,308,1,783
CUST00511,Daniel Singh,daniel.singh93@outlook.com,+446829270292,Birmingham,UK,1964-08-29,2024-01-01,Premium,-88203.35,324,1,3727
CUST00512,Ming Yang,ming.yang16@gmail.com,+17614729199,Kolkata,India,2002-08-20,2020-05-13,Inactive,177164.74,489,1,45590
CUST00513,Pooja Smith,pooja.smith36@hotmail.com,+447105252271,Surat,India,1980-12-11,2019-11-07,Regular,159875.74,375,1,4088
CUST00514,David Jones,,+9716298064202,New York,USA,1962-09-11,2021-11-23,New,238923.62,505,0,11694
CUST00515,Fatima Wilson,fatima.wilson28@company.com,+919919626765,Chennai,India,1966-06-15,2025-01-23,New,192292.48,565,1,2284
CUST00516,Vikram Kumar,vikram.kumar3@hotmail.com,+18804035234,Abu Dhabi,UAE,1992-08-20,2021-10-23,Premium,194420.67,338,0,17461
CUST00517,Divya Wu,divya.wu66@hotmail.com,+9717872853413,New York,USA,2000-07-30,2023-05-22,New,143872.74,371,1,216
CUST00518,David Siddiqui,david.siddiqui69@outlook.com,+448928462203,Melbourne,Australia,1996-09-09,2024-05-28,VIP,30740.31,710,1,41436
CUST00519,Fatima Kumar,fatima.kumar59@outlook.com,+16758569854,Los Angeles,USA,1983-12-25,2022-10-24,Inactive,20573.97,340,0,43301
CUST00520,Amit Johnson,amit.johnson46@hotmail.com,+919801965834,Melbourne,Australia,1977-07-01,2020-03-13,New,157838.96,494,1,2339
CUST00521,,amit.sharma9@company.com,+448146127091,Tokyo,Japan,1986-08-06,2021-09-03,Inactive,122563.52,760,1,2427
CUST00522,Sarah Patel,sarah.patel28@company.com,+9718912322067,New York,USA,1995-05-03,2019-06-25,Inactive,101674.21,452,1,4720
CUST00523,Rohan Huang,,+19012046858,Hyderabad,India,1981-12-06,2019-03-20,Regular,118069.3,314,1,41462
CUST00524,Sneha Hussain,sneha.hussain22@company.com,+919512425015,Surat,India,1996-10-24,2020-02-03,Premium,114318.06,416,0,38992
CUST00525,Ling Nair,ling.nair95@hotmail.com,+446518842513,Bengaluru,India,1996-02-01,2021-04-10,Inactive,106839.76,440,1,13974
CUST00526,Rohan Liu,rohan.liu19@hotmail.com,+18990567626,Pune,India,2045-07-15,2019-09-16,VIP,30626.0,1148,0,15967
CUST00527,Rohan Gupta,rohan.gupta3@hotmail.com,+916027271239,Chennai,India,1995-06-26,2023-03-21,Premium,194526.58,483,1,46316
CUST00528,Fatima Liu,not-an-email-address,+448246640975,Surat,India,1978-09-02,2024-05-03,New,-173243.4,721,1,11439
CUST00529,Ling Wu,ling.wu79@gmail.com,+447494019687,Delhi,India,1986-09-30,2021-01-07,New,179441.09,304,1,12576
CUST00530,Meera Chen,meera.chen70@company.com,+17993792569,Chennai,India,1987-10-06,2023-01-22,Regular,215751.4,583,1,12695
CUST00531,Meera Khan,meera.khan21@gmail.com,+918769656194,Hyderabad,India,1990-09-27,2024-04-27,VIP,124629.95,591,1,28486
CUST00532,Raj Williams,,+16678800733,Singapore,Singapore,1996-02-12,2024-01-31,Premium,11307.71,796,1,4643
CUST00533,Nisha Huang,nisha.huang96@outlook.com,+19345673352,London,UK,1986-08-02,2022-08-28,Premium,105057.04,633,1,6426
CUST00534,,nisha.huang29@gmail.com,+9718512952109,Houston,USA,1999-01-08,2021-03-30,New,94195.33,355,0,9498
CUST00535,Kavya Rahman,kavya.rahman18@hotmail.com,+18714510040,Singapore,Singapore,1980-05-29,2020-12-30,VIP,97138.91,576,1,22012
CUST00536,Arjun Patel,arjun.patel15@hotmail.com,+9717796257670,Melbourne,Australia,1985-07-05,2019-09-02,Regular,70510.74,651,1,19343
CUST00537,Ming Joshi,ming.joshi71@yahoo.com,+917768221462,Toronto,Canada,2002-09-27,2020-11-27,Inactive,144741.3,800,1,38769
CUST00538,Matthew Ahmed,matthew.ahmed95@yahoo.com,+17405725387,London,UK,1972-07-09,2019-03-01,New,182639.43,527,1,37598
CUST00539,Aarav Davis,aarav.davis65@gmail.com,+9718281150458,Delhi,India,1961-10-18,2024-04-11,New,183502.34,790,1,29651
CUST00540,Stephanie Nair,stephanie.nair53@yahoo.com,+17539340680,Bengaluru,India,1985-01-19,2019-02-20,VIP,173443.38,544,1,1043
CUST00541,Matthew Yang,,000,Surat,India,1967-04-04,2024-02-25,New,214551.57,441,0,12120
CUST00542,Emily Li,emily.li10@hotmail.com,+448280285467,London,UK,1991-07-29,2019-01-06,Premium,215165.47,603,0,49341
CUST00543,Sunita Wu,sunita.wu88@gmail.com,+449160068501,Singapore,Singapore,1984-05-01,2025-06-14,Premium,198722.45,827,1,3379
CUST00544,Meera Jones,meera.jones23@company.com,+918408438165,Los Angeles,USA,1980-11-15,2019-06-17,Regular,91710.0,441,1,15639
CUST00545,Xiao Singh,xiao.singh98@yahoo.com,+447514885083,Toronto,Canada,1981-06-18,2021-05-09,VIP,-188416.79,815,0,18162
CUST00546,Sneha Kumar,sneha.kumar68@gmail.com,+9719048676388,Los Angeles,USA,1975-06-27,2024-01-28,Inactive,121813.61,845,1,29620
CUST00547,,ling.brown59@gmail.com,+917677968572,Sydney,Australia,2002-05-28,2019-09-26,Regular,47494.22,935,1,7167
CUST00548,Sunita Singh,sunita.singh27@company.com,+917259153174,Melbourne,Australia,1966-08-21,2024-07-25,New,38049.27,435,0,22721
CUST00549,Daniel Miller,daniel.miller9@gmail.com,+19586072283,Tokyo,Japan,1988-12-01,2019-03-29,Inactive,73233.44,643,0,37925
CUST00550,Sarah Li,,+9717967125474,Toronto,Canada,1995-04-18,2022-08-29,VIP,121794.02,435,1,11254
CUST00551,Raj Nair,raj.nair7@yahoo.com,+447221411520,Manchester,,2045-07-15,2022-03-26,New,192552.56,470,1,46649
CUST00552,Xiao Johnson,xiao.johnson89@yahoo.com,+17021795614,Pune,India,2003-08-28,2020-12-19,Premium,209913.25,342,1,37652
CUST00553,Arjun Miller,arjun.miller91@gmail.com,+447476811694,Jaipur,India,1976-07-31,2021-01-25,Regular,51686.26,681,0,35380
CUST00554,Rahul Wang,rahul.wang64@yahoo.com,+9719984919149,Surat,India,1965-06-13,2019-04-13,VIP,101438.3,459,1,48398
CUST00555,Xiao Chen,xiao.chen38@company.com,+19434153533,New York,USA,1989-01-12,2022-04-25,Inactive,118740.71,752,1,45163
CUST00556,Meera Huang,meera.huang71@gmail.com,+446106496266,Manchester,UK,2000-05-18,2019-06-14,New,35286.11,525,0,23422
CUST00557,Ananya Williams,ananya.williams29@outlook.com,+16096845709,Delhi,India,1987-04-12,2021-03-10,Premium,146066.14,756,1,33540
CUST00558,Jessica Reddy,jessica.reddy86@outlook.com,+9716635422970,Manchester,UK,1974-04-03,2024-09-26,New,235878.84,678,0,24433
CUST00559,Aarav Johnson,not-an-email-address,+19126106365,Los Angeles,USA,1975-10-05,2022-06-15,New,244392.15,725,0,18915
CUST00560,,rahul.khan54@yahoo.com,+916616926023,Tokyo,Japan,2003-07-12,2023-10-03,Regular,182287.08,610,0,34426
CUST00561,Sarah Kumar,sarah.kumar53@outlook.com,+9716751159774,Abu Dhabi,UAE,1993-12-01,2023-03-20,Inactive,22567.85,773,1,13058
CUST00562,Pooja Ahmed,pooja.ahmed39@company.com,+448122145416,Chicago,USA,1972-12-25,2025-03-18,Inactive,-122901.11,774,1,1758
CUST00563,Aarav Gupta,aarav.gupta86@outlook.com,+9716770398201,Jaipur,India,1973-06-18,2024-04-19,New,31482.14,550,1,7822
CUST00564,Sunita Wilson,sunita.wilson73@hotmail.com,+448697222466,Bengaluru,India,1986-11-12,2023-01-21,New,145475.91,422,1,33588
CUST00565,Ali Liu,ali.liu8@yahoo.com,+447980168756,Mumbai,India,1997-12-01,2021-11-29,Regular,41130.38,665,1,3466
CUST00566,Sunita Brown,sunita.brown38@company.com,+918207039799,Houston,USA,1988-07-16,2022-12-29,Regular,12654.37,487,1,39240
CUST00567,Rahul Wang,rahul.wang88@outlook.com,+448943958346,New York,USA,1999-02-19,2022-07-19,VIP,206792.09,398,1,9418
CUST00568,Aarav Gupta,,+16439881358,Birmingham,UK,1972-08-15,2023-03-08,Regular,194812.56,1137,1,12348
CUST00569,Ling Wu,ling.wu90@gmail.com,+9717977795322,Birmingham,UK,1997-12-14,2024-12-19,Premium,178280.51,419,1,1138
CUST00570,Matthew Brown,matthew.brown57@company.com,+446739624109,Surat,India,1990-12-31,2023-01-25,VIP,35183.99,329,1,14572
CUST00571,Arjun Malik,arjun.malik27@yahoo.com,+917824523903,Melbourne,Australia,1966-05-21,2021-07-17,Premium,77203.37,379,1,31736
CUST00572,Ashley Patel,ashley.patel66@company.com,+918014693343,Kolkata,India,1964-11-01,2019-05-15,Premium,198367.27,559,1,4341
CUST00573,,ritu.yang78@yahoo.com,+16793631899,Mumbai,India,1993-11-05,2020-01-31,VIP,195701.52,329,1,9539
CUST00574,Layla Siddiqui,layla.siddiqui65@company.com,+18168568631,Jaipur,India,2002-07-24,2022-11-25,Inactive,88374.72,369,1,37888
CUST00575,Aarav Chen,aarav.chen22@company.com,+919115351748,Kolkata,India,1992-02-09,2021-02-23,Premium,241083.82,519,0,24016
CUST00576,Omar Liu,omar.liu46@hotmail.com,+9716920299834,Pune,India,2045-07-15,2020-03-15,Inactive,45621.71,533,0,7395
CUST00577,James Singh,,+448392864240,London,UK,1964-12-12,2024-10-29,Premium,34410.14,384,1,32355
CUST00578,Meera Jones,meera.jones57@yahoo.com,+9717248071617,Surat,India,1980-06-30,2022-07-01,New,171918.12,493,1,31173
CUST00579,Aisha Brown,aisha.brown51@hotmail.com,+916512036736,Pune,India,1960-07-28,2024-07-06,Regular,-168187.82,704,0,45549
CUST00580,Yan Singh,yan.singh26@outlook.com,+18555337302,Tokyo,Japan,2001-07-03,2020-11-22,New,16645.25,425,1,27833
CUST00581,Ali Wilson,ali.wilson83@hotmail.com,+448043658319,Jaipur,India,1994-04-22,2022-01-23,Inactive,189197.58,714,0,33516
CUST00582,Sunita Gupta,sunita.gupta63@hotmail.com,+18698833021,Osaka,Japan,1980-05-23,2020-03-18,Regular,30986.42,330,1,48352
CUST00583,Sneha Ahmed,sneha.ahmed49@company.com,+446655998939,Bengaluru,India,1982-05-06,2019-04-20,VIP,243032.1,398,1,43324
CUST00584,Wei Al-Hassan,wei.al-hassan85@hotmail.com,+9718168076965,Manchester,UK,1995-07-24,2024-03-23,VIP,50881.97,651,1,2070
CUST00585,Ashley Hussain,ashley.hussain49@hotmail.com,+9716154537730,Chennai,India,1977-03-17,2024-01-18,Premium,78982.52,481,1,46272
CUST00586,,,000,Houston,USA,1966-01-12,2022-07-03,Inactive,179072.94,781,0,36847
CUST00587,Rahul Chen,rahul.chen49@company.com,+449291966857,Delhi,India,1977-07-22,2021-12-14,VIP,123925.44,628,1,1844
CUST00588,Yan Patel,yan.patel95@company.com,+919286483272,Hyderabad,India,1997-07-17,2023-02-09,VIP,87544.76,689,1,28059
CUST00589,Michael Brown,michael.brown32@yahoo.com,+448544904142,Houston,USA,1975-10-04,2019-08-20,Premium,165479.38,1023,1,7501
CUST00590,Rahul Sharma,not-an-email-address,+9717145119397,Dubai,UAE,1974-08-18,2019-06-03,Premium,115496.89,780,1,20743
CUST00591,David Liu,david.liu63@gmail.com,+17442969253,Chicago,USA,1974-06-18,2025-06-03,New,24882.56,814,1,10920
CUST00592,Ling Johnson,ling.johnson82@gmail.com,+17234182744,Los Angeles,USA,2003-06-27,2023-11-21,VIP,50838.78,348,1,37586
CUST00593,Jessica Khan,jessica.khan75@gmail.com,+447174093450,Ahmedabad,India,1988-01-06,2020-01-12,Premium,179567.86,843,0,27990
CUST00594,Kavya Brown,kavya.brown39@hotmail.com,+446859324105,Bengaluru,India,1989-03-23,2022-05-21,New,126407.56,711,1,40957
CUST00595,Liang Miller,,+18477523098,Sydney,Australia,1994-03-31,2025-02-20,New,45559.91,518,0,17559
CUST00596,Mohammed Wang,mohammed.wang94@gmail.com,+17564547781,Singapore,Singapore,1998-04-02,2023-11-12,New,-233691.67,451,1,9861
CUST00597,Layla Yang,layla.yang9@yahoo.com,+9717146476046,Osaka,Japan,1973-06-20,2023-11-19,VIP,102859.94,464,1,45013
CUST00598,Ming Nair,ming.nair4@yahoo.com,+447993550742,Chicago,USA,1970-09-12,2020-04-10,New,37915.58,746,0,42396
CUST00599,,rohan.reddy36@company.com,+18767220874,Pune,India,1972-03-26,2020-07-12,Premium,7770.9,797,1,3625
CUST00600,Ananya Williams,ananya.williams53@outlook.com,+917704651250,Singapore,Singapore,1973-05-14,2019-09-18,Regular,225193.43,541,1,37419
CUST00601,Layla Chen,layla.chen12@yahoo.com,+919320829552,Chennai,,2045-07-15,2024-11-21,VIP,63326.11,637,0,49045
CUST00602,Layla Nair,layla.nair28@outlook.com,+9717753959675,Houston,USA,1969-10-11,2020-08-13,VIP,27150.1,357,0,34961
CUST00603,Emily Wu,emily.wu88@yahoo.com,+449777138293,Chennai,India,1974-03-13,2025-02-13,Regular,106233.44,671,0,46902
CUST00604,Emily Ahmed,,+17086553276,Surat,India,1960-12-11,2019-05-23,Inactive,210447.51,693,1,41874
CUST00605,Omar Brown,omar.brown57@hotmail.com,+919907514416,Sydney,Australia,1965-06-22,2024-12-30,New,216804.76,561,1,5914
CUST00606,Nisha Johnson,nisha.johnson81@outlook.com,+9719390092441,Kolkata,India,1998-07-20,2020-10-18,Premium,229014.75,580,1,32223
CUST00607,Matthew Huang,matthew.huang13@yahoo.com,+448174690195,Houston,USA,2001-07-23,2022-09-24,Premium,179487.81,660,0,39460
CUST00608,Ali Ahmed,ali.ahmed4@gmail.com,+18706500866,Dubai,UAE,1993-02-03,2022-08-31,New,113588.81,439,1,26257
CUST00609,Amit Li,amit.li21@yahoo.com,+19637667342,Surat,India,1974-01-27,2025-06-16,Inactive,21016.9,720,1,29588
CUST00610,Matthew Malik,matthew.malik76@outlook.com,+446853254184,Tokyo,Japan,1965-12-27,2021-12-03,Premium,43783.02,1052,1,11920
CUST00611,David Siddiqui,david.siddiqui72@company.com,+19894868679,Abu Dhabi,UAE,1970-01-25,2019-03-26,Premium,237053.25,773,1,17156
CUST00612,,omar.malik77@outlook.com,+16382515219,Pune,India,1962-03-26,2023-07-01,VIP,154692.01,474,1,925
CUST00613,Zara Chen,,+19064732814,Houston,USA,1994-09-09,2024-02-02,Regular,-206900.73,495,1,18871
CUST00614,Layla Wilson,layla.wilson77@yahoo.com,+449121187367,Chicago,USA,1965-11-03,2023-11-02,Regular,214156.26,728,1,26773
CUST00615,Divya Sharma,divya.sharma58@yahoo.com,+448503549632,Surat,India,2003-10-14,2021-12-08,New,59253.66,387,1,30728
CUST00616,Arjun Malik,arjun.malik92@hotmail.com,+9719161543043,New York,USA,2003-09-16,2023-06-17,Inactive,171869.69,562,1,6244
CUST00617,Hui Patel,hui.patel46@company.com,+916023025260,Delhi,India,1974-12-06,2021-08-19,VIP,117997.64,816,0,19825
CUST00618,Jessica Yang,jessica.yang23@outlook.com,+18163575681,Los Angeles,USA,1965-12-06,2025-04-10,New,10760.68,647,0,8645
CUST00619,Ananya Williams,ananya.williams15@outlook.com,+916549203872,Melbourne,Australia,1983-10-17,2023-11-09,New,35878.04,587,1,28186
CUST00620,Deepak Hussain,deepak.hussain56@yahoo.com,+449164829267,Jaipur,India,1987-06-30,2021-12-16,New,129484.69,454,0,3487
CUST00621,Amit Gupta,not-an-email-address,+9717874452023,Delhi,India,1970-04-24,2021-01-20,Premium,9447.63,806,1,28935
CUST00622,Michael Wu,,+917501539056,Dubai,UAE,1981-10-06,2024-02-18,Premium,123500.64,508,1,11839
CUST00623,Rahul Huang,rahul.huang85@company.com,+18506316951,Birmingham,UK,1996-11-24,2022-01-22,Premium,141030.22,838,1,27290
CUST00624,Vikram Nair,vikram.nair4@outlook.com,+917692946428,Osaka,Japan,1982-05-06,2020-01-22,VIP,221898.24,408,1,10077
CUST00625,,priya.kumar35@company.com,+917414877840,London,UK,1997-04-06,2024-05-19,Premium,113786.85,763,1,47942
CUST00626,Ali Rahman,ali.rahman83@outlook.com,+449428015166,Abu Dhabi,UAE,2045-07-15,2021-05-15,Premium,215888.07,372,0,6065
CUST00627,Jessica Smith,jessica.smith27@yahoo.com,+9719347894979,Pune,India,1970-10-08,2023-06-22,New,22752.48,591,1,7903
CUST00628,Ritu Wilson,ritu.wilson78@yahoo.com,+448858387914,Houston,USA,1993-01-03,2022-06-24,Premium,225981.7,676,1,32087
CUST00629,Chris Hussain,chris.hussain55@gmail.com,+9719483194268,Chicago,USA,1981-05-15,2022-01-04,VIP,140982.74,490,0,41332
CUST00630,Ashley Kumar,ashley.kumar87@yahoo.com,+19997186975,Delhi,India,1983-01-10,2022-10-31,New,-243331.31,839,1,19051
CUST00631,Amanda Davis,,000,Bengaluru,India,2000-09-10,2024-05-10,New,75448.12,890,1,36109
CUST00632,Rohan Chen,rohan.chen60@company.com,+447526678932,Chennai,India,1982-11-27,2023-10-07,VIP,103548.34,383,1,7466
CUST00633,Layla Yang,layla.yang6@gmail.com,+9719765635550,London,UK,1968-01-20,2021-01-16,VIP,210806.0,621,0,49633
CUST00634,Ahmed Miller,ahmed.miller24@yahoo.com,+16335954600,Singapore,Singapore,1996-03-27,2021-12-21,Inactive,85662.93,565,1,28429
CUST00635,Xiao Sharma,xiao.sharma84@hotmail.com,+9718971285142,Mumbai,India,1977-09-18,2020-04-22,New,3819.5,798,1,40533
CUST00636,Ling Brown,ling.brown12@yahoo.com,+16059596634,Melbourne,Australia,1990-03-23,2023-06-06,Regular,201257.86,414,1,45615
CUST00637,Amit Malik,amit.malik84@yahoo.com,+9719616747761,Mumbai,India,1969-05-21,2024-05-24,Inactive,162331.49,495,1,19720
CUST00638,,amanda.gupta20@hotmail.com,+9718025030698,Manchester,UK,1978-12-04,2019-03-31,Premium,29556.48,760,1,13194
CUST00639,Deepak Liu,deepak.liu81@hotmail.com,+9719644779085,Chicago,USA,1962-04-14,2022-09-29,New,2464.63,597,1,31948
CUST00640,Jessica Wilson,,+917812495724,Birmingham,UK,1986-07-06,2024-06-21,Inactive,58360.49,623,1,17553
CUST00641,Fatima Davis,fatima.davis83@outlook.com,+9718995801715,Manchester,UK,1965-03-30,2024-07-19,New,155862.82,321,1,18875
CUST00642,Ali Reddy,ali.reddy29@company.com,+449958824242,Manchester,UK,1975-06-04,2023-11-30,Inactive,58409.73,779,1,19227
CUST00643,Ali Wu,ali.wu87@outlook.com,+9719434921803,Chicago,USA,2003-01-20,2023-09-04,Regular,208353.65,512,1,45265
CUST00644,Layla Kumar,layla.kumar21@company.com,+9716433378202,Sydney,Australia,1981-08-29,2020-06-12,New,43736.13,805,1,15382
CUST00645,Kavya Wang,kavya.wang46@yahoo.com,+19556012519,Delhi,India,1960-10-24,2023-01-09,Inactive,220286.07,332,1,22133
CUST00646,Ashley Singh,ashley.singh63@outlook.com,+449371058879,Singapore,Singapore,1970-03-03,2020-05-09,VIP,140714.37,347,1,9907
CUST00647,Omar Malik,omar.malik57@hotmail.com,+916454802068,Birmingham,UK,1987-02-08,2020-03-02,Inactive,-176748.03,404,1,33246
CUST00648,Karan Joshi,karan.joshi21@outlook.com,+9719272613422,Toronto,Canada,1965-04-18,2021-04-21,Inactive,227790.95,810,1,10111
CUST00649,Fatima Brown,,+9719303771741,New York,USA,1996-09-29,2020-07-18,Premium,31184.38,551,0,22368
CUST00650,Deepak Chen,deepak.chen97@hotmail.com,+448703425939,Pune,India,1963-10-28,2021-12-25,Regular,93422.87,455,0,14954
CUST00651,,arjun.khan67@outlook.com,+917900861022,Houston,,2045-07-15,2023-08-04,Regular,224567.28,310,1,5556
CUST00652,Sarah Williams,not-an-email-address,+19876255784,Chicago,USA,1994-08-24,2020-11-04,Inactive,108801.03,1056,1,27479
CUST00653,Aisha Wu,aisha.wu41@outlook.com,+919551953232,Dubai,UAE,1999-03-09,2022-05-31,VIP,180526.99,840,1,45894
CUST00654,Jessica Miller,jessica.miller80@hotmail.com,+449812534646,Toronto,Canada,1969-03-14,2025-02-07,New,156277.74,502,1,5523
CUST00655,Rohan Wang,rohan.wang70@outlook.com,+16398657020,New York,USA,1977-06-29,2020-05-31,Inactive,130357.19,619,1,49613
CUST00656,Mohammed Joshi,mohammed.joshi31@outlook.com,+9718170137829,Mumbai,India,1961-04-01,2025-01-20,Premium,148329.65,361,1,17023
CUST00657,Mohammed Chen,mohammed.chen16@hotmail.com,+448458590795,Los Angeles,USA,1965-07-21,2019-07-15,Premium,189261.71,764,1,15472
CUST00658,Layla Liu,,+447222070629,Abu Dhabi,UAE,1992-01-21,2024-12-24,Inactive,211201.69,443,0,34056
CUST00659,Layla Nair,layla.nair47@hotmail.com,+916629441413,Chennai,India,1974-09-15,2024-10-16,New,145801.08,721,1,6045
CUST00660,Sneha Davis,sneha.davis48@company.com,+9718526469228,Hyderabad,India,1981-05-12,2021-05-29,Inactive,111817.94,831,0,17281
CUST00661,Yan Wilson,yan.wilson63@hotmail.com,+16619962132,Toronto,Canada,1978-12-29,2023-12-08,Inactive,172409.96,430,0,46605
CUST00662,Amanda Gupta,amanda.gupta28@hotmail.com,+9716140047655,Melbourne,Australia,1983-01-08,2024-12-07,Regular,29955.51,678,1,39426
CUST00663,Daniel Singh,daniel.singh67@yahoo.com,+917595440130,Chennai,India,1976-07-30,2025-05-30,VIP,72752.85,683,1,19266
CUST00664,,stephanie.sharma40@outlook.com,+16786310279,Hyderabad,India,1966-05-17,2023-09-24,New,-12638.44,302,1,35883
CUST00665,Michael Kumar,michael.kumar73@hotmail.com,+449355869907,Delhi,India,1978-09-24,2024-05-24,New,143478.24,786,1,49935
CUST00666,Arjun Chen,arjun.chen20@outlook.com,+919435164742,Toronto,Canada,1980-09-03,2024-01-17,Inactive,166971.58,719,0,15258
CUST00667,Jessica Williams,,+19037437944,Dubai,UAE,1962-01-20,2023-12-20,Premium,184110.24,616,1,42199
CUST00668,Hui Kumar,hui.kumar7@company.com,+19223624529,Kolkata,India,2002-11-05,2025-01-28,New,144425.47,814,1,7882
CUST00669,Ahmed Rahman,ahmed.rahman27@yahoo.com,+9716363560146,Dubai,UAE,1968-01-23,2019-03-19,Inactive,69103.15,628,0,38593
CUST00670,Rohan Wilson,rohan.wilson4@company.com,+447640724675,Mumbai,India,1975-04-01,2023-11-26,VIP,45536.75,393,1,6509
CUST00671,Xiao Joshi,xiao.joshi12@yahoo.com,+447749238945,Surat,India,1966-06-17,2021-01-18,Regular,64260.85,360,1,11892
CUST00672,Priya Wu,priya.wu19@hotmail.com,+447107819345,Delhi,India,1973-05-14,2023-05-17,New,25136.68,423,1,13274
CUST00673,Nisha Al-Hassan,nisha.al-hassan97@company.com,+9716494270721,Singapore,Singapore,1986-04-15,2021-08-26,VIP,123498.37,1134,1,30462
CUST00674,Daniel Kumar,daniel.kumar3@outlook.com,+917057919563,Manchester,UK,1961-04-18,2023-07-28,Inactive,158568.55,428,1,37240
CUST00675,Daniel Miller,daniel.miller19@outlook.com,+19358766064,Bengaluru,India,1997-12-17,2024-08-11,Regular,51262.5,850,0,36382
CUST00676,Chris Patel,,000,Mumbai,India,2045-07-15,2024-03-18,Premium,240298.05,793,1,39181
CUST00677,,raj.ahmed28@company.com,+446195355435,Sydney,Australia,1977-01-19,2022-12-10,Regular,210688.45,846,1,19702
CUST00678,Ananya Jones,ananya.jones36@hotmail.com,+18621842643,Melbourne,Australia,1965-07-07,2020-07-26,Inactive,181405.91,625,1,41626
CUST00679,Raj Al-Hassan,raj.al-hassan42@outlook.com,+17974823127,Melbourne,Australia,1980-04-22,2022-01-23,Inactive,61859.11,636,1,45340
CUST00680,Arjun Li,arjun.li2@yahoo.com,+9718387102656,Mumbai,India,1987-04-23,2024-05-05,New,1567.67,702,1,42539
CUST00681,Fatima Kumar,fatima.kumar46@hotmail.com,+447661083050,Dubai,UAE,1961-05-22,2023-12-29,Regular,-168225.36,308,1,30323
CUST00682,Emily Rahman,emily.rahman3@outlook.com,+446822536398,Kolkata,India,1979-12-10,2019-02-08,Premium,55769.43,610,1,15352
CUST00683,Stephanie Siddiqui,not-an-email-address,+16030646323,Los Angeles,USA,1961-08-25,2022-02-23,Regular,123463.05,705,1,18176
CUST00684,Feng Chen,feng.chen95@company.com,+16280721742,Manchester,UK,1967-08-25,2025-03-10,Inactive,48845.68,431,1,8351
CUST00685,Raj Rahman,,+19640702789,Abu Dhabi,UAE,1998-05-17,2021-07-22,Premium,220310.27,845,1,44609
CUST00686,Hui Hussain,hui.hussain84@gmail.com,+447857780247,London,UK,1960-02-02,2023-10-16,New,160421.09,580,1,44575
CUST00687,Wei Miller,wei.miller93@yahoo.com,+917193713279,Manchester,UK,1976-03-19,2024-10-19,New,189875.92,845,0,20725
CUST00688,Aarav Jones,aarav.jones4@yahoo.com,+9716319718936,Kolkata,India,1975-01-05,2019-12-02,Regular,220084.57,501,1,21576
CUST00689,Ritu Kumar,ritu.kumar56@gmail.com,+449609952596,Toronto,Canada,1988-01-18,2020-02-01,VIP,7454.25,553,1,31036
CUST00690,,nisha.siddiqui67@yahoo.com,+919331818614,New York,USA,1997-05-05,2019-08-11,Inactive,205497.63,749,1,40982
CUST00691,Chris Liu,chris.liu49@outlook.com,+919361440027,Chennai,India,1963-11-02,2019-09-06,Regular,229220.24,363,0,3590
CUST00692,Ritu Zhang,ritu.zhang8@company.com,+917266657868,Toronto,Canada,1979-05-16,2019-09-27,New,25905.98,711,1,40455
CUST00693,Daniel Nair,daniel.nair60@hotmail.com,+917458641659,Singapore,Singapore,1995-04-28,2019-02-13,Premium,113626.11,764,1,38522
CUST00694,Amit Singh,,+18737456406,Chennai,India,1960-07-20,2019-10-04,Inactive,148425.18,1097,1,27591
CUST00695,Ali Zhang,ali.zhang6@gmail.com,+17338598975,London,UK,1968-05-04,2021-09-22,Inactive,34849.34,746,1,20394
CUST00696,Yan Hussain,yan.hussain40@company.com,+447250110133,Dubai,UAE,1994-10-14,2020-08-19,VIP,37278.56,308,1,3756
CUST00697,Nisha Chen,nisha.chen26@yahoo.com,+19372682391,Dubai,UAE,1998-07-08,2019-08-12,Premium,105804.25,649,1,43768
CUST00698,Matthew Wu,matthew.wu73@outlook.com,+447798282567,Melbourne,Australia,1980-12-18,2022-09-18,VIP,-213076.17,466,1,29773
CUST00699,Rohan Wilson,rohan.wilson89@yahoo.com,+9718679716064,Ahmedabad,India,2001-04-07,2019-01-16,Regular,159872.38,544,0,48141
CUST00700,Sarah Khan,sarah.khan1@outlook.com,+916316672924,Tokyo,Japan,1976-11-10,2021-04-20,VIP,100377.99,330,1,9332
CUST00701,Deepak Miller,deepak.miller4@yahoo.com,+17220204027,Kolkata,,2045-07-15,2023-01-14,Regular,11454.25,524,1,47109
CUST00702,Pooja Williams,pooja.williams23@outlook.com,+916090167505,Dubai,UAE,1971-01-12,2021-01-01,Regular,49398.9,688,1,22176
CUST00703,,,+9719772647030,London,UK,1970-10-09,2023-02-23,Premium,202467.2,421,1,8571
CUST00704,Amit Reddy,amit.reddy55@yahoo.com,+919277413826,Dubai,UAE,1976-12-18,2023-03-13,Inactive,79828.93,493,1,9736
CUST00705,James Nair,james.nair66@company.com,+9716898668512,Delhi,India,1988-03-27,2022-02-21,Premium,218276.45,781,1,10972
CUST00706,Liang Jones,liang.jones67@hotmail.com,+17382219816,Osaka,Japan,1999-08-01,2024-09-16,VIP,93879.39,838,0,46900
CUST00707,Stephanie Wilson,stephanie.wilson75@gmail.com,+16942858177,Jaipur,India,1986-01-26,2023-07-01,Regular,159707.35,762,1,25945
CUST00708,Kavya Johnson,kavya.johnson48@outlook.com,+916576944299,Houston,USA,1999-11-12,2023-03-25,Premium,143056.91,602,0,34001
CUST00709,Michael Nair,michael.nair44@hotmail.com,+9718008116195,Abu Dhabi,UAE,1961-11-05,2024-03-20,New,128309.39,718,1,32606
CUST00710,James Smith,james.smith34@gmail.com,+449871809301,Chicago,USA,1961-02-08,2021-01-05,Premium,110701.28,601,1,18115
CUST00711,Siddharth Singh,siddharth.singh26@outlook.com,+18899563887,Chennai,India,1963-03-14,2023-01-15,VIP,10051.21,556,1,48838
CUST00712,Aisha Malik,,+446036652731,Jaipur,India,1968-07-20,2020-07-18,VIP,249602.07,588,1,26464
CUST00713,Jessica Ahmed,jessica.ahmed66@yahoo.com,+9716977442187,Abu Dhabi,UAE,1993-12-28,2019-02-18,Regular,118265.0,514,0,15317
CUST00714,Wei Liu,not-an-email-address,+917344646168,Dubai,UAE,1993-12-25,2024-04-03,Regular,180766.33,739,0,13735
CUST00715,Chris Miller,chris.miller17@outlook.com,+918146625546,Dubai,UAE,1961-05-08,2023-03-15,VIP,-35168.08,1068,1,27469
CUST00716,,aisha.al-hassan76@gmail.com,+919960579149,Chicago,USA,1994-03-21,2025-01-11,Regular,75259.48,457,1,37236
CUST00717,Mohammed Khan,mohammed.khan49@yahoo.com,+9716273629125,Singapore,Singapore,2000-12-26,2025-06-08,Inactive,216802.72,695,1,31115
CUST00718,Karan Williams,karan.williams39@gmail.com,+16448021671,Abu Dhabi,UAE,2003-02-24,2024-01-24,Inactive,159931.32,481,1,45155
CUST00719,Ming Wilson,ming.wilson50@outlook.com,+17000896729,Mumbai,India,1968-05-16,2021-03-26,VIP,17838.01,836,1,29796
CUST00720,Sneha Brown,sneha.brown53@hotmail.com,+16475641654,Birmingham,UK,1960-06-29,2020-12-04,Regular,82029.63,849,0,31342
CUST00721,Layla Kumar,,000,Chicago,USA,2002-11-04,2021-04-25,New,32918.1,462,1,38501
CUST00722,Amit Chen,amit.chen1@yahoo.com,+9716274749242,Melbourne,Australia,1990-09-20,2024-02-23,New,69222.52,552,1,37304
CUST00723,Stephanie Miller,stephanie.miller37@hotmail.com,+449007836628,London,UK,1985-11-04,2019-06-10,VIP,184454.03,700,1,27200
CUST00724,Nisha Joshi,nisha.joshi85@yahoo.com,+917690290029,Singapore,Singapore,1992-11-21,2023-11-05,Premium,114728.12,545,1,17942
CUST00725,Mohammed Wang,mohammed.wang93@yahoo.com,+9717766426225,Surat,India,1989-11-26,2019-10-01,Inactive,174661.98,424,1,5015
CUST00726,Karan Chen,karan.chen22@outlook.com,+18173530799,Osaka,Japan,2045-07-15,2022-08-28,Premium,102818.97,773,1,4796
CUST00727,Mohammed Wu,mohammed.wu96@hotmail.com,+17703703278,Sydney,Australia,1993-08-18,2024-03-06,Premium,95598.31,310,1,7515
CUST00728,Zara Rahman,zara.rahman9@gmail.com,+19064809356,Hyderabad,India,1974-09-03,2024-03-16,New,121447.43,443,0,18293
CUST00729,,rahul.joshi16@company.com,+9716723501739,Mumbai,India,1987-03-24,2020-02-16,Premium,44720.53,311,1,10059
CUST00730,Chris Brown,,+9718992485680,Pune,India,1969-09-19,2019-05-22,Premium,223225.58,835,1,25599
CUST00731,Omar Johnson,omar.johnson49@yahoo.com,+17609086736,London,UK,1962-05-08,2019-01-20,Regular,12641.84,504,1,1051
CUST00732,Daniel Sharma,daniel.sharma9@yahoo.com,+919422763219,Mumbai,India,1975-02-14,2021-02-26,Regular,-170149.9,471,1,27242
CUST00733,Liang Singh,liang.singh80@yahoo.com,+9717837731893,New York,USA,1974-06-22,2025-04-21,Premium,156883.22,537,1,6939
CUST00734,Michael Williams,michael.williams2@hotmail.com,+17970427638,Pune,India,1960-09-02,2023-07-06,Regular,163671.19,367,1,42594
CUST00735,Ling Brown,ling.brown99@company.com,+9716437286028,Delhi,India,1963-01-08,2021-06-14,Inactive,103068.66,475,1,6209
CUST00736,Ming Williams,ming.williams99@yahoo.com,+446753041097,Toronto,Canada,1991-03-27,2023-05-11,VIP,169636.18,860,1,21961
CUST00737,Ming Rahman,ming.rahman95@yahoo.com,+916999034756,Abu Dhabi,UAE,1980-02-19,2023-04-16,Premium,128001.02,427,1,15492
CUST00738,Layla Davis,layla.davis48@hotmail.com,+446867634019,Osaka,Japan,1970-12-04,2019-11-22,Regular,15450.79,684,1,42076
CUST00739,Rohan Nair,,+447363818175,Tokyo,Japan,1986-10-29,2023-12-23,Premium,184944.28,833,0,42470
CUST00740,Deepak Al-Hassan,deepak.al-hassan27@company.com,+919893955022,Mumbai,India,1970-04-10,2022-09-18,Regular,86010.74,527,0,34175
CUST00741,James Joshi,james.joshi63@gmail.com,+16223797248,London,UK,1988-04-01,2019-01-25,Regular,16621.91,509,1,6013
CUST00742,,pooja.liu11@hotmail.com,+9717337723268,Dubai,UAE,1997-04-14,2021-04-17,Regular,59459.38,502,1,27788
CUST00743,Pooja Zhang,pooja.zhang82@yahoo.com,+449704089425,Ahmedabad,India,1973-08-06,2022-03-14,New,144317.25,381,1,26099
CUST00744,David Joshi,david.joshi95@hotmail.com,+19520171531,Manchester,UK,1979-10-19,2023-09-28,New,126570.49,320,0,28009
CUST00745,Ananya Al-Hassan,not-an-email-address,+447634021331,Surat,India,1986-09-12,2025-01-09,New,38623.28,613,0,18561
CUST00746,David Wang,david.wang92@hotmail.com,+16664536458,Singapore,Singapore,1981-07-27,2019-10-22,Regular,83641.92,304,1,32813
CUST00747,Ali Huang,ali.huang51@outlook.com,+9718102606026,Los Angeles,USA,1982-01-16,2023-07-16,VIP,231459.92,372,0,2544
CUST00748,Meera Jones,,+9718727217217,Abu Dhabi,UAE,1967-04-14,2021-03-06,VIP,190856.24,359,0,27789
CUST00749,Layla Nair,layla.nair47@gmail.com,+17122406796,Ahmedabad,India,1981-06-06,2019-05-22,Inactive,-230406.4,766,1,16665
CUST00750,Nisha Zhang,nisha.zhang99@gmail.com,+9717707966417,Abu Dhabi,UAE,2002-09-10,2020-10-23,Inactive,3578.18,382,1,27718
CUST00751,Rahul Ahmed,rahul.ahmed69@hotmail.com,+449152220114,Houston,,2045-07-15,2022-05-22,New,125411.38,391,1,41692
CUST00752,Feng Al-Hassan,feng.al-hassan27@hotmail.com,+446027574993,Los Angeles,USA,1996-07-10,2020-08-07,Regular,67620.82,803,1,6348
CUST00753,Vikram Al-Hassan,vikram.al-hassan37@hotmail.com,+16757637800,Melbourne,Australia,1978-09-28,2024-11-20,VIP,104502.16,490,1,12977
CUST00754,Stephanie Joshi,stephanie.joshi28@yahoo.com,+16253326043,Birmingham,UK,2002-07-18,2020-03-27,Regular,112939.87,496,1,26790
CUST00755,,chris.li11@hotmail.com,+917188684621,Singapore,Singapore,1964-11-24,2020-11-11,Premium,20412.55,650,1,38380
CUST00756,Nisha Wilson,nisha.wilson35@gmail.com,+916415932585,Manchester,UK,1990-03-07,2020-02-17,Regular,2871.89,834,1,24619
CUST00757,Ming Chen,,+9717445472104,Osaka,Japan,1971-12-04,2024-06-13,VIP,118571.33,1035,1,15702
CUST00758,Ahmed Jones,ahmed.jones43@gmail.com,+917962453267,Chicago,USA,1987-05-26,2019-08-23,New,243838.61,442,1,39446
CUST00759,Meera Malik,meera.malik80@hotmail.com,+9718835659453,Birmingham,UK,1972-07-14,2021-10-15,Regular,92423.26,303,1,1089
CUST00760,Mohammed Brown,mohammed.brown30@company.com,+9717718696414,Delhi,India,2003-06-29,2022-08-26,Inactive,169643.39,383,1,28043
CUST00761,Matthew Yang,matthew.yang38@company.com,+19057767497,Melbourne,Australia,2000-08-08,2020-02-16,Regular,183702.3,832,1,8379
CUST00762,Stephanie Khan,stephanie.khan60@yahoo.com,+9716496835968,Bengaluru,India,1973-07-08,2025-02-25,New,246811.29,546,1,13870
CUST00763,Rahul Al-Hassan,rahul.al-hassan92@gmail.com,+19990039529,Sydney,Australia,1991-05-25,2020-01-02,VIP,26814.68,692,1,14442
CUST00764,Ali Smith,ali.smith69@hotmail.com,+919416820264,Sydney,Australia,1981-05-13,2020-05-19,VIP,166536.35,529,1,42204
CUST00765,Sarah Jones,sarah.jones72@hotmail.com,+16960143529,Melbourne,Australia,1993-04-29,2023-04-13,VIP,163652.95,418,1,5746
CUST00766,Meera Kumar,,000,New York,USA,1993-03-21,2021-02-09,VIP,-186282.13,689,1,20368
CUST00767,Sneha Liu,sneha.liu41@outlook.com,+18232315184,Dubai,UAE,1968-07-07,2023-05-09,Inactive,244972.45,527,1,25907
CUST00768,,aarav.wang38@yahoo.com,+9718920495836,London,UK,1974-03-04,2020-08-15,New,204128.92,450,1,9559
CUST00769,Layla Yang,layla.yang89@gmail.com,+449640711755,Melbourne,Australia,1961-07-16,2022-08-04,Inactive,77568.41,789,1,32441
CUST00770,Deepak Wu,deepak.wu92@yahoo.com,+19008226915,Chicago,USA,1962-08-21,2022-09-26,Premium,38599.21,483,0,47670
CUST00771,Jessica Johnson,jessica.johnson71@hotmail.com,+447814355114,Sydney,Australia,2000-12-04,2020-10-14,New,247770.27,656,0,25628
CUST00772,Vikram Chen,vikram.chen25@company.com,+9716417984375,Tokyo,Japan,1972-09-11,2022-03-02,Regular,174245.89,631,1,46503
CUST00773,Ritu Miller,ritu.miller90@hotmail.com,+449853522356,Toronto,Canada,1967-05-05,2025-06-22,Regular,34821.46,514,1,49045
CUST00774,Amit Huang,amit.huang74@gmail.com,+17617294799,Toronto,Canada,1960-05-29,2023-01-23,New,181626.4,472,1,6294
CUST00775,Michael Wilson,,+9716638096086,Pune,India,2002-05-23,2019-08-03,New,29778.04,550,1,7785
CUST00776,Nisha Jones,not-an-email-address,+9719714699115,Manchester,UK,2045-07-15,2020-12-07,New,163372.84,581,0,24072
CUST00777,Aarav Singh,aarav.singh86@company.com,+16098899199,Chennai,India,1963-09-15,2020-05-14,Inactive,122560.0,791,1,45464
CUST00778,Layla Singh,layla.singh83@hotmail.com,+448454243528,Abu Dhabi,UAE,1968-02-15,2023-04-22,Regular,121305.77,1126,1,4161
CUST00779,Pooja Jones,pooja.jones69@company.com,+9716274584412,Melbourne,Australia,1960-11-19,2023-06-01,Inactive,139237.01,427,1,43160
CUST00780,Meera Joshi,meera.joshi58@outlook.com,+916168118608,Singapore,Singapore,1991-03-09,2021-01-07,Regular,1828.34,511,1,5755
CUST00781,,hui.smith65@outlook.com,+448338296830,Osaka,Japan,1961-07-27,2019-12-13,Regular,244992.14,733,1,16275
CUST00782,Ritu Patel,ritu.patel57@yahoo.com,+9718985438181,Birmingham,UK,2000-07-30,2022-04-16,VIP,164959.82,835,1,39726
CUST00783,Xiao Chen,xiao.chen6@yahoo.com,+916807770198,Kolkata,India,1990-11-10,2020-02-10,Regular,-165822.94,606,1,8795
CUST00784,Ming Wang,,+9716319372311,Kolkata,India,1986-07-18,2023-01-10,Inactive,69710.23,561,1,25020
CUST00785,Fatima Hussain,fatima.hussain33@hotmail.com,+18301691543,Pune,India,1977-12-11,2024-02-12,Regular,21271.89,372,1,41492
CUST00786,Omar Li,omar.li83@company.com,+17802539655,Kolkata,India,1992-01-18,2023-03-05,Regular,141128.72,623,0,24834
CUST00787,Priya Siddiqui,priya.siddiqui69@gmail.com,+9716283293302,Singapore,Singapore,1971-02-07,2019-11-14,VIP,67896.25,391,1,21857
CUST00788,Sunita Gupta,sunita.gupta29@hotmail.com,+919361815290,Ahmedabad,India,1972-04-10,2019-02-10,Premium,24937.74,479,1,38589
CUST00789,Stephanie Singh,stephanie.singh71@outlook.com,+919850739877,Birmingham,UK,1975-08-26,2025-06-01,Premium,216416.89,474,1,49274
CUST00790,David Joshi,david.joshi52@hotmail.com,+17112658672,Los Angeles,USA,1996-02-27,2024-12-17,Premium,138142.09,825,1,43094
CUST00791,Arjun Gupta,arjun.gupta93@outlook.com,+18912912223,Chicago,USA,1985-06-16,2021-12-31,Inactive,13689.72,728,0,11999
CUST00792,Chris Brown,chris.brown55@company.com,+17310770039,London,UK,1982-07-12,2022-03-20,Premium,69317.83,612,0,20495
CUST00793,Ananya Li,,+916363290329,Bengaluru,India,1963-06-10,2021-09-10,VIP,236244.3,804,1,27786
CUST00794,,aisha.chen88@company.com,+917741486648,Tokyo,Japan,1966-02-13,2024-05-18,Premium,124702.4,494,1,46803
CUST00795,Ashley Wu,ashley.wu95@company.com,+918608649529,Dubai,UAE,1993-08-17,2022-11-14,New,61434.45,472,1,11456
CUST00796,Vikram Brown,vikram.brown55@hotmail.com,+9716732223062,Hyderabad,India,1983-01-16,2022-12-18,VIP,238144.66,415,1,44503
CUST00797,Nisha Ahmed,nisha.ahmed62@outlook.com,+446915111272,Dubai,UAE,1998-03-01,2020-04-27,Premium,72871.15,703,1,19976
CUST00798,Fatima Chen,fatima.chen63@gmail.com,+446025302093,Delhi,India,2001-12-16,2024-03-11,Inactive,223177.23,771,1,19552
CUST00799,Michael Singh,michael.singh2@gmail.com,+9718113322013,Mumbai,India,1975-09-08,2021-02-01,Regular,100815.99,914,1,26916
CUST00800,Stephanie Sharma,stephanie.sharma51@outlook.com,+447565497109,Hyderabad,India,1994-07-07,2021-10-21,New,-56910.76,486,1,7123
CUST00801,Chris Yang,chris.yang56@gmail.com,+449794931145,London,,2045-07-15,2020-07-26,Regular,88757.58,413,1,18671
CUST00802,Rohan Gupta,,+9718857196472,Chicago,USA,1978-11-20,2022-09-18,VIP,225298.95,421,0,32051
CUST00803,Hui Wilson,hui.wilson98@hotmail.com,+9716564434600,Sydney,Australia,1992-01-16,2020-06-05,Premium,81559.48,410,1,8265
CUST00804,Divya Brown,divya.brown44@hotmail.com,+917865426755,Birmingham,UK,1960-08-11,2021-08-26,New,13483.94,596,1,31845
CUST00805,Ananya Al-Hassan,ananya.al-hassan24@yahoo.com,+449293069999,Houston,USA,1971-02-11,2020-09-16,Premium,182447.52,569,1,43668
CUST00806,Ashley Reddy,ashley.reddy65@company.com,+16810327163,Manchester,UK,1991-09-09,2020-02-27,Inactive,175435.67,452,1,7894
CUST00807,,not-an-email-address,+16390564700,Delhi,India,1972-04-13,2021-02-26,Premium,232310.03,689,0,34404
CUST00808,Ritu Wu,ritu.wu55@hotmail.com,+918189847872,Toronto,Canada,2003-12-19,2021-08-05,New,55832.92,352,1,7212
CUST00809,Sunita Brown,sunita.brown32@outlook.com,+916780617297,Jaipur,India,2002-04-20,2022-12-08,Premium,178040.61,300,1,43281
CUST00810,Layla Williams,layla.williams78@gmail.com,+9716793881766,Kolkata,India,1972-10-18,2024-04-17,VIP,70399.76,803,1,21907
CUST00811,Ritu Singh,,000,Chennai,India,1990-01-03,2019-02-25,VIP,170898.9,841,1,15614
CUST00812,Fatima Smith,fatima.smith14@yahoo.com,+916176260874,Kolkata,India,1986-03-18,2023-04-23,Inactive,22264.18,495,1,46180
CUST00813,Chris Rahman,chris.rahman39@hotmail.com,+18291612234,Chennai,India,1963-05-11,2025-02-16,Regular,154943.09,344,1,12563
CUST00814,Daniel Wang,daniel.wang47@hotmail.com,+919912067425,Melbourne,Australia,1971-04-30,2025-04-14,New,243793.98,369,0,27459
CUST00815,Wei Rahman,wei.rahman36@yahoo.com,+446195185743,Birmingham,UK,1995-06-23,2019-03-31,Inactive,42150.31,362,1,48543
CUST00816,Jessica Wilson,jessica.wilson22@hotmail.com,+9718415913029,Sydney,Australia,1983-11-19,2024-10-04,New,242898.84,710,1,13561
CUST00817,Pooja Sharma,pooja.sharma2@company.com,+9718163880803,Pune,India,1985-08-26,2021-06-11,Inactive,-148232.13,565,1,14439
CUST00818,Deepak Wu,deepak.wu6@company.com,+17253457423,Jaipur,India,1984-10-07,2020-05-02,Premium,43191.72,451,1,8714
CUST00819,Sunita Malik,sunita.malik27@company.com,+916006012787,Delhi,India,1988-10-25,2021-10-16,VIP,247389.3,677,1,5455
CUST00820,,,+446245944558,Dubai,UAE,1971-11-05,2020-07-01,Premium,102381.55,994,1,47872
CUST00821,Pooja Smith,pooja.smith89@hotmail.com,+449736732311,Mumbai,India,1984-02-08,2020-03-11,Inactive,180789.25,511,0,14459
CUST00822,James Smith,james.smith30@hotmail.com,+446637090489,Kolkata,India,1986-02-02,2023-06-08,New,39332.55,395,0,11895
CUST00823,Amanda Joshi,amanda.joshi94@yahoo.com,+446090397488,Pune,India,1968-06-21,2025-05-22,VIP,122884.34,466,1,25834
CUST00824,Aisha Zhang,aisha.zhang32@hotmail.com,+9716430500889,Kolkata,India,1963-02-11,2020-08-10,Inactive,18476.15,440,1,39537
CUST00825,Karan Jones,karan.jones98@gmail.com,+17066624804,Chicago,USA,1960-12-05,2020-03-26,Premium,206727.28,574,1,41116
CUST00826,Ming Sharma,ming.sharma44@gmail.com,+16597988721,Mumbai,India,2045-07-15,2020-03-11,New,135821.36,754,1,20144
CUST00827,Sarah Wilson,sarah.wilson35@company.com,+916091087253,Hyderabad,India,1970-12-08,2019-08-17,Premium,136109.85,405,1,6721
CUST00828,Liang Hussain,liang.hussain4@yahoo.com,+9717655207639,Houston,USA,1966-05-12,2019-01-05,Regular,228085.66,661,1,14803
CUST00829,Aisha Jones,,+917210383091,Sydney,Australia,1999-08-31,2020-04-05,VIP,123209.23,378,1,7756
CUST00830,Emily Rahman,emily.rahman23@hotmail.com,+448575311720,Bengaluru,India,2000-03-04,2019-06-27,Regular,151324.34,735,1,43730
CUST00831,Aisha Johnson,aisha.johnson14@outlook.com,+9718842116065,Singapore,Singapore,1996-09-02,2022-03-21,VIP,87422.23,571,1,142
CUST00832,Divya Al-Hassan,divya.al-hassan58@hotmail.com,+916486035812,Toronto,Canada,1966-07-29,2022-08-04,Inactive,37371.16,737,1,9480
CUST00833,,ananya.williams64@hotmail.com,+9718978219804,Hyderabad,India,1968-02-27,2023-04-27,New,88475.89,641,1,42857
CUST00834,Nisha Jones,nisha.jones64@company.com,+17651961479,Houston,USA,1984-08-22,2024-07-29,Premium,-134917.44,731,1,46077
CUST00835,Ananya Nair,ananya.nair3@outlook.com,+9716573776170,Los Angeles,USA,1960-02-16,2021-04-12,Premium,248479.38,361,1,23649
CUST00836,Arjun Johnson,arjun.johnson54@yahoo.com,+19555467593,London,UK,1966-06-19,2025-03-08,Regular,242968.99,357,1,7683
CUST00837,Omar Wu,omar.wu55@outlook.com,+919012497650,Hyderabad,India,1976-12-06,2019-04-18,Premium,174182.57,375,0,38923
CUST00838,Rahul Sharma,not-an-email-address,+9716643030571,Hyderabad,India,1976-05-20,2020-08-01,Regular,20208.83,781,1,49027
CUST00839,Wei Wu,wei.wu57@gmail.com,+446477886699,Surat,India,1981-02-02,2023-08-13,Regular,180778.08,361,1,39595
CUST00840,Pooja Chen,pooja.chen88@hotmail.com,+449947720181,Pune,India,1960-06-27,2023-06-12,Inactive,208253.68,813,1,46488
CUST00841,Siddharth Davis,siddharth.davis17@yahoo.com,+9718658772734,Pune,India,1972-03-11,2020-01-12,Premium,130614.51,1137,0,12038
CUST00842,Ming Ahmed,ming.ahmed84@hotmail.com,+9716707915261,Bengaluru,India,1996-08-17,2024-04-02,Premium,119615.36,680,0,12761
CUST00843,Sunita Singh,sunita.singh43@gmail.com,+17212069537,Chennai,India,1963-06-28,2023-01-25,Regular,150995.95,409,1,13887
CUST00844,Ming Sharma,ming.sharma26@gmail.com,+17156067809,Osaka,Japan,2000-10-21,2022-06-20,Premium,47342.08,345,0,2993
CUST00845,Sneha Williams,sneha.williams46@outlook.com,+9718148411730,Bengaluru,India,2002-04-28,2022-06-18,Regular,2615.44,622,0,47558
CUST00846,,michael.gupta95@company.com,+918156834290,Melbourne,Australia,1990-04-07,2020-02-03,Regular,83163.89,324,0,31257
CUST00847,Yan Malik,,+919085773843,Delhi,India,1973-01-05,2020-10-22,Regular,38308.68,520,1,47091
CUST00848,Rahul Siddiqui,rahul.siddiqui44@hotmail.com,+17456082867,Birmingham,UK,1983-02-28,2024-11-13,VIP,232591.69,668,0,2622
CUST00849,Zara Al-Hassan,zara.al-hassan79@company.com,+916654559069,Sydney,Australia,1977-05-21,2021-09-06,Inactive,52600.75,809,1,979
CUST00850,Divya Al-Hassan,divya.al-hassan59@outlook.com,+17269627466,Surat,India,1984-07-17,2019-12-24,Regular,124978.61,369,1,37782
CUST00851,Emily Brown,emily.brown59@outlook.com,+9717099624585,Bengaluru,,2045-07-15,2021-01-03,New,-177808.43,443,1,37272
CUST00852,Stephanie Patel,stephanie.patel80@yahoo.com,+9717575103101,Los Angeles,USA,1998-07-13,2022-03-20,Inactive,100534.33,621,1,5471
CUST00853,Aisha Davis,aisha.davis88@gmail.com,+919182753553,Birmingham,UK,1980-03-10,2021-12-12,Regular,219413.45,308,1,6900
CUST00854,Deepak Jones,deepak.jones29@hotmail.com,+9718873979788,Pune,India,1985-07-29,2023-06-24,Premium,213530.38,657,0,30702
CUST00855,Fatima Wang,fatima.wang14@hotmail.com,+9716856721418,London,UK,1964-11-22,2019-12-18,New,45478.2,636,1,20793
CUST00856,Sarah Zhang,,000,Manchester,UK,1969-07-15,2024-05-04,Regular,29024.45,518,1,37237
CUST00857,Rohan Zhang,rohan.zhang47@hotmail.com,+9716916635497,Osaka,Japan,1977-01-21,2019-09-13,Premium,234146.69,516,1,49716
CUST00858,Aisha Davis,aisha.davis9@outlook.com,+9716350937980,Jaipur,India,1971-04-22,2020-12-22,VIP,21356.03,762,0,34391
CUST00859,,kavya.yang55@outlook.com,+446706665083,Jaipur,India,1968-04-03,2019-08-09,Regular,23564.09,657,0,31563
CUST00860,Matthew Wang,matthew.wang56@outlook.com,+9719534825528,Melbourne,Australia,1995-02-28,2020-10-20,Premium,241414.66,503,1,47364
CUST00861,Ahmed Liu,ahmed.liu94@outlook.com,+916646419523,Singapore,Singapore,1966-06-27,2022-08-19,New,166183.7,451,0,20736
CUST00862,Meera Khan,meera.khan1@hotmail.com,+18724267917,Sydney,Australia,1978-03-25,2021-12-12,New,130412.58,947,1,14327
CUST00863,Daniel Wu,daniel.wu28@outlook.com,+16821021651,Dubai,UAE,1994-09-26,2020-11-11,Inactive,150435.37,314,1,23841
CUST00864,Priya Johnson,priya.johnson84@hotmail.com,+9717762597948,Surat,India,1982-07-10,2020-05-25,VIP,174979.63,660,0,34286
CUST00865,Sarah Singh,,+18331148814,Pune,India,1980-07-31,2023-10-21,New,93593.81,690,1,43227
CUST00866,Omar Yang,omar.yang13@gmail.com,+916384992025,Houston,USA,1988-06-11,2022-03-06,Premium,175672.11,721,1,32532
CUST00867,Layla Al-Hassan,layla.al-hassan57@company.com,+918867793214,Singapore,Singapore,2001-08-04,2025-02-09,VIP,25375.67,730,1,14606
CUST00868,Amanda Wang,amanda.wang16@outlook.com,+9717773541214,Chicago,USA,1965-02-18,2021-03-12,New,-214157.49,307,1,14675
CUST00869,Liang Johnson,not-an-email-address,+919866274805,Jaipur,India,1999-06-16,2021-12-19,New,77195.47,333,1,1720
CUST00870,Divya Khan,divya.khan77@outlook.com,+446731908588,Los Angeles,USA,1997-09-18,2024-10-26,Inactive,205098.58,740,1,36420
CUST00871,Jessica Reddy,jessica.reddy74@hotmail.com,+18732773834,Singapore,Singapore,1988-11-27,2023-05-31,New,207223.2,477,0,20848
CUST00872,,wei.joshi17@company.com,+918712018738,Houston,USA,1970-05-12,2020-02-12,Inactive,177651.2,701,1,36235
CUST00873,Rahul Siddiqui,rahul.siddiqui56@gmail.com,+16119478823,New York,USA,1969-02-20,2020-01-17,Inactive,23769.72,380,0,1657
CUST00874,Layla Huang,,+446832488843,Hyderabad,India,1980-05-08,2023-01-06,Inactive,47045.52,551,0,17070
CUST00875,Ahmed Patel,ahmed.patel82@company.com,+916476447262,Jaipur,India,1963-09-21,2020-08-11,New,157045.78,425,1,9295
CUST00876,Deepak Smith,deepak.smith47@yahoo.com,+9716432381741,Pune,India,2045-07-15,2019-11-13,New,123814.14,322,0,4821
CUST00877,Stephanie Siddiqui,stephanie.siddiqui49@outlook.com,+9719472691748,Toronto,Canada,1963-06-04,2021-05-11,Regular,171990.43,484,1,664
CUST00878,Pooja Yang,pooja.yang44@outlook.com,+9718637131382,Abu Dhabi,UAE,1988-04-24,2019-05-09,Inactive,29743.18,305,1,34193
CUST00879,Layla Smith,layla.smith67@company.com,+16929029463,Chennai,India,1968-08-25,2019-05-02,VIP,134220.57,417,1,1933
CUST00880,James Gupta,james.gupta62@yahoo.com,+917497025361,Ahmedabad,India,1963-09-29,2020-06-02,Inactive,67263.84,601,0,48837
CUST00881,Stephanie Davis,stephanie.davis33@yahoo.com,+18950889308,Birmingham,UK,2002-06-13,2023-06-27,VIP,230625.85,702,1,38249
CUST00882,Yan Johnson,yan.johnson63@hotmail.com,+9717819937949,Pune,India,1995-08-15,2021-04-23,Inactive,238463.64,578,1,40823
CUST00883,Karan Zhang,,+9716718329214,Chicago,USA,1979-04-04,2021-03-29,Premium,142001.94,1060,1,38461
CUST00884,Deepak Zhang,deepak.zhang4@gmail.com,+19474802366,Toronto,Canada,2002-08-18,2024-12-12,VIP,88387.21,739,1,23445
CUST00885,,nisha.kumar41@gmail.com,+917368329940,Kolkata,India,1989-06-20,2023-03-03,Premium,-93305.09,636,1,30498
CUST00886,Feng Khan,feng.khan50@outlook.com,+18264574595,New York,USA,2000-04-25,2021-08-10,Regular,140629.33,405,1,46941
CUST00887,Ming Siddiqui,ming.siddiqui54@hotmail.com,+449493502674,Sydney,Australia,1963-05-10,2025-06-08,VIP,223219.67,502,1,3254
CUST00888,Stephanie Wilson,stephanie.wilson58@yahoo.com,+448539060531,Delhi,India,1972-04-23,2023-09-22,New,30255.13,542,1,18680
CUST00889,Priya Li,priya.li52@gmail.com,+917449078440,Abu Dhabi,UAE,1960-03-17,2024-03-06,Premium,71449.27,371,0,6233
CUST00890,Daniel Huang,daniel.huang52@gmail.com,+448120934748,Surat,India,1972-04-27,2022-07-23,Inactive,188546.22,348,0,19558
CUST00891,Omar Miller,omar.miller80@gmail.com,+916962134345,Manchester,UK,1998-01-25,2020-05-12,Premium,210847.37,310,1,6890
CUST00892,James Malik,,+449505327316,Melbourne,Australia,1992-06-27,2023-11-20,Inactive,56972.14,305,1,17018
CUST00893,Rohan Singh,rohan.singh43@company.com,+9717159263430,Delhi,India,2002-06-27,2022-05-31,Regular,19223.02,441,0,7857
CUST00894,Arjun Williams,arjun.williams86@gmail.com,+18481995975,Hyderabad,India,1993-10-11,2023-08-20,New,159407.46,801,1,21096
CUST00895,Ali Wilson,ali.wilson92@gmail.com,+448398804641,Ahmedabad,India,1964-02-13,2021-12-16,Regular,191667.39,510,1,4924
CUST00896,Stephanie Patel,stephanie.patel50@yahoo.com,+9716448973210,Kolkata,India,1960-08-03,2021-06-04,VIP,117303.52,513,1,49839
CUST00897,Ritu Wu,ritu.wu14@yahoo.com,+19937184692,London,UK,1989-05-24,2020-09-22,VIP,212027.84,694,0,40663
CUST00898,,liang.reddy55@yahoo.com,+449735897340,Osaka,Japan,1977-12-13,2021-02-08,Inactive,17625.51,404,1,30209
CUST00899,Karan Huang,karan.huang24@outlook.com,+918045437025,Chennai,India,1970-10-16,2019-03-09,Inactive,223577.46,763,1,17404
CUST00900,Meera Rahman,not-an-email-address,+9718181529089,Dubai,UAE,1963-10-09,2022-12-22,VIP,108152.67,354,0,17864
CUST00901,Emily Singh,,000,Delhi,,2045-07-15,2023-04-16,New,183134.4,480,1,34705
CUST00902,Ming Wilson,ming.wilson83@yahoo.com,+916943087932,Birmingham,UK,1979-06-13,2020-03-23,Premium,-170449.55,354,1,37698
CUST00903,Sunita Nair,sunita.nair80@hotmail.com,+9717687430058,Bengaluru,India,1983-11-14,2020-02-18,Premium,69227.14,525,1,32451
CUST00904,Kavya Joshi,kavya.joshi37@gmail.com,+916794907488,Kolkata,India,1975-08-05,2022-03-25,Inactive,176610.41,973,1,45084
CUST00905,Rahul Williams,rahul.williams59@yahoo.com,+918860582992,Sydney,Australia,1963-02-11,2020-11-13,New,47242.43,738,1,1364
CUST00906,Pooja Smith,pooja.smith61@company.com,+918097264035,Bengaluru,India,1967-08-29,2019-02-09,Regular,148704.29,783,1,2960
CUST00907,Priya Liu,priya.liu22@yahoo.com,+916429464377,Sydney,Australia,1973-01-14,2021-07-24,VIP,131554.66,643,0,32156
CUST00908,Layla Brown,layla.brown59@gmail.com,+447293360828,Dubai,UAE,1971-07-18,2024-06-15,VIP,63757.44,830,0,7389
CUST00909,Sunita Yang,sunita.yang53@yahoo.com,+17534138301,Birmingham,UK,1992-08-31,2019-03-26,New,37401.15,331,1,37852
CUST00910,Layla Wu,,+917176494120,Houston,USA,1976-02-14,2021-04-25,Inactive,186219.1,760,1,17387
CUST00911,,aisha.brown36@outlook.com,+16176523042,New York,USA,1977-07-16,2023-09-06,Inactive,236343.99,832,1,40132
CUST00912,Meera Davis,meera.davis2@hotmail.com,+18002818294,London,UK,1985-06-02,2022-11-22,Regular,72457.93,835,1,40881
CUST00913,Hui Yang,hui.yang38@gmail.com,+9716175892199,Pune,India,1973-08-14,2024-06-17,Regular,72420.86,589,1,3486
CUST00914,Stephanie Johnson,stephanie.johnson1@gmail.com,+446591497669,Mumbai,India,1979-04-21,2022-12-13,VIP,165233.2,590,1,5636
CUST00915,Zara Smith,zara.smith11@outlook.com,+16138026023,Hyderabad,India,1992-11-18,2021-03-16,New,108296.67,663,1,44466
CUST00916,Mohammed Jones,mohammed.jones39@company.com,+446744326300,Houston,USA,1977-11-26,2020-02-06,Inactive,223311.89,746,1,37890
CUST00917,Arjun Yang,arjun.yang71@yahoo.com,+447309948279,Osaka,Japan,1968-12-12,2021-10-21,Premium,34354.84,604,0,35771
CUST00918,Pooja Jones,pooja.jones89@outlook.com,+448011671937,Houston,USA,1964-04-22,2020-07-21,VIP,131879.56,737,0,27558
CUST00919,Daniel Miller,,+919246378777,Mumbai,India,2000-12-07,2025-04-08,Regular,-7092.32,609,1,38032
CUST00920,Liang Brown,liang.brown38@gmail.com,+9716540890313,Hyderabad,India,1987-11-07,2025-02-03,New,225028.15,306,0,33948
CUST00921,Amanda Ahmed,amanda.ahmed84@gmail.com,+448552669535,Delhi,India,1963-10-19,2019-08-13,Premium,67908.62,597,0,45258
CUST00922,Sarah Malik,sarah.malik7@yahoo.com,+18413983153,Delhi,India,1965-06-12,2024-09-23,New,184971.17,439,1,44281
CUST00923,Mohammed Malik,mohammed.malik1@hotmail.com,+16492670821,Hyderabad,India,1973-06-30,2022-06-27,Premium,179925.94,300,1,39570
CUST00924,,meera.chen4@company.com,+9717678103394,Chennai,India,1971-02-02,2021-04-16,Premium,26349.95,424,1,26513
CUST00925,Matthew Joshi,matthew.joshi79@hotmail.com,+917856944992,Ahmedabad,India,1997-10-03,2025-02-17,Regular,65437.75,1187,1,9285
CUST00926,Nisha Joshi,nisha.joshi62@outlook.com,+448867043264,Birmingham,UK,2045-07-15,2025-02-17,Premium,50487.58,804,1,43758
CUST00927,Sunita Jones,sunita.jones55@yahoo.com,+917217289176,Chicago,USA,1991-04-18,2020-03-15,New,116258.94,423,0,722
CUST00928,Yan Johnson,,+9719789983029,Delhi,India,1988-12-08,2023-12-26,New,11136.63,583,1,10375
CUST00929,Michael Chen,michael.chen68@hotmail.com,+916749458391,Birmingham,UK,1969-06-15,2022-11-29,Regular,225686.36,660,1,30112
CUST00930,Zara Malik,zara.malik9@hotmail.com,+9718026160767,Hyderabad,India,1972-06-26,2022-05-25,Inactive,230907.5,484,1,8481
CUST00931,Omar Williams,not-an-email-address,+916126795342,Abu Dhabi,UAE,2002-11-05,2022-11-26,Regular,146331.06,537,1,43598
CUST00932,Karan Wilson,karan.wilson99@yahoo.com,+919864587114,Sydney,Australia,1981-05-15,2022-08-18,Regular,190097.37,693,0,4218
CUST00933,Sneha Zhang,sneha.zhang10@hotmail.com,+448605040688,Jaipur,India,1965-02-18,2019-06-03,Premium,211777.06,478,1,7055
CUST00934,Omar Miller,omar.miller26@outlook.com,+9717879111995,Chicago,USA,1965-12-22,2025-06-08,VIP,139338.82,530,1,48637
CUST00935,Rahul Davis,rahul.davis4@gmail.com,+16142761236,Birmingham,UK,1996-04-10,2021-02-26,Regular,21961.57,305,1,26740
CUST00936,Feng Wang,feng.wang94@company.com,+9716816631770,Bengaluru,India,1975-04-14,2021-01-29,Regular,-170749.12,785,1,23362
CUST00937,,,+9719753702208,Dubai,UAE,1998-04-13,2020-07-18,Premium,200498.17,380,1,33898
CUST00938,Ritu Singh,ritu.singh70@outlook.com,+916962163813,Chennai,India,1982-05-15,2021-08-02,VIP,13344.01,557,0,46089
CUST00939,Michael Kumar,michael.kumar74@yahoo.com,+447714635390,Pune,India,2003-06-05,2022-03-25,Inactive,19156.89,358,1,38192
CUST00940,Matthew Rahman,matthew.rahman54@outlook.com,+17436843691,Jaipur,India,1989-04-20,2019-05-03,Premium,8552.54,442,1,35853
CUST00941,Ali Williams,ali.williams10@company.com,+917485395392,Osaka,Japan,1989-10-03,2019-09-13,Premium,59286.49,726,1,36138
CUST00942,Matthew Siddiqui,matthew.siddiqui64@company.com,+18793176023,Hyderabad,India,1972-02-19,2019-06-20,VIP,26463.27,741,0,19884
CUST00943,Siddharth Sharma,siddharth.sharma49@gmail.com,+9716223941379,Delhi,India,1961-03-07,2021-03-14,New,133779.37,686,1,28162
CUST00944,Omar Davis,omar.davis79@outlook.com,+446831701660,Dubai,UAE,1966-03-07,2020-04-18,VIP,109769.24,747,1,15608
CUST00945,Siddharth Kumar,siddharth.kumar97@company.com,+919443563465,Abu Dhabi,UAE,1960-06-13,2021-07-19,Premium,103559.84,555,1,5020
CUST00946,Sneha Gupta,,000,London,UK,1968-02-06,2022-03-03,Regular,11408.0,913,0,43095
CUST00947,Ahmed Kumar,ahmed.kumar91@outlook.com,+17904997690,Bengaluru,India,1971-03-23,2025-02-04,VIP,51862.31,675,1,42837
CUST00948,Nisha Chen,nisha.chen7@outlook.com,+9719030106607,Jaipur,India,1974-04-21,2025-01-26,Inactive,126109.63,797,1,5141
CUST00949,Kavya Rahman,kavya.rahman95@company.com,+16527198854,Hyderabad,India,1997-09-28,2024-11-03,VIP,58018.71,445,1,15407
CUST00950,,omar.miller3@hotmail.com,+917160923550,Toronto,Canada,1994-04-12,2024-02-02,VIP,238284.72,693,1,5537
CUST00951,Sneha Smith,sneha.smith49@hotmail.com,+9716190763336,Singapore,,2045-07-15,2024-07-21,Regular,5202.7,510,0,12086
CUST00952,Ahmed Davis,ahmed.davis98@outlook.com,+919908652168,Dubai,UAE,1962-05-06,2022-06-03,Inactive,8310.87,644,1,49369
CUST00953,Yan Reddy,yan.reddy80@hotmail.com,+9719361295867,Osaka,Japan,1961-03-24,2022-10-28,Premium,-181583.68,411,0,47270
CUST00954,Aisha Johnson,aisha.johnson73@company.com,+446698142067,Dubai,UAE,1980-10-16,2023-10-03,New,143364.34,778,1,8642
CUST00955,Aarav Smith,,+447449690416,Sydney,Australia,2002-08-28,2022-01-28,Inactive,21841.45,704,1,40340
CUST00956,Sunita Brown,sunita.brown99@company.com,+916533891998,Jaipur,India,1989-07-27,2021-10-23,VIP,195715.36,628,1,11716
CUST00957,Chris Miller,chris.miller46@hotmail.com,+17754970413,Mumbai,India,1979-09-25,2019-02-06,Premium,116876.66,381,1,39998
CUST00958,Hui Williams,hui.williams36@outlook.com,+9716546416390,Bengaluru,India,1979-10-04,2021-01-06,Regular,64872.74,478,1,40497
CUST00959,Fatima Patel,fatima.patel65@hotmail.com,+446180197885,Ahmedabad,India,1965-02-18,2019-06-07,Inactive,46471.75,533,1,46828
CUST00960,Raj Smith,raj.smith6@company.com,+17502077414,Mumbai,India,1990-06-06,2022-12-18,Premium,135340.12,379,0,7417
CUST00961,Liang Kumar,liang.kumar88@hotmail.com,+918756883801,Ahmedabad,India,1969-02-25,2022-08-27,New,142806.29,589,1,1618
CUST00962,James Zhang,not-an-email-address,+448671110493,Los Angeles,USA,1975-01-10,2023-07-30,Premium,224399.36,464,1,2923
CUST00963,,deepak.rahman28@outlook.com,+446922854141,Hyderabad,India,2000-11-26,2019-04-15,New,27004.91,333,1,24975
CUST00964,Fatima Kumar,,+9718314847294,Bengaluru,India,2003-01-01,2021-07-08,Premium,141567.9,840,1,39787
CUST00965,Matthew Yang,matthew.yang25@company.com,+449913013819,Birmingham,UK,1983-05-05,2023-12-12,Regular,79576.37,636,1,23721
CUST00966,Siddharth Miller,siddharth.miller57@hotmail.com,+446342266249,New York,USA,1993-07-24,2020-04-17,VIP,173421.75,817,1,23743
CUST00967,Fatima Wilson,fatima.wilson30@company.com,+19975924022,Singapore,Singapore,1970-05-02,2024-01-13,Inactive,196682.88,1150,0,44178
CUST00968,Ahmed Gupta,ahmed.gupta16@gmail.com,+9717808278260,Singapore,Singapore,1971-09-04,2022-03-21,Inactive,85722.16,451,0,41460
CUST00969,Amit Hussain,amit.hussain16@hotmail.com,+449287838509,Pune,India,1999-04-25,2024-02-03,Inactive,4370.31,781,1,8283
CUST00970,Rohan Ahmed,rohan.ahmed17@company.com,+9719883768812,Houston,USA,1961-01-27,2020-11-14,New,-247488.4,662,1,26366
CUST00971,Omar Wang,omar.wang44@company.com,+919101737697,Ahmedabad,India,1991-12-09,2022-04-16,Premium,30197.9,375,1,29418
CUST00972,Daniel Li,daniel.li62@yahoo.com,+19108299881,London,UK,1993-03-23,2023-11-20,Inactive,72678.14,821,1,9978
CUST00973,Aarav Liu,,+449320036885,Abu Dhabi,UAE,1976-08-04,2024-02-01,Premium,95153.96,537,1,32328
CUST00974,Sarah Patel,sarah.patel55@outlook.com,+447649558416,Abu Dhabi,UAE,1983-03-22,2024-11-21,VIP,145167.14,482,1,2748
CUST00975,Layla Hussain,layla.hussain74@company.com,+446427205530,Tokyo,Japan,1969-06-13,2023-10-30,VIP,130024.18,591,1,7769
CUST00976,,deepak.smith37@outlook.com,+919970765357,Manchester,UK,2045-07-15,2021-07-05,Regular,221394.62,585,1,6289
CUST00977,Kavya Wang,kavya.wang6@company.com,+16028626428,Birmingham,UK,1993-11-10,2020-11-22,New,7323.86,326,1,13313
CUST00978,Deepak Siddiqui,deepak.siddiqui59@outlook.com,+919076274213,Abu Dhabi,UAE,1979-02-17,2023-12-28,Premium,130463.03,755,0,32325
CUST00979,Raj Kumar,raj.kumar11@yahoo.com,+917404951301,Hyderabad,India,1972-06-28,2020-04-22,Regular,242125.67,819,1,18095
CUST00980,Amanda Li,amanda.li41@gmail.com,+9716431381355,Tokyo,Japan,1983-01-02,2019-10-31,Inactive,176849.05,625,1,36580
CUST00981,Ahmed Ahmed,ahmed.ahmed76@hotmail.com,+18892006052,Toronto,Canada,1961-08-06,2019-02-02,Regular,61855.48,571,0,9924
CUST00982,Stephanie Ahmed,,+16013734077,Pune,India,1992-11-26,2024-07-27,New,71008.62,368,0,36551
CUST00983,Ling Reddy,ling.reddy34@company.com,+9718710237693,Melbourne,Australia,1967-12-28,2019-06-08,Inactive,104830.76,540,1,31734
CUST00984,Wei Yang,wei.yang38@hotmail.com,+9719421998769,Pune,India,1999-05-19,2022-05-14,New,210252.62,665,0,19360
CUST00985,Karan Nair,karan.nair58@outlook.com,+18845064468,Chennai,India,2003-03-12,2022-03-22,New,105188.71,418,1,30456
CUST00986,James Yang,james.yang62@hotmail.com,+9718951595715,Chennai,India,1975-08-04,2023-06-19,Regular,176352.29,329,1,17558
CUST00987,Liang Reddy,liang.reddy34@outlook.com,+9717680957378,Houston,USA,1962-09-23,2025-04-22,New,-193063.77,735,0,17085
CUST00988,Sneha Smith,sneha.smith6@outlook.com,+9717760127183,Manchester,UK,1992-08-30,2021-06-15,Regular,85290.47,907,1,40978
CUST00989,,ling.zhang93@gmail.com,+9716387632437,New York,USA,1965-10-18,2025-01-19,VIP,5470.02,661,1,42921
CUST00990,Sneha Chen,sneha.chen21@company.com,+9719692481454,Kolkata,India,1976-03-29,2025-01-02,Regular,50010.73,597,1,24502
CUST00991,Sarah Davis,,000,Kolkata,India,1984-10-20,2021-10-15,New,235033.44,796,1,10285
CUST00992,Deepak Johnson,deepak.johnson96@gmail.com,+9718814388825,Mumbai,India,1970-04-26,2021-10-09,New,8927.61,434,1,5565
CUST00993,Vikram Kumar,not-an-email-address,+16410412780,Birmingham,UK,1992-05-23,2023-08-29,Inactive,5528.47,700,1,39694
CUST00994,Ritu Khan,ritu.khan39@outlook.com,+9716870446839,New York,USA,1979-01-26,2024-09-29,Premium,185999.1,570,0,24679
CUST00995,Deepak Davis,deepak.davis62@outlook.com,+17642431326,Bengaluru,India,1969-12-20,2023-07-23,Premium,140468.57,808,0,24427
CUST00996,Xiao Wu,xiao.wu4@hotmail.com,+17920216694,Chennai,India,1980-04-14,2021-07-06,VIP,144680.93,788,1,42127
CUST00997,Ritu Williams,ritu.williams22@yahoo.com,+9718548674530,Hyderabad,India,1996-04-26,2019-12-09,Regular,24299.56,385,1,26423
CUST00998,Ling Ahmed,ling.ahmed8@hotmail.com,+447768919156,Manchester,UK,1983-06-24,2025-05-09,VIP,190265.11,645,1,2392
CUST00999,James Wu,james.wu35@yahoo.com,+9718343285780,Abu Dhabi,UAE,1986-11-09,2023-07-24,New,217921.27,620,1,21091
CUST01000,Amanda Wu,,+917828376268,Manchester,UK,1983-01-28,2025-03-22,Premium,214733.9,684,1,49603
CUST00001,Duplicate Entry 0,not-an-email-address,000,Mumbai,,2045-07-15,2025-06-30,New,-61600.52,962,1,6140
CUST00002,Duplicate Entry 1,siddharth.chen84@company.com,+9716946785248,Singapore,Singapore,1961-03-10,2025-06-30,New,50109.99,584,1,49729
CUST00003,Duplicate Entry 2,rahul.wu98@outlook.com,+916398340369,Houston,USA,1975-04-06,2025-06-30,New,39292.14,399,1,22541
CUST00004,Duplicate Entry 3,ming.smith49@gmail.com,+449562265906,Delhi,India,1992-09-24,2025-06-30,Inactive,134288.91,670,1,46174
CUST00005,Duplicate Entry 4,vikram.patel30@gmail.com,+9717193887545,Sydney,Australia,1970-03-22,2025-06-30,New,246312.77,673,1,24260
CUST00006,Duplicate Entry 5,michael.reddy22@company.com,+16701808367,Sydney,Australia,1971-12-23,2025-06-30,New,152478.19,688,1,41943
CUST00007,Duplicate Entry 6,omar.wang8@yahoo.com,+919457645390,Ahmedabad,India,1990-09-16,2025-06-30,VIP,210791.55,710,1,4337
CUST00008,Duplicate Entry 7,kavya.rahman64@hotmail.com,+9716613628803,Abu Dhabi,UAE,1999-04-24,2025-06-30,VIP,53550.32,442,1,48823
CUST00009,Duplicate Entry 8,hui.wang52@outlook.com,+16594130308,Jaipur,India,1993-07-05,2025-06-30,Inactive,224506.81,805,1,49530
CUST00010,Duplicate Entry 9,,+917652563013,Chennai,India,1966-11-09,2025-06-30,New,198123.8,779,1,36256
