enrollment_id,employee_id,plan_id,plan_name,plan_code,plan_category,accrual_frequency,effective_start,effective_end,enrolled_by,enrollment_date,enrollment_status,annual_entitlement,carryover_allowed,max_carryover_days
ENRI1JNYT7R,,,Unpaid Leave,INVALID_PLAN_XXX,Statutory,Monthly,NOT-A-DATE,2020-12-02,EMP00024,2035-01-01,Pending,-5,No,15.0
ENR4M8T1QOJ,,,Sick Leave,INVALID_PLAN_XXX,Unpaid,Monthly,NOT-A-DATE,2023-08-15,EMP00024,2035-01-01,Active,-5,No,
ENRMH7F2V97,,,Paternity Leave,INVALID_PLAN_XXX,Paid,Annual,NOT-A-DATE,2022-07-06,EMP00002,2035-01-01,Inactive,-5,Yes,0.0
ENRNEO69XPT,EMP00002,PLN3070,Sick Leave,SL-PLAN-02,Unpaid,One-Time,2023-06-18,2024-06-17,EMP00004,2023-06-18,Inactive,15,Yes,0.0
ENRFGGFHU12,EMP00002,PLN5220,Bereavement Leave,BL-PLAN-08,Paid,Per-Incident,2020-07-16,2021-07-16,EMP00012,2020-07-16,Active,20,Yes,
ENRHO3OOND5,EMP00002,PLN7111,Casual Leave,CL-PLAN-03,Statutory,One-Time,2020-04-07,2022-04-07,EMP00050,2020-04-07,Pending,18,Yes,5.0
ENRYIK1CP8J,EMP00003,PLN9243,Paternity Leave,PL-PLAN-05,Unpaid,Per-Incident,2021-03-23,2024-03-22,EMP00031,2021-03-23,Inactive,20,Yes,10.0
ENR3FNY5WZH,EMP00003,PLN6518,Annual Leave,AL-PLAN-01,Paid,Per-Incident,2022-04-18,2025-04-17,EMP00001,2022-04-18,Terminated,20,No,5.0
ENRX05I4MOE,EMP00003,PLN9712,Compensatory Off,CO-PLAN-06,Paid,Annual,2023-08-03,2025-08-02,EMP00034,2023-08-03,Terminated,15,Yes,5.0
ENR4PUW13VK,EMP00003,PLN1337,Casual Leave,CL-PLAN-03,Paid,Per-Incident,2021-06-24,2024-06-23,EMP00005,2021-06-24,Active,10,Yes,10.0
ENR2JL565ZO,EMP00004,PLN3930,Paternity Leave,PL-PLAN-05,Unpaid,Per-Incident,2022-03-19,2024-03-18,EMP00014,2022-03-19,Terminated,30,Yes,5.0
ENR66RGCIQA,EMP00004,PLN6402,Sick Leave,SL-PLAN-02,Unpaid,Annual,2022-09-08,2025-09-07,EMP00022,2022-09-08,Active,20,Yes,
ENRJE7OBSTK,EMP00004,PLN8193,Annual Leave,AL-PLAN-01,Paid,One-Time,2021-10-15,2023-10-15,EMP00015,2021-10-15,Inactive,12,Yes,5.0
ENR71GM8T0E,EMP00005,PLN3059,Paternity Leave,PL-PLAN-05,Paid,Monthly,2020-05-24,2023-05-24,EMP00035,2020-05-24,Active,10,Yes,5.0
ENRIV8F163P,EMP00005,PLN6037,Compensatory Off,CO-PLAN-06,Paid,Annual,2021-12-25,2024-12-24,EMP00010,2021-12-25,Pending,10,No,15.0
ENR29U0V65F,EMP00005,PLN3727,Casual Leave,CL-PLAN-03,Unpaid,Per-Incident,2023-10-28,2024-10-27,EMP00017,2023-10-28,Terminated,10,Yes,0.0
ENRKEPCMVLM,EMP00006,PLN6356,Casual Leave,CL-PLAN-03,Paid,One-Time,2021-08-07,2024-08-06,EMP00018,2021-08-07,Inactive,15,Yes,10.0
ENRS6IS9HXF,EMP00006,PLN2539,Sick Leave,SL-PLAN-02,Unpaid,Annual,2022-03-29,2024-03-28,EMP00037,2022-03-29,Active,18,No,5.0
ENRC5G1F7BO,EMP00006,PLN8311,Annual Leave,AL-PLAN-01,Paid,Monthly,2023-07-12,2025-07-11,EMP00038,2023-07-12,Inactive,21,Yes,5.0
ENR0RZDW6GR,EMP00007,PLN5070,Sick Leave,SL-PLAN-02,Paid,Per-Incident,2020-11-23,2021-11-23,EMP00011,2020-11-23,Active,18,No,
ENRZOUILURD,EMP00007,PLN1484,Casual Leave,CL-PLAN-03,Paid,One-Time,2021-04-09,2024-04-08,EMP00004,2021-04-09,Terminated,18,Yes,10.0
ENR6YATHNFO,EMP00007,PLN5998,Paternity Leave,PL-PLAN-05,Statutory,Per-Incident,2021-01-14,2023-01-14,EMP00013,2021-01-14,Pending,10,Yes,10.0
ENRA76IFCBH,EMP00008,PLN6628,Casual Leave,CL-PLAN-03,Statutory,Per-Incident,2020-06-09,2022-06-09,EMP00049,2020-06-09,Active,10,Yes,0.0
ENRC40RUNUX,EMP00008,PLN6358,Paternity Leave,PL-PLAN-05,Statutory,Per-Incident,2023-09-08,2025-09-07,EMP00008,2023-09-08,Terminated,18,Yes,0.0
ENRJLWHXSVJ,EMP00009,,Paternity Leave,PL-PLAN-05,Paid,Annual,2023-06-25,2024-06-24,EMP00019,2023-06-25,Pending,30,Yes,10.0
ENRVT5DK1C7,EMP00009,,Casual Leave,CL-PLAN-03,Statutory,One-Time,2022-11-09,2023-11-09,EMP00022,2022-11-09,Active,10,Yes,
ENRPXVAELHX,EMP00010,PLN2751,Casual Leave,CL-PLAN-03,Paid,One-Time,2022-04-19,2023-04-19,EMP00019,2022-04-19,Inactive,15,Yes,5.0
ENRD41NDJSJ,EMP00010,PLN3593,Unpaid Leave,UL-PLAN-07,Unpaid,Annual,2023-12-16,2025-12-15,EMP00003,2023-12-16,Active,20,Yes,15.0
ENR45S3JJGK,EMP00011,PLN4118,Paternity Leave,PL-PLAN-05,Unpaid,Monthly,2022-09-18,2023-09-18,EMP00033,2022-09-18,Inactive,21,Yes,5.0
ENR2UM2O2AD,EMP00011,PLN8502,Bereavement Leave,BL-PLAN-08,Paid,Annual,2023-02-12,2025-02-11,EMP00001,2023-02-12,Inactive,12,No,10.0
ENRL3YGWL8H,EMP00012,PLN7627,Sick Leave,SL-PLAN-02,Unpaid,Annual,2021-06-12,2024-06-11,EMP00029,2021-06-12,Terminated,30,Yes,5.0
ENRBL67643W,EMP00012,PLN7957,Bereavement Leave,BL-PLAN-08,Statutory,One-Time,2021-12-13,2022-12-13,EMP00011,2021-12-13,Terminated,15,Yes,0.0
ENRBT8U4GL8,EMP00013,PLN2646,Compensatory Off,CO-PLAN-06,Statutory,Per-Incident,NOT-A-DATE,2022-09-19,EMP00003,2020-09-19,Terminated,25,No,5.0
ENRWRPTNV3N,EMP00013,PLN2721,Sick Leave,SL-PLAN-02,Paid,Per-Incident,NOT-A-DATE,2021-03-23,EMP00009,2020-03-23,Active,20,Yes,0.0
ENREXK7OEY9,EMP00014,PLN3124,Unpaid Leave,UL-PLAN-07,Unpaid,Annual,2021-04-30,2024-04-29,EMP00036,2021-04-30,Terminated,15,No,15.0
ENREK0D8BRR,EMP00014,PLN2086,Casual Leave,CL-PLAN-03,Unpaid,Per-Incident,2022-12-08,2025-12-07,EMP00016,2022-12-08,Active,15,Yes,0.0
ENR887M09C3,EMP00014,PLN1255,Paternity Leave,PL-PLAN-05,Unpaid,Monthly,2021-12-28,2024-12-27,EMP00042,2021-12-28,Pending,30,Yes,5.0
ENRGE43Q4A3,EMP00015,PLN1534,Annual Leave,AL-PLAN-01,Unpaid,Annual,2023-08-04,2025-08-03,EMP00041,2023-08-04,Active,18,Yes,10.0
ENRKM6YBL3T,EMP00015,PLN4291,Paternity Leave,PL-PLAN-05,Statutory,One-Time,2022-10-17,2023-10-17,EMP00044,2022-10-17,Terminated,15,Yes,15.0
ENRZZJVRU1B,EMP00015,PLN5097,Sick Leave,SL-PLAN-02,Paid,Monthly,2020-06-11,2022-06-11,EMP00044,2020-06-11,Active,15,No,10.0
ENROO5NFFQJ,EMP00015,PLN8886,Compensatory Off,CO-PLAN-06,Statutory,Per-Incident,2021-06-07,2023-06-07,EMP00047,2021-06-07,Inactive,21,No,
ENRF8HEY91T,EMP00016,PLN6382,Unpaid Leave,UL-PLAN-07,Paid,Annual,2023-09-30,2026-09-29,EMP00006,2023-09-30,Inactive,18,Yes,5.0
ENRO8MG0DQH,EMP00016,PLN5289,Paternity Leave,PL-PLAN-05,Unpaid,Per-Incident,2021-05-15,2024-05-14,EMP00033,2021-05-15,Active,15,Yes,
ENRRN489QQS,EMP00017,,Unpaid Leave,UL-PLAN-07,Statutory,One-Time,2023-06-29,2024-06-28,EMP00040,2023-06-29,Pending,12,Yes,0.0
ENRGMAP830E,EMP00017,,Casual Leave,CL-PLAN-03,Statutory,One-Time,2023-10-15,2025-10-14,EMP00035,2023-10-15,Active,12,No,
ENR81JM981B,EMP00017,,Bereavement Leave,BL-PLAN-08,Statutory,Monthly,2021-01-21,2022-01-21,EMP00014,2021-01-21,Active,15,Yes,10.0
ENR3M6IAQG8,EMP00017,,Sick Leave,SL-PLAN-02,Unpaid,Per-Incident,2022-09-02,2024-09-01,EMP00050,2022-09-02,Terminated,21,No,15.0
ENRRQJVL9BP,EMP00018,PLN7112,Paternity Leave,PL-PLAN-05,Statutory,Annual,2022-09-10,2025-09-09,EMP00012,2022-09-10,Terminated,21,Yes,
ENRJL087OVI,EMP00018,PLN6058,Unpaid Leave,UL-PLAN-07,Statutory,Annual,2021-11-25,2024-11-24,EMP00006,2021-11-25,Pending,12,Yes,5.0
ENRNLHI4T2O,EMP00018,PLN1118,Compensatory Off,CO-PLAN-06,Unpaid,Per-Incident,2020-08-16,2022-08-16,EMP00013,2020-08-16,Pending,20,Yes,5.0
ENRB9QCKMJL,EMP00019,PLN4917,Annual Leave,AL-PLAN-01,Paid,Monthly,2020-05-06,2020-04-06,EMP00017,2020-05-06,Pending,12,Yes,
ENRWYLNFW91,EMP00019,PLN4517,Compensatory Off,CO-PLAN-06,Unpaid,One-Time,2020-12-26,2020-11-26,EMP00018,2020-12-26,Pending,18,Yes,5.0
ENR2HTZG9J4,EMP00020,PLN1241,Annual Leave,AL-PLAN-01,Paid,Annual,2021-11-27,2023-11-27,EMP00011,2021-11-27,Active,18,Yes,0.0
ENRC07232GN,EMP00020,PLN1768,Compensatory Off,CO-PLAN-06,Unpaid,Monthly,2020-06-01,2021-06-01,EMP00031,2020-06-01,Inactive,30,Yes,0.0
ENRYXLBHHSL,EMP00020,PLN4856,Sick Leave,SL-PLAN-02,Statutory,One-Time,2021-12-26,2022-12-26,EMP00008,2021-12-26,Terminated,25,No,0.0
ENRHGPC64CI,EMP00021,PLN9479,Casual Leave,CL-PLAN-03,Statutory,Annual,2020-09-01,2021-09-01,EMP00044,2020-09-01,Pending,30,Yes,
ENRPU0QM9RI,EMP00021,PLN9386,Maternity Leave,ML-PLAN-04,Statutory,Annual,2021-06-03,2024-06-02,EMP00009,2021-06-03,Active,12,No,
ENR1KANY5VC,EMP00022,PLN4240,Casual Leave,CL-PLAN-03,Statutory,Per-Incident,2023-04-14,2025-04-13,EMP00024,2023-04-14,Inactive,15,Yes,10.0
ENR8MYHKHSD,EMP00022,PLN8904,Paternity Leave,PL-PLAN-05,Statutory,Monthly,2023-03-10,2025-03-09,EMP00031,2023-03-10,Terminated,20,Yes,5.0
ENRQAN1NETU,EMP00023,PLN3277,Paternity Leave,INVALID_PLAN_XXX,Unpaid,Monthly,2020-02-29,2023-02-28,EMP00035,2020-02-29,Terminated,18,No,0.0
ENRRVPX7OVS,EMP00023,PLN8968,Unpaid Leave,INVALID_PLAN_XXX,Paid,Annual,2022-11-14,2023-11-14,EMP00030,2022-11-14,Terminated,18,Yes,10.0
ENR0Z6HIRBH,EMP00024,PLN8573,Annual Leave,AL-PLAN-01,Unpaid,Annual,2020-09-01,2021-09-01,EMP00012,2020-09-01,Inactive,12,Yes,15.0
ENRPWHPKD63,EMP00024,PLN8998,Compensatory Off,CO-PLAN-06,Paid,Monthly,2021-01-12,2024-01-12,EMP00033,2021-01-12,Active,12,Yes,5.0
ENRPVLGEIOR,EMP00025,,Paternity Leave,PL-PLAN-05,Statutory,One-Time,NOT-A-DATE,2024-11-06,EMP00023,2021-11-07,Active,10,No,15.0
ENRTP5TY7P5,EMP00025,,Maternity Leave,ML-PLAN-04,Unpaid,Annual,NOT-A-DATE,2025-11-29,EMP00013,2022-11-30,Inactive,12,No,
ENRGXLX6XZV,EMP00025,,Sick Leave,SL-PLAN-02,Paid,Monthly,NOT-A-DATE,2025-08-19,EMP00027,2023-08-20,Pending,15,Yes,10.0
ENRHNIKN27Y,EMP00025,,Bereavement Leave,BL-PLAN-08,Paid,Annual,NOT-A-DATE,2025-01-03,EMP00038,2023-01-04,Active,21,Yes,15.0
ENR47NBYUUV,EMP00026,PLN7494,Annual Leave,AL-PLAN-01,Paid,Monthly,2021-01-16,2022-01-16,EMP00039,2021-01-16,Active,30,No,5.0
ENR2LRD9V0W,EMP00026,PLN3382,Maternity Leave,ML-PLAN-04,Paid,Monthly,2020-12-01,2023-12-01,EMP00026,2020-12-01,Inactive,18,Yes,5.0
ENR3NU4DRWZ,EMP00027,PLN1863,Casual Leave,CL-PLAN-03,Statutory,Per-Incident,2021-12-12,2023-12-12,EMP00015,2021-12-12,Inactive,21,Yes,0.0
ENRPAS26N6N,EMP00027,PLN4756,Annual Leave,AL-PLAN-01,Statutory,Annual,2023-11-12,2024-11-11,EMP00023,2023-11-12,Inactive,15,Yes,0.0
ENROL75FCXK,EMP00027,PLN9715,Bereavement Leave,BL-PLAN-08,Paid,One-Time,2023-01-22,2025-01-21,EMP00034,2023-01-22,Active,20,Yes,15.0
ENR03ND8J4C,EMP00027,PLN9039,Compensatory Off,CO-PLAN-06,Statutory,Monthly,2021-04-01,2022-04-01,EMP00023,2021-04-01,Terminated,30,Yes,
ENR5MQHV0NQ,EMP00028,PLN4238,Casual Leave,CL-PLAN-03,Unpaid,Per-Incident,2020-03-22,2021-03-22,EMP00020,2020-03-22,Pending,12,Yes,
ENRO5K06UC2,EMP00028,PLN6558,Paternity Leave,PL-PLAN-05,Statutory,Monthly,2020-04-07,2022-04-07,EMP00012,2020-04-07,Inactive,25,No,5.0
ENRBPJNT2I4,EMP00029,PLN5487,Annual Leave,AL-PLAN-01,Statutory,Monthly,2020-01-07,2022-01-06,EMP00007,2020-01-07,Terminated,10,Yes,0.0
ENRYB4OIUDV,EMP00029,PLN5092,Compensatory Off,CO-PLAN-06,Unpaid,One-Time,2020-06-03,2023-06-03,EMP00038,2020-06-03,Pending,15,Yes,15.0
ENR1JR8VS0Z,EMP00030,PLN3279,Bereavement Leave,BL-PLAN-08,Unpaid,Monthly,2022-02-23,2024-02-23,EMP00038,2022-02-23,Pending,20,Yes,
ENR4MJKKKPV,EMP00030,PLN8351,Casual Leave,CL-PLAN-03,Paid,One-Time,2021-08-25,2023-08-25,EMP00012,2021-08-25,Pending,12,Yes,
ENRVYVBCRIL,EMP00031,PLN5245,Maternity Leave,ML-PLAN-04,Statutory,Per-Incident,2023-02-25,2025-02-24,EMP00038,2023-02-25,Pending,-5,Yes,0.0
ENR5HGWFT7H,EMP00031,PLN6649,Annual Leave,AL-PLAN-01,Paid,Per-Incident,2022-08-01,2023-08-01,EMP00012,2022-08-01,Active,-5,Yes,10.0
ENRGNK66WLN,EMP00031,PLN9718,Unpaid Leave,UL-PLAN-07,Paid,One-Time,2020-08-23,2021-08-23,EMP00042,2020-08-23,Active,-5,Yes,15.0
ENRQCGRLV7P,EMP00032,PLN8909,Sick Leave,SL-PLAN-02,Unpaid,Annual,2021-01-13,2023-01-13,EMP00008,2021-01-13,Inactive,30,Yes,5.0
ENRNA7B9UBN,EMP00032,PLN6071,Unpaid Leave,UL-PLAN-07,Statutory,Per-Incident,2022-06-28,2025-06-27,EMP00043,2022-06-28,Pending,12,No,15.0
ENRQ4Y2AJ9B,EMP00032,PLN3864,Casual Leave,CL-PLAN-03,Paid,One-Time,2020-09-12,2022-09-12,EMP00037,2020-09-12,Active,21,No,5.0
ENRX05EJAMY,EMP00032,PLN6871,Bereavement Leave,BL-PLAN-08,Statutory,Annual,2023-08-06,2025-08-05,EMP00029,2023-08-06,Pending,15,Yes,0.0
ENR0564O9ML,EMP00033,,Annual Leave,AL-PLAN-01,Unpaid,Monthly,2021-07-05,2022-07-05,EMP00037,2021-07-05,Pending,10,Yes,
ENRETLVABNK,EMP00033,,Maternity Leave,ML-PLAN-04,Paid,Annual,2023-02-05,2026-02-04,EMP00009,2023-02-05,Pending,20,No,
ENREFKLOYGN,EMP00034,PLN7372,Paternity Leave,PL-PLAN-05,Paid,Annual,2022-10-31,2023-10-31,EMP00009,2022-10-31,Terminated,25,Yes,
ENRDM4DI4IO,EMP00034,PLN8851,Maternity Leave,ML-PLAN-04,Statutory,One-Time,2023-03-17,2026-03-16,EMP00002,2023-03-17,Terminated,18,Yes,0.0
ENR60JGH10P,EMP00035,PLN4075,Casual Leave,CL-PLAN-03,Unpaid,Per-Incident,2020-01-17,2022-01-16,EMP00016,2020-01-17,Pending,21,Yes,5.0
ENR64EAKY05,EMP00035,PLN5190,Annual Leave,AL-PLAN-01,Paid,Monthly,2023-11-12,2024-11-11,EMP00043,2023-11-12,Terminated,10,No,15.0
ENR3QHQDZTP,EMP00035,PLN2151,Paternity Leave,PL-PLAN-05,Unpaid,Monthly,2021-05-19,2024-05-18,EMP00037,2021-05-19,Terminated,21,Yes,0.0
ENRLAQM0OIP,EMP00035,PLN2818,Bereavement Leave,BL-PLAN-08,Unpaid,Annual,2020-06-27,2021-06-27,EMP00009,2020-06-27,Active,12,No,10.0
ENRCSIBR6OP,,PLN8710,Compensatory Off,CO-PLAN-06,Statutory,Monthly,2020-05-04,2022-05-04,EMP00020,2020-05-04,Terminated,12,Yes,0.0
ENR2573V6LX,,PLN7314,Paternity Leave,PL-PLAN-05,Unpaid,Annual,2021-03-12,2023-03-12,EMP00020,2021-03-12,Terminated,10,Yes,15.0
ENRPA26WOEH,,PLN8891,Bereavement Leave,BL-PLAN-08,Paid,Per-Incident,2021-03-05,2023-03-05,EMP00028,2021-03-05,Pending,15,Yes,10.0
ENRZF70L4ID,,PLN6115,Casual Leave,CL-PLAN-03,Paid,Per-Incident,2022-08-19,2023-08-19,EMP00017,2022-08-19,Active,10,Yes,5.0
ENRV1HT5Z8B,EMP00037,PLN6676,Paternity Leave,PL-PLAN-05,Unpaid,Monthly,NOT-A-DATE,2022-06-06,EMP00008,2022-07-06,Inactive,10,Yes,0.0
ENRV8XTB5LU,EMP00037,PLN3761,Maternity Leave,ML-PLAN-04,Statutory,Monthly,NOT-A-DATE,2022-10-25,EMP00019,2022-11-24,Inactive,12,Yes,15.0
ENRB222SFMY,EMP00037,PLN5000,Annual Leave,AL-PLAN-01,Paid,One-Time,NOT-A-DATE,2023-02-23,EMP00002,2023-03-25,Active,21,Yes,0.0
ENRD293HMF6,EMP00038,PLN5844,Sick Leave,SL-PLAN-02,Statutory,Monthly,2020-04-10,2022-04-10,EMP00012,2020-04-10,Pending,30,Yes,0.0
ENRU61MPZGA,EMP00038,PLN7070,Casual Leave,CL-PLAN-03,Paid,Per-Incident,2023-03-09,2025-03-08,EMP00012,2023-03-09,Terminated,21,Yes,
ENR6FBHYMUX,EMP00038,PLN2649,Annual Leave,AL-PLAN-01,Statutory,Monthly,2023-05-01,2026-04-30,EMP00026,2023-05-01,Pending,20,Yes,10.0
ENRYJH5JVPR,EMP00039,PLN7586,Paternity Leave,PL-PLAN-05,Unpaid,Annual,2023-01-24,2025-01-23,EMP00049,2023-01-24,Inactive,30,No,15.0
ENRYSJ65875,EMP00039,PLN6850,Maternity Leave,ML-PLAN-04,Paid,Monthly,2023-02-08,2024-02-08,EMP00010,2023-02-08,Pending,30,No,15.0
ENRUKVO87X0,EMP00039,PLN8168,Unpaid Leave,UL-PLAN-07,Statutory,One-Time,2020-08-27,2021-08-27,EMP00008,2020-08-27,Inactive,20,Yes,
ENR79ZO9575,EMP00040,PLN6238,Casual Leave,CL-PLAN-03,Unpaid,Monthly,2021-05-02,2022-05-02,EMP00040,2021-05-02,Active,12,Yes,15.0
ENREPIJHKSV,EMP00040,PLN3885,Bereavement Leave,BL-PLAN-08,Paid,One-Time,2021-10-10,2023-10-10,EMP00012,2021-10-10,Inactive,12,Yes,15.0
ENRYDCQ1S5Z,EMP00040,PLN9481,Unpaid Leave,UL-PLAN-07,Statutory,One-Time,2020-06-25,2021-06-25,EMP00028,2020-06-25,Terminated,25,No,0.0
ENR1UESIK88,EMP00040,PLN3811,Compensatory Off,CO-PLAN-06,Unpaid,Monthly,2020-10-25,2022-10-25,EMP00049,2020-10-25,Pending,30,Yes,0.0
ENRYF28QYT2,EMP00041,,Maternity Leave,ML-PLAN-04,Statutory,Monthly,2020-08-03,2023-08-03,EMP00031,2035-01-01,Active,15,No,0.0
ENRHJWZLRJQ,EMP00041,,Annual Leave,AL-PLAN-01,Statutory,One-Time,2022-12-05,2025-12-04,EMP00042,2035-01-01,Inactive,15,Yes,
ENR5RTDFR0T,EMP00041,,Bereavement Leave,BL-PLAN-08,Statutory,Monthly,2022-06-07,2023-06-07,EMP00040,2035-01-01,Pending,10,Yes,5.0
ENR3QH5Q9CD,EMP00042,PLN8290,Annual Leave,AL-PLAN-01,Statutory,Per-Incident,2020-01-17,2021-01-16,EMP00018,2020-01-17,Pending,20,Yes,15.0
ENRYPLBBUYU,EMP00042,PLN2467,Paternity Leave,PL-PLAN-05,Statutory,One-Time,2023-01-27,2025-01-26,EMP00041,2023-01-27,Inactive,18,Yes,
ENRC9ZTULMR,EMP00042,PLN3229,Sick Leave,SL-PLAN-02,Paid,Monthly,2023-11-19,2026-11-18,EMP00006,2023-11-19,Terminated,12,Yes,10.0
ENR14MTVQ26,EMP00042,PLN5868,Bereavement Leave,BL-PLAN-08,Paid,Annual,2023-12-07,2026-12-06,EMP00045,2023-12-07,Inactive,15,Yes,15.0
ENRZDI03ZZN,EMP00043,PLN6886,Sick Leave,SL-PLAN-02,Paid,Per-Incident,2022-03-25,2024-03-24,EMP00013,2022-03-25,Active,21,Yes,10.0
ENR2PU1ZU27,EMP00043,PLN1824,Casual Leave,CL-PLAN-03,Statutory,Monthly,2023-12-27,2024-12-26,EMP00027,2023-12-27,Active,10,Yes,10.0
ENRXJDGDGUA,EMP00044,PLN1095,Paternity Leave,PL-PLAN-05,Paid,Annual,2021-03-24,2022-03-24,EMP00024,2021-03-24,Active,25,Yes,
ENRGIDANWE8,EMP00044,PLN8697,Annual Leave,AL-PLAN-01,Unpaid,Monthly,2023-11-04,2025-11-03,EMP00021,2023-11-04,Inactive,30,No,0.0
ENRWMHCSWGN,EMP00045,PLN4480,Annual Leave,INVALID_PLAN_XXX,Unpaid,Annual,2021-09-01,2022-09-01,EMP00042,2021-09-01,Active,18,Yes,
ENR2AA71FX2,EMP00045,PLN2071,Compensatory Off,INVALID_PLAN_XXX,Unpaid,Per-Incident,2023-10-09,2025-10-08,EMP00010,2023-10-09,Active,15,Yes,
ENRHIBJ3X5J,EMP00045,PLN7835,Bereavement Leave,INVALID_PLAN_XXX,Statutory,Per-Incident,2020-11-01,2022-11-01,EMP00045,2020-11-01,Inactive,25,Yes,15.0
ENR1POHXQEI,EMP00046,PLN6977,Bereavement Leave,BL-PLAN-08,Statutory,Monthly,2021-01-20,2022-01-20,EMP00016,2021-01-20,Pending,30,No,0.0
ENR8JT9WG7S,EMP00046,PLN1226,Paternity Leave,PL-PLAN-05,Statutory,Annual,2020-04-27,2023-04-27,EMP00033,2020-04-27,Terminated,12,Yes,
ENRS4AW8XLZ,EMP00047,PLN5823,Unpaid Leave,UL-PLAN-07,Unpaid,Annual,2023-10-10,2025-10-09,EMP00026,2023-10-10,Active,18,No,
ENRCBTN6CVP,EMP00047,PLN1146,Annual Leave,AL-PLAN-01,Statutory,Per-Incident,2023-03-12,2025-03-11,EMP00020,2023-03-12,Pending,25,Yes,0.0
ENR0IC69FA4,EMP00047,PLN9196,Paternity Leave,PL-PLAN-05,Statutory,Per-Incident,2022-04-09,2024-04-08,EMP00013,2022-04-09,Inactive,20,Yes,5.0
ENRW7VR25AR,EMP00048,PLN4236,Casual Leave,CL-PLAN-03,Unpaid,One-Time,2023-03-23,2026-03-22,EMP00008,2023-03-23,Active,10,Yes,15.0
ENRYOBUEJ54,EMP00048,PLN3586,Sick Leave,SL-PLAN-02,Unpaid,Monthly,2023-12-22,2024-12-21,EMP00022,2023-12-22,Pending,25,Yes,10.0
ENRR9S6A9RO,EMP00048,PLN6457,Compensatory Off,CO-PLAN-06,Statutory,Monthly,2022-01-10,2023-01-10,EMP00005,2022-01-10,Pending,20,Yes,0.0
ENR50UJXEEI,EMP00049,,Unpaid Leave,UL-PLAN-07,Statutory,One-Time,NOT-A-DATE,2023-10-15,EMP00027,2021-10-15,Pending,25,Yes,15.0
ENRE6RF89W1,EMP00049,,Paternity Leave,PL-PLAN-05,Paid,Monthly,NOT-A-DATE,2023-07-24,EMP00039,2021-07-24,Active,18,Yes,10.0
ENRBAAL0V3Z,EMP00049,,Maternity Leave,ML-PLAN-04,Paid,Monthly,NOT-A-DATE,2025-05-15,EMP00022,2022-05-16,Pending,21,Yes,
ENRD959F108,EMP00049,,Casual Leave,CL-PLAN-03,Statutory,Annual,NOT-A-DATE,2023-05-31,EMP00022,2020-05-31,Active,15,Yes,5.0
ENRTW0H8VSI,EMP00050,PLN5738,Unpaid Leave,UL-PLAN-07,Statutory,Annual,2023-03-02,2024-03-01,EMP00030,2023-03-02,Pending,30,Yes,5.0
ENR9NGVILYY,EMP00050,PLN9353,Paternity Leave,PL-PLAN-05,Unpaid,Monthly,2022-01-20,2025-01-19,EMP00012,2022-01-20,Active,15,Yes,0.0
ENRMOF4EWE1,EMP00050,PLN6471,Maternity Leave,ML-PLAN-04,Statutory,Monthly,2021-04-26,2022-04-26,EMP00009,2021-04-26,Terminated,20,Yes,0.0
ENRQ8KKS76K,EMP00051,PLN5861,Paternity Leave,PL-PLAN-05,Paid,One-Time,2023-10-07,2024-10-06,EMP00022,2023-10-07,Active,10,Yes,5.0
ENR22U83KLD,EMP00051,PLN6225,Annual Leave,AL-PLAN-01,Paid,Per-Incident,2020-03-18,2023-03-18,EMP00009,2020-03-18,Active,21,No,5.0
ENR6RJUHM8G,EMP00051,PLN7166,Bereavement Leave,BL-PLAN-08,Unpaid,Per-Incident,2023-11-09,2026-11-08,EMP00046,2023-11-09,Terminated,25,No,0.0
ENRPSVLBB03,EMP00052,PLN8182,Compensatory Off,CO-PLAN-06,Paid,Per-Incident,2020-04-02,2021-04-02,EMP00033,2020-04-02,Terminated,25,Yes,
ENROF3EVB7Q,EMP00052,PLN6006,Casual Leave,CL-PLAN-03,Statutory,Per-Incident,2022-01-23,2024-01-23,EMP00044,2022-01-23,Active,12,No,5.0
ENRUS46NM0L,EMP00052,PLN7728,Paternity Leave,PL-PLAN-05,Statutory,Per-Incident,2021-04-07,2022-04-07,EMP00023,2021-04-07,Pending,18,Yes,5.0
ENR2DXPMJHX,EMP00052,PLN8869,Annual Leave,AL-PLAN-01,Paid,One-Time,2022-12-06,2024-12-05,EMP00046,2022-12-06,Active,18,Yes,0.0
ENRPSZQM01J,EMP00053,PLN1350,Sick Leave,SL-PLAN-02,Unpaid,Annual,2023-07-26,2024-07-25,EMP00029,2023-07-26,Pending,10,No,
ENRB1UIHOH7,EMP00053,PLN5227,Bereavement Leave,BL-PLAN-08,Paid,Annual,2021-11-08,2024-11-07,EMP00020,2021-11-08,Inactive,12,Yes,5.0
ENREXP8WECI,EMP00054,PLN6114,Compensatory Off,CO-PLAN-06,Unpaid,Monthly,2023-04-28,2026-04-27,EMP00016,2023-04-28,Active,20,Yes,15.0
ENRXCUJ4JVS,EMP00054,PLN1134,Bereavement Leave,BL-PLAN-08,Unpaid,Per-Incident,2022-12-03,2024-12-02,EMP00027,2022-12-03,Active,21,Yes,15.0
ENROKVJFXJO,EMP00054,PLN6728,Casual Leave,CL-PLAN-03,Unpaid,Annual,2022-08-21,2025-08-20,EMP00007,2022-08-21,Pending,15,No,15.0
ENRFIDPOUYN,EMP00055,PLN2014,Casual Leave,CL-PLAN-03,Statutory,One-Time,2023-02-22,2023-01-23,EMP00047,2023-02-22,Inactive,25,No,15.0
ENRFRVJGJ64,EMP00055,PLN2218,Compensatory Off,CO-PLAN-06,Paid,One-Time,2021-02-15,2021-01-16,EMP00041,2021-02-15,Active,18,Yes,15.0
ENRI80E89KG,EMP00055,PLN8486,Paternity Leave,PL-PLAN-05,Statutory,Per-Incident,2020-10-27,2020-09-27,EMP00025,2020-10-27,Terminated,18,Yes,15.0
ENRVBDNLLZN,EMP00055,PLN6059,Bereavement Leave,BL-PLAN-08,Unpaid,One-Time,2021-06-26,2021-05-27,EMP00007,2021-06-26,Terminated,12,No,0.0
ENRNUIJL46M,EMP00056,PLN7055,Paternity Leave,PL-PLAN-05,Unpaid,Monthly,2023-06-24,2026-06-23,EMP00041,2023-06-24,Terminated,25,Yes,10.0
ENRJHB5UHJG,EMP00056,PLN1561,Casual Leave,CL-PLAN-03,Statutory,Monthly,2021-06-26,2022-06-26,EMP00013,2021-06-26,Pending,10,Yes,10.0
ENRCJNER0SA,EMP00057,,Unpaid Leave,UL-PLAN-07,Paid,Annual,2020-10-09,2022-10-09,EMP00023,2020-10-09,Pending,30,Yes,10.0
ENR8W7VEZYN,EMP00057,,Paternity Leave,PL-PLAN-05,Statutory,One-Time,2022-06-17,2025-06-16,EMP00040,2022-06-17,Pending,15,Yes,0.0
ENRNG26P6U8,EMP00058,PLN8851,Paternity Leave,PL-PLAN-05,Unpaid,Annual,2020-01-13,2022-01-12,EMP00034,2020-01-13,Inactive,18,Yes,10.0
ENRG3FYAVTL,EMP00058,PLN5969,Annual Leave,AL-PLAN-01,Unpaid,Annual,2020-12-13,2022-12-13,EMP00034,2020-12-13,Active,15,Yes,15.0
ENR8B0XW89T,EMP00058,PLN3309,Sick Leave,SL-PLAN-02,Paid,One-Time,2022-12-20,2025-12-19,EMP00018,2022-12-20,Active,21,Yes,10.0
ENR3LI3CK3C,EMP00059,PLN6440,Casual Leave,CL-PLAN-03,Statutory,Monthly,2023-12-20,2025-12-19,EMP00032,2023-12-20,Pending,21,Yes,10.0
ENRN647U19Q,EMP00059,PLN8876,Unpaid Leave,UL-PLAN-07,Paid,One-Time,2021-03-28,2024-03-27,EMP00043,2021-03-28,Inactive,21,Yes,5.0
ENRAHWNKVQR,EMP00059,PLN8338,Maternity Leave,ML-PLAN-04,Statutory,Monthly,2020-05-01,2023-05-01,EMP00023,2020-05-01,Active,15,Yes,15.0
ENRJJHA2WRU,EMP00060,PLN6718,Casual Leave,CL-PLAN-03,Statutory,Per-Incident,2020-12-16,2022-12-16,EMP00034,2020-12-16,Inactive,25,Yes,0.0
ENROZAL08KH,EMP00060,PLN8754,Sick Leave,SL-PLAN-02,Paid,One-Time,2020-07-14,2023-07-14,EMP00007,2020-07-14,Terminated,25,Yes,10.0
ENR0GMTA0DK,EMP00060,PLN1925,Compensatory Off,CO-PLAN-06,Paid,Monthly,2022-03-12,2024-03-11,EMP00013,2022-03-12,Active,12,Yes,0.0
ENRC0H3NYMC,EMP00060,PLN4453,Paternity Leave,PL-PLAN-05,Unpaid,Per-Incident,2020-07-20,2021-07-20,EMP00036,2020-07-20,Inactive,21,Yes,15.0
ENRWENNTT5Q,EMP00061,PLN4157,Annual Leave,AL-PLAN-01,Unpaid,Annual,NOT-A-DATE,2024-12-31,EMP00026,2024-01-01,Terminated,-5,Yes,10.0
ENR82WGJ4XD,EMP00061,PLN9840,Unpaid Leave,UL-PLAN-07,Paid,Per-Incident,NOT-A-DATE,2025-08-21,EMP00024,2022-08-22,Pending,-5,Yes,0.0
ENR8O2CQE91,EMP00062,PLN3006,Bereavement Leave,BL-PLAN-08,Paid,Monthly,2022-09-06,2023-09-06,EMP00016,2022-09-06,Pending,30,No,0.0
ENRJ40IFN47,EMP00062,PLN7016,Compensatory Off,CO-PLAN-06,Statutory,Per-Incident,2020-01-16,2022-01-15,EMP00030,2020-01-16,Inactive,30,Yes,15.0
ENRFAPA6TNI,EMP00062,PLN4645,Maternity Leave,ML-PLAN-04,Unpaid,One-Time,2021-07-08,2022-07-08,EMP00009,2021-07-08,Inactive,10,Yes,5.0
ENR7V5DHZFF,EMP00062,PLN6768,Casual Leave,CL-PLAN-03,Paid,Monthly,2020-10-31,2022-10-31,EMP00033,2020-10-31,Pending,15,Yes,
ENRS5X2M79K,EMP00063,PLN3883,Maternity Leave,ML-PLAN-04,Statutory,Annual,2020-07-28,2023-07-28,EMP00016,2020-07-28,Terminated,20,Yes,15.0
ENROYO2Q9WR,EMP00063,PLN4789,Unpaid Leave,UL-PLAN-07,Statutory,Annual,2022-10-15,2023-10-15,EMP00028,2022-10-15,Inactive,18,Yes,5.0
ENRBID4EWXE,EMP00063,PLN8818,Compensatory Off,CO-PLAN-06,Unpaid,Monthly,2022-05-03,2025-05-02,EMP00008,2022-05-03,Inactive,20,No,
ENRVT05T6J0,EMP00063,PLN6331,Bereavement Leave,BL-PLAN-08,Unpaid,One-Time,2022-06-09,2023-06-09,EMP00039,2022-06-09,Inactive,20,Yes,5.0
ENR8Q7OB8HR,EMP00064,PLN6909,Compensatory Off,CO-PLAN-06,Unpaid,Monthly,2020-06-29,2022-06-29,EMP00013,2020-06-29,Inactive,10,Yes,0.0
ENRLCM195L9,EMP00064,PLN7021,Unpaid Leave,UL-PLAN-07,Statutory,Per-Incident,2021-03-14,2023-03-14,EMP00005,2021-03-14,Pending,12,Yes,
ENRQQCQRJ5Q,EMP00064,PLN9031,Annual Leave,AL-PLAN-01,Unpaid,One-Time,2021-10-30,2023-10-30,EMP00024,2021-10-30,Terminated,18,No,15.0
ENRLI7UKKAN,EMP00065,,Maternity Leave,ML-PLAN-04,Statutory,Per-Incident,2022-08-05,2024-08-04,EMP00006,2022-08-05,Inactive,30,Yes,
ENRABFOE8C4,EMP00065,,Unpaid Leave,UL-PLAN-07,Statutory,Per-Incident,2020-10-12,2021-10-12,EMP00049,2020-10-12,Active,18,No,15.0
ENRJP8URPGY,EMP00066,PLN8200,Annual Leave,AL-PLAN-01,Paid,Per-Incident,2021-08-26,2022-08-26,EMP00012,2021-08-26,Terminated,20,Yes,10.0
ENRV21OG8VA,EMP00066,PLN5398,Sick Leave,SL-PLAN-02,Paid,Per-Incident,2021-04-24,2024-04-23,EMP00032,2021-04-24,Inactive,18,No,10.0
ENR01PM3IAH,EMP00066,PLN7774,Bereavement Leave,BL-PLAN-08,Statutory,Monthly,2020-09-20,2023-09-20,EMP00042,2020-09-20,Terminated,18,No,10.0
ENRIK0U6MQT,EMP00067,PLN2629,Paternity Leave,INVALID_PLAN_XXX,Statutory,Per-Incident,2023-09-12,2026-09-11,EMP00005,2023-09-12,Pending,25,No,10.0
ENRF3UYMDNJ,EMP00067,PLN4457,Bereavement Leave,INVALID_PLAN_XXX,Unpaid,Monthly,2023-08-13,2026-08-12,EMP00024,2023-08-13,Pending,15,Yes,5.0
ENR3KWHWHFJ,EMP00068,PLN2164,Paternity Leave,PL-PLAN-05,Statutory,One-Time,2023-05-09,2026-05-08,EMP00018,2023-05-09,Pending,10,Yes,15.0
ENRNA6JQJHG,EMP00068,PLN6447,Sick Leave,SL-PLAN-02,Statutory,One-Time,2023-07-29,2026-07-28,EMP00001,2023-07-29,Terminated,18,No,
ENRZ9Y6LTL4,EMP00069,PLN6102,Casual Leave,CL-PLAN-03,Unpaid,Monthly,2020-12-22,2021-12-22,EMP00002,2020-12-22,Active,15,Yes,5.0
ENRNMCLBF7O,EMP00069,PLN1833,Compensatory Off,CO-PLAN-06,Paid,Monthly,2021-06-28,2022-06-28,EMP00013,2021-06-28,Inactive,20,Yes,0.0
ENR8MIU3SLX,EMP00069,PLN9974,Sick Leave,SL-PLAN-02,Statutory,One-Time,2021-04-29,2022-04-29,EMP00019,2021-04-29,Inactive,30,No,10.0
ENRO2L17TZZ,EMP00070,PLN5660,Paternity Leave,PL-PLAN-05,Paid,One-Time,2022-04-06,2023-04-06,EMP00019,2022-04-06,Terminated,12,No,10.0
ENRNQ0S2TIK,EMP00070,PLN1422,Compensatory Off,CO-PLAN-06,Paid,Monthly,2020-03-10,2021-03-10,EMP00036,2020-03-10,Pending,30,Yes,5.0
ENRGVKU3HYT,EMP00070,PLN9340,Casual Leave,CL-PLAN-03,Unpaid,Per-Incident,2023-04-23,2026-04-22,EMP00008,2023-04-23,Pending,30,Yes,
ENRQHP7L8TY,,PLN7857,Compensatory Off,CO-PLAN-06,Paid,Monthly,2020-02-15,2022-02-14,EMP00005,2020-02-15,Inactive,20,Yes,0.0
ENROGEESAEW,,PLN8368,Unpaid Leave,UL-PLAN-07,Paid,Per-Incident,2021-07-15,2024-07-14,EMP00043,2021-07-15,Terminated,15,No,
ENRN4JZP431,,PLN1093,Paternity Leave,PL-PLAN-05,Unpaid,Per-Incident,2022-06-03,2025-06-02,EMP00045,2022-06-03,Terminated,18,Yes,
ENR642OXA3N,,PLN7315,Sick Leave,SL-PLAN-02,Paid,Monthly,2021-02-02,2023-02-02,EMP00002,2021-02-02,Terminated,20,Yes,5.0
ENRTOVDJ0EV,EMP00072,PLN5177,Annual Leave,AL-PLAN-01,Paid,Monthly,2021-11-13,2023-11-13,EMP00010,2021-11-13,Terminated,25,Yes,5.0
ENRQT0CKKS5,EMP00072,PLN9982,Maternity Leave,ML-PLAN-04,Paid,Annual,2022-06-13,2023-06-13,EMP00031,2022-06-13,Inactive,21,Yes,0.0
ENRYLFBE282,EMP00072,PLN7121,Casual Leave,CL-PLAN-03,Unpaid,Monthly,2023-05-17,2024-05-16,EMP00045,2023-05-17,Pending,15,Yes,0.0
ENRZDJO98ID,EMP00072,PLN3715,Unpaid Leave,UL-PLAN-07,Paid,Per-Incident,2022-12-11,2024-12-10,EMP00011,2022-12-11,Pending,30,Yes,10.0
ENR75TH9Q18,EMP00073,,Casual Leave,CL-PLAN-03,Statutory,Per-Incident,NOT-A-DATE,2022-05-28,EMP00014,2022-06-27,Active,18,Yes,15.0
ENRD80F08Y5,EMP00073,,Unpaid Leave,UL-PLAN-07,Statutory,Monthly,NOT-A-DATE,2020-12-04,EMP00013,2021-01-03,Pending,20,Yes,0.0
ENR6XZSD2M7,EMP00074,PLN8593,Bereavement Leave,BL-PLAN-08,Unpaid,Annual,2021-04-05,2022-04-05,EMP00006,2021-04-05,Pending,25,Yes,0.0
ENRDWMFEFD9,EMP00074,PLN9812,Maternity Leave,ML-PLAN-04,Paid,Annual,2020-12-08,2022-12-08,EMP00033,2020-12-08,Active,21,No,10.0
ENRDFP980ED,EMP00074,PLN9843,Sick Leave,SL-PLAN-02,Statutory,Monthly,2021-03-02,2023-03-02,EMP00035,2021-03-02,Terminated,25,No,10.0
ENR51GA7VY6,EMP00074,PLN2553,Casual Leave,CL-PLAN-03,Statutory,Annual,2021-10-02,2022-10-02,EMP00020,2021-10-02,Active,20,No,
ENRMJO6VWS3,EMP00075,PLN6962,Sick Leave,SL-PLAN-02,Statutory,One-Time,2023-03-04,2024-03-03,EMP00017,2023-03-04,Pending,21,No,15.0
ENRCZJG7H4X,EMP00075,PLN9532,Unpaid Leave,UL-PLAN-07,Paid,Monthly,2022-01-13,2025-01-12,EMP00043,2022-01-13,Inactive,10,Yes,10.0
ENRARTIHQIF,EMP00075,PLN9875,Paternity Leave,PL-PLAN-05,Unpaid,One-Time,2023-11-07,2024-11-06,EMP00027,2023-11-07,Inactive,20,Yes,10.0
ENRGXVSGR0G,EMP00075,PLN2678,Compensatory Off,CO-PLAN-06,Paid,One-Time,2021-12-01,2022-12-01,EMP00016,2021-12-01,Terminated,25,Yes,15.0
ENRHIDBGIFN,EMP00076,PLN2918,Sick Leave,SL-PLAN-02,Statutory,Per-Incident,2020-07-27,2021-07-27,EMP00020,2020-07-27,Active,12,Yes,0.0
ENRTPJ9IMUW,EMP00076,PLN9643,Casual Leave,CL-PLAN-03,Paid,One-Time,2023-10-12,2025-10-11,EMP00022,2023-10-12,Pending,25,Yes,10.0
ENR7DLLHRIP,EMP00077,PLN2422,Unpaid Leave,UL-PLAN-07,Unpaid,Per-Incident,2021-03-12,2023-03-12,EMP00047,2021-03-12,Inactive,20,Yes,15.0
ENRLMFQJXZF,EMP00077,PLN8747,Annual Leave,AL-PLAN-01,Unpaid,One-Time,2021-02-22,2023-02-22,EMP00011,2021-02-22,Terminated,10,Yes,5.0
ENRU4HP65XL,EMP00078,PLN8539,Compensatory Off,CO-PLAN-06,Paid,Annual,2023-03-12,2026-03-11,EMP00019,2023-03-12,Terminated,25,Yes,15.0
ENRNGR9MVWA,EMP00078,PLN3897,Paternity Leave,PL-PLAN-05,Unpaid,Per-Incident,2021-12-30,2022-12-30,EMP00013,2021-12-30,Active,30,Yes,5.0
ENR6GQI67MF,EMP00078,PLN5178,Casual Leave,CL-PLAN-03,Paid,Per-Incident,2020-10-22,2023-10-22,EMP00023,2020-10-22,Terminated,12,Yes,10.0
ENRFB7LW5AK,EMP00078,PLN5475,Unpaid Leave,UL-PLAN-07,Paid,Per-Incident,2020-09-22,2023-09-22,EMP00030,2020-09-22,Pending,30,Yes,10.0
ENRW9P9NUJA,EMP00079,PLN2564,Maternity Leave,ML-PLAN-04,Statutory,One-Time,2023-01-24,2026-01-23,EMP00048,2023-01-24,Active,15,Yes,10.0
ENRI4YRMK34,EMP00079,PLN5135,Bereavement Leave,BL-PLAN-08,Unpaid,Per-Incident,2020-05-25,2023-05-25,EMP00005,2020-05-25,Pending,20,No,15.0
ENRD5375JJD,EMP00079,PLN2232,Casual Leave,CL-PLAN-03,Statutory,Per-Incident,2022-12-03,2025-12-02,EMP00047,2022-12-03,Active,10,No,
ENRIM8SAWEP,EMP00080,PLN8002,Bereavement Leave,BL-PLAN-08,Unpaid,Monthly,2021-06-07,2023-06-07,EMP00013,2021-06-07,Inactive,21,No,10.0
ENRSMKS1BP7,EMP00080,PLN5460,Maternity Leave,ML-PLAN-04,Unpaid,One-Time,2023-05-09,2024-05-08,EMP00002,2023-05-09,Inactive,30,Yes,
ENR6YQVVXFC,EMP00080,PLN8316,Compensatory Off,CO-PLAN-06,Statutory,Per-Incident,2020-03-22,2022-03-22,EMP00001,2020-03-22,Pending,10,Yes,
ENR7X4FSHXE,EMP00081,,Sick Leave,SL-PLAN-02,Unpaid,One-Time,2023-09-11,2026-09-10,EMP00009,2035-01-01,Inactive,25,Yes,5.0
ENR73HLN9DC,EMP00081,,Bereavement Leave,BL-PLAN-08,Paid,Monthly,2023-11-22,2024-11-21,EMP00017,2035-01-01,Pending,18,Yes,10.0
ENRJC7S5HBI,EMP00082,PLN2639,Casual Leave,CL-PLAN-03,Paid,Annual,2022-09-20,2024-09-19,EMP00010,2022-09-20,Terminated,30,Yes,15.0
ENRJ9QZI9SK,EMP00082,PLN4951,Bereavement Leave,BL-PLAN-08,Unpaid,One-Time,2023-04-29,2025-04-28,EMP00007,2023-04-29,Terminated,20,Yes,10.0
ENR4LBGDJEI,EMP00082,PLN8830,Sick Leave,SL-PLAN-02,Unpaid,Monthly,2023-08-10,2024-08-09,EMP00047,2023-08-10,Inactive,25,Yes,15.0
ENR57WWLM1Z,EMP00082,PLN2465,Annual Leave,AL-PLAN-01,Unpaid,Annual,2021-06-30,2022-06-30,EMP00037,2021-06-30,Active,21,No,0.0
ENRPR96S38A,EMP00083,PLN1282,Unpaid Leave,UL-PLAN-07,Unpaid,Per-Incident,2022-05-12,2023-05-12,EMP00006,2022-05-12,Terminated,25,Yes,15.0
ENR511CDN4F,EMP00083,PLN8818,Sick Leave,SL-PLAN-02,Paid,Annual,2021-11-20,2022-11-20,EMP00005,2021-11-20,Terminated,21,Yes,15.0
ENRFOKVR1Y1,EMP00083,PLN3810,Casual Leave,CL-PLAN-03,Unpaid,One-Time,2023-07-22,2024-07-21,EMP00008,2023-07-22,Inactive,18,Yes,5.0
ENRTJXIMPIU,EMP00084,PLN5309,Casual Leave,CL-PLAN-03,Statutory,Monthly,2023-10-01,2024-09-30,EMP00041,2023-10-01,Terminated,15,No,15.0
ENRVHL5IS9D,EMP00084,PLN8545,Paternity Leave,PL-PLAN-05,Statutory,Per-Incident,2023-12-31,2026-12-30,EMP00009,2023-12-31,Pending,15,Yes,10.0
ENR4DY6WV1G,EMP00084,PLN7373,Maternity Leave,ML-PLAN-04,Statutory,Monthly,2022-12-03,2025-12-02,EMP00026,2022-12-03,Pending,12,Yes,5.0
ENRLVGYCM5T,EMP00085,PLN1390,Sick Leave,SL-PLAN-02,Statutory,Annual,NOT-A-DATE,2024-09-22,EMP00050,2023-09-23,Active,21,Yes,
ENRQ41BYF9H,EMP00085,PLN5765,Unpaid Leave,UL-PLAN-07,Statutory,Per-Incident,NOT-A-DATE,2026-03-06,EMP00003,2023-03-07,Terminated,18,Yes,0.0
ENR3REVPYF5,EMP00086,PLN6989,Bereavement Leave,BL-PLAN-08,Paid,Annual,2023-02-28,2025-02-27,EMP00026,2023-02-28,Active,15,No,15.0
ENRBV3G4Q2O,EMP00086,PLN5505,Casual Leave,CL-PLAN-03,Statutory,Per-Incident,2021-08-11,2023-08-11,EMP00024,2021-08-11,Active,18,No,15.0
ENR52IY87MG,EMP00086,PLN1922,Sick Leave,SL-PLAN-02,Unpaid,One-Time,2023-09-19,2024-09-18,EMP00003,2023-09-19,Terminated,21,Yes,5.0
ENRERRZL8AK,EMP00086,PLN4843,Unpaid Leave,UL-PLAN-07,Statutory,Per-Incident,2020-12-29,2022-12-29,EMP00014,2020-12-29,Inactive,15,Yes,10.0
ENRNVLIKNMI,EMP00087,PLN1992,Bereavement Leave,BL-PLAN-08,Paid,Per-Incident,2021-04-11,2022-04-11,EMP00017,2021-04-11,Terminated,18,Yes,5.0
ENROWLW09M4,EMP00087,PLN7796,Unpaid Leave,UL-PLAN-07,Paid,Per-Incident,2022-12-24,2025-12-23,EMP00030,2022-12-24,Terminated,21,Yes,5.0
ENR52O1Z4I1,EMP00087,PLN1434,Annual Leave,AL-PLAN-01,Unpaid,One-Time,2023-07-13,2026-07-12,EMP00034,2023-07-13,Inactive,20,Yes,5.0
ENRKQSQF46Z,EMP00088,PLN5209,Casual Leave,CL-PLAN-03,Paid,One-Time,2021-05-10,2022-05-10,EMP00028,2021-05-10,Pending,12,Yes,0.0
ENROD9IJRB1,EMP00088,PLN6244,Annual Leave,AL-PLAN-01,Paid,Annual,2020-01-25,2023-01-24,EMP00030,2020-01-25,Terminated,25,Yes,5.0
ENRU5D1WHPK,EMP00088,PLN3338,Maternity Leave,ML-PLAN-04,Unpaid,Annual,2022-10-17,2024-10-16,EMP00046,2022-10-17,Terminated,25,Yes,0.0
ENRFBRETOMD,EMP00089,,Annual Leave,INVALID_PLAN_XXX,Unpaid,One-Time,2023-07-29,2024-07-28,EMP00033,2023-07-29,Terminated,25,No,0.0
ENRXWLHYHLE,EMP00089,,Casual Leave,INVALID_PLAN_XXX,Paid,One-Time,2022-03-07,2025-03-06,EMP00006,2022-03-07,Inactive,10,Yes,0.0
ENR1QKVU9M0,EMP00090,PLN2467,Paternity Leave,PL-PLAN-05,Statutory,Per-Incident,2023-09-28,2024-09-27,EMP00005,2023-09-28,Pending,10,Yes,10.0
ENRJQJQORWY,EMP00090,PLN1706,Bereavement Leave,BL-PLAN-08,Unpaid,Per-Incident,2020-02-14,2021-02-13,EMP00005,2020-02-14,Active,20,No,5.0
ENRILSGPVN6,EMP00090,PLN4914,Annual Leave,AL-PLAN-01,Statutory,Monthly,2023-10-11,2024-10-10,EMP00031,2023-10-11,Inactive,20,Yes,10.0
ENRZJCI8PYX,EMP00090,PLN7531,Casual Leave,CL-PLAN-03,Paid,Monthly,2020-04-09,2023-04-09,EMP00036,2020-04-09,Pending,15,Yes,0.0
ENR7DECKU7C,EMP00091,PLN2561,Bereavement Leave,BL-PLAN-08,Paid,One-Time,2023-12-22,2023-11-22,EMP00017,2023-12-22,Terminated,-5,Yes,10.0
ENRYA0PPSR5,EMP00091,PLN2598,Unpaid Leave,UL-PLAN-07,Unpaid,Monthly,2022-02-04,2022-01-05,EMP00002,2022-02-04,Inactive,-5,No,5.0
ENRGT37IQ20,EMP00091,PLN4175,Compensatory Off,CO-PLAN-06,Paid,One-Time,2023-05-31,2023-05-01,EMP00006,2023-05-31,Active,-5,No,0.0
ENRKGXAHXS3,EMP00091,PLN5747,Paternity Leave,PL-PLAN-05,Statutory,Monthly,2020-08-17,2020-07-18,EMP00038,2020-08-17,Active,-5,Yes,
ENRCESMLFG4,EMP00092,PLN2749,Compensatory Off,CO-PLAN-06,Paid,Per-Incident,2023-04-25,2024-04-24,EMP00029,2023-04-25,Inactive,10,Yes,
ENRL63RT5LB,EMP00092,PLN6565,Bereavement Leave,BL-PLAN-08,Paid,Annual,2023-05-28,2025-05-27,EMP00005,2023-05-28,Pending,18,Yes,5.0
ENRVMKLKSEB,EMP00092,PLN1947,Casual Leave,CL-PLAN-03,Statutory,Annual,2021-03-11,2022-03-11,EMP00042,2021-03-11,Pending,18,Yes,
ENRZMPPVO46,EMP00092,PLN3866,Paternity Leave,PL-PLAN-05,Unpaid,Per-Incident,2022-03-05,2025-03-04,EMP00018,2022-03-05,Pending,25,No,10.0
ENRPXUAFDEQ,EMP00093,PLN9116,Sick Leave,SL-PLAN-02,Unpaid,Per-Incident,2020-01-03,2023-01-02,EMP00019,2020-01-03,Active,25,Yes,5.0
ENRFBLHZQ58,EMP00093,PLN2175,Compensatory Off,CO-PLAN-06,Paid,One-Time,2020-06-05,2023-06-05,EMP00031,2020-06-05,Pending,25,Yes,5.0
ENR1UN6J9UJ,EMP00094,PLN6949,Annual Leave,AL-PLAN-01,Unpaid,Annual,2023-01-03,2026-01-02,EMP00038,2023-01-03,Pending,10,Yes,5.0
ENREAR745XT,EMP00094,PLN6242,Bereavement Leave,BL-PLAN-08,Unpaid,One-Time,2021-08-22,2024-08-21,EMP00036,2021-08-22,Pending,25,Yes,0.0
ENR3WF3FIQJ,EMP00094,PLN4353,Compensatory Off,CO-PLAN-06,Unpaid,Annual,2022-09-12,2024-09-11,EMP00019,2022-09-12,Pending,12,Yes,0.0
ENRFYZ4NLMK,EMP00095,PLN1820,Bereavement Leave,BL-PLAN-08,Unpaid,Per-Incident,2022-01-14,2023-01-14,EMP00021,2022-01-14,Terminated,25,Yes,5.0
ENRV4Y5VWMG,EMP00095,PLN8887,Casual Leave,CL-PLAN-03,Paid,One-Time,2020-11-21,2023-11-21,EMP00002,2020-11-21,Active,25,Yes,10.0
ENR7DNBM0KP,EMP00095,PLN6805,Maternity Leave,ML-PLAN-04,Paid,Monthly,2022-04-29,2025-04-28,EMP00043,2022-04-29,Active,25,No,
ENRU5DTNE14,EMP00096,PLN8417,Compensatory Off,CO-PLAN-06,Statutory,Monthly,2022-12-20,2025-12-19,EMP00034,2022-12-20,Terminated,21,No,15.0
ENR8D51W6Y2,EMP00096,PLN6418,Unpaid Leave,UL-PLAN-07,Unpaid,Per-Incident,2021-06-14,2024-06-13,EMP00035,2021-06-14,Terminated,20,No,10.0
ENRK0S3V8CN,EMP00097,,Maternity Leave,ML-PLAN-04,Unpaid,Per-Incident,NOT-A-DATE,2023-08-28,EMP00022,2020-08-28,Inactive,30,Yes,
ENRXLKTZTU5,EMP00097,,Compensatory Off,CO-PLAN-06,Statutory,Monthly,NOT-A-DATE,2022-01-21,EMP00048,2020-01-22,Pending,30,Yes,5.0
ENRTBLSDQIY,EMP00098,PLN6393,Compensatory Off,CO-PLAN-06,Statutory,Monthly,2021-01-18,2023-01-18,EMP00030,2021-01-18,Active,25,No,15.0
ENRWUV6Y8L9,EMP00098,PLN9830,Maternity Leave,ML-PLAN-04,Unpaid,Monthly,2023-11-27,2026-11-26,EMP00036,2023-11-27,Inactive,12,Yes,
ENRC6A5DVYI,EMP00098,PLN7952,Bereavement Leave,BL-PLAN-08,Paid,Monthly,2020-08-18,2021-08-18,EMP00045,2020-08-18,Pending,18,Yes,15.0
ENRKFKZ94P6,EMP00098,PLN9269,Annual Leave,AL-PLAN-01,Paid,Per-Incident,2020-10-14,2022-10-14,EMP00045,2020-10-14,Active,10,Yes,
ENRRS83W1W8,EMP00099,PLN4809,Paternity Leave,PL-PLAN-05,Statutory,Annual,2022-02-23,2024-02-23,EMP00032,2022-02-23,Pending,20,Yes,
ENR8N30PMCC,EMP00099,PLN5368,Casual Leave,CL-PLAN-03,Statutory,One-Time,2021-05-09,2022-05-09,EMP00037,2021-05-09,Active,18,Yes,15.0
ENRYO6OQVLB,EMP00100,PLN8569,Bereavement Leave,BL-PLAN-08,Paid,Monthly,2020-05-15,2023-05-15,EMP00005,2020-05-15,Active,21,Yes,15.0
ENRDQSLN4YV,EMP00100,PLN6338,Casual Leave,CL-PLAN-03,Unpaid,Monthly,2023-03-24,2026-03-23,EMP00049,2023-03-24,Pending,30,No,
ENRJ34WKND1,EMP00101,PLN7431,Unpaid Leave,UL-PLAN-07,Paid,Monthly,2021-11-10,2024-11-09,EMP00004,2021-11-10,Inactive,20,No,
ENRAGRU7RC5,EMP00101,PLN7374,Maternity Leave,ML-PLAN-04,Unpaid,Annual,2021-10-01,2024-09-30,EMP00018,2021-10-01,Active,21,Yes,15.0
ENRHIE8T0HK,EMP00102,PLN7622,Casual Leave,CL-PLAN-03,Statutory,Monthly,2020-03-15,2021-03-15,EMP00011,2020-03-15,Pending,25,Yes,5.0
ENRO4MSSVOX,EMP00102,PLN6712,Paternity Leave,PL-PLAN-05,Unpaid,One-Time,2021-11-30,2023-11-30,EMP00001,2021-11-30,Pending,25,Yes,
ENR2HZ46T7X,EMP00102,PLN1831,Sick Leave,SL-PLAN-02,Statutory,Annual,2021-11-07,2024-11-06,EMP00025,2021-11-07,Terminated,15,No,15.0
ENRCQJ5YF0Y,EMP00102,PLN2428,Annual Leave,AL-PLAN-01,Paid,One-Time,2021-08-22,2022-08-22,EMP00037,2021-08-22,Terminated,20,Yes,0.0
ENRLSN31MP0,EMP00103,PLN1315,Annual Leave,AL-PLAN-01,Unpaid,Annual,2022-11-27,2023-11-27,EMP00028,2022-11-27,Inactive,12,Yes,0.0
ENRMSICSP7O,EMP00103,PLN9988,Sick Leave,SL-PLAN-02,Statutory,Annual,2022-09-14,2025-09-13,EMP00014,2022-09-14,Inactive,10,Yes,5.0
ENR85X70ONM,EMP00103,PLN7242,Bereavement Leave,BL-PLAN-08,Paid,One-Time,2020-03-31,2021-03-31,EMP00045,2020-03-31,Pending,30,Yes,5.0
ENR64SGK0VZ,EMP00103,PLN4420,Paternity Leave,PL-PLAN-05,Unpaid,Annual,2022-10-11,2024-10-10,EMP00024,2022-10-11,Pending,20,No,5.0
ENRASPG9Y4K,EMP00104,PLN3788,Bereavement Leave,BL-PLAN-08,Statutory,Monthly,2022-12-27,2023-12-27,EMP00014,2022-12-27,Pending,15,No,0.0
ENRCM2K9BM6,EMP00104,PLN2143,Annual Leave,AL-PLAN-01,Paid,Monthly,2020-08-22,2023-08-22,EMP00001,2020-08-22,Inactive,15,Yes,
ENR3USF94H1,EMP00104,PLN5679,Casual Leave,CL-PLAN-03,Paid,Monthly,2021-11-20,2024-11-19,EMP00040,2021-11-20,Active,15,Yes,0.0
ENR5IOAU8I7,EMP00104,PLN9322,Compensatory Off,CO-PLAN-06,Unpaid,One-Time,2020-08-30,2023-08-30,EMP00010,2020-08-30,Inactive,15,No,10.0
ENRGAF3J3V8,EMP00105,,Annual Leave,AL-PLAN-01,Paid,Monthly,2023-12-17,2024-12-16,EMP00018,2023-12-17,Pending,18,Yes,15.0
ENRUR0I9LW5,EMP00105,,Paternity Leave,PL-PLAN-05,Statutory,Annual,2020-02-06,2022-02-05,EMP00038,2020-02-06,Inactive,12,No,0.0
ENRA8VV7R2K,EMP00105,,Sick Leave,SL-PLAN-02,Unpaid,One-Time,2022-05-11,2025-05-10,EMP00030,2022-05-11,Terminated,18,Yes,0.0
ENRE9T1X7UN,,PLN4738,Paternity Leave,PL-PLAN-05,Unpaid,Per-Incident,2020-02-16,2021-02-15,EMP00019,2020-02-16,Active,21,Yes,
ENR8CTGQ47L,,PLN4785,Unpaid Leave,UL-PLAN-07,Paid,Annual,2023-08-07,2025-08-06,EMP00049,2023-08-07,Active,10,Yes,5.0
ENR8K6N5HP6,EMP00107,PLN4063,Maternity Leave,ML-PLAN-04,Unpaid,Per-Incident,2022-05-05,2023-05-05,EMP00042,2022-05-05,Terminated,30,Yes,15.0
ENR2ORUP1AS,EMP00107,PLN1845,Compensatory Off,CO-PLAN-06,Unpaid,Annual,2023-03-15,2026-03-14,EMP00014,2023-03-15,Terminated,21,No,0.0
ENRKIIADP3B,EMP00107,PLN2178,Paternity Leave,PL-PLAN-05,Unpaid,Annual,2022-05-19,2023-05-19,EMP00016,2022-05-19,Terminated,10,Yes,10.0
ENR0RHI2QA6,EMP00107,PLN2416,Sick Leave,SL-PLAN-02,Paid,Per-Incident,2020-08-01,2021-08-01,EMP00027,2020-08-01,Active,18,No,15.0
ENRVQA6ECCD,EMP00108,PLN2888,Bereavement Leave,BL-PLAN-08,Unpaid,Monthly,2021-07-22,2023-07-22,EMP00023,2021-07-22,Inactive,25,Yes,5.0
ENRDYXLEGYN,EMP00108,PLN8450,Sick Leave,SL-PLAN-02,Unpaid,Monthly,2021-11-12,2023-11-12,EMP00016,2021-11-12,Active,18,Yes,
ENRO1SNDXDK,EMP00108,PLN1371,Unpaid Leave,UL-PLAN-07,Statutory,Per-Incident,2022-11-25,2023-11-25,EMP00038,2022-11-25,Pending,18,No,5.0
ENREIXRAHIG,EMP00109,PLN9920,Compensatory Off,CO-PLAN-06,Paid,Annual,NOT-A-DATE,2023-03-25,EMP00030,2023-04-24,Pending,20,Yes,0.0
ENRGE6N9649,EMP00109,PLN1735,Annual Leave,AL-PLAN-01,Paid,Annual,NOT-A-DATE,2020-12-05,EMP00004,2021-01-04,Pending,10,Yes,10.0
ENR8ZHRP3QF,EMP00110,PLN6012,Annual Leave,AL-PLAN-01,Unpaid,Per-Incident,2021-04-15,2023-04-15,EMP00010,2021-04-15,Terminated,30,No,
ENRLDSPUMMX,EMP00110,PLN9885,Compensatory Off,CO-PLAN-06,Paid,Per-Incident,2022-02-03,2024-02-03,EMP00047,2022-02-03,Terminated,12,Yes,5.0
ENRRDZCC7K8,EMP00110,PLN7545,Sick Leave,SL-PLAN-02,Unpaid,Monthly,2020-12-02,2021-12-02,EMP00033,2020-12-02,Pending,21,No,0.0
ENR1DCGI8A4,EMP00110,PLN1573,Casual Leave,CL-PLAN-03,Statutory,Per-Incident,2023-04-01,2025-03-31,EMP00048,2023-04-01,Active,12,No,5.0
ENR7TYNGDVX,EMP00111,PLN5612,Bereavement Leave,INVALID_PLAN_XXX,Paid,Per-Incident,2020-01-11,2023-01-10,EMP00014,2020-01-11,Active,12,Yes,10.0
ENRZ9LICH7W,EMP00111,PLN8463,Sick Leave,INVALID_PLAN_XXX,Paid,Per-Incident,2021-12-29,2024-12-28,EMP00037,2021-12-29,Active,12,Yes,5.0
ENRGFNV8W0F,EMP00111,PLN6578,Paternity Leave,INVALID_PLAN_XXX,Unpaid,Monthly,2022-03-04,2024-03-03,EMP00012,2022-03-04,Inactive,21,No,
ENR26PKCMCS,EMP00111,PLN9033,Unpaid Leave,INVALID_PLAN_XXX,Statutory,Annual,2021-09-28,2023-09-28,EMP00018,2021-09-28,Pending,25,No,5.0
ENREXNP2CY4,EMP00112,PLN4808,Compensatory Off,CO-PLAN-06,Unpaid,One-Time,2021-10-06,2022-10-06,EMP00001,2021-10-06,Active,21,Yes,0.0
ENRA9MM2ZBY,EMP00112,PLN8744,Maternity Leave,ML-PLAN-04,Unpaid,Monthly,2023-01-09,2024-01-09,EMP00018,2023-01-09,Inactive,18,No,
ENRCEC5NODO,EMP00113,,Annual Leave,AL-PLAN-01,Unpaid,One-Time,2022-07-20,2025-07-19,EMP00036,2022-07-20,Pending,18,Yes,15.0
ENRC8K2E26T,EMP00113,,Unpaid Leave,UL-PLAN-07,Paid,Monthly,2023-02-18,2024-02-18,EMP00042,2023-02-18,Terminated,30,Yes,
ENRHYNZ8P1F,EMP00113,,Sick Leave,SL-PLAN-02,Statutory,Annual,2021-03-24,2023-03-24,EMP00029,2021-03-24,Pending,30,Yes,
ENR3IHEVLJI,EMP00114,PLN1610,Compensatory Off,CO-PLAN-06,Paid,Annual,2021-11-08,2024-11-07,EMP00043,2021-11-08,Terminated,21,Yes,10.0
ENRLEYC6QGQ,EMP00114,PLN6503,Sick Leave,SL-PLAN-02,Statutory,Per-Incident,2020-11-14,2023-11-14,EMP00029,2020-11-14,Active,21,Yes,
ENRVYDWUNS8,EMP00115,PLN8742,Maternity Leave,ML-PLAN-04,Paid,Monthly,2021-03-30,2023-03-30,EMP00042,2021-03-30,Active,21,Yes,15.0
ENRSJCXELSB,EMP00115,PLN6593,Annual Leave,AL-PLAN-01,Unpaid,One-Time,2020-10-07,2023-10-07,EMP00019,2020-10-07,Pending,21,No,10.0
ENR0U41AN2F,EMP00115,PLN8333,Unpaid Leave,UL-PLAN-07,Paid,Monthly,2022-11-08,2023-11-08,EMP00048,2022-11-08,Active,20,Yes,
ENRIGP12F5H,EMP00115,PLN9320,Paternity Leave,PL-PLAN-05,Paid,Annual,2023-03-26,2025-03-25,EMP00043,2023-03-26,Terminated,30,Yes,5.0
ENRWZRSJ5P7,EMP00116,PLN9982,Maternity Leave,ML-PLAN-04,Paid,Monthly,2023-05-01,2026-04-30,EMP00025,2023-05-01,Pending,20,Yes,15.0
ENRPZNNTMOJ,EMP00116,PLN1309,Unpaid Leave,UL-PLAN-07,Statutory,Annual,2021-03-20,2024-03-19,EMP00027,2021-03-20,Terminated,15,Yes,
ENRZEX1TX2G,EMP00116,PLN6264,Bereavement Leave,BL-PLAN-08,Statutory,Annual,2023-12-26,2024-12-25,EMP00037,2023-12-26,Inactive,30,Yes,0.0
ENRBLRIDYUP,EMP00117,PLN8854,Annual Leave,AL-PLAN-01,Paid,Monthly,2021-10-01,2022-10-01,EMP00031,2021-10-01,Inactive,12,Yes,15.0
ENRVHEKUU24,EMP00117,PLN5034,Compensatory Off,CO-PLAN-06,Paid,Monthly,2022-10-12,2025-10-11,EMP00037,2022-10-12,Pending,12,No,5.0
ENRUARSN0QW,EMP00117,PLN4035,Bereavement Leave,BL-PLAN-08,Paid,Per-Incident,2020-07-25,2023-07-25,EMP00048,2020-07-25,Pending,21,Yes,
ENR8DVHCGSU,EMP00118,PLN7987,Bereavement Leave,BL-PLAN-08,Statutory,Monthly,2022-01-11,2025-01-10,EMP00005,2022-01-11,Inactive,30,Yes,5.0
ENRTS6FRJ1I,EMP00118,PLN7223,Sick Leave,SL-PLAN-02,Statutory,Per-Incident,2022-05-03,2024-05-02,EMP00016,2022-05-03,Inactive,18,Yes,10.0
ENRDFJY86PS,EMP00118,PLN5953,Paternity Leave,PL-PLAN-05,Paid,Per-Incident,2021-07-11,2022-07-11,EMP00016,2021-07-11,Inactive,30,Yes,
ENRFCGGNKWV,EMP00118,PLN9987,Casual Leave,CL-PLAN-03,Statutory,Annual,2021-03-04,2024-03-03,EMP00009,2021-03-04,Active,15,Yes,15.0
ENR656ZIDPW,EMP00119,PLN8083,Sick Leave,SL-PLAN-02,Paid,Per-Incident,2021-06-09,2023-06-09,EMP00019,2021-06-09,Terminated,10,No,10.0
ENR6K5H4FW2,EMP00119,PLN2883,Annual Leave,AL-PLAN-01,Statutory,Monthly,2023-11-14,2025-11-13,EMP00033,2023-11-14,Active,20,No,0.0
ENR779I1JNL,EMP00119,PLN6280,Compensatory Off,CO-PLAN-06,Statutory,One-Time,2023-05-25,2024-05-24,EMP00024,2023-05-25,Pending,25,Yes,15.0
ENRWH4H5EIW,EMP00120,PLN2757,Paternity Leave,PL-PLAN-05,Paid,Annual,2023-04-13,2025-04-12,EMP00041,2023-04-13,Terminated,10,Yes,15.0
ENROV6IPXFD,EMP00120,PLN5854,Bereavement Leave,BL-PLAN-08,Statutory,Monthly,2021-12-26,2023-12-26,EMP00048,2021-12-26,Pending,15,No,15.0
ENRQB18S3W8,EMP00120,PLN4861,Casual Leave,CL-PLAN-03,Unpaid,Annual,2022-04-08,2025-04-07,EMP00025,2022-04-08,Terminated,20,No,15.0
ENR0D3BFCEX,EMP00121,,Paternity Leave,PL-PLAN-05,Statutory,Per-Incident,NOT-A-DATE,2026-01-11,EMP00017,2035-01-01,Terminated,-5,Yes,5.0
ENRT1U6PIDP,EMP00121,,Casual Leave,CL-PLAN-03,Statutory,Monthly,NOT-A-DATE,2022-10-21,EMP00007,2035-01-01,Active,-5,Yes,
ENR9V9SC2Y8,EMP00121,,Maternity Leave,ML-PLAN-04,Statutory,Per-Incident,NOT-A-DATE,2024-08-13,EMP00018,2035-01-01,Active,-5,Yes,0.0
ENRTWU8U5D6,EMP00122,PLN5644,Unpaid Leave,UL-PLAN-07,Paid,One-Time,2022-07-07,2025-07-06,EMP00006,2022-07-07,Inactive,21,No,10.0
ENR7T0JU4SX,EMP00122,PLN9990,Casual Leave,CL-PLAN-03,Unpaid,Per-Incident,2020-07-05,2021-07-05,EMP00009,2020-07-05,Pending,30,Yes,0.0
ENRE2R6DGIA,EMP00123,PLN6266,Paternity Leave,PL-PLAN-05,Unpaid,Monthly,2020-01-07,2021-01-06,EMP00041,2020-01-07,Inactive,20,Yes,5.0
ENRE4HPNW7P,EMP00123,PLN2869,Sick Leave,SL-PLAN-02,Paid,One-Time,2023-12-09,2026-12-08,EMP00040,2023-12-09,Active,21,Yes,
ENRBV4ODWIT,EMP00124,PLN3405,Paternity Leave,PL-PLAN-05,Unpaid,One-Time,2021-11-24,2023-11-24,EMP00004,2021-11-24,Active,25,No,
ENRYU4WBL59,EMP00124,PLN9963,Annual Leave,AL-PLAN-01,Statutory,Per-Incident,2020-03-18,2021-03-18,EMP00004,2020-03-18,Active,12,No,15.0
ENR0P0CIL1M,EMP00124,PLN2661,Casual Leave,CL-PLAN-03,Unpaid,Annual,2021-04-16,2024-04-15,EMP00046,2021-04-16,Terminated,21,Yes,
ENRY6SYL8ZI,EMP00124,PLN8367,Compensatory Off,CO-PLAN-06,Unpaid,Monthly,2021-04-17,2022-04-17,EMP00011,2021-04-17,Inactive,21,No,0.0
ENR5H40V2KF,EMP00125,PLN7618,Sick Leave,SL-PLAN-02,Unpaid,Annual,2020-07-02,2021-07-02,EMP00042,2020-07-02,Active,25,No,0.0
ENR6TM3L26S,EMP00125,PLN6742,Maternity Leave,ML-PLAN-04,Statutory,One-Time,2022-05-16,2025-05-15,EMP00027,2022-05-16,Terminated,30,Yes,10.0
ENRBSMDOR8E,EMP00125,PLN9508,Compensatory Off,CO-PLAN-06,Unpaid,Per-Incident,2023-03-26,2024-03-25,EMP00030,2023-03-26,Pending,15,Yes,0.0
ENR7AC4REHR,EMP00126,PLN7787,Casual Leave,CL-PLAN-03,Statutory,Annual,2023-09-15,2024-09-14,EMP00040,2023-09-15,Inactive,15,Yes,15.0
ENR0E36JWDD,EMP00126,PLN6165,Compensatory Off,CO-PLAN-06,Unpaid,One-Time,2021-03-20,2024-03-19,EMP00038,2021-03-20,Terminated,10,Yes,0.0
ENRZIXE0IIP,EMP00126,PLN1831,Maternity Leave,ML-PLAN-04,Paid,Per-Incident,2022-11-28,2024-11-27,EMP00010,2022-11-28,Inactive,25,Yes,
ENR4V9VGRU4,EMP00127,PLN8475,Casual Leave,CL-PLAN-03,Paid,Per-Incident,2021-11-05,2021-10-06,EMP00015,2021-11-05,Terminated,10,Yes,5.0
ENRD568VW1C,EMP00127,PLN4263,Maternity Leave,ML-PLAN-04,Paid,Per-Incident,2021-11-08,2021-10-09,EMP00023,2021-11-08,Pending,18,Yes,10.0
ENR5ONPJB6M,EMP00127,PLN9065,Sick Leave,SL-PLAN-02,Statutory,Per-Incident,2020-03-05,2020-02-04,EMP00023,2020-03-05,Active,10,Yes,15.0
ENRBARGKIYY,EMP00127,PLN2871,Unpaid Leave,UL-PLAN-07,Statutory,Monthly,2023-08-13,2023-07-14,EMP00021,2023-08-13,Terminated,10,No,0.0
ENR30EA3VOK,EMP00128,PLN2179,Unpaid Leave,UL-PLAN-07,Unpaid,Annual,2021-11-08,2022-11-08,EMP00046,2021-11-08,Terminated,10,No,15.0
ENRDE2W3Z0J,EMP00128,PLN7665,Annual Leave,AL-PLAN-01,Statutory,One-Time,2023-08-08,2025-08-07,EMP00040,2023-08-08,Inactive,30,Yes,5.0
ENRYB5XVAZH,EMP00128,PLN9970,Sick Leave,SL-PLAN-02,Unpaid,Annual,2022-03-14,2024-03-13,EMP00045,2022-03-14,Inactive,25,Yes,15.0
ENRQ09BGE5Y,EMP00128,PLN7189,Paternity Leave,PL-PLAN-05,Unpaid,Annual,2023-11-06,2025-11-05,EMP00022,2023-11-06,Active,18,Yes,0.0
ENRDTRXSJF7,EMP00129,,Bereavement Leave,BL-PLAN-08,Statutory,Per-Incident,2022-10-22,2024-10-21,EMP00039,2022-10-22,Active,15,Yes,10.0
ENRWT2KRZT1,EMP00129,,Maternity Leave,ML-PLAN-04,Paid,Monthly,2022-08-13,2025-08-12,EMP00002,2022-08-13,Inactive,30,Yes,
ENRTCIOHKH1,EMP00130,PLN1658,Sick Leave,SL-PLAN-02,Statutory,Per-Incident,2023-05-18,2026-05-17,EMP00003,2023-05-18,Pending,10,Yes,5.0
ENRZAF067DZ,EMP00130,PLN5661,Unpaid Leave,UL-PLAN-07,Statutory,Annual,2020-03-24,2023-03-24,EMP00001,2020-03-24,Terminated,12,No,5.0
ENR1WW312JJ,EMP00131,PLN3743,Sick Leave,SL-PLAN-02,Paid,Per-Incident,2020-09-18,2021-09-18,EMP00030,2020-09-18,Terminated,20,Yes,5.0
ENRNZOT914W,EMP00131,PLN4540,Bereavement Leave,BL-PLAN-08,Unpaid,One-Time,2020-06-16,2021-06-16,EMP00016,2020-06-16,Active,20,No,10.0
ENRWMVVHKDH,EMP00131,PLN9001,Maternity Leave,ML-PLAN-04,Paid,Monthly,2023-05-01,2024-04-30,EMP00022,2023-05-01,Inactive,18,Yes,0.0
ENRO92A4ATY,EMP00132,PLN1026,Maternity Leave,ML-PLAN-04,Unpaid,Annual,2020-12-18,2023-12-18,EMP00026,2020-12-18,Pending,30,Yes,0.0
ENRCZIRHZI2,EMP00132,PLN8079,Sick Leave,SL-PLAN-02,Paid,Per-Incident,2020-04-18,2023-04-18,EMP00050,2020-04-18,Active,21,Yes,
ENRFJITG76M,EMP00132,PLN3094,Compensatory Off,CO-PLAN-06,Unpaid,Monthly,2021-05-22,2022-05-22,EMP00043,2021-05-22,Pending,30,No,10.0
ENR4Y4UFP1G,EMP00132,PLN9883,Bereavement Leave,BL-PLAN-08,Unpaid,Annual,2023-07-02,2026-07-01,EMP00027,2023-07-02,Inactive,15,No,0.0
ENR215J7ETT,EMP00133,PLN5406,Casual Leave,INVALID_PLAN_XXX,Unpaid,Per-Incident,NOT-A-DATE,2023-02-24,EMP00041,2022-02-24,Active,12,Yes,10.0
ENRF8NT3S3Z,EMP00133,PLN9384,Paternity Leave,INVALID_PLAN_XXX,Paid,Monthly,NOT-A-DATE,2023-02-24,EMP00007,2020-02-25,Terminated,12,Yes,
ENRD4763AS7,EMP00133,PLN1996,Compensatory Off,INVALID_PLAN_XXX,Statutory,Monthly,NOT-A-DATE,2022-08-28,EMP00034,2021-08-28,Active,21,Yes,0.0
ENR1AN0QT4G,EMP00134,PLN2366,Sick Leave,SL-PLAN-02,Unpaid,Monthly,2020-03-27,2022-03-27,EMP00040,2020-03-27,Terminated,21,Yes,0.0
ENRVG4GWWK2,EMP00134,PLN3429,Paternity Leave,PL-PLAN-05,Statutory,One-Time,2020-08-18,2021-08-18,EMP00007,2020-08-18,Pending,21,Yes,0.0
ENR1C3M083H,EMP00134,PLN6057,Compensatory Off,CO-PLAN-06,Unpaid,Monthly,2023-08-02,2025-08-01,EMP00011,2023-08-02,Terminated,25,Yes,5.0
ENR0KLYE3PH,EMP00134,PLN7501,Casual Leave,CL-PLAN-03,Unpaid,Per-Incident,2022-02-09,2025-02-08,EMP00047,2022-02-09,Active,20,No,
ENRWEG5XBCC,EMP00135,PLN1575,Maternity Leave,ML-PLAN-04,Unpaid,Per-Incident,2022-04-17,2023-04-17,EMP00021,2022-04-17,Inactive,18,Yes,
ENR3BFF8A3G,EMP00135,PLN5297,Compensatory Off,CO-PLAN-06,Unpaid,Annual,2021-09-26,2022-09-26,EMP00030,2021-09-26,Terminated,15,No,10.0
ENRGRMS30AJ,EMP00136,PLN3358,Annual Leave,AL-PLAN-01,Paid,Monthly,2021-11-13,2023-11-13,EMP00013,2021-11-13,Pending,12,No,15.0
ENR7SY8C1XV,EMP00136,PLN9087,Sick Leave,SL-PLAN-02,Unpaid,Annual,2022-11-11,2023-11-11,EMP00005,2022-11-11,Terminated,15,Yes,10.0
ENRU25GMEHW,EMP00137,,Maternity Leave,ML-PLAN-04,Paid,Per-Incident,2023-04-23,2024-04-22,EMP00016,2023-04-23,Pending,20,Yes,0.0
ENR7IKJYJT8,EMP00137,,Annual Leave,AL-PLAN-01,Paid,One-Time,2023-09-28,2026-09-27,EMP00026,2023-09-28,Terminated,25,Yes,10.0
ENR3E1NQWM5,EMP00137,,Sick Leave,SL-PLAN-02,Statutory,Per-Incident,2023-07-12,2025-07-11,EMP00006,2023-07-12,Pending,21,Yes,15.0
ENROYDY4UPY,EMP00138,PLN8930,Annual Leave,AL-PLAN-01,Statutory,Per-Incident,2023-05-24,2025-05-23,EMP00009,2023-05-24,Inactive,30,No,10.0
ENRNLY918F1,EMP00138,PLN9541,Compensatory Off,CO-PLAN-06,Unpaid,One-Time,2020-03-11,2023-03-11,EMP00038,2020-03-11,Inactive,18,No,
ENRVUSNGSLS,EMP00138,PLN8120,Maternity Leave,ML-PLAN-04,Paid,Monthly,2023-07-09,2026-07-08,EMP00020,2023-07-09,Active,30,Yes,0.0
ENRDQLJ2T7K,EMP00138,PLN6143,Sick Leave,SL-PLAN-02,Paid,One-Time,2021-11-18,2022-11-18,EMP00035,2021-11-18,Active,10,Yes,
ENRMYAT64OJ,EMP00139,PLN7890,Maternity Leave,ML-PLAN-04,Unpaid,Monthly,2022-01-31,2024-01-31,EMP00048,2022-01-31,Inactive,21,No,5.0
ENR33SNUO09,EMP00139,PLN1565,Compensatory Off,CO-PLAN-06,Paid,Per-Incident,2023-01-10,2026-01-09,EMP00005,2023-01-10,Active,12,Yes,10.0
ENRG7ZPGBJV,EMP00139,PLN5208,Annual Leave,AL-PLAN-01,Statutory,One-Time,2020-03-07,2023-03-07,EMP00042,2020-03-07,Pending,18,Yes,10.0
ENRCUPGK0FH,EMP00139,PLN2563,Casual Leave,CL-PLAN-03,Unpaid,Annual,2020-03-15,2023-03-15,EMP00016,2020-03-15,Terminated,25,Yes,
ENR52QXHRNZ,EMP00140,PLN5998,Annual Leave,AL-PLAN-01,Unpaid,Monthly,2023-01-01,2025-12-31,EMP00049,2023-01-01,Terminated,30,Yes,5.0
ENRQE2MZ268,EMP00140,PLN7964,Compensatory Off,CO-PLAN-06,Unpaid,Monthly,2022-11-25,2024-11-24,EMP00047,2022-11-25,Terminated,15,Yes,0.0
ENRWWXNV0AH,EMP00140,PLN3242,Bereavement Leave,BL-PLAN-08,Unpaid,Per-Incident,2022-06-25,2024-06-24,EMP00031,2022-06-25,Pending,12,No,5.0
ENRGPGDT254,,PLN3571,Unpaid Leave,UL-PLAN-07,Statutory,Annual,2023-08-25,2025-08-24,EMP00003,2023-08-25,Pending,10,Yes,15.0
ENR4H5EGJYX,,PLN8556,Annual Leave,AL-PLAN-01,Statutory,One-Time,2023-04-05,2025-04-04,EMP00019,2023-04-05,Active,10,Yes,10.0
ENRK8XA7V9I,,PLN3860,Paternity Leave,PL-PLAN-05,Statutory,One-Time,2020-12-07,2023-12-07,EMP00036,2020-12-07,Active,21,No,15.0
ENRUXT66U17,EMP00142,PLN9126,Casual Leave,CL-PLAN-03,Statutory,Per-Incident,2021-11-06,2023-11-06,EMP00020,2021-11-06,Pending,21,Yes,
ENRV5M1KVYG,EMP00142,PLN3986,Compensatory Off,CO-PLAN-06,Paid,One-Time,2021-09-08,2022-09-08,EMP00038,2021-09-08,Inactive,25,Yes,0.0
ENRBQZYLEFZ,EMP00142,PLN1470,Sick Leave,SL-PLAN-02,Paid,Per-Incident,2021-12-27,2024-12-26,EMP00027,2021-12-27,Inactive,15,Yes,15.0
ENR64YUO7OH,EMP00143,PLN8241,Annual Leave,AL-PLAN-01,Unpaid,Annual,2022-01-24,2025-01-23,EMP00023,2022-01-24,Pending,25,Yes,0.0
ENRJ17L7LXQ,EMP00143,PLN1012,Paternity Leave,PL-PLAN-05,Statutory,Monthly,2023-03-12,2026-03-11,EMP00048,2023-03-12,Inactive,15,Yes,0.0
ENRM7SJ1Z2Z,EMP00144,PLN4105,Compensatory Off,CO-PLAN-06,Statutory,Monthly,2021-11-11,2022-11-11,EMP00035,2021-11-11,Pending,12,Yes,15.0
ENRHIBCD4RL,EMP00144,PLN9366,Unpaid Leave,UL-PLAN-07,Unpaid,One-Time,2022-11-26,2024-11-25,EMP00030,2022-11-26,Inactive,10,No,
ENRLWXDW9ZX,EMP00145,,Casual Leave,CL-PLAN-03,Paid,Monthly,NOT-A-DATE,2021-03-28,EMP00033,2021-04-27,Inactive,25,Yes,10.0
ENR4D2GNHKD,EMP00145,,Annual Leave,AL-PLAN-01,Unpaid,Annual,NOT-A-DATE,2020-09-22,EMP00031,2020-10-22,Terminated,21,Yes,15.0
ENRYKTA8BYQ,EMP00145,,Paternity Leave,PL-PLAN-05,Paid,Per-Incident,NOT-A-DATE,2022-02-12,EMP00030,2022-03-14,Active,15,Yes,5.0
ENRWFAH0BGB,EMP00146,PLN3800,Paternity Leave,PL-PLAN-05,Statutory,Monthly,2023-08-22,2025-08-21,EMP00024,2023-08-22,Pending,10,Yes,15.0
ENR6L86B2JN,EMP00146,PLN6246,Annual Leave,AL-PLAN-01,Statutory,Monthly,2021-11-02,2024-11-01,EMP00013,2021-11-02,Terminated,10,Yes,15.0
ENR5E98KWP1,EMP00146,PLN9087,Sick Leave,SL-PLAN-02,Unpaid,Per-Incident,2021-08-03,2022-08-03,EMP00045,2021-08-03,Pending,20,No,10.0
ENR21M4FIK8,EMP00146,PLN9548,Unpaid Leave,UL-PLAN-07,Paid,Per-Incident,2021-03-18,2023-03-18,EMP00046,2021-03-18,Inactive,12,Yes,10.0
ENRW438WTZB,EMP00147,PLN4135,Maternity Leave,ML-PLAN-04,Paid,Monthly,2023-10-30,2025-10-29,EMP00047,2023-10-30,Pending,30,Yes,0.0
ENR2HPHBXK5,EMP00147,PLN3417,Annual Leave,AL-PLAN-01,Paid,Monthly,2020-05-03,2021-05-03,EMP00040,2020-05-03,Inactive,18,Yes,
ENR637LJWH0,EMP00147,PLN1107,Compensatory Off,CO-PLAN-06,Unpaid,One-Time,2022-10-01,2023-10-01,EMP00017,2022-10-01,Pending,15,No,15.0
ENR20DGS08H,EMP00147,PLN5492,Casual Leave,CL-PLAN-03,Paid,One-Time,2023-08-24,2024-08-23,EMP00038,2023-08-24,Terminated,21,No,
ENRZ7N9KMDI,EMP00148,PLN5442,Sick Leave,SL-PLAN-02,Statutory,One-Time,2022-01-27,2023-01-27,EMP00029,2022-01-27,Terminated,15,Yes,10.0
ENRSNSNX4WN,EMP00148,PLN4854,Annual Leave,AL-PLAN-01,Statutory,Annual,2022-03-07,2023-03-07,EMP00009,2022-03-07,Pending,20,Yes,
ENR3YNPMMHU,EMP00148,PLN6170,Compensatory Off,CO-PLAN-06,Statutory,Annual,2020-07-23,2022-07-23,EMP00038,2020-07-23,Terminated,15,No,10.0
ENRZKROHAJI,EMP00148,PLN2378,Paternity Leave,PL-PLAN-05,Paid,One-Time,2021-09-01,2024-08-31,EMP00038,2021-09-01,Pending,15,Yes,15.0
ENR88ZOFJAY,EMP00149,PLN9491,Unpaid Leave,UL-PLAN-07,Statutory,Per-Incident,2021-06-18,2022-06-18,EMP00001,2021-06-18,Terminated,25,Yes,5.0
ENRACX8XFA1,EMP00149,PLN1700,Bereavement Leave,BL-PLAN-08,Unpaid,One-Time,2023-12-06,2026-12-05,EMP00048,2023-12-06,Inactive,18,No,10.0
ENRVMGBJZHZ,EMP00149,PLN1724,Compensatory Off,CO-PLAN-06,Paid,Per-Incident,2021-04-14,2024-04-13,EMP00029,2021-04-14,Inactive,20,Yes,10.0
ENR6FAZE70C,EMP00149,PLN1833,Annual Leave,AL-PLAN-01,Statutory,One-Time,2022-03-18,2023-03-18,EMP00046,2022-03-18,Active,21,No,5.0
ENRZL4THNIK,EMP00150,PLN7392,Compensatory Off,CO-PLAN-06,Statutory,Annual,2022-10-26,2025-10-25,EMP00014,2022-10-26,Terminated,15,Yes,0.0
ENRU3D40I6X,EMP00150,PLN8368,Unpaid Leave,UL-PLAN-07,Unpaid,Monthly,2023-01-11,2025-01-10,EMP00037,2023-01-11,Active,20,Yes,5.0
ENRRN40IGP7,EMP00150,PLN1947,Bereavement Leave,BL-PLAN-08,Unpaid,Monthly,2023-12-08,2026-12-07,EMP00017,2023-12-08,Pending,12,No,
ENRT8Y5SRSO,EMP00151,PLN9496,Bereavement Leave,BL-PLAN-08,Statutory,Annual,2020-07-25,2021-07-25,EMP00008,2020-07-25,Terminated,-5,Yes,
ENRVUSL5PSK,EMP00151,PLN7031,Paternity Leave,PL-PLAN-05,Paid,One-Time,2021-08-06,2024-08-05,EMP00013,2021-08-06,Active,-5,Yes,15.0
ENRC913E4PM,EMP00152,PLN5940,Sick Leave,SL-PLAN-02,Statutory,Annual,2023-12-08,2024-12-07,EMP00041,2023-12-08,Inactive,30,Yes,15.0
ENRFIS0HJL2,EMP00152,PLN9804,Maternity Leave,ML-PLAN-04,Paid,Per-Incident,2020-08-07,2021-08-07,EMP00004,2020-08-07,Inactive,18,No,15.0
ENRZ3RITZNZ,EMP00153,,Compensatory Off,CO-PLAN-06,Statutory,One-Time,2022-12-24,2025-12-23,EMP00027,2022-12-24,Inactive,30,Yes,
ENRAK3I2NR1,EMP00153,,Annual Leave,AL-PLAN-01,Unpaid,Annual,2023-01-29,2024-01-29,EMP00039,2023-01-29,Active,20,No,
ENRW1C0HKNC,EMP00153,,Unpaid Leave,UL-PLAN-07,Paid,One-Time,2020-07-11,2022-07-11,EMP00035,2020-07-11,Terminated,15,Yes,5.0
ENRRAUSQLEO,EMP00153,,Maternity Leave,ML-PLAN-04,Statutory,Per-Incident,2023-03-06,2026-03-05,EMP00012,2023-03-06,Active,18,Yes,5.0
ENRBGJO7B39,EMP00154,PLN1287,Sick Leave,SL-PLAN-02,Statutory,Per-Incident,2022-02-22,2024-02-22,EMP00015,2022-02-22,Inactive,20,Yes,
ENR1GEL9LR9,EMP00154,PLN5221,Unpaid Leave,UL-PLAN-07,Unpaid,Monthly,2020-08-30,2021-08-30,EMP00017,2020-08-30,Terminated,15,No,
ENRTIXV230X,EMP00154,PLN2795,Compensatory Off,CO-PLAN-06,Statutory,Monthly,2021-01-08,2024-01-08,EMP00040,2021-01-08,Inactive,25,Yes,10.0
ENRBXKB8LA9,EMP00154,PLN4474,Casual Leave,CL-PLAN-03,Statutory,Per-Incident,2021-11-24,2023-11-24,EMP00007,2021-11-24,Terminated,15,Yes,0.0
ENRPBJ65FER,EMP00155,PLN3151,Annual Leave,INVALID_PLAN_XXX,Statutory,Per-Incident,2021-04-30,2024-04-29,EMP00043,2021-04-30,Terminated,20,Yes,
ENRSX6YO6J9,EMP00155,PLN3880,Unpaid Leave,INVALID_PLAN_XXX,Unpaid,One-Time,2022-06-08,2025-06-07,EMP00005,2022-06-08,Terminated,15,No,
ENRW372BJLV,EMP00155,PLN4411,Sick Leave,INVALID_PLAN_XXX,Unpaid,Monthly,2022-03-29,2023-03-29,EMP00044,2022-03-29,Pending,21,No,10.0
ENRO0VPSPTS,EMP00156,PLN3318,Annual Leave,AL-PLAN-01,Paid,One-Time,2022-09-15,2025-09-14,EMP00036,2022-09-15,Terminated,25,Yes,0.0
ENR8DHA756F,EMP00156,PLN5854,Bereavement Leave,BL-PLAN-08,Statutory,Monthly,2023-04-04,2026-04-03,EMP00040,2023-04-04,Inactive,18,Yes,
ENRNTXQLQQP,EMP00156,PLN2672,Compensatory Off,CO-PLAN-06,Unpaid,Annual,2021-01-04,2024-01-04,EMP00042,2021-01-04,Inactive,20,Yes,5.0
ENRJHROQH95,EMP00156,PLN5847,Sick Leave,SL-PLAN-02,Statutory,Per-Incident,2021-03-17,2022-03-17,EMP00030,2021-03-17,Inactive,20,Yes,15.0
ENRRICE2MMV,EMP00157,PLN5720,Maternity Leave,ML-PLAN-04,Unpaid,Per-Incident,NOT-A-DATE,2026-07-27,EMP00038,2023-07-28,Active,18,No,15.0
ENRNC817IEX,EMP00157,PLN3557,Sick Leave,SL-PLAN-02,Unpaid,Per-Incident,NOT-A-DATE,2024-01-25,EMP00020,2021-01-25,Inactive,21,Yes,
ENRBWM74XZF,EMP00157,PLN9409,Bereavement Leave,BL-PLAN-08,Unpaid,Per-Incident,NOT-A-DATE,2022-11-09,EMP00048,2020-11-09,Active,12,Yes,
ENRTXPYQJUH,EMP00157,PLN6647,Unpaid Leave,UL-PLAN-07,Unpaid,Per-Incident,NOT-A-DATE,2024-01-20,EMP00021,2022-01-20,Inactive,30,Yes,15.0
ENRP4XXGPOL,EMP00158,PLN4282,Sick Leave,SL-PLAN-02,Unpaid,Annual,2020-01-27,2023-01-26,EMP00015,2020-01-27,Active,10,Yes,0.0
ENRCHRJ81EY,EMP00158,PLN9069,Annual Leave,AL-PLAN-01,Statutory,Annual,2023-05-27,2024-05-26,EMP00032,2023-05-27,Active,30,Yes,
ENR0DLP4NJY,EMP00159,PLN6917,Compensatory Off,CO-PLAN-06,Paid,Monthly,2023-07-09,2025-07-08,EMP00049,2023-07-09,Pending,30,Yes,5.0
ENR4A7UQ5PE,EMP00159,PLN4190,Bereavement Leave,BL-PLAN-08,Unpaid,Per-Incident,2022-04-30,2024-04-29,EMP00003,2022-04-30,Active,30,No,
ENRQ1C6X9KE,EMP00159,PLN2721,Maternity Leave,ML-PLAN-04,Unpaid,One-Time,2021-04-06,2024-04-05,EMP00029,2021-04-06,Active,25,Yes,15.0
ENRFVIKVLGS,EMP00160,PLN2403,Compensatory Off,CO-PLAN-06,Statutory,One-Time,2023-08-17,2026-08-16,EMP00002,2023-08-17,Terminated,18,Yes,0.0
ENRIUJUH5RR,EMP00160,PLN3519,Annual Leave,AL-PLAN-01,Statutory,Annual,2023-04-06,2026-04-05,EMP00018,2023-04-06,Terminated,30,Yes,0.0
ENRZQ22CLZX,EMP00160,PLN3710,Maternity Leave,ML-PLAN-04,Unpaid,Monthly,2023-11-06,2026-11-05,EMP00011,2023-11-06,Pending,20,Yes,0.0
ENRLU6FPY7E,EMP00160,PLN6751,Paternity Leave,PL-PLAN-05,Unpaid,One-Time,2022-07-25,2025-07-24,EMP00003,2022-07-25,Inactive,21,Yes,0.0
ENRT2E71DAY,EMP00161,,Paternity Leave,PL-PLAN-05,Statutory,Annual,2020-05-31,2022-05-31,EMP00031,2035-01-01,Terminated,30,Yes,
ENRBWU2ZVTJ,EMP00161,,Maternity Leave,ML-PLAN-04,Paid,Monthly,2022-10-03,2024-10-02,EMP00007,2035-01-01,Terminated,25,Yes,5.0
ENROA16N0ZB,EMP00162,PLN4069,Annual Leave,AL-PLAN-01,Paid,Per-Incident,2020-07-07,2023-07-07,EMP00030,2020-07-07,Terminated,25,Yes,10.0
ENRSSHPZOQG,EMP00162,PLN9037,Compensatory Off,CO-PLAN-06,Unpaid,Annual,2023-01-19,2024-01-19,EMP00041,2023-01-19,Pending,30,Yes,
ENRR6BZQ5V7,EMP00163,PLN9400,Bereavement Leave,BL-PLAN-08,Paid,One-Time,2020-05-03,2020-04-03,EMP00021,2020-05-03,Active,30,Yes,15.0
ENRCLW69H2S,EMP00163,PLN7740,Paternity Leave,PL-PLAN-05,Paid,Monthly,2020-05-13,2020-04-13,EMP00031,2020-05-13,Inactive,21,Yes,5.0
ENR8KYS9YKH,EMP00163,PLN8973,Compensatory Off,CO-PLAN-06,Paid,Monthly,2021-03-10,2021-02-08,EMP00040,2021-03-10,Active,18,No,15.0
ENR96X4FNDE,EMP00164,PLN9008,Paternity Leave,PL-PLAN-05,Unpaid,Per-Incident,2022-06-13,2024-06-12,EMP00038,2022-06-13,Inactive,15,Yes,0.0
ENR7J0NRITC,EMP00164,PLN3346,Annual Leave,AL-PLAN-01,Unpaid,One-Time,2020-09-04,2022-09-04,EMP00043,2020-09-04,Pending,10,No,10.0
ENRYN0KO21J,EMP00165,PLN5464,Casual Leave,CL-PLAN-03,Unpaid,Monthly,2020-08-19,2022-08-19,EMP00041,2020-08-19,Pending,10,Yes,15.0
ENREW044L3H,EMP00165,PLN8848,Annual Leave,AL-PLAN-01,Statutory,One-Time,2020-02-23,2021-02-22,EMP00042,2020-02-23,Terminated,18,Yes,15.0
ENRFK5YUELW,EMP00166,PLN3991,Annual Leave,AL-PLAN-01,Statutory,One-Time,2022-12-09,2023-12-09,EMP00046,2022-12-09,Terminated,15,Yes,10.0
ENRQB6KFG4M,EMP00166,PLN6200,Casual Leave,CL-PLAN-03,Statutory,Per-Incident,2023-02-18,2026-02-17,EMP00028,2023-02-18,Active,20,Yes,
ENRT80BW9NV,EMP00166,PLN3760,Bereavement Leave,BL-PLAN-08,Statutory,One-Time,2021-03-02,2022-03-02,EMP00005,2021-03-02,Active,30,Yes,0.0
ENRYCC56Q84,EMP00166,PLN6636,Sick Leave,SL-PLAN-02,Unpaid,One-Time,2020-03-16,2022-03-16,EMP00036,2020-03-16,Active,12,Yes,
ENRBP8BD36J,EMP00167,PLN5090,Paternity Leave,PL-PLAN-05,Unpaid,Monthly,2022-07-29,2023-07-29,EMP00018,2022-07-29,Terminated,18,No,10.0
ENRNASXETGG,EMP00167,PLN9169,Compensatory Off,CO-PLAN-06,Unpaid,Annual,2021-10-06,2024-10-05,EMP00023,2021-10-06,Terminated,20,Yes,10.0
ENROICGS10M,EMP00167,PLN8079,Bereavement Leave,BL-PLAN-08,Paid,One-Time,2020-01-14,2023-01-13,EMP00045,2020-01-14,Pending,21,Yes,0.0
ENRPSA6P1GN,EMP00168,PLN3176,Sick Leave,SL-PLAN-02,Statutory,Per-Incident,2020-07-29,2021-07-29,EMP00016,2020-07-29,Pending,10,Yes,10.0
ENR293MNUPX,EMP00168,PLN9631,Paternity Leave,PL-PLAN-05,Statutory,One-Time,2022-02-17,2025-02-16,EMP00009,2022-02-17,Inactive,21,Yes,15.0
ENRQDHQ68OT,EMP00168,PLN4506,Compensatory Off,CO-PLAN-06,Unpaid,Annual,2022-12-06,2024-12-05,EMP00026,2022-12-06,Active,12,Yes,0.0
ENRKJTLX95N,EMP00169,,Annual Leave,AL-PLAN-01,Paid,Annual,NOT-A-DATE,2022-06-07,EMP00041,2021-06-07,Pending,15,Yes,
ENRPEI4MD48,EMP00169,,Bereavement Leave,BL-PLAN-08,Paid,Monthly,NOT-A-DATE,2022-02-10,EMP00024,2020-02-11,Pending,15,Yes,15.0
ENR33L0QHK1,EMP00169,,Casual Leave,CL-PLAN-03,Statutory,Monthly,NOT-A-DATE,2023-09-18,EMP00028,2022-09-18,Pending,18,Yes,10.0
ENRBGDHOWT8,EMP00169,,Maternity Leave,ML-PLAN-04,Paid,Monthly,NOT-A-DATE,2025-08-30,EMP00047,2022-08-31,Pending,10,Yes,
ENRY9A5XEQI,EMP00170,PLN1699,Unpaid Leave,UL-PLAN-07,Statutory,Annual,2023-12-26,2025-12-25,EMP00048,2023-12-26,Inactive,21,Yes,15.0
ENROO0GQ5RR,EMP00170,PLN3854,Casual Leave,CL-PLAN-03,Paid,Monthly,2023-12-13,2026-12-12,EMP00011,2023-12-13,Terminated,20,Yes,
ENRROL9GNYE,EMP00171,PLN4441,Bereavement Leave,BL-PLAN-08,Statutory,One-Time,2022-10-23,2023-10-23,EMP00044,2022-10-23,Pending,12,No,
ENRKPGZ4X77,EMP00171,PLN9450,Annual Leave,AL-PLAN-01,Statutory,Per-Incident,2023-09-30,2026-09-29,EMP00038,2023-09-30,Active,18,No,15.0
ENRK468FKT9,EMP00172,PLN9450,Bereavement Leave,BL-PLAN-08,Paid,One-Time,2020-03-28,2023-03-28,EMP00024,2020-03-28,Active,10,Yes,15.0
ENRHYSD057K,EMP00172,PLN4489,Annual Leave,AL-PLAN-01,Unpaid,Annual,2023-04-23,2024-04-22,EMP00005,2023-04-23,Pending,21,No,
ENRBPQSBW5X,EMP00172,PLN9433,Unpaid Leave,UL-PLAN-07,Paid,Annual,2022-09-02,2025-09-01,EMP00003,2022-09-02,Inactive,18,Yes,5.0
ENR9YG6VU1L,EMP00172,PLN2538,Sick Leave,SL-PLAN-02,Statutory,One-Time,2020-04-15,2022-04-15,EMP00029,2020-04-15,Inactive,21,No,0.0
ENRSNMPL328,EMP00173,PLN2803,Paternity Leave,PL-PLAN-05,Unpaid,Monthly,2020-09-10,2023-09-10,EMP00045,2020-09-10,Terminated,15,Yes,15.0
ENRIFENRFKT,EMP00173,PLN8488,Maternity Leave,ML-PLAN-04,Statutory,Per-Incident,2022-10-18,2024-10-17,EMP00044,2022-10-18,Pending,15,Yes,0.0
ENR817GB2JN,EMP00173,PLN1208,Unpaid Leave,UL-PLAN-07,Unpaid,Monthly,2020-02-26,2021-02-25,EMP00013,2020-02-26,Pending,18,No,0.0
ENR4NJQ2HZ2,EMP00173,PLN6426,Compensatory Off,CO-PLAN-06,Unpaid,Annual,2021-03-16,2022-03-16,EMP00037,2021-03-16,Pending,20,Yes,
ENRMOL53Q9L,EMP00174,PLN3668,Paternity Leave,PL-PLAN-05,Paid,Annual,2023-02-20,2025-02-19,EMP00024,2023-02-20,Active,15,No,15.0
ENRX05ZTUTB,EMP00174,PLN1005,Unpaid Leave,UL-PLAN-07,Paid,One-Time,2020-05-14,2022-05-14,EMP00037,2020-05-14,Pending,20,No,15.0
ENRA23043LW,EMP00175,PLN3994,Maternity Leave,ML-PLAN-04,Statutory,Annual,2022-12-27,2024-12-26,EMP00040,2022-12-27,Terminated,15,Yes,0.0
ENRAEGJD71Y,EMP00175,PLN7132,Compensatory Off,CO-PLAN-06,Statutory,Monthly,2021-10-28,2022-10-28,EMP00037,2021-10-28,Active,15,Yes,
ENR2Y8UJZDE,,PLN9247,Annual Leave,AL-PLAN-01,Statutory,Monthly,2022-11-26,2024-11-25,EMP00044,2022-11-26,Inactive,15,No,0.0
ENRYRPXXQZV,,PLN3204,Paternity Leave,PL-PLAN-05,Paid,Monthly,2022-12-01,2024-11-30,EMP00041,2022-12-01,Pending,12,Yes,15.0
ENRIOEIGBZV,,PLN4221,Maternity Leave,ML-PLAN-04,Unpaid,One-Time,2021-10-23,2022-10-23,EMP00042,2021-10-23,Terminated,15,Yes,0.0
ENR6JECAMS3,EMP00177,,Sick Leave,INVALID_PLAN_XXX,Paid,One-Time,2021-09-30,2023-09-30,EMP00011,2021-09-30,Active,30,No,
ENRW1ENT08Y,EMP00177,,Bereavement Leave,INVALID_PLAN_XXX,Paid,Per-Incident,2022-01-17,2025-01-16,EMP00006,2022-01-17,Terminated,20,Yes,0.0
ENR93D909CY,EMP00177,,Unpaid Leave,INVALID_PLAN_XXX,Statutory,One-Time,2022-04-19,2023-04-19,EMP00002,2022-04-19,Terminated,20,No,10.0
ENRCNDCMD6L,EMP00178,PLN8529,Maternity Leave,ML-PLAN-04,Unpaid,One-Time,2021-05-28,2024-05-27,EMP00043,2021-05-28,Terminated,18,Yes,10.0
ENREWIHGWN3,EMP00178,PLN5732,Annual Leave,AL-PLAN-01,Paid,Per-Incident,2023-04-14,2026-04-13,EMP00016,2023-04-14,Inactive,20,Yes,0.0
ENR5ARNYLOJ,EMP00178,PLN6466,Paternity Leave,PL-PLAN-05,Paid,One-Time,2021-04-03,2023-04-03,EMP00022,2021-04-03,Active,18,Yes,10.0
ENR9X62NEC2,EMP00178,PLN7271,Unpaid Leave,UL-PLAN-07,Statutory,Monthly,2021-12-10,2024-12-09,EMP00011,2021-12-10,Inactive,30,Yes,5.0
ENR3AOEXFE4,EMP00179,PLN2777,Unpaid Leave,UL-PLAN-07,Paid,Per-Incident,2022-07-14,2024-07-13,EMP00024,2022-07-14,Terminated,25,Yes,15.0
ENR9R3VC564,EMP00179,PLN5589,Bereavement Leave,BL-PLAN-08,Unpaid,Annual,2022-11-07,2024-11-06,EMP00034,2022-11-07,Active,30,Yes,
ENR8ZESVY59,EMP00179,PLN8971,Compensatory Off,CO-PLAN-06,Unpaid,Annual,2020-11-23,2023-11-23,EMP00010,2020-11-23,Pending,20,Yes,
ENR6E7UNMZF,EMP00180,PLN5455,Unpaid Leave,UL-PLAN-07,Statutory,Monthly,2020-10-11,2021-10-11,EMP00039,2020-10-11,Pending,18,No,5.0
ENR3YVNHFXN,EMP00180,PLN2500,Annual Leave,AL-PLAN-01,Statutory,Annual,2020-09-17,2023-09-17,EMP00022,2020-09-17,Pending,10,Yes,0.0
ENRDO77USK9,EMP00180,PLN3649,Maternity Leave,ML-PLAN-04,Statutory,Per-Incident,2021-08-12,2024-08-11,EMP00042,2021-08-12,Terminated,25,No,10.0
ENRHSOC8QX1,EMP00181,PLN9851,Unpaid Leave,UL-PLAN-07,Unpaid,Monthly,NOT-A-DATE,2021-08-16,EMP00044,2021-09-15,Inactive,-5,No,10.0
ENREG0C0M27,EMP00181,PLN7407,Paternity Leave,PL-PLAN-05,Unpaid,Per-Incident,NOT-A-DATE,2019-12-25,EMP00019,2020-01-24,Terminated,-5,Yes,0.0
ENRK7LCT8ZK,EMP00181,PLN5417,Bereavement Leave,BL-PLAN-08,Statutory,Monthly,NOT-A-DATE,2021-07-11,EMP00043,2021-08-10,Terminated,-5,Yes,
ENRCVXU4KCK,EMP00182,PLN7384,Compensatory Off,CO-PLAN-06,Statutory,Per-Incident,2023-07-24,2024-07-23,EMP00026,2023-07-24,Terminated,30,Yes,
ENR2M9SEN8C,EMP00182,PLN4164,Bereavement Leave,BL-PLAN-08,Unpaid,Monthly,2021-02-07,2022-02-07,EMP00010,2021-02-07,Inactive,15,Yes,10.0
ENR0KG9SFJT,EMP00182,PLN8986,Maternity Leave,ML-PLAN-04,Unpaid,Monthly,2021-05-08,2023-05-08,EMP00021,2021-05-08,Pending,25,Yes,
ENRJE58XHX4,EMP00183,PLN1022,Unpaid Leave,UL-PLAN-07,Paid,Monthly,2021-11-15,2022-11-15,EMP00034,2021-11-15,Active,10,No,10.0
ENRIVG8K9H8,EMP00183,PLN6571,Compensatory Off,CO-PLAN-06,Unpaid,Annual,2021-09-26,2022-09-26,EMP00016,2021-09-26,Inactive,20,Yes,5.0
ENRB3IBQJYX,EMP00183,PLN9971,Casual Leave,CL-PLAN-03,Unpaid,Monthly,2022-06-10,2023-06-10,EMP00011,2022-06-10,Active,20,Yes,0.0
ENRA3UQ93NF,EMP00184,PLN1024,Unpaid Leave,UL-PLAN-07,Paid,One-Time,2023-08-31,2024-08-30,EMP00036,2023-08-31,Active,25,Yes,10.0
ENRKK6H15PW,EMP00184,PLN9779,Annual Leave,AL-PLAN-01,Unpaid,Monthly,2021-01-26,2024-01-26,EMP00024,2021-01-26,Active,25,Yes,5.0
ENR7CAAMNJJ,EMP00184,PLN9633,Casual Leave,CL-PLAN-03,Unpaid,Monthly,2023-02-23,2024-02-23,EMP00030,2023-02-23,Terminated,25,Yes,0.0
ENREG1Q9K4W,EMP00184,PLN8494,Paternity Leave,PL-PLAN-05,Paid,One-Time,2020-05-26,2021-05-26,EMP00012,2020-05-26,Inactive,30,Yes,5.0
ENR4DD343N5,EMP00185,,Maternity Leave,ML-PLAN-04,Paid,Annual,2023-09-24,2025-09-23,EMP00010,2023-09-24,Active,10,Yes,
ENRF9ODXCX0,EMP00185,,Sick Leave,SL-PLAN-02,Statutory,Per-Incident,2023-07-18,2025-07-17,EMP00042,2023-07-18,Active,15,Yes,
ENR9TA7EY0D,EMP00185,,Casual Leave,CL-PLAN-03,Statutory,Monthly,2023-08-11,2024-08-10,EMP00015,2023-08-11,Pending,25,No,
ENR7WPII17C,EMP00185,,Annual Leave,AL-PLAN-01,Unpaid,Monthly,2021-10-30,2022-10-30,EMP00042,2021-10-30,Active,30,Yes,15.0
ENRUUT2TXYC,EMP00186,PLN1326,Sick Leave,SL-PLAN-02,Statutory,One-Time,2020-05-23,2022-05-23,EMP00026,2020-05-23,Active,12,No,10.0
ENRTC4C2UX5,EMP00186,PLN6433,Compensatory Off,CO-PLAN-06,Unpaid,Annual,2021-10-27,2023-10-27,EMP00045,2021-10-27,Active,10,Yes,10.0
ENRR66JK9Z4,EMP00186,PLN6482,Paternity Leave,PL-PLAN-05,Paid,Annual,2021-05-05,2022-05-05,EMP00050,2021-05-05,Inactive,25,Yes,10.0
ENR0384J38U,EMP00187,PLN7998,Casual Leave,CL-PLAN-03,Unpaid,One-Time,2020-01-17,2021-01-16,EMP00001,2020-01-17,Terminated,21,No,0.0
ENRFY8JODOB,EMP00187,PLN6332,Maternity Leave,ML-PLAN-04,Unpaid,Per-Incident,2022-02-07,2023-02-07,EMP00030,2022-02-07,Terminated,10,Yes,0.0
ENRF49KESJP,EMP00187,PLN9438,Bereavement Leave,BL-PLAN-08,Unpaid,Annual,2023-11-19,2026-11-18,EMP00001,2023-11-19,Active,25,Yes,0.0
ENRW1TU6G2D,EMP00187,PLN4171,Compensatory Off,CO-PLAN-06,Paid,Monthly,2023-10-03,2024-10-02,EMP00008,2023-10-03,Pending,12,Yes,5.0
ENRGCTBJS8Y,EMP00188,PLN6664,Sick Leave,SL-PLAN-02,Statutory,One-Time,2022-11-18,2025-11-17,EMP00044,2022-11-18,Inactive,10,Yes,5.0
ENRV44DPZYW,EMP00188,PLN5847,Casual Leave,CL-PLAN-03,Unpaid,Monthly,2021-03-08,2024-03-07,EMP00025,2021-03-08,Active,20,Yes,5.0
ENRMNTILDI3,EMP00188,PLN5249,Annual Leave,AL-PLAN-01,Statutory,One-Time,2021-01-13,2022-01-13,EMP00027,2021-01-13,Active,25,No,15.0
ENRKJ38LQST,EMP00189,PLN9948,Unpaid Leave,UL-PLAN-07,Statutory,Per-Incident,2022-06-05,2023-06-05,EMP00030,2022-06-05,Inactive,20,Yes,0.0
ENRN7SXMAM6,EMP00189,PLN2915,Maternity Leave,ML-PLAN-04,Statutory,Monthly,2023-12-16,2024-12-15,EMP00003,2023-12-16,Terminated,21,Yes,5.0
ENRNAR7W13O,EMP00189,PLN6040,Compensatory Off,CO-PLAN-06,Paid,Per-Incident,2020-10-03,2022-10-03,EMP00028,2020-10-03,Inactive,10,Yes,0.0
ENRYEEKC281,EMP00190,PLN1508,Compensatory Off,CO-PLAN-06,Statutory,Monthly,2023-02-27,2026-02-26,EMP00012,2023-02-27,Active,10,Yes,15.0
ENR0LCHT6M9,EMP00190,PLN7886,Casual Leave,CL-PLAN-03,Statutory,Per-Incident,2022-11-21,2024-11-20,EMP00001,2022-11-21,Inactive,12,Yes,0.0
ENR4Y51JLI9,EMP00190,PLN6087,Paternity Leave,PL-PLAN-05,Unpaid,Annual,2020-08-15,2021-08-15,EMP00020,2020-08-15,Active,21,Yes,0.0
ENRAQ9XRPYV,EMP00191,PLN1675,Casual Leave,CL-PLAN-03,Statutory,Monthly,2023-09-25,2025-09-24,EMP00042,2023-09-25,Active,10,No,5.0
ENRT8XQDVXR,EMP00191,PLN7703,Maternity Leave,ML-PLAN-04,Statutory,Annual,2020-10-16,2023-10-16,EMP00031,2020-10-16,Pending,10,Yes,0.0
ENR5T0K13IO,EMP00191,PLN3210,Bereavement Leave,BL-PLAN-08,Paid,Per-Incident,2023-08-18,2025-08-17,EMP00027,2023-08-18,Pending,25,No,10.0
ENR0R4YHL4M,EMP00191,PLN1580,Compensatory Off,CO-PLAN-06,Statutory,Annual,2020-05-29,2021-05-29,EMP00024,2020-05-29,Active,21,Yes,15.0
ENR9MHOCI4R,EMP00192,PLN9700,Bereavement Leave,BL-PLAN-08,Statutory,One-Time,2022-10-20,2025-10-19,EMP00037,2022-10-20,Pending,15,Yes,5.0
ENR6RFQU90N,EMP00192,PLN2419,Sick Leave,SL-PLAN-02,Unpaid,Annual,2021-02-25,2024-02-25,EMP00036,2021-02-25,Pending,25,Yes,
ENRP6KFIXC5,EMP00192,PLN6128,Maternity Leave,ML-PLAN-04,Paid,One-Time,2023-03-24,2026-03-23,EMP00027,2023-03-24,Terminated,18,Yes,15.0
ENRSD4R5QT2,EMP00192,PLN3221,Unpaid Leave,UL-PLAN-07,Unpaid,One-Time,2022-08-21,2025-08-20,EMP00025,2022-08-21,Active,21,Yes,15.0
ENRPI9WARY4,EMP00193,,Unpaid Leave,UL-PLAN-07,Unpaid,Per-Incident,NOT-A-DATE,2026-11-20,EMP00007,2023-11-21,Terminated,15,Yes,15.0
ENRCIT0MZHL,EMP00193,,Sick Leave,SL-PLAN-02,Paid,Per-Incident,NOT-A-DATE,2024-10-23,EMP00049,2022-10-24,Pending,25,Yes,10.0
ENRONA5K1TJ,EMP00193,,Paternity Leave,PL-PLAN-05,Statutory,Per-Incident,NOT-A-DATE,2024-03-09,EMP00008,2022-03-10,Terminated,18,Yes,
ENR0Y4IVZW8,EMP00194,PLN8167,Casual Leave,CL-PLAN-03,Unpaid,Per-Incident,2020-09-21,2022-09-21,EMP00008,2020-09-21,Terminated,25,Yes,15.0
ENRVN0VYX15,EMP00194,PLN2396,Sick Leave,SL-PLAN-02,Unpaid,Annual,2020-08-30,2023-08-30,EMP00020,2020-08-30,Pending,25,No,
ENRCFQEYDQT,EMP00195,PLN4401,Unpaid Leave,UL-PLAN-07,Statutory,Per-Incident,2023-11-10,2025-11-09,EMP00030,2023-11-10,Terminated,10,Yes,
ENR1WYHEB1W,EMP00195,PLN4201,Annual Leave,AL-PLAN-01,Statutory,Per-Incident,2023-08-22,2024-08-21,EMP00034,2023-08-22,Active,30,No,
ENRV80PWK8N,EMP00195,PLN4234,Sick Leave,SL-PLAN-02,Unpaid,Annual,2022-03-12,2024-03-11,EMP00033,2022-03-12,Pending,20,No,0.0
ENRJ63B6MO7,EMP00195,PLN6295,Casual Leave,CL-PLAN-03,Statutory,Annual,2021-10-08,2023-10-08,EMP00044,2021-10-08,Active,20,Yes,10.0
ENRD05OWHP0,EMP00196,PLN9977,Unpaid Leave,UL-PLAN-07,Statutory,Monthly,2022-03-30,2023-03-30,EMP00030,2022-03-30,Active,30,Yes,0.0
ENRT3CC7Y8X,EMP00196,PLN3461,Maternity Leave,ML-PLAN-04,Statutory,Monthly,2021-02-10,2022-02-10,EMP00005,2021-02-10,Terminated,18,Yes,0.0
ENRYT76OHLA,EMP00197,PLN8142,Sick Leave,SL-PLAN-02,Paid,Annual,2023-11-15,2026-11-14,EMP00020,2023-11-15,Active,30,Yes,10.0
ENR1ICUCLCM,EMP00197,PLN7921,Paternity Leave,PL-PLAN-05,Statutory,One-Time,2020-10-03,2021-10-03,EMP00017,2020-10-03,Active,10,No,0.0
ENR0XC55K9E,EMP00197,PLN1303,Casual Leave,CL-PLAN-03,Paid,Annual,2022-12-07,2023-12-07,EMP00036,2022-12-07,Terminated,25,Yes,5.0
ENRYW09QWDS,EMP00197,PLN3580,Maternity Leave,ML-PLAN-04,Unpaid,Annual,2022-11-09,2023-11-09,EMP00004,2022-11-09,Active,21,Yes,
ENRXN76GIJ5,EMP00198,PLN9324,Annual Leave,AL-PLAN-01,Unpaid,One-Time,2020-07-16,2021-07-16,EMP00003,2020-07-16,Terminated,20,Yes,15.0
ENRLPY0ZHIR,EMP00198,PLN2969,Compensatory Off,CO-PLAN-06,Statutory,Monthly,2021-09-27,2024-09-26,EMP00029,2021-09-27,Terminated,10,No,
ENR6KXX1T6L,EMP00199,PLN2181,Annual Leave,INVALID_PLAN_XXX,Paid,Per-Incident,2023-11-06,2023-10-07,EMP00008,2023-11-06,Inactive,12,Yes,15.0
ENRRKYSK0R3,EMP00199,PLN2999,Casual Leave,INVALID_PLAN_XXX,Unpaid,One-Time,2022-02-08,2022-01-09,EMP00049,2022-02-08,Inactive,12,Yes,
ENRXNE29ZZB,EMP00200,PLN4975,Maternity Leave,ML-PLAN-04,Unpaid,One-Time,2022-06-29,2024-06-28,EMP00031,2022-06-29,Inactive,15,Yes,15.0
ENR63VQP2L2,EMP00200,PLN2919,Paternity Leave,PL-PLAN-05,Statutory,Annual,2023-09-01,2025-08-31,EMP00025,2023-09-01,Pending,21,Yes,10.0
ENRIBOXXL2N,EMP00200,PLN5625,Bereavement Leave,BL-PLAN-08,Paid,Per-Incident,2021-04-06,2023-04-06,EMP00036,2021-04-06,Pending,12,Yes,
ENR7IZITBB0,EMP00201,,Compensatory Off,CO-PLAN-06,Statutory,Per-Incident,2022-11-09,2025-11-08,EMP00011,2035-01-01,Inactive,12,Yes,10.0
ENRXKULD1EA,EMP00201,,Maternity Leave,ML-PLAN-04,Statutory,Annual,2021-09-05,2024-09-04,EMP00029,2035-01-01,Active,15,Yes,5.0
ENRTVTUF1YN,EMP00201,,Bereavement Leave,BL-PLAN-08,Paid,Per-Incident,2021-12-08,2023-12-08,EMP00022,2035-01-01,Inactive,10,Yes,
ENRRE7UUEAG,EMP00201,,Unpaid Leave,UL-PLAN-07,Paid,Per-Incident,2022-04-26,2024-04-25,EMP00048,2035-01-01,Pending,10,No,
ENRBWMF4K11,EMP00202,PLN9220,Maternity Leave,ML-PLAN-04,Statutory,One-Time,2023-05-15,2024-05-14,EMP00043,2023-05-15,Active,21,Yes,10.0
ENRNUSPEODR,EMP00202,PLN5408,Paternity Leave,PL-PLAN-05,Statutory,One-Time,2022-08-26,2025-08-25,EMP00035,2022-08-26,Active,10,Yes,15.0
ENRX0Z66W35,EMP00202,PLN6518,Bereavement Leave,BL-PLAN-08,Unpaid,Monthly,2020-05-24,2021-05-24,EMP00041,2020-05-24,Inactive,10,Yes,0.0
ENRQR011B22,EMP00202,PLN3132,Casual Leave,CL-PLAN-03,Unpaid,Per-Incident,2023-09-16,2026-09-15,EMP00037,2023-09-16,Terminated,30,Yes,10.0
ENR1F4U8C04,EMP00203,PLN9183,Sick Leave,SL-PLAN-02,Paid,Per-Incident,2022-12-11,2024-12-10,EMP00006,2022-12-11,Pending,10,Yes,0.0
ENRBWYJBF2I,EMP00203,PLN5944,Paternity Leave,PL-PLAN-05,Unpaid,Monthly,2021-05-12,2024-05-11,EMP00041,2021-05-12,Terminated,10,Yes,10.0
ENR2I1H1OWL,EMP00203,PLN1508,Casual Leave,CL-PLAN-03,Paid,Monthly,2023-07-10,2025-07-09,EMP00036,2023-07-10,Terminated,15,Yes,0.0
ENRXJUVOSOV,EMP00204,PLN3547,Compensatory Off,CO-PLAN-06,Paid,Monthly,2023-04-26,2024-04-25,EMP00032,2023-04-26,Active,10,Yes,5.0
ENRGIHYUBAW,EMP00204,PLN1635,Sick Leave,SL-PLAN-02,Unpaid,One-Time,2023-07-27,2025-07-26,EMP00018,2023-07-27,Inactive,12,No,5.0
ENRP63ZB9ER,EMP00204,PLN1374,Bereavement Leave,BL-PLAN-08,Statutory,One-Time,2022-02-10,2024-02-10,EMP00031,2022-02-10,Active,20,No,5.0
ENRU0CRIZAI,EMP00204,PLN3211,Casual Leave,CL-PLAN-03,Statutory,Monthly,2021-03-15,2023-03-15,EMP00009,2021-03-15,Pending,21,Yes,
ENRA71UVZIP,EMP00205,PLN4160,Paternity Leave,PL-PLAN-05,Statutory,One-Time,NOT-A-DATE,2024-10-10,EMP00042,2021-10-11,Pending,25,No,
ENRPMBGI8H0,EMP00205,PLN3220,Casual Leave,CL-PLAN-03,Unpaid,Annual,NOT-A-DATE,2021-03-25,EMP00005,2020-03-25,Active,12,No,
ENR3CBUAC3P,EMP00206,PLN6240,Unpaid Leave,UL-PLAN-07,Paid,Annual,2021-02-13,2023-02-13,EMP00045,2021-02-13,Pending,10,No,0.0
ENRVQD1UXRV,EMP00206,PLN5851,Annual Leave,AL-PLAN-01,Unpaid,Monthly,2020-11-17,2022-11-17,EMP00005,2020-11-17,Active,20,Yes,15.0
ENRXELYOFC8,EMP00207,PLN5499,Sick Leave,SL-PLAN-02,Unpaid,Annual,2023-02-28,2026-02-27,EMP00025,2023-02-28,Active,21,Yes,5.0
ENR7HR5TEVV,EMP00207,PLN5020,Casual Leave,CL-PLAN-03,Paid,One-Time,2021-01-23,2024-01-23,EMP00037,2021-01-23,Pending,10,Yes,15.0
ENRGO2DNW5V,EMP00208,PLN2879,Bereavement Leave,BL-PLAN-08,Statutory,One-Time,2022-06-25,2024-06-24,EMP00033,2022-06-25,Pending,12,Yes,0.0
ENROEFW8ADI,EMP00208,PLN1135,Maternity Leave,ML-PLAN-04,Statutory,Monthly,2020-05-16,2023-05-16,EMP00023,2020-05-16,Terminated,18,Yes,5.0
ENRJAEM043K,EMP00209,,Sick Leave,SL-PLAN-02,Statutory,One-Time,2021-06-10,2023-06-10,EMP00045,2021-06-10,Terminated,25,Yes,5.0
ENRMFDZV7IH,EMP00209,,Paternity Leave,PL-PLAN-05,Statutory,Annual,2022-03-30,2024-03-29,EMP00026,2022-03-30,Inactive,20,Yes,10.0
ENR4FB71PMJ,EMP00209,,Bereavement Leave,BL-PLAN-08,Unpaid,Monthly,2021-06-02,2022-06-02,EMP00040,2021-06-02,Active,30,No,15.0
ENRQVLK6GHM,EMP00210,PLN6049,Annual Leave,AL-PLAN-01,Unpaid,Annual,2023-01-15,2025-01-14,EMP00021,2023-01-15,Pending,25,Yes,0.0
ENRFKLF1IVW,EMP00210,PLN4839,Compensatory Off,CO-PLAN-06,Paid,Per-Incident,2020-02-04,2021-02-03,EMP00035,2020-02-04,Inactive,10,Yes,15.0
ENRIO1KYDJ4,EMP00210,PLN6703,Sick Leave,SL-PLAN-02,Paid,Monthly,2022-07-10,2025-07-09,EMP00009,2022-07-10,Terminated,21,Yes,10.0
ENRFR39U1II,EMP00210,PLN8526,Casual Leave,CL-PLAN-03,Statutory,One-Time,2021-04-28,2022-04-28,EMP00001,2021-04-28,Terminated,18,No,10.0
ENR1IGOLX2V,,PLN8226,Maternity Leave,ML-PLAN-04,Paid,Per-Incident,2021-09-13,2022-09-13,EMP00030,2021-09-13,Terminated,-5,Yes,5.0
ENRY26Q123E,,PLN7859,Bereavement Leave,BL-PLAN-08,Statutory,Annual,2021-10-21,2023-10-21,EMP00041,2021-10-21,Pending,-5,Yes,5.0
ENRYJ8TQXWR,,PLN5793,Casual Leave,CL-PLAN-03,Unpaid,Annual,2023-03-13,2025-03-12,EMP00012,2023-03-13,Pending,-5,Yes,5.0
ENRNNEP3Q2J,,PLN4254,Sick Leave,SL-PLAN-02,Statutory,Monthly,2022-01-26,2024-01-26,EMP00037,2022-01-26,Active,-5,Yes,
ENRUW3CHOWL,EMP00212,PLN9895,Bereavement Leave,BL-PLAN-08,Unpaid,Monthly,2022-02-27,2023-02-27,EMP00049,2022-02-27,Terminated,25,Yes,
ENRRTFGJQG1,EMP00212,PLN5924,Casual Leave,CL-PLAN-03,Statutory,Monthly,2023-11-05,2024-11-04,EMP00033,2023-11-05,Active,30,Yes,5.0
ENRYBGVO10D,EMP00213,PLN6003,Bereavement Leave,BL-PLAN-08,Unpaid,One-Time,2020-10-10,2022-10-10,EMP00045,2020-10-10,Terminated,15,Yes,10.0
ENRJDP1KXZ1,EMP00213,PLN9552,Compensatory Off,CO-PLAN-06,Paid,Per-Incident,2022-07-15,2024-07-14,EMP00024,2022-07-15,Terminated,10,Yes,
ENR994IJOQ5,EMP00213,PLN3313,Annual Leave,AL-PLAN-01,Statutory,Per-Incident,2020-03-31,2023-03-31,EMP00039,2020-03-31,Inactive,12,Yes,15.0
ENROVPKK6OQ,EMP00213,PLN3872,Paternity Leave,PL-PLAN-05,Paid,One-Time,2022-06-10,2023-06-10,EMP00045,2022-06-10,Inactive,18,Yes,10.0
ENR9JLEIXEQ,EMP00214,PLN4971,Casual Leave,CL-PLAN-03,Paid,Annual,2020-01-02,2022-01-01,EMP00009,2020-01-02,Terminated,30,Yes,0.0
ENRRGLAE0M9,EMP00214,PLN3759,Paternity Leave,PL-PLAN-05,Statutory,Per-Incident,2022-12-07,2025-12-06,EMP00025,2022-12-07,Pending,15,Yes,15.0
ENRMHM6HY2B,EMP00214,PLN5149,Annual Leave,AL-PLAN-01,Statutory,Monthly,2022-03-03,2023-03-03,EMP00026,2022-03-03,Pending,21,No,15.0
ENR7IVAF3AO,EMP00214,PLN5631,Compensatory Off,CO-PLAN-06,Paid,Per-Incident,2020-10-26,2021-10-26,EMP00034,2020-10-26,Inactive,30,Yes,15.0
ENRG8E8BGZ2,EMP00215,PLN8492,Bereavement Leave,BL-PLAN-08,Unpaid,Annual,2020-02-02,2022-02-01,EMP00031,2020-02-02,Pending,18,Yes,15.0
ENR66WEXWEI,EMP00215,PLN4101,Annual Leave,AL-PLAN-01,Statutory,Monthly,2020-05-17,2021-05-17,EMP00039,2020-05-17,Active,20,No,0.0
ENR1Q3OTIV7,EMP00215,PLN9082,Sick Leave,SL-PLAN-02,Unpaid,Per-Incident,2022-05-29,2024-05-28,EMP00006,2022-05-29,Terminated,30,Yes,0.0
ENRQCHQQW0F,EMP00216,PLN5257,Casual Leave,CL-PLAN-03,Paid,One-Time,2021-08-12,2024-08-11,EMP00007,2021-08-12,Active,20,No,15.0
ENR06MX2XQC,EMP00216,PLN6746,Bereavement Leave,BL-PLAN-08,Paid,Monthly,2023-03-17,2026-03-16,EMP00024,2023-03-17,Inactive,20,Yes,0.0
ENRS2S8ZN16,EMP00216,PLN3371,Maternity Leave,ML-PLAN-04,Paid,Per-Incident,2023-11-06,2025-11-05,EMP00010,2023-11-06,Inactive,21,Yes,10.0
ENR8N2OQEBO,EMP00217,,Compensatory Off,CO-PLAN-06,Paid,Annual,NOT-A-DATE,2021-11-10,EMP00046,2021-12-10,Terminated,15,Yes,
ENRFY595O2Q,EMP00217,,Sick Leave,SL-PLAN-02,Unpaid,One-Time,NOT-A-DATE,2020-09-30,EMP00043,2020-10-30,Terminated,10,Yes,
ENR1LLLQ842,EMP00218,PLN5951,Maternity Leave,ML-PLAN-04,Paid,Monthly,2020-01-30,2021-01-29,EMP00046,2020-01-30,Active,21,Yes,5.0
ENRUG48JUW1,EMP00218,PLN6884,Unpaid Leave,UL-PLAN-07,Statutory,Per-Incident,2022-11-22,2024-11-21,EMP00022,2022-11-22,Terminated,20,Yes,10.0
ENRM1KPQ2XJ,EMP00218,PLN4651,Casual Leave,CL-PLAN-03,Unpaid,Monthly,2023-06-02,2026-06-01,EMP00036,2023-06-02,Inactive,25,No,15.0
ENR9IZALTSO,EMP00218,PLN3027,Annual Leave,AL-PLAN-01,Unpaid,Monthly,2020-09-27,2022-09-27,EMP00035,2020-09-27,Pending,15,Yes,15.0
ENR6U87I7TK,EMP00219,PLN3317,Maternity Leave,ML-PLAN-04,Unpaid,Per-Incident,2020-02-09,2023-02-08,EMP00029,2020-02-09,Terminated,10,Yes,10.0
ENRUM4JU778,EMP00219,PLN3486,Annual Leave,AL-PLAN-01,Paid,Monthly,2021-09-12,2023-09-12,EMP00037,2021-09-12,Terminated,20,Yes,15.0
ENRXIQX5V4T,EMP00219,PLN5401,Unpaid Leave,UL-PLAN-07,Unpaid,Monthly,2021-09-29,2022-09-29,EMP00020,2021-09-29,Active,30,No,5.0
ENRAYQPPXTU,EMP00220,PLN2649,Annual Leave,AL-PLAN-01,Paid,Per-Incident,2020-07-22,2023-07-22,EMP00026,2020-07-22,Pending,30,Yes,0.0
ENR4IGIYM3J,EMP00220,PLN7175,Sick Leave,SL-PLAN-02,Paid,Annual,2020-02-13,2022-02-12,EMP00032,2020-02-13,Inactive,30,Yes,5.0
ENRHRH57UYU,EMP00220,PLN5604,Bereavement Leave,BL-PLAN-08,Paid,One-Time,2021-04-18,2023-04-18,EMP00008,2021-04-18,Terminated,20,No,10.0
ENRZ7BP71S2,EMP00220,PLN7821,Maternity Leave,ML-PLAN-04,Unpaid,Per-Incident,2023-12-27,2025-12-26,EMP00011,2023-12-27,Terminated,12,Yes,15.0
ENRU25ONEWO,EMP00221,PLN5208,Maternity Leave,INVALID_PLAN_XXX,Unpaid,Monthly,2021-01-31,2022-01-31,EMP00028,2021-01-31,Inactive,18,Yes,5.0
ENRCHR1Y8L6,EMP00221,PLN1600,Annual Leave,INVALID_PLAN_XXX,Paid,Annual,2022-03-12,2025-03-11,EMP00048,2022-03-12,Inactive,10,Yes,0.0
ENRWWMCMH4G,EMP00222,PLN4740,Bereavement Leave,BL-PLAN-08,Statutory,One-Time,2022-04-07,2024-04-06,EMP00011,2022-04-07,Pending,21,No,15.0
ENRT0QMEE4N,EMP00222,PLN3334,Sick Leave,SL-PLAN-02,Unpaid,One-Time,2020-05-24,2022-05-24,EMP00010,2020-05-24,Pending,18,Yes,0.0
ENRP09TOOLY,EMP00222,PLN1265,Compensatory Off,CO-PLAN-06,Unpaid,Annual,2022-09-06,2025-09-05,EMP00015,2022-09-06,Terminated,12,Yes,10.0
ENRIUOW1B07,EMP00223,PLN7726,Compensatory Off,CO-PLAN-06,Statutory,Per-Incident,2023-11-14,2024-11-13,EMP00024,2023-11-14,Terminated,12,Yes,
ENR5FPQ4X86,EMP00223,PLN7441,Annual Leave,AL-PLAN-01,Paid,Monthly,2022-04-17,2024-04-16,EMP00026,2022-04-17,Inactive,30,Yes,
ENRQ6VRJY9Z,EMP00224,PLN8360,Annual Leave,AL-PLAN-01,Unpaid,Per-Incident,2020-07-29,2021-07-29,EMP00016,2020-07-29,Active,25,Yes,10.0
ENRW32SC46M,EMP00224,PLN3388,Casual Leave,CL-PLAN-03,Unpaid,Annual,2021-11-19,2023-11-19,EMP00024,2021-11-19,Active,25,Yes,0.0
ENRM4OQLJHD,EMP00224,PLN1464,Paternity Leave,PL-PLAN-05,Unpaid,One-Time,2020-01-04,2021-01-03,EMP00017,2020-01-04,Pending,15,Yes,5.0
ENR4GAISD17,EMP00224,PLN1521,Unpaid Leave,UL-PLAN-07,Statutory,Monthly,2021-07-18,2024-07-17,EMP00025,2021-07-18,Active,18,Yes,5.0
ENRUGBUX835,EMP00225,,Paternity Leave,PL-PLAN-05,Unpaid,Annual,2021-06-02,2022-06-02,EMP00030,2021-06-02,Active,20,Yes,5.0
ENRT54HDD4V,EMP00225,,Casual Leave,CL-PLAN-03,Paid,Annual,2022-05-07,2024-05-06,EMP00031,2022-05-07,Terminated,10,Yes,5.0
ENR6STXKBRF,EMP00226,PLN4048,Compensatory Off,CO-PLAN-06,Unpaid,Annual,2020-11-26,2023-11-26,EMP00042,2020-11-26,Pending,21,Yes,10.0
ENR60WE0CJ6,EMP00226,PLN4076,Casual Leave,CL-PLAN-03,Statutory,Annual,2021-04-09,2022-04-09,EMP00012,2021-04-09,Terminated,20,Yes,
ENRLU3AEV84,EMP00227,PLN1772,Annual Leave,AL-PLAN-01,Paid,Monthly,2020-09-13,2021-09-13,EMP00008,2020-09-13,Active,20,Yes,
ENRCYZYM262,EMP00227,PLN8383,Unpaid Leave,UL-PLAN-07,Unpaid,Per-Incident,2022-02-16,2023-02-16,EMP00007,2022-02-16,Pending,12,Yes,10.0
ENR7GW9HVFM,EMP00227,PLN6287,Bereavement Leave,BL-PLAN-08,Unpaid,Monthly,2023-01-10,2026-01-09,EMP00025,2023-01-10,Inactive,21,Yes,15.0
ENRYJ18YN7E,EMP00227,PLN6004,Sick Leave,SL-PLAN-02,Unpaid,Annual,2021-05-21,2022-05-21,EMP00004,2021-05-21,Terminated,20,Yes,5.0
ENR41XCVAU4,EMP00228,PLN4244,Bereavement Leave,BL-PLAN-08,Unpaid,Annual,2021-08-11,2024-08-10,EMP00015,2021-08-11,Pending,30,Yes,15.0
ENR6B4G98GY,EMP00228,PLN4462,Casual Leave,CL-PLAN-03,Paid,Per-Incident,2023-11-20,2025-11-19,EMP00012,2023-11-20,Terminated,20,No,
ENRWGWWKRQY,EMP00228,PLN2832,Annual Leave,AL-PLAN-01,Paid,Annual,2023-11-23,2024-11-22,EMP00025,2023-11-23,Pending,30,Yes,0.0
ENRZZBSDUO9,EMP00228,PLN1980,Paternity Leave,PL-PLAN-05,Unpaid,One-Time,2022-05-14,2025-05-13,EMP00002,2022-05-14,Pending,20,Yes,15.0
ENRFDR61PN3,EMP00229,PLN8868,Casual Leave,CL-PLAN-03,Unpaid,Per-Incident,NOT-A-DATE,2023-02-28,EMP00010,2020-02-29,Pending,25,Yes,
ENRBF3CITQL,EMP00229,PLN6816,Annual Leave,AL-PLAN-01,Unpaid,One-Time,NOT-A-DATE,2024-04-07,EMP00010,2022-04-08,Inactive,15,No,5.0
ENRS5KQ1XYI,EMP00229,PLN7905,Compensatory Off,CO-PLAN-06,Unpaid,One-Time,NOT-A-DATE,2023-10-14,EMP00004,2021-10-14,Active,30,Yes,
ENRKJRYG4XT,EMP00229,PLN5382,Paternity Leave,PL-PLAN-05,Paid,Monthly,NOT-A-DATE,2022-06-25,EMP00030,2021-06-25,Inactive,21,Yes,5.0
ENR4OQND3G7,EMP00230,PLN2297,Paternity Leave,PL-PLAN-05,Statutory,Annual,2023-04-05,2024-04-04,EMP00031,2023-04-05,Active,21,Yes,15.0
ENRDEYXB0EM,EMP00230,PLN7531,Bereavement Leave,BL-PLAN-08,Paid,Annual,2022-04-16,2023-04-16,EMP00003,2022-04-16,Inactive,25,Yes,
ENR7KYPRC9Z,EMP00230,PLN1005,Compensatory Off,CO-PLAN-06,Unpaid,Annual,2022-09-07,2024-09-06,EMP00001,2022-09-07,Pending,21,Yes,5.0
ENRB0ZWZPZH,EMP00230,PLN7733,Maternity Leave,ML-PLAN-04,Unpaid,One-Time,2020-10-11,2022-10-11,EMP00036,2020-10-11,Active,10,Yes,5.0
ENRG3ND0YN2,EMP00231,PLN6323,Maternity Leave,ML-PLAN-04,Paid,Monthly,2020-05-07,2023-05-07,EMP00011,2020-05-07,Inactive,21,Yes,
ENRO3XXQGVA,EMP00231,PLN8693,Paternity Leave,PL-PLAN-05,Statutory,Annual,2022-05-19,2023-05-19,EMP00042,2022-05-19,Inactive,12,Yes,0.0
ENRK3E97O7I,EMP00232,PLN5433,Sick Leave,SL-PLAN-02,Unpaid,Monthly,2022-01-29,2024-01-29,EMP00032,2022-01-29,Terminated,18,Yes,5.0
ENR818ICXVB,EMP00232,PLN9686,Paternity Leave,PL-PLAN-05,Statutory,Monthly,2020-11-15,2022-11-15,EMP00046,2020-11-15,Terminated,25,Yes,0.0
ENRZAJ3UW27,EMP00233,,Bereavement Leave,BL-PLAN-08,Paid,Annual,2021-02-07,2022-02-07,EMP00041,2021-02-07,Inactive,30,Yes,0.0
ENRMSAR35BI,EMP00233,,Unpaid Leave,UL-PLAN-07,Unpaid,Per-Incident,2023-08-17,2025-08-16,EMP00030,2023-08-17,Active,20,No,0.0
ENRLO0MLNRT,EMP00234,PLN8626,Bereavement Leave,BL-PLAN-08,Statutory,Monthly,2020-05-19,2022-05-19,EMP00023,2020-05-19,Pending,10,Yes,5.0
ENRI8U0T8XZ,EMP00234,PLN5493,Compensatory Off,CO-PLAN-06,Statutory,Per-Incident,2023-04-23,2026-04-22,EMP00033,2023-04-23,Inactive,18,Yes,10.0
ENRON0A7VY4,EMP00234,PLN4324,Sick Leave,SL-PLAN-02,Paid,Annual,2022-06-15,2025-06-14,EMP00006,2022-06-15,Inactive,12,Yes,5.0
ENRIRA0IMMR,EMP00235,PLN1503,Unpaid Leave,UL-PLAN-07,Statutory,Monthly,2023-11-01,2023-10-02,EMP00039,2023-11-01,Terminated,12,No,15.0
ENRVPNUDFEQ,EMP00235,PLN2658,Compensatory Off,CO-PLAN-06,Statutory,Monthly,2020-05-05,2020-04-05,EMP00022,2020-05-05,Terminated,12,Yes,5.0
ENRXL6W43SD,EMP00235,PLN2713,Annual Leave,AL-PLAN-01,Statutory,Annual,2020-08-08,2020-07-09,EMP00020,2020-08-08,Active,21,No,
ENRAOZBJAYP,EMP00235,PLN9275,Bereavement Leave,BL-PLAN-08,Statutory,One-Time,2022-07-22,2022-06-22,EMP00048,2022-07-22,Inactive,30,Yes,
ENR6WUJV3WC,EMP00236,PLN5365,Bereavement Leave,BL-PLAN-08,Paid,Annual,2020-02-25,2021-02-24,EMP00025,2020-02-25,Inactive,30,No,0.0
ENRHMWJ9BFC,EMP00236,PLN2643,Unpaid Leave,UL-PLAN-07,Statutory,Annual,2021-10-18,2024-10-17,EMP00048,2021-10-18,Inactive,21,Yes,15.0
ENRFBTJO6QU,EMP00236,PLN2528,Casual Leave,CL-PLAN-03,Statutory,Monthly,2022-11-25,2025-11-24,EMP00022,2022-11-25,Inactive,25,Yes,10.0
ENR2T9OVFVF,EMP00237,PLN1225,Bereavement Leave,BL-PLAN-08,Statutory,Monthly,2020-12-17,2022-12-17,EMP00017,2020-12-17,Inactive,18,Yes,
ENRJICFYRVD,EMP00237,PLN2547,Casual Leave,CL-PLAN-03,Unpaid,Annual,2021-12-07,2023-12-07,EMP00001,2021-12-07,Inactive,25,Yes,15.0
ENRRWX89ETC,EMP00237,PLN1686,Unpaid Leave,UL-PLAN-07,Paid,Per-Incident,2022-03-03,2024-03-02,EMP00005,2022-03-03,Terminated,21,Yes,0.0
ENRWRYS4QA4,EMP00237,PLN9940,Sick Leave,SL-PLAN-02,Paid,One-Time,2022-08-27,2025-08-26,EMP00002,2022-08-27,Active,20,Yes,15.0
ENRPVTL9P9B,EMP00238,PLN1425,Sick Leave,SL-PLAN-02,Unpaid,Annual,2021-04-18,2023-04-18,EMP00001,2021-04-18,Pending,21,Yes,10.0
ENRDNBZLDZT,EMP00238,PLN3653,Paternity Leave,PL-PLAN-05,Unpaid,Monthly,2020-03-14,2021-03-14,EMP00050,2020-03-14,Inactive,21,Yes,
ENRKYCZQXHC,EMP00238,PLN3119,Compensatory Off,CO-PLAN-06,Paid,Per-Incident,2020-07-01,2021-07-01,EMP00011,2020-07-01,Terminated,25,No,5.0
ENR0VUOJNA3,EMP00239,PLN8188,Compensatory Off,CO-PLAN-06,Statutory,One-Time,2020-07-24,2023-07-24,EMP00022,2020-07-24,Inactive,15,Yes,5.0
ENR8XBK48EX,EMP00239,PLN8299,Annual Leave,AL-PLAN-01,Unpaid,Monthly,2020-04-27,2021-04-27,EMP00042,2020-04-27,Active,12,Yes,15.0
ENRG72IC3FU,EMP00240,PLN5149,Annual Leave,AL-PLAN-01,Unpaid,Annual,2021-11-04,2024-11-03,EMP00001,2021-11-04,Terminated,15,Yes,5.0
ENRTVP6ZYMC,EMP00240,PLN4645,Sick Leave,SL-PLAN-02,Statutory,Annual,2022-10-02,2023-10-02,EMP00003,2022-10-02,Pending,12,No,10.0
ENRGXY2CTX5,EMP00240,PLN3340,Maternity Leave,ML-PLAN-04,Unpaid,Monthly,2021-01-25,2023-01-25,EMP00019,2021-01-25,Pending,15,Yes,10.0
ENRU0LM1DWC,EMP00241,,Unpaid Leave,UL-PLAN-07,Unpaid,Per-Incident,NOT-A-DATE,2025-04-18,EMP00036,2035-01-01,Pending,-5,Yes,10.0
ENR523XJAHE,EMP00241,,Maternity Leave,ML-PLAN-04,Paid,Per-Incident,NOT-A-DATE,2023-08-06,EMP00004,2035-01-01,Terminated,-5,No,0.0
ENRQ9JMNLBT,EMP00241,,Bereavement Leave,BL-PLAN-08,Statutory,Annual,NOT-A-DATE,2025-04-09,EMP00041,2035-01-01,Pending,-5,Yes,15.0
ENRCNFUQ9OG,EMP00241,,Annual Leave,AL-PLAN-01,Unpaid,Per-Incident,NOT-A-DATE,2023-11-21,EMP00008,2035-01-01,Terminated,-5,No,10.0
ENRLF34EM0O,EMP00242,PLN1962,Bereavement Leave,BL-PLAN-08,Unpaid,Per-Incident,2022-07-15,2023-07-15,EMP00029,2022-07-15,Terminated,21,Yes,15.0
ENRVAKXKAPP,EMP00242,PLN5077,Compensatory Off,CO-PLAN-06,Statutory,Per-Incident,2020-11-09,2023-11-09,EMP00009,2020-11-09,Active,12,Yes,5.0
ENR4NR6XQEZ,EMP00243,PLN8783,Annual Leave,INVALID_PLAN_XXX,Unpaid,Monthly,2023-06-11,2026-06-10,EMP00025,2023-06-11,Terminated,20,Yes,5.0
ENR96FK1HTB,EMP00243,PLN5791,Sick Leave,INVALID_PLAN_XXX,Unpaid,One-Time,2023-09-22,2025-09-21,EMP00050,2023-09-22,Active,12,No,5.0
ENR7OH2ZZ75,EMP00243,PLN3817,Paternity Leave,INVALID_PLAN_XXX,Paid,One-Time,2022-04-17,2024-04-16,EMP00003,2022-04-17,Inactive,20,No,0.0
ENRDYJTX57O,EMP00244,PLN8525,Paternity Leave,PL-PLAN-05,Paid,Annual,2022-10-11,2025-10-10,EMP00035,2022-10-11,Pending,15,Yes,10.0
ENRMEEKLIB7,EMP00244,PLN7969,Compensatory Off,CO-PLAN-06,Paid,Per-Incident,2020-01-24,2022-01-23,EMP00001,2020-01-24,Inactive,30,Yes,15.0
ENR3QFHJXAQ,EMP00245,PLN5903,Maternity Leave,ML-PLAN-04,Paid,Annual,2023-12-27,2026-12-26,EMP00027,2023-12-27,Terminated,20,Yes,5.0
ENR7RW3SIHP,EMP00245,PLN9449,Casual Leave,CL-PLAN-03,Unpaid,Annual,2021-08-21,2022-08-21,EMP00023,2021-08-21,Terminated,12,Yes,0.0
ENRG9SG4KQD,EMP00245,PLN1108,Annual Leave,AL-PLAN-01,Statutory,Annual,2021-06-16,2023-06-16,EMP00018,2021-06-16,Inactive,20,Yes,0.0
ENR3NH34P3A,EMP00245,PLN5892,Paternity Leave,PL-PLAN-05,Paid,Per-Incident,2023-08-31,2025-08-30,EMP00043,2023-08-31,Inactive,10,No,10.0
ENRZPUDTR17,,PLN6042,Paternity Leave,PL-PLAN-05,Unpaid,Per-Incident,2023-12-01,2024-11-30,EMP00031,2023-12-01,Inactive,20,Yes,15.0
ENRVR2CU9NQ,,PLN5132,Bereavement Leave,BL-PLAN-08,Statutory,Monthly,2022-04-21,2025-04-20,EMP00009,2022-04-21,Active,15,Yes,0.0
ENRO9IE7KZP,,PLN8751,Annual Leave,AL-PLAN-01,Unpaid,One-Time,2021-01-02,2024-01-02,EMP00031,2021-01-02,Active,10,Yes,0.0
ENRCSJOINJX,EMP00247,PLN2515,Bereavement Leave,BL-PLAN-08,Statutory,Annual,2020-05-29,2023-05-29,EMP00025,2020-05-29,Inactive,12,Yes,
ENRTTGLXKW5,EMP00247,PLN1182,Sick Leave,SL-PLAN-02,Unpaid,One-Time,2023-04-10,2024-04-09,EMP00011,2023-04-10,Inactive,25,Yes,5.0
ENRSB0VAOGV,EMP00247,PLN1960,Casual Leave,CL-PLAN-03,Statutory,Monthly,2021-12-27,2023-12-27,EMP00023,2021-12-27,Terminated,30,No,10.0
ENR02SLX4QB,EMP00248,PLN3491,Paternity Leave,PL-PLAN-05,Paid,Monthly,2020-12-07,2021-12-07,EMP00020,2020-12-07,Pending,10,Yes,15.0
ENRCV7EKEWH,EMP00248,PLN9646,Casual Leave,CL-PLAN-03,Statutory,Annual,2020-03-15,2023-03-15,EMP00027,2020-03-15,Terminated,10,Yes,0.0
ENRM7RSG9X6,EMP00248,PLN5942,Maternity Leave,ML-PLAN-04,Paid,Monthly,2021-02-11,2023-02-11,EMP00045,2021-02-11,Pending,25,Yes,15.0
ENRSHNBYOQR,EMP00249,,Unpaid Leave,UL-PLAN-07,Statutory,Per-Incident,2021-10-31,2022-10-31,EMP00036,2021-10-31,Terminated,18,Yes,5.0
ENRRZFKHYQC,EMP00249,,Paternity Leave,PL-PLAN-05,Statutory,Per-Incident,2023-08-15,2026-08-14,EMP00038,2023-08-15,Inactive,12,Yes,5.0
ENRX72ZWOQU,EMP00249,,Compensatory Off,CO-PLAN-06,Statutory,Monthly,2023-06-23,2024-06-22,EMP00003,2023-06-23,Inactive,25,Yes,15.0
ENRJLW7GYSS,EMP00249,,Sick Leave,SL-PLAN-02,Statutory,One-Time,2021-03-14,2024-03-13,EMP00039,2021-03-14,Terminated,25,Yes,10.0
ENRE81RBW6S,EMP00250,PLN7331,Bereavement Leave,BL-PLAN-08,Unpaid,Annual,2022-08-25,2025-08-24,EMP00007,2022-08-25,Pending,20,Yes,15.0
ENREM1AWUST,EMP00250,PLN7155,Maternity Leave,ML-PLAN-04,Statutory,Per-Incident,2023-08-03,2024-08-02,EMP00038,2023-08-03,Inactive,20,Yes,15.0
ENRJOYRGEYT,EMP00250,PLN3318,Unpaid Leave,UL-PLAN-07,Paid,Annual,2021-10-03,2024-10-02,EMP00040,2021-10-03,Pending,18,Yes,0.0
ENROZCHJGK2,EMP00250,PLN7812,Casual Leave,CL-PLAN-03,Paid,One-Time,2021-10-11,2023-10-11,EMP00029,2021-10-11,Active,21,Yes,
ENRR0A54IL9,EMP00251,PLN3175,Maternity Leave,ML-PLAN-04,Paid,Monthly,2023-06-29,2026-06-28,EMP00031,2023-06-29,Pending,30,No,10.0
ENRORDZDWAE,EMP00251,PLN9488,Compensatory Off,CO-PLAN-06,Paid,Monthly,2023-07-29,2026-07-28,EMP00022,2023-07-29,Active,18,No,10.0
ENR4T1CAC5S,EMP00251,PLN8450,Paternity Leave,PL-PLAN-05,Statutory,Annual,2021-06-25,2023-06-25,EMP00011,2021-06-25,Pending,20,Yes,
ENR4QZ8R8BI,EMP00251,PLN6857,Annual Leave,AL-PLAN-01,Paid,One-Time,2021-02-14,2022-02-14,EMP00026,2021-02-14,Terminated,12,Yes,10.0
ENRQMZNC67X,EMP00252,PLN7441,Unpaid Leave,UL-PLAN-07,Statutory,Annual,2020-10-29,2023-10-29,EMP00031,2020-10-29,Terminated,10,Yes,5.0
ENRM7ITAVQO,EMP00252,PLN4510,Maternity Leave,ML-PLAN-04,Statutory,One-Time,2020-05-16,2021-05-16,EMP00044,2020-05-16,Pending,10,Yes,
ENRQM4L99XJ,EMP00252,PLN4200,Annual Leave,AL-PLAN-01,Paid,Monthly,2020-02-07,2022-02-06,EMP00037,2020-02-07,Active,15,Yes,10.0
ENRYTLNWUIL,EMP00252,PLN4936,Sick Leave,SL-PLAN-02,Statutory,Per-Incident,2023-03-19,2024-03-18,EMP00024,2023-03-19,Pending,21,Yes,10.0
ENR6P5CMULI,EMP00253,PLN3999,Sick Leave,SL-PLAN-02,Unpaid,Per-Incident,NOT-A-DATE,2022-08-22,EMP00006,2022-09-21,Active,21,Yes,10.0
ENRDAAYJB51,EMP00253,PLN7235,Compensatory Off,CO-PLAN-06,Statutory,Annual,NOT-A-DATE,2021-09-15,EMP00031,2021-10-15,Inactive,21,No,5.0
ENRKLOJD24U,EMP00253,PLN2322,Unpaid Leave,UL-PLAN-07,Unpaid,Annual,NOT-A-DATE,2022-12-03,EMP00006,2023-01-02,Inactive,10,Yes,5.0
ENRJFMDBO60,EMP00254,PLN1800,Sick Leave,SL-PLAN-02,Unpaid,One-Time,2021-09-12,2022-09-12,EMP00019,2021-09-12,Pending,10,Yes,10.0
ENRIUFA1YCC,EMP00254,PLN5462,Casual Leave,CL-PLAN-03,Statutory,One-Time,2021-03-03,2022-03-03,EMP00029,2021-03-03,Terminated,25,Yes,5.0
ENRH1VGDU2M,EMP00254,PLN4253,Paternity Leave,PL-PLAN-05,Statutory,One-Time,2021-08-28,2024-08-27,EMP00021,2021-08-28,Terminated,30,No,0.0
ENRR7E5YHWV,EMP00254,PLN7831,Unpaid Leave,UL-PLAN-07,Unpaid,One-Time,2023-02-15,2025-02-14,EMP00037,2023-02-15,Inactive,30,Yes,5.0
ENRU7XR9U4S,EMP00255,PLN5443,Unpaid Leave,UL-PLAN-07,Statutory,Annual,2020-12-05,2023-12-05,EMP00005,2020-12-05,Active,18,Yes,10.0
ENR1STV3S5Q,EMP00255,PLN4857,Casual Leave,CL-PLAN-03,Unpaid,Monthly,2021-01-03,2024-01-03,EMP00021,2021-01-03,Inactive,20,No,15.0
ENRSXHQD0LM,EMP00256,PLN7954,Annual Leave,AL-PLAN-01,Paid,Annual,2024-01-01,2025-12-31,EMP00029,2024-01-01,Terminated,18,Yes,5.0
ENR31PATGHX,EMP00256,PLN3113,Casual Leave,CL-PLAN-03,Paid,Per-Incident,2023-10-12,2026-10-11,EMP00039,2023-10-12,Pending,20,Yes,5.0
ENRRVMF4OME,EMP00257,,Annual Leave,AL-PLAN-01,Statutory,Per-Incident,2021-08-10,2023-08-10,EMP00046,2021-08-10,Active,20,Yes,15.0
ENRYL5E7UG4,EMP00257,,Unpaid Leave,UL-PLAN-07,Unpaid,Monthly,2020-07-29,2021-07-29,EMP00001,2020-07-29,Active,30,Yes,10.0
ENR235Q8OIP,EMP00257,,Casual Leave,CL-PLAN-03,Paid,Per-Incident,2020-09-21,2023-09-21,EMP00036,2020-09-21,Active,20,Yes,0.0
ENRA2EFFH0L,EMP00258,PLN2147,Unpaid Leave,UL-PLAN-07,Unpaid,One-Time,2021-11-27,2023-11-27,EMP00042,2021-11-27,Pending,10,Yes,15.0
ENRAXLZHLHH,EMP00258,PLN2225,Paternity Leave,PL-PLAN-05,Paid,Per-Incident,2022-03-19,2025-03-18,EMP00018,2022-03-19,Active,25,Yes,10.0
ENRNZNXLCEU,EMP00259,PLN7798,Paternity Leave,PL-PLAN-05,Statutory,Annual,2020-03-30,2022-03-30,EMP00050,2020-03-30,Pending,12,No,
ENRBVGKAAT8,EMP00259,PLN5887,Annual Leave,AL-PLAN-01,Unpaid,Monthly,2023-06-05,2026-06-04,EMP00012,2023-06-05,Inactive,21,Yes,
ENRH5N79WVV,EMP00259,PLN4360,Compensatory Off,CO-PLAN-06,Statutory,Monthly,2022-02-22,2023-02-22,EMP00042,2022-02-22,Terminated,10,Yes,5.0
ENR4J3TYRB9,EMP00260,PLN7080,Annual Leave,AL-PLAN-01,Unpaid,Annual,2022-11-18,2024-11-17,EMP00038,2022-11-18,Pending,25,No,15.0
ENRDJ5QQ7TE,EMP00260,PLN1841,Maternity Leave,ML-PLAN-04,Statutory,Monthly,2022-01-12,2025-01-11,EMP00028,2022-01-12,Inactive,21,No,0.0
ENRRPYY5DNE,EMP00260,PLN2839,Casual Leave,CL-PLAN-03,Statutory,Annual,2023-10-04,2024-10-03,EMP00047,2023-10-04,Terminated,21,No,0.0
ENRIHJUJSQA,EMP00260,PLN9835,Bereavement Leave,BL-PLAN-08,Statutory,Annual,2020-05-11,2023-05-11,EMP00044,2020-05-11,Pending,18,No,15.0
ENRP6RHFDJL,EMP00261,PLN8275,Unpaid Leave,UL-PLAN-07,Unpaid,One-Time,2022-11-05,2024-11-04,EMP00022,2022-11-05,Active,20,Yes,15.0
ENRME4RX669,EMP00261,PLN3368,Bereavement Leave,BL-PLAN-08,Paid,Per-Incident,2020-11-27,2021-11-27,EMP00024,2020-11-27,Inactive,10,Yes,10.0
ENRRV9YYQ0R,EMP00262,PLN1081,Annual Leave,AL-PLAN-01,Statutory,One-Time,2021-06-19,2023-06-19,EMP00011,2021-06-19,Pending,18,Yes,5.0
ENRI1AEL5VO,EMP00262,PLN9233,Casual Leave,CL-PLAN-03,Statutory,Annual,2020-11-04,2023-11-04,EMP00033,2020-11-04,Pending,15,Yes,15.0
ENR3MF9B5DN,EMP00263,PLN8294,Unpaid Leave,UL-PLAN-07,Paid,Annual,2021-06-29,2023-06-29,EMP00048,2021-06-29,Inactive,12,Yes,15.0
ENRAULSLIYT,EMP00263,PLN9986,Bereavement Leave,BL-PLAN-08,Unpaid,Monthly,2020-05-18,2023-05-18,EMP00023,2020-05-18,Active,10,Yes,0.0
ENR97162O9V,EMP00264,PLN3766,Casual Leave,CL-PLAN-03,Unpaid,Per-Incident,2020-12-24,2022-12-24,EMP00026,2020-12-24,Inactive,25,Yes,10.0
ENR3D0EXQ8I,EMP00264,PLN1657,Maternity Leave,ML-PLAN-04,Unpaid,One-Time,2020-12-09,2021-12-09,EMP00019,2020-12-09,Pending,25,Yes,10.0
ENR2C53A7T6,EMP00265,,Annual Leave,INVALID_PLAN_XXX,Unpaid,Monthly,NOT-A-DATE,2023-09-01,EMP00014,2020-09-01,Inactive,21,Yes,15.0
ENRZIWASOEI,EMP00265,,Maternity Leave,INVALID_PLAN_XXX,Paid,Monthly,NOT-A-DATE,2021-08-05,EMP00046,2020-08-05,Inactive,25,Yes,
ENRYYOX6X6C,EMP00266,PLN5635,Casual Leave,CL-PLAN-03,Statutory,Annual,2020-05-14,2022-05-14,EMP00044,2020-05-14,Inactive,30,Yes,0.0
ENR7G062D9J,EMP00266,PLN1099,Annual Leave,AL-PLAN-01,Paid,One-Time,2021-08-27,2024-08-26,EMP00022,2021-08-27,Inactive,20,Yes,15.0
ENREOFB7N0S,EMP00267,PLN8266,Bereavement Leave,BL-PLAN-08,Statutory,Per-Incident,2023-10-04,2025-10-03,EMP00019,2023-10-04,Terminated,30,Yes,10.0
ENRYPCSOCV0,EMP00267,PLN8884,Casual Leave,CL-PLAN-03,Unpaid,One-Time,2022-11-19,2023-11-19,EMP00008,2022-11-19,Terminated,20,Yes,15.0
ENRJELOK0N2,EMP00268,PLN1609,Sick Leave,SL-PLAN-02,Statutory,Annual,2022-01-16,2024-01-16,EMP00045,2022-01-16,Inactive,10,Yes,
ENR8OKACR82,EMP00268,PLN1520,Compensatory Off,CO-PLAN-06,Statutory,One-Time,2021-05-06,2024-05-05,EMP00026,2021-05-06,Terminated,10,Yes,0.0
ENRMOM5VZUG,EMP00268,PLN5601,Maternity Leave,ML-PLAN-04,Paid,Per-Incident,2022-01-08,2024-01-08,EMP00030,2022-01-08,Active,15,Yes,10.0
ENRN7KUYF9W,EMP00268,PLN7129,Casual Leave,CL-PLAN-03,Statutory,Monthly,2023-07-27,2025-07-26,EMP00048,2023-07-27,Terminated,12,No,5.0
ENR7A6053Z3,EMP00269,PLN3612,Casual Leave,CL-PLAN-03,Statutory,One-Time,2020-04-22,2021-04-22,EMP00043,2020-04-22,Terminated,25,Yes,10.0
ENRRX2J7OSX,EMP00269,PLN9764,Unpaid Leave,UL-PLAN-07,Statutory,Monthly,2022-08-17,2024-08-16,EMP00024,2022-08-17,Terminated,20,Yes,0.0
ENRPJYEWA92,EMP00270,PLN5560,Maternity Leave,ML-PLAN-04,Unpaid,One-Time,2022-05-02,2025-05-01,EMP00009,2022-05-02,Terminated,18,No,0.0
ENRMNOFTIH6,EMP00270,PLN1739,Sick Leave,SL-PLAN-02,Statutory,Monthly,2020-10-31,2022-10-31,EMP00038,2020-10-31,Inactive,12,Yes,15.0
ENR8TM667VC,EMP00271,PLN2544,Casual Leave,CL-PLAN-03,Statutory,One-Time,2020-04-09,2020-03-10,EMP00049,2020-04-09,Active,-5,No,15.0
ENR7W31J801,EMP00271,PLN7067,Sick Leave,SL-PLAN-02,Unpaid,Per-Incident,2020-08-06,2020-07-07,EMP00041,2020-08-06,Active,-5,Yes,10.0
ENR1BDB77RK,EMP00271,PLN8186,Maternity Leave,ML-PLAN-04,Unpaid,Monthly,2020-07-12,2020-06-12,EMP00048,2020-07-12,Active,-5,Yes,5.0
ENRVFR4UULU,EMP00272,PLN9268,Casual Leave,CL-PLAN-03,Statutory,Annual,2022-09-09,2025-09-08,EMP00033,2022-09-09,Pending,10,Yes,10.0
ENRK323YBGS,EMP00272,PLN8515,Compensatory Off,CO-PLAN-06,Unpaid,Per-Incident,2021-11-12,2022-11-12,EMP00046,2021-11-12,Active,21,Yes,10.0
ENRIQF2QV9G,EMP00272,PLN5024,Bereavement Leave,BL-PLAN-08,Paid,Annual,2021-06-13,2023-06-13,EMP00041,2021-06-13,Inactive,10,No,
ENRAW36S48C,EMP00272,PLN6624,Annual Leave,AL-PLAN-01,Unpaid,One-Time,2020-09-12,2022-09-12,EMP00050,2020-09-12,Inactive,21,No,10.0
ENRSTMFTH63,EMP00273,,Annual Leave,AL-PLAN-01,Statutory,Monthly,2021-01-13,2023-01-13,EMP00024,2021-01-13,Terminated,18,No,0.0
ENRPBVHKIXX,EMP00273,,Casual Leave,CL-PLAN-03,Unpaid,Annual,2022-01-03,2023-01-03,EMP00005,2022-01-03,Inactive,25,Yes,0.0
ENRHD5SX5WY,EMP00273,,Sick Leave,SL-PLAN-02,Statutory,Annual,2021-05-27,2022-05-27,EMP00013,2021-05-27,Active,18,No,0.0
ENRS8UYU3BM,EMP00273,,Compensatory Off,CO-PLAN-06,Unpaid,Annual,2023-08-19,2026-08-18,EMP00033,2023-08-19,Pending,21,Yes,5.0
ENREQX3VM5L,EMP00274,PLN5279,Annual Leave,AL-PLAN-01,Statutory,One-Time,2022-09-16,2023-09-16,EMP00021,2022-09-16,Terminated,20,Yes,0.0
ENRC5ENW8RP,EMP00274,PLN8913,Sick Leave,SL-PLAN-02,Unpaid,Monthly,2021-08-02,2024-08-01,EMP00022,2021-08-02,Pending,25,Yes,0.0
ENRZTZV34DA,EMP00274,PLN3495,Maternity Leave,ML-PLAN-04,Statutory,One-Time,2020-03-11,2022-03-11,EMP00002,2020-03-11,Terminated,15,Yes,0.0
ENRZX7CYC4T,EMP00275,PLN5680,Bereavement Leave,BL-PLAN-08,Statutory,One-Time,2022-07-03,2023-07-03,EMP00029,2022-07-03,Inactive,12,Yes,10.0
ENRSKKJ3E34,EMP00275,PLN5601,Paternity Leave,PL-PLAN-05,Statutory,Annual,2021-01-21,2024-01-21,EMP00024,2021-01-21,Active,20,Yes,0.0
ENRFJ6034Q9,EMP00275,PLN2508,Annual Leave,AL-PLAN-01,Statutory,Monthly,2020-06-19,2023-06-19,EMP00001,2020-06-19,Pending,10,Yes,10.0
ENRAK432OCI,EMP00276,PLN7856,Unpaid Leave,UL-PLAN-07,Unpaid,One-Time,2021-10-28,2024-10-27,EMP00017,2021-10-28,Pending,20,Yes,0.0
ENRR9XD0O9R,EMP00276,PLN9270,Paternity Leave,PL-PLAN-05,Unpaid,One-Time,2022-10-20,2025-10-19,EMP00040,2022-10-20,Pending,10,No,10.0
ENRP5SIV7TS,EMP00276,PLN1066,Compensatory Off,CO-PLAN-06,Paid,Per-Incident,2020-03-14,2022-03-14,EMP00011,2020-03-14,Pending,30,Yes,10.0
ENRY1FPGGYX,EMP00277,PLN5162,Casual Leave,CL-PLAN-03,Unpaid,One-Time,NOT-A-DATE,2021-08-14,EMP00014,2020-08-14,Inactive,15,Yes,10.0
ENRZHUN5U62,EMP00277,PLN2816,Bereavement Leave,BL-PLAN-08,Statutory,Monthly,NOT-A-DATE,2023-01-26,EMP00010,2022-01-26,Terminated,12,Yes,10.0
ENRQU79G65W,EMP00278,PLN6893,Compensatory Off,CO-PLAN-06,Statutory,Monthly,2020-11-16,2022-11-16,EMP00009,2020-11-16,Pending,25,Yes,10.0
ENRRKI1PH0C,EMP00278,PLN1716,Sick Leave,SL-PLAN-02,Unpaid,Annual,2022-09-07,2025-09-06,EMP00042,2022-09-07,Pending,25,Yes,15.0
ENRG68VOKL0,EMP00278,PLN9133,Maternity Leave,ML-PLAN-04,Paid,One-Time,2021-09-11,2024-09-10,EMP00022,2021-09-11,Active,20,Yes,0.0
ENR3AEZOC89,EMP00279,PLN6475,Unpaid Leave,UL-PLAN-07,Statutory,Per-Incident,2021-01-09,2023-01-09,EMP00046,2021-01-09,Inactive,21,Yes,10.0
ENR0C4WX8P8,EMP00279,PLN4058,Bereavement Leave,BL-PLAN-08,Unpaid,One-Time,2020-05-09,2023-05-09,EMP00006,2020-05-09,Terminated,18,Yes,5.0
ENRFPRAVSU1,EMP00279,PLN7786,Sick Leave,SL-PLAN-02,Statutory,Monthly,2020-08-26,2022-08-26,EMP00026,2020-08-26,Active,12,No,15.0
ENR0XOICR75,EMP00280,PLN9344,Unpaid Leave,UL-PLAN-07,Unpaid,Per-Incident,2020-08-17,2022-08-17,EMP00034,2020-08-17,Active,10,No,
ENRF2XN3KSY,EMP00280,PLN3447,Annual Leave,AL-PLAN-01,Unpaid,Annual,2020-03-10,2021-03-10,EMP00026,2020-03-10,Active,20,Yes,10.0
ENRF6KFID3G,EMP00280,PLN3752,Bereavement Leave,BL-PLAN-08,Unpaid,One-Time,2021-12-13,2024-12-12,EMP00037,2021-12-13,Active,12,Yes,10.0
ENR9ZT8DX12,,,Paternity Leave,PL-PLAN-05,Statutory,Monthly,2022-07-09,2025-07-08,EMP00043,2035-01-01,Pending,30,Yes,10.0
ENRLMBA3TPZ,,,Sick Leave,SL-PLAN-02,Paid,One-Time,2021-03-02,2023-03-02,EMP00002,2035-01-01,Pending,18,No,5.0
ENR5495S12Q,,,Compensatory Off,CO-PLAN-06,Paid,One-Time,2022-08-23,2025-08-22,EMP00014,2035-01-01,Pending,21,Yes,0.0
ENRX9CQZSR2,,,Maternity Leave,ML-PLAN-04,Unpaid,Per-Incident,2020-06-22,2023-06-22,EMP00010,2035-01-01,Inactive,21,Yes,5.0
ENRDXOI5C12,EMP00282,PLN6041,Compensatory Off,CO-PLAN-06,Paid,Annual,2023-04-15,2024-04-14,EMP00030,2023-04-15,Active,18,No,0.0
ENRPA0E5NO3,EMP00282,PLN4588,Casual Leave,CL-PLAN-03,Statutory,Per-Incident,2020-08-10,2021-08-10,EMP00011,2020-08-10,Active,18,Yes,
ENRDVWBPEDY,EMP00282,PLN8029,Maternity Leave,ML-PLAN-04,Statutory,Per-Incident,2020-07-04,2021-07-04,EMP00032,2020-07-04,Active,10,No,0.0
ENR8AMZZMDU,EMP00282,PLN4585,Annual Leave,AL-PLAN-01,Statutory,Per-Incident,2022-03-25,2024-03-24,EMP00026,2022-03-25,Terminated,18,No,0.0
ENRJ2N67MZ4,EMP00283,PLN4916,Paternity Leave,PL-PLAN-05,Unpaid,Monthly,2022-04-12,2024-04-11,EMP00004,2022-04-12,Active,20,No,0.0
ENRIYLOF65A,EMP00283,PLN9169,Casual Leave,CL-PLAN-03,Paid,Annual,2023-06-05,2026-06-04,EMP00037,2023-06-05,Active,10,Yes,15.0
ENR3PRAH16F,EMP00283,PLN5525,Bereavement Leave,BL-PLAN-08,Unpaid,Monthly,2020-10-17,2022-10-17,EMP00009,2020-10-17,Inactive,25,No,5.0
ENRYMZ715PT,EMP00283,PLN9103,Unpaid Leave,UL-PLAN-07,Statutory,Per-Incident,2021-06-30,2022-06-30,EMP00040,2021-06-30,Active,18,Yes,5.0
ENRZF3C14TB,EMP00284,PLN4054,Annual Leave,AL-PLAN-01,Statutory,Per-Incident,2020-02-22,2021-02-21,EMP00009,2020-02-22,Active,15,Yes,5.0
ENRMBB6B1M6,EMP00284,PLN9153,Sick Leave,SL-PLAN-02,Paid,Per-Incident,2023-07-27,2024-07-26,EMP00002,2023-07-27,Pending,21,Yes,0.0
ENRXPPNESOA,EMP00284,PLN8281,Unpaid Leave,UL-PLAN-07,Paid,Annual,2023-02-09,2025-02-08,EMP00009,2023-02-09,Terminated,25,Yes,15.0
ENRMQO1YMRG,EMP00285,PLN7494,Sick Leave,SL-PLAN-02,Statutory,Annual,2023-07-19,2025-07-18,EMP00045,2023-07-19,Terminated,25,Yes,0.0
ENRZJZNI8LY,EMP00285,PLN5330,Casual Leave,CL-PLAN-03,Statutory,One-Time,2023-08-30,2026-08-29,EMP00049,2023-08-30,Active,30,Yes,10.0
ENR7PEAE5SF,EMP00286,PLN1614,Compensatory Off,CO-PLAN-06,Statutory,Per-Incident,2023-08-29,2024-08-28,EMP00038,2023-08-29,Inactive,30,Yes,5.0
ENRE5D2L95O,EMP00286,PLN9265,Unpaid Leave,UL-PLAN-07,Statutory,Annual,2023-06-14,2026-06-13,EMP00005,2023-06-14,Terminated,21,Yes,15.0
ENRO23D9DWQ,EMP00286,PLN1618,Bereavement Leave,BL-PLAN-08,Paid,Monthly,2022-04-06,2023-04-06,EMP00050,2022-04-06,Inactive,18,Yes,0.0
ENRT295N4LL,EMP00286,PLN5159,Sick Leave,SL-PLAN-02,Paid,Monthly,2022-04-05,2024-04-04,EMP00004,2022-04-05,Inactive,18,Yes,5.0
ENRVF4N22O9,EMP00287,PLN8783,Bereavement Leave,INVALID_PLAN_XXX,Unpaid,Monthly,2020-02-01,2021-01-31,EMP00001,2020-02-01,Active,20,Yes,15.0
ENRIRM5OL25,EMP00287,PLN1781,Paternity Leave,INVALID_PLAN_XXX,Paid,Monthly,2023-01-09,2025-01-08,EMP00009,2023-01-09,Active,20,No,10.0
ENR1UPQ788L,EMP00288,PLN2347,Paternity Leave,PL-PLAN-05,Paid,Per-Incident,2020-09-20,2022-09-20,EMP00008,2020-09-20,Terminated,21,No,0.0
ENR6Y394DN9,EMP00288,PLN4626,Annual Leave,AL-PLAN-01,Paid,One-Time,2023-12-05,2024-12-04,EMP00010,2023-12-05,Inactive,30,Yes,
ENR5FGZ6L4E,EMP00288,PLN5861,Unpaid Leave,UL-PLAN-07,Paid,Annual,2020-01-09,2021-01-08,EMP00016,2020-01-09,Inactive,30,Yes,15.0
ENRRMHWL1VV,EMP00288,PLN7721,Bereavement Leave,BL-PLAN-08,Unpaid,Annual,2022-07-25,2024-07-24,EMP00009,2022-07-25,Inactive,12,Yes,0.0
ENR8J0RDG7P,EMP00289,,Unpaid Leave,UL-PLAN-07,Unpaid,Monthly,NOT-A-DATE,2020-06-15,EMP00050,2020-07-15,Terminated,10,Yes,5.0
ENRLKZOS849,EMP00289,,Paternity Leave,PL-PLAN-05,Statutory,Per-Incident,NOT-A-DATE,2022-05-29,EMP00040,2022-06-28,Active,10,Yes,15.0
ENR4APJER29,EMP00290,PLN5177,Unpaid Leave,UL-PLAN-07,Statutory,Monthly,2021-12-31,2022-12-31,EMP00036,2021-12-31,Pending,20,Yes,15.0
ENR3XWZ4X50,EMP00290,PLN6475,Sick Leave,SL-PLAN-02,Paid,Monthly,2023-09-18,2026-09-17,EMP00005,2023-09-18,Active,25,Yes,10.0
ENRWGV5YKPS,EMP00290,PLN5345,Annual Leave,AL-PLAN-01,Paid,Per-Incident,2021-09-04,2023-09-04,EMP00002,2021-09-04,Terminated,15,Yes,5.0
ENR2TN8REPK,EMP00291,PLN4826,Bereavement Leave,BL-PLAN-08,Paid,One-Time,2023-03-17,2026-03-16,EMP00044,2023-03-17,Active,30,No,15.0
ENRFM7PU6QX,EMP00291,PLN8447,Annual Leave,AL-PLAN-01,Paid,One-Time,2023-02-14,2024-02-14,EMP00025,2023-02-14,Active,10,No,15.0
ENRJOEYYS54,EMP00291,PLN3514,Sick Leave,SL-PLAN-02,Statutory,Annual,2021-08-31,2023-08-31,EMP00037,2021-08-31,Terminated,15,Yes,0.0
ENRZKHV95XY,EMP00292,PLN4491,Unpaid Leave,UL-PLAN-07,Paid,One-Time,2021-03-02,2023-03-02,EMP00018,2021-03-02,Pending,18,Yes,10.0
ENREHUW7N1D,EMP00292,PLN4484,Compensatory Off,CO-PLAN-06,Unpaid,One-Time,2021-02-04,2022-02-04,EMP00002,2021-02-04,Terminated,18,Yes,5.0
ENR9E3UE1SB,EMP00293,PLN1572,Compensatory Off,CO-PLAN-06,Unpaid,Annual,2022-02-09,2025-02-08,EMP00048,2022-02-09,Pending,20,Yes,0.0
ENRWFTD7BB1,EMP00293,PLN5508,Paternity Leave,PL-PLAN-05,Unpaid,One-Time,2022-10-06,2023-10-06,EMP00019,2022-10-06,Terminated,30,No,0.0
ENRP7HIU9ZV,EMP00294,PLN5391,Compensatory Off,CO-PLAN-06,Statutory,Annual,2023-06-27,2025-06-26,EMP00012,2023-06-27,Active,15,Yes,
ENRE3WYO9V4,EMP00294,PLN9096,Annual Leave,AL-PLAN-01,Statutory,Annual,2022-02-28,2024-02-28,EMP00037,2022-02-28,Inactive,12,No,10.0
ENRO00NAOZI,EMP00294,PLN6389,Unpaid Leave,UL-PLAN-07,Statutory,Per-Incident,2023-09-28,2025-09-27,EMP00011,2023-09-28,Active,10,Yes,0.0
ENR8CRMGVNE,EMP00294,PLN6112,Paternity Leave,PL-PLAN-05,Statutory,Annual,2020-10-03,2023-10-03,EMP00040,2020-10-03,Inactive,10,Yes,10.0
ENR2G9KF3FF,EMP00295,PLN6131,Sick Leave,SL-PLAN-02,Statutory,Monthly,2020-10-27,2021-10-27,EMP00001,2020-10-27,Terminated,30,Yes,15.0
ENRP0V393KH,EMP00295,PLN4014,Paternity Leave,PL-PLAN-05,Unpaid,Per-Incident,2023-05-14,2026-05-13,EMP00007,2023-05-14,Active,12,Yes,5.0
ENROUXTFKV4,EMP00295,PLN6465,Compensatory Off,CO-PLAN-06,Paid,Per-Incident,2023-04-17,2024-04-16,EMP00043,2023-04-17,Active,12,Yes,10.0
ENRP2FHT47N,EMP00295,PLN8851,Unpaid Leave,UL-PLAN-07,Unpaid,Annual,2020-06-02,2022-06-02,EMP00032,2020-06-02,Active,18,No,0.0
ENR7LJK8BHH,EMP00296,PLN9845,Annual Leave,AL-PLAN-01,Statutory,Annual,2021-08-03,2023-08-03,EMP00048,2021-08-03,Terminated,20,Yes,
ENR2HUV1H4U,EMP00296,PLN7998,Paternity Leave,PL-PLAN-05,Unpaid,Annual,2020-10-31,2022-10-31,EMP00023,2020-10-31,Terminated,12,Yes,10.0
ENRU8OBL31L,EMP00296,PLN1617,Unpaid Leave,UL-PLAN-07,Statutory,One-Time,2020-03-15,2022-03-15,EMP00024,2020-03-15,Active,21,Yes,0.0
ENRO4RLSQB4,EMP00297,,Annual Leave,AL-PLAN-01,Unpaid,Monthly,2021-10-11,2022-10-11,EMP00050,2021-10-11,Inactive,15,No,15.0
ENRHYBJ6AMI,EMP00297,,Maternity Leave,ML-PLAN-04,Statutory,Monthly,2023-10-30,2024-10-29,EMP00017,2023-10-30,Terminated,10,Yes,5.0
ENRG05X81OJ,EMP00297,,Bereavement Leave,BL-PLAN-08,Unpaid,Per-Incident,2023-02-08,2026-02-07,EMP00034,2023-02-08,Pending,15,Yes,
ENRF8HMS8ZT,EMP00298,PLN6219,Paternity Leave,PL-PLAN-05,Unpaid,One-Time,2021-08-25,2022-08-25,EMP00042,2021-08-25,Active,10,Yes,0.0
ENREHR6TPJC,EMP00298,PLN3047,Casual Leave,CL-PLAN-03,Paid,Per-Incident,2020-01-22,2023-01-21,EMP00016,2020-01-22,Active,15,No,5.0
ENRMEGYJTGW,EMP00298,PLN2965,Annual Leave,AL-PLAN-01,Unpaid,Annual,2023-07-23,2024-07-22,EMP00039,2023-07-23,Pending,15,No,10.0
ENRKE8DFWPM,EMP00298,PLN6084,Sick Leave,SL-PLAN-02,Unpaid,Per-Incident,2020-02-01,2021-01-31,EMP00047,2020-02-01,Pending,25,Yes,0.0
ENR5VIYPS60,EMP00299,PLN4031,Paternity Leave,PL-PLAN-05,Unpaid,Per-Incident,2020-09-14,2023-09-14,EMP00033,2020-09-14,Inactive,25,Yes,5.0
ENR30RKW52P,EMP00299,PLN6245,Bereavement Leave,BL-PLAN-08,Unpaid,Per-Incident,2021-01-19,2023-01-19,EMP00007,2021-01-19,Inactive,30,Yes,10.0
ENR8CDWP9MT,EMP00299,PLN4963,Maternity Leave,ML-PLAN-04,Statutory,Per-Incident,2020-03-09,2021-03-09,EMP00046,2020-03-09,Terminated,25,Yes,5.0
ENRSBAKFBBD,EMP00300,PLN5425,Bereavement Leave,BL-PLAN-08,Statutory,Annual,2020-04-13,2022-04-13,EMP00001,2020-04-13,Inactive,30,Yes,0.0
ENR46IQ7DXB,EMP00300,PLN5254,Compensatory Off,CO-PLAN-06,Unpaid,One-Time,2022-03-24,2025-03-23,EMP00023,2022-03-24,Inactive,20,Yes,10.0
ENRJ2CZYJ35,EMP00300,PLN2134,Unpaid Leave,UL-PLAN-07,Paid,Monthly,2023-09-22,2025-09-21,EMP00017,2023-09-22,Active,10,Yes,5.0
ENR9E77WH4M,EMP00300,PLN4543,Casual Leave,CL-PLAN-03,Statutory,Per-Incident,2020-04-15,2022-04-15,EMP00043,2020-04-15,Active,12,Yes,15.0
ENRUCNP7IWS,EMP00301,PLN8098,Bereavement Leave,BL-PLAN-08,Paid,Monthly,NOT-A-DATE,2025-03-10,EMP00026,2022-03-11,Active,-5,No,0.0
ENRPFURE0FS,EMP00301,PLN5631,Maternity Leave,ML-PLAN-04,Paid,Annual,NOT-A-DATE,2025-08-18,EMP00035,2023-08-19,Pending,-5,Yes,
ENRPQS77M37,EMP00301,PLN9509,Annual Leave,AL-PLAN-01,Statutory,Annual,NOT-A-DATE,2024-09-13,EMP00020,2023-09-14,Inactive,-5,Yes,5.0
ENRE1DUYYUJ,EMP00302,PLN6576,Maternity Leave,ML-PLAN-04,Paid,Per-Incident,2021-10-14,2022-10-14,EMP00012,2021-10-14,Active,30,Yes,10.0
ENR0NZJ1USL,EMP00302,PLN8240,Sick Leave,SL-PLAN-02,Statutory,Monthly,2021-06-22,2022-06-22,EMP00035,2021-06-22,Pending,12,Yes,
ENRCRL1FFSW,EMP00302,PLN1134,Paternity Leave,PL-PLAN-05,Unpaid,Per-Incident,2022-10-16,2024-10-15,EMP00008,2022-10-16,Terminated,10,No,5.0
ENRS11D4BG7,EMP00303,PLN4085,Sick Leave,SL-PLAN-02,Paid,Per-Incident,2021-11-30,2022-11-30,EMP00032,2021-11-30,Inactive,12,Yes,10.0
ENRXC63EJ4J,EMP00303,PLN9476,Casual Leave,CL-PLAN-03,Paid,Annual,2022-05-07,2024-05-06,EMP00019,2022-05-07,Pending,10,No,5.0
ENRE6M3EEFY,EMP00303,PLN7444,Paternity Leave,PL-PLAN-05,Paid,One-Time,2020-10-08,2022-10-08,EMP00032,2020-10-08,Terminated,12,Yes,0.0
ENR4AWC6SU5,EMP00303,PLN4253,Unpaid Leave,UL-PLAN-07,Statutory,Per-Incident,2020-02-21,2022-02-20,EMP00044,2020-02-21,Pending,30,Yes,
ENRD4K6NWCY,EMP00304,PLN3464,Bereavement Leave,BL-PLAN-08,Unpaid,Annual,2021-09-30,2023-09-30,EMP00015,2021-09-30,Active,21,Yes,10.0
ENRISNH2IYT,EMP00304,PLN5631,Unpaid Leave,UL-PLAN-07,Unpaid,Per-Incident,2022-12-17,2025-12-16,EMP00045,2022-12-17,Active,15,Yes,0.0
ENR9O9UQCIR,EMP00305,,Paternity Leave,PL-PLAN-05,Unpaid,Annual,2021-06-29,2022-06-29,EMP00010,2021-06-29,Active,20,No,15.0
ENRMY09OZR4,EMP00305,,Compensatory Off,CO-PLAN-06,Statutory,Annual,2023-04-30,2026-04-29,EMP00043,2023-04-30,Terminated,30,Yes,
ENR2VJWPUEF,EMP00305,,Unpaid Leave,UL-PLAN-07,Paid,Monthly,2021-06-29,2022-06-29,EMP00037,2021-06-29,Pending,30,Yes,15.0
ENRRM6L5L60,EMP00306,PLN4518,Bereavement Leave,BL-PLAN-08,Unpaid,One-Time,2023-11-14,2025-11-13,EMP00047,2023-11-14,Inactive,15,Yes,15.0
ENR01BT4YJR,EMP00306,PLN2920,Casual Leave,CL-PLAN-03,Statutory,One-Time,2023-07-22,2025-07-21,EMP00031,2023-07-22,Inactive,12,No,15.0
ENRD6S57EKM,EMP00306,PLN3786,Sick Leave,SL-PLAN-02,Unpaid,Per-Incident,2021-02-04,2023-02-04,EMP00030,2021-02-04,Pending,30,No,15.0
ENR296BQY0L,EMP00306,PLN9189,Compensatory Off,CO-PLAN-06,Paid,Annual,2022-08-31,2024-08-30,EMP00021,2022-08-31,Active,30,Yes,10.0
ENRBXN3OOST,EMP00307,PLN1043,Maternity Leave,ML-PLAN-04,Paid,Monthly,2022-10-10,2022-09-10,EMP00045,2022-10-10,Pending,25,No,10.0
ENRIGMQM874,EMP00307,PLN5315,Bereavement Leave,BL-PLAN-08,Statutory,Annual,2020-06-05,2020-05-06,EMP00030,2020-06-05,Inactive,15,Yes,15.0
ENRFNBC5L9W,EMP00307,PLN8982,Unpaid Leave,UL-PLAN-07,Paid,Annual,2021-08-09,2021-07-10,EMP00004,2021-08-09,Active,18,No,0.0
ENRO72G5003,EMP00307,PLN5944,Sick Leave,SL-PLAN-02,Paid,One-Time,2020-05-01,2020-04-01,EMP00016,2020-05-01,Inactive,12,Yes,5.0
ENRMV1OR9VV,EMP00308,PLN5254,Bereavement Leave,BL-PLAN-08,Statutory,Per-Incident,2023-10-14,2026-10-13,EMP00027,2023-10-14,Pending,25,Yes,0.0
ENRN03HOAHQ,EMP00308,PLN9191,Sick Leave,SL-PLAN-02,Statutory,Annual,2021-04-10,2023-04-10,EMP00017,2021-04-10,Active,30,Yes,15.0
ENRB8DAQWE6,EMP00309,PLN6421,Sick Leave,INVALID_PLAN_XXX,Statutory,Per-Incident,2021-06-09,2022-06-09,EMP00015,2021-06-09,Pending,10,Yes,15.0
ENRJHDQ9KN0,EMP00309,PLN1108,Compensatory Off,INVALID_PLAN_XXX,Paid,One-Time,2021-04-23,2022-04-23,EMP00018,2021-04-23,Inactive,30,Yes,
ENR8OB3M47I,EMP00309,PLN1371,Casual Leave,INVALID_PLAN_XXX,Paid,Annual,2023-11-23,2024-11-22,EMP00008,2023-11-23,Inactive,30,Yes,
ENRF37QZXFS,EMP00310,PLN8007,Maternity Leave,ML-PLAN-04,Statutory,Annual,2023-07-19,2025-07-18,EMP00043,2023-07-19,Active,21,Yes,0.0
ENR1CFN4QNB,EMP00310,PLN2660,Compensatory Off,CO-PLAN-06,Statutory,Per-Incident,2021-05-29,2024-05-28,EMP00003,2021-05-29,Active,15,Yes,0.0
ENRPSLKQ6S0,EMP00310,PLN4252,Unpaid Leave,UL-PLAN-07,Statutory,Per-Incident,2022-03-10,2025-03-09,EMP00030,2022-03-10,Terminated,25,Yes,10.0
ENR022LYU46,EMP00311,PLN7973,Paternity Leave,PL-PLAN-05,Statutory,Monthly,2021-12-26,2023-12-26,EMP00013,2021-12-26,Active,20,Yes,
ENROFTT2338,EMP00311,PLN4151,Bereavement Leave,BL-PLAN-08,Unpaid,Per-Incident,2023-03-02,2024-03-01,EMP00029,2023-03-02,Active,18,Yes,10.0
ENR3GTQR82Q,EMP00311,PLN8157,Unpaid Leave,UL-PLAN-07,Unpaid,Annual,2023-11-05,2026-11-04,EMP00043,2023-11-05,Inactive,21,Yes,10.0
ENRVVD7K24J,EMP00312,PLN5279,Bereavement Leave,BL-PLAN-08,Paid,Monthly,2020-08-07,2021-08-07,EMP00047,2020-08-07,Active,25,Yes,10.0
ENRIO4V0UX8,EMP00312,PLN9566,Sick Leave,SL-PLAN-02,Statutory,One-Time,2020-01-03,2021-01-02,EMP00004,2020-01-03,Terminated,12,Yes,5.0
ENRIXGZN6UI,EMP00312,PLN9060,Casual Leave,CL-PLAN-03,Unpaid,Annual,2023-03-10,2026-03-09,EMP00004,2023-03-10,Inactive,25,Yes,5.0
ENROONO544R,EMP00313,,Casual Leave,CL-PLAN-03,Paid,Monthly,NOT-A-DATE,2024-06-29,EMP00005,2022-06-30,Inactive,18,No,
ENROXDBI1J9,EMP00313,,Annual Leave,AL-PLAN-01,Statutory,Monthly,NOT-A-DATE,2022-03-19,EMP00036,2020-03-19,Inactive,12,Yes,0.0
ENRBSOJIQOS,EMP00313,,Compensatory Off,CO-PLAN-06,Unpaid,Annual,NOT-A-DATE,2025-08-07,EMP00027,2023-08-08,Pending,10,Yes,10.0
ENRY71TFBAW,EMP00313,,Maternity Leave,ML-PLAN-04,Paid,Annual,NOT-A-DATE,2024-11-26,EMP00026,2021-11-27,Pending,30,Yes,10.0
ENRSZ206XMK,EMP00314,PLN9127,Maternity Leave,ML-PLAN-04,Unpaid,Per-Incident,2020-06-23,2021-06-23,EMP00022,2020-06-23,Pending,12,No,
ENR3VDSO4BD,EMP00314,PLN8954,Paternity Leave,PL-PLAN-05,Unpaid,One-Time,2021-11-03,2024-11-02,EMP00026,2021-11-03,Pending,18,Yes,5.0
ENR9NM0T6VP,EMP00315,PLN4745,Unpaid Leave,UL-PLAN-07,Statutory,Annual,2021-02-08,2024-02-08,EMP00049,2021-02-08,Active,10,No,10.0
ENRPY89ITLX,EMP00315,PLN2158,Bereavement Leave,BL-PLAN-08,Statutory,Monthly,2023-10-30,2024-10-29,EMP00001,2023-10-30,Inactive,12,Yes,10.0
ENRQB71KVOU,EMP00315,PLN1183,Paternity Leave,PL-PLAN-05,Unpaid,One-Time,2020-01-30,2023-01-29,EMP00030,2020-01-30,Terminated,25,Yes,
ENRZYUK31D2,EMP00315,PLN1688,Casual Leave,CL-PLAN-03,Unpaid,Per-Incident,2023-07-05,2026-07-04,EMP00050,2023-07-05,Pending,20,No,0.0
ENRLCYGSKVY,,PLN2600,Unpaid Leave,UL-PLAN-07,Unpaid,Annual,2021-01-25,2023-01-25,EMP00017,2021-01-25,Pending,30,Yes,15.0
ENRHISQ9FVD,,PLN2462,Bereavement Leave,BL-PLAN-08,Statutory,Annual,2022-10-11,2025-10-10,EMP00046,2022-10-11,Terminated,30,Yes,
ENR5K0RDM3G,,PLN8983,Casual Leave,CL-PLAN-03,Unpaid,Annual,2022-06-12,2024-06-11,EMP00016,2022-06-12,Pending,25,Yes,
ENR272BPVUK,,PLN4575,Maternity Leave,ML-PLAN-04,Paid,Annual,2020-07-11,2022-07-11,EMP00009,2020-07-11,Inactive,18,Yes,0.0
ENRT8J6YTXU,EMP00317,PLN7516,Casual Leave,CL-PLAN-03,Statutory,Annual,2021-04-18,2022-04-18,EMP00027,2021-04-18,Pending,25,No,0.0
ENR4D5YUJJ1,EMP00317,PLN3473,Compensatory Off,CO-PLAN-06,Statutory,Per-Incident,2020-09-29,2022-09-29,EMP00046,2020-09-29,Active,30,Yes,
ENRWTITCKF2,EMP00318,PLN6624,Annual Leave,AL-PLAN-01,Paid,One-Time,2022-02-23,2023-02-23,EMP00041,2022-02-23,Terminated,18,Yes,10.0
ENRN2A7JPEM,EMP00318,PLN9304,Sick Leave,SL-PLAN-02,Paid,Per-Incident,2020-11-20,2022-11-20,EMP00023,2020-11-20,Terminated,30,Yes,0.0
ENRF3VJIKH7,EMP00318,PLN2122,Paternity Leave,PL-PLAN-05,Paid,One-Time,2020-02-21,2021-02-20,EMP00047,2020-02-21,Inactive,20,Yes,15.0
ENRCXF62TE1,EMP00318,PLN1216,Casual Leave,CL-PLAN-03,Paid,Annual,2021-04-24,2023-04-24,EMP00006,2021-04-24,Active,20,No,15.0
ENRVQXB4X9D,EMP00319,PLN9859,Unpaid Leave,UL-PLAN-07,Unpaid,Per-Incident,2020-02-04,2023-02-03,EMP00041,2020-02-04,Inactive,30,Yes,0.0
ENRPUZGIU0L,EMP00319,PLN7982,Casual Leave,CL-PLAN-03,Unpaid,One-Time,2020-01-25,2022-01-24,EMP00047,2020-01-25,Active,30,Yes,10.0
ENRDR4AXGVJ,EMP00320,PLN4861,Sick Leave,SL-PLAN-02,Unpaid,One-Time,2021-11-13,2022-11-13,EMP00043,2021-11-13,Inactive,25,Yes,15.0
ENRZ3Z8CZRB,EMP00320,PLN8999,Compensatory Off,CO-PLAN-06,Paid,One-Time,2023-01-12,2025-01-11,EMP00039,2023-01-12,Active,20,Yes,0.0
ENRZRSEW95E,EMP00320,PLN2516,Annual Leave,AL-PLAN-01,Unpaid,Monthly,2022-12-15,2024-12-14,EMP00041,2022-12-15,Terminated,15,Yes,15.0
ENR1QNFGB5K,EMP00321,,Sick Leave,SL-PLAN-02,Paid,One-Time,2023-03-25,2025-03-24,EMP00017,2035-01-01,Inactive,12,Yes,
ENR1PDUJYOO,EMP00321,,Casual Leave,CL-PLAN-03,Unpaid,Monthly,2023-09-02,2024-09-01,EMP00039,2035-01-01,Pending,21,No,15.0
ENRKUTYO2KA,EMP00321,,Compensatory Off,CO-PLAN-06,Statutory,One-Time,2022-07-29,2024-07-28,EMP00011,2035-01-01,Terminated,21,No,10.0
ENR2VTF8FL6,EMP00322,PLN3394,Paternity Leave,PL-PLAN-05,Unpaid,One-Time,2020-06-18,2022-06-18,EMP00035,2020-06-18,Pending,20,Yes,10.0
ENR5LU3O8PS,EMP00322,PLN5493,Compensatory Off,CO-PLAN-06,Statutory,Per-Incident,2021-05-01,2024-04-30,EMP00022,2021-05-01,Inactive,30,Yes,15.0
ENRI19FFCAX,EMP00323,PLN2993,Compensatory Off,CO-PLAN-06,Statutory,Annual,2022-05-14,2025-05-13,EMP00048,2022-05-14,Inactive,30,No,0.0
ENRX2PKY4V3,EMP00323,PLN9943,Paternity Leave,PL-PLAN-05,Statutory,One-Time,2022-05-25,2025-05-24,EMP00039,2022-05-25,Active,25,Yes,10.0
ENRAWFXW2IL,EMP00324,PLN7825,Paternity Leave,PL-PLAN-05,Statutory,One-Time,2022-11-26,2025-11-25,EMP00027,2022-11-26,Terminated,10,Yes,10.0
ENR6R017DMA,EMP00324,PLN3124,Sick Leave,SL-PLAN-02,Unpaid,One-Time,2021-11-27,2022-11-27,EMP00030,2021-11-27,Inactive,25,Yes,10.0
ENR73JK24MZ,EMP00325,PLN4857,Paternity Leave,PL-PLAN-05,Paid,Per-Incident,NOT-A-DATE,2020-07-08,EMP00013,2020-08-07,Inactive,12,Yes,0.0
ENRWQNKOB3W,EMP00325,PLN5254,Unpaid Leave,UL-PLAN-07,Paid,One-Time,NOT-A-DATE,2022-04-28,EMP00030,2022-05-28,Pending,15,Yes,15.0
ENRZNTW0KVI,EMP00325,PLN5819,Bereavement Leave,BL-PLAN-08,Statutory,One-Time,NOT-A-DATE,2023-04-02,EMP00038,2023-05-02,Inactive,20,No,0.0
ENRNKUPPVGS,EMP00325,PLN6773,Compensatory Off,CO-PLAN-06,Paid,Annual,NOT-A-DATE,2023-08-08,EMP00007,2023-09-07,Active,25,No,15.0
ENR29ES60N2,EMP00326,PLN8520,Unpaid Leave,UL-PLAN-07,Unpaid,Per-Incident,2022-10-21,2023-10-21,EMP00048,2022-10-21,Inactive,21,No,
ENRL95VK5JY,EMP00326,PLN4557,Casual Leave,CL-PLAN-03,Unpaid,One-Time,2022-05-02,2024-05-01,EMP00021,2022-05-02,Terminated,12,Yes,10.0
ENRVM9ZV9AJ,EMP00326,PLN7611,Bereavement Leave,BL-PLAN-08,Paid,Per-Incident,2022-12-20,2024-12-19,EMP00006,2022-12-20,Active,25,No,5.0
ENR4VPFU533,EMP00327,PLN7177,Annual Leave,AL-PLAN-01,Unpaid,One-Time,2020-12-18,2021-12-18,EMP00009,2020-12-18,Pending,15,Yes,
ENR03ZJ221J,EMP00327,PLN7241,Casual Leave,CL-PLAN-03,Paid,Monthly,2020-11-04,2022-11-04,EMP00048,2020-11-04,Inactive,25,No,0.0
ENREZH6R3G0,EMP00327,PLN3053,Sick Leave,SL-PLAN-02,Statutory,Monthly,2023-06-29,2026-06-28,EMP00005,2023-06-29,Terminated,30,Yes,5.0
ENRUJPBOO3W,EMP00328,PLN4716,Bereavement Leave,BL-PLAN-08,Statutory,Monthly,2023-07-12,2024-07-11,EMP00012,2023-07-12,Pending,15,No,0.0
ENRV3RZJTJ3,EMP00328,PLN3348,Annual Leave,AL-PLAN-01,Statutory,Monthly,2021-07-10,2024-07-09,EMP00032,2021-07-10,Pending,20,Yes,15.0
ENRC2MFG2V6,EMP00329,,Maternity Leave,ML-PLAN-04,Unpaid,Annual,2020-09-27,2022-09-27,EMP00007,2020-09-27,Inactive,12,Yes,10.0
ENR42N8G2M6,EMP00329,,Sick Leave,SL-PLAN-02,Statutory,One-Time,2021-01-18,2022-01-18,EMP00025,2021-01-18,Active,10,No,15.0
ENRGJQHXZ36,EMP00329,,Unpaid Leave,UL-PLAN-07,Unpaid,Annual,2021-10-08,2023-10-08,EMP00012,2021-10-08,Active,21,Yes,10.0
ENRMGR33S3Y,EMP00330,PLN6374,Casual Leave,CL-PLAN-03,Paid,One-Time,2020-11-16,2021-11-16,EMP00025,2020-11-16,Terminated,21,Yes,
ENRB5WN6Y1J,EMP00330,PLN1384,Annual Leave,AL-PLAN-01,Paid,One-Time,2021-03-13,2022-03-13,EMP00046,2021-03-13,Terminated,15,Yes,0.0
ENR1C1DO346,EMP00330,PLN5469,Paternity Leave,PL-PLAN-05,Paid,One-Time,2022-10-28,2024-10-27,EMP00024,2022-10-28,Active,20,Yes,5.0
ENR1GWIZHT1,EMP00330,PLN9316,Compensatory Off,CO-PLAN-06,Statutory,Per-Incident,2021-07-09,2024-07-08,EMP00033,2021-07-09,Active,21,Yes,0.0
ENR7OOF8FR5,EMP00331,PLN9852,Annual Leave,INVALID_PLAN_XXX,Paid,Per-Incident,2022-03-14,2025-03-13,EMP00019,2022-03-14,Active,-5,Yes,5.0
ENR1MXYXBJK,EMP00331,PLN5963,Casual Leave,INVALID_PLAN_XXX,Paid,One-Time,2021-07-15,2024-07-14,EMP00031,2021-07-15,Inactive,-5,Yes,0.0
ENRJ7JUPYW5,EMP00331,PLN6311,Bereavement Leave,INVALID_PLAN_XXX,Unpaid,Monthly,2021-12-15,2023-12-15,EMP00041,2021-12-15,Terminated,-5,Yes,0.0
ENR6UDVHV0A,EMP00332,PLN5280,Bereavement Leave,BL-PLAN-08,Unpaid,Annual,2023-12-06,2024-12-05,EMP00012,2023-12-06,Pending,25,No,
ENRJU011G8K,EMP00332,PLN1824,Unpaid Leave,UL-PLAN-07,Unpaid,Per-Incident,2021-02-16,2024-02-16,EMP00020,2021-02-16,Terminated,18,No,5.0
ENRY64D167P,EMP00332,PLN7160,Annual Leave,AL-PLAN-01,Unpaid,Monthly,2022-09-05,2023-09-05,EMP00006,2022-09-05,Terminated,21,Yes,0.0
ENREE9Z82F8,EMP00332,PLN7289,Casual Leave,CL-PLAN-03,Paid,Annual,2020-06-03,2021-06-03,EMP00044,2020-06-03,Terminated,30,No,15.0
ENR2Y7EPELK,EMP00333,PLN8139,Paternity Leave,PL-PLAN-05,Unpaid,Monthly,2020-03-14,2023-03-14,EMP00011,2020-03-14,Terminated,18,Yes,0.0
ENRMNE8P7LQ,EMP00333,PLN8250,Sick Leave,SL-PLAN-02,Statutory,One-Time,2021-07-19,2024-07-18,EMP00041,2021-07-19,Active,21,No,0.0
ENRY5WF7D6H,EMP00333,PLN3115,Annual Leave,AL-PLAN-01,Paid,Monthly,2022-05-08,2024-05-07,EMP00033,2022-05-08,Inactive,15,Yes,0.0
ENR5FL2O1ZZ,EMP00334,PLN7527,Casual Leave,CL-PLAN-03,Unpaid,Monthly,2020-11-29,2021-11-29,EMP00034,2020-11-29,Terminated,10,Yes,10.0
ENRSAJ8FY1M,EMP00334,PLN4534,Paternity Leave,PL-PLAN-05,Paid,Per-Incident,2023-01-06,2025-01-05,EMP00038,2023-01-06,Terminated,12,Yes,15.0
ENR4BTVGVG5,EMP00334,PLN4523,Bereavement Leave,BL-PLAN-08,Statutory,Monthly,2021-06-19,2024-06-18,EMP00047,2021-06-19,Inactive,30,Yes,
ENRXRS1GXL2,EMP00334,PLN6075,Annual Leave,AL-PLAN-01,Paid,Monthly,2022-08-11,2024-08-10,EMP00031,2022-08-11,Terminated,10,Yes,5.0
ENR5E0X6GBS,EMP00335,PLN5425,Maternity Leave,ML-PLAN-04,Paid,Per-Incident,2021-06-25,2022-06-25,EMP00003,2021-06-25,Terminated,30,Yes,5.0
ENR72Q2O5AE,EMP00335,PLN9660,Compensatory Off,CO-PLAN-06,Paid,Per-Incident,2022-09-22,2025-09-21,EMP00032,2022-09-22,Pending,30,No,15.0
ENRIZECIW10,EMP00335,PLN9840,Casual Leave,CL-PLAN-03,Statutory,Monthly,2021-06-16,2024-06-15,EMP00031,2021-06-16,Inactive,21,No,5.0
ENR1CSST1CD,EMP00336,PLN6491,Sick Leave,SL-PLAN-02,Statutory,Per-Incident,2022-12-13,2023-12-13,EMP00040,2022-12-13,Pending,10,Yes,10.0
ENRWSGCNECK,EMP00336,PLN5685,Maternity Leave,ML-PLAN-04,Statutory,Monthly,2020-05-27,2023-05-27,EMP00040,2020-05-27,Inactive,30,Yes,
ENREVCYFGAA,EMP00336,PLN2951,Casual Leave,CL-PLAN-03,Unpaid,Annual,2020-01-22,2022-01-21,EMP00024,2020-01-22,Active,12,Yes,15.0
ENRT2JFCDCD,EMP00337,,Annual Leave,AL-PLAN-01,Paid,Annual,NOT-A-DATE,2023-12-23,EMP00024,2022-12-23,Active,30,No,5.0
ENR2D5M8K1P,EMP00337,,Sick Leave,SL-PLAN-02,Statutory,Monthly,NOT-A-DATE,2023-08-26,EMP00020,2020-08-26,Pending,20,Yes,0.0
ENR7I0S7BJX,EMP00337,,Maternity Leave,ML-PLAN-04,Statutory,Per-Incident,NOT-A-DATE,2023-04-07,EMP00040,2021-04-07,Terminated,21,No,0.0
ENRNEQ39ITV,EMP00338,PLN9921,Sick Leave,SL-PLAN-02,Statutory,One-Time,2022-08-02,2024-08-01,EMP00044,2022-08-02,Terminated,25,Yes,5.0
ENRH77WZKXB,EMP00338,PLN5242,Unpaid Leave,UL-PLAN-07,Unpaid,Monthly,2023-02-06,2025-02-05,EMP00012,2023-02-06,Inactive,20,Yes,5.0
ENR1XE2R690,EMP00338,PLN6434,Bereavement Leave,BL-PLAN-08,Paid,Per-Incident,2022-08-19,2024-08-18,EMP00023,2022-08-19,Active,12,No,5.0
ENRP2MPDR3H,EMP00338,PLN7032,Annual Leave,AL-PLAN-01,Unpaid,One-Time,2022-10-30,2024-10-29,EMP00001,2022-10-30,Active,25,Yes,15.0
ENRCQ0LKCGS,EMP00339,PLN4518,Casual Leave,CL-PLAN-03,Unpaid,Annual,2023-08-14,2026-08-13,EMP00016,2023-08-14,Inactive,10,No,5.0
ENRTU50BR3D,EMP00339,PLN4451,Unpaid Leave,UL-PLAN-07,Statutory,Annual,2020-05-19,2021-05-19,EMP00043,2020-05-19,Inactive,21,No,5.0
ENRK00YEABY,EMP00339,PLN6845,Compensatory Off,CO-PLAN-06,Unpaid,Annual,2023-01-29,2025-01-28,EMP00010,2023-01-29,Terminated,20,No,0.0
ENR1Q4AAUYX,EMP00339,PLN5615,Bereavement Leave,BL-PLAN-08,Unpaid,Per-Incident,2023-08-15,2026-08-14,EMP00027,2023-08-15,Terminated,20,Yes,
ENRNSQ5UK2Z,EMP00340,PLN4730,Maternity Leave,ML-PLAN-04,Unpaid,Per-Incident,2023-11-09,2025-11-08,EMP00004,2023-11-09,Active,20,Yes,0.0
ENRZENH4TXK,EMP00340,PLN5953,Casual Leave,CL-PLAN-03,Paid,Monthly,2023-08-28,2025-08-27,EMP00049,2023-08-28,Pending,10,Yes,
ENREBZ548DC,EMP00341,PLN1305,Unpaid Leave,UL-PLAN-07,Statutory,Monthly,2021-04-03,2024-04-02,EMP00041,2021-04-03,Terminated,10,Yes,5.0
ENR13GV7DM8,EMP00341,PLN4343,Sick Leave,SL-PLAN-02,Paid,Monthly,2022-02-16,2023-02-16,EMP00001,2022-02-16,Pending,25,No,5.0
ENR17Y41ITJ,EMP00341,PLN9934,Annual Leave,AL-PLAN-01,Paid,One-Time,2022-04-21,2024-04-20,EMP00041,2022-04-21,Inactive,20,Yes,10.0
ENRV7LHFJ6C,EMP00341,PLN3845,Casual Leave,CL-PLAN-03,Statutory,Annual,2021-10-05,2023-10-05,EMP00026,2021-10-05,Inactive,25,Yes,15.0
ENRQU4CMGA2,EMP00342,PLN5341,Maternity Leave,ML-PLAN-04,Paid,Monthly,2021-06-12,2024-06-11,EMP00047,2021-06-12,Active,25,Yes,0.0
ENRC6TOFVYF,EMP00342,PLN4732,Annual Leave,AL-PLAN-01,Paid,Monthly,2021-07-22,2024-07-21,EMP00025,2021-07-22,Terminated,21,No,10.0
ENRSF7M70ZN,EMP00342,PLN5772,Unpaid Leave,UL-PLAN-07,Unpaid,Annual,2022-04-15,2023-04-15,EMP00005,2022-04-15,Inactive,30,No,15.0
ENRE6AJN9T7,EMP00343,PLN9363,Paternity Leave,PL-PLAN-05,Statutory,Annual,2022-01-10,2021-12-11,EMP00002,2022-01-10,Inactive,10,Yes,
ENRIAJVFP7E,EMP00343,PLN4432,Casual Leave,CL-PLAN-03,Statutory,Per-Incident,2023-01-22,2022-12-23,EMP00043,2023-01-22,Active,21,No,0.0
ENR8VB4K16M,EMP00343,PLN7609,Unpaid Leave,UL-PLAN-07,Paid,Per-Incident,2022-09-20,2022-08-21,EMP00049,2022-09-20,Terminated,10,Yes,10.0
ENR25HFY18S,EMP00343,PLN8603,Sick Leave,SL-PLAN-02,Paid,One-Time,2022-10-22,2022-09-22,EMP00013,2022-10-22,Terminated,21,Yes,10.0
ENR76ZOXE7G,EMP00344,PLN5957,Bereavement Leave,BL-PLAN-08,Statutory,One-Time,2020-12-02,2023-12-02,EMP00038,2020-12-02,Pending,15,Yes,10.0
ENR2EWNWFSN,EMP00344,PLN4486,Compensatory Off,CO-PLAN-06,Unpaid,Annual,2023-11-10,2026-11-09,EMP00028,2023-11-10,Inactive,25,No,0.0
ENRUF5VFJZ1,EMP00345,,Annual Leave,AL-PLAN-01,Statutory,Monthly,2021-11-14,2024-11-13,EMP00006,2021-11-14,Inactive,10,Yes,0.0
ENRK9CT881I,EMP00345,,Casual Leave,CL-PLAN-03,Paid,Monthly,2023-03-05,2026-03-04,EMP00042,2023-03-05,Inactive,20,Yes,15.0
ENRBZMVIA7A,EMP00346,PLN1845,Unpaid Leave,UL-PLAN-07,Unpaid,Per-Incident,2020-09-07,2021-09-07,EMP00007,2020-09-07,Active,21,Yes,15.0
ENRUIMID6YY,EMP00346,PLN9384,Paternity Leave,PL-PLAN-05,Paid,Per-Incident,2020-07-13,2022-07-13,EMP00006,2020-07-13,Pending,12,No,5.0
ENRHMXFUXGT,EMP00346,PLN8137,Sick Leave,SL-PLAN-02,Statutory,Annual,2021-08-22,2022-08-22,EMP00005,2021-08-22,Pending,10,Yes,
ENR1A8SNYWZ,EMP00346,PLN7409,Annual Leave,AL-PLAN-01,Statutory,Annual,2020-02-04,2023-02-03,EMP00049,2020-02-04,Active,25,Yes,
ENRB4IEYP8L,EMP00347,PLN6375,Sick Leave,SL-PLAN-02,Paid,Per-Incident,2023-02-05,2025-02-04,EMP00003,2023-02-05,Inactive,20,Yes,10.0
ENRSTZKIME0,EMP00347,PLN1436,Bereavement Leave,BL-PLAN-08,Paid,Monthly,2022-09-14,2023-09-14,EMP00012,2022-09-14,Inactive,30,Yes,15.0
ENRERT5742J,EMP00347,PLN7133,Casual Leave,CL-PLAN-03,Unpaid,One-Time,2023-08-31,2026-08-30,EMP00044,2023-08-31,Pending,30,Yes,5.0
ENRHI15KV53,EMP00347,PLN6589,Compensatory Off,CO-PLAN-06,Unpaid,Monthly,2023-08-02,2026-08-01,EMP00028,2023-08-02,Pending,25,No,5.0
ENRI30PIYM5,EMP00348,PLN2698,Paternity Leave,PL-PLAN-05,Unpaid,One-Time,2021-08-22,2024-08-21,EMP00012,2021-08-22,Terminated,18,No,10.0
ENRG1FDV5OU,EMP00348,PLN2667,Sick Leave,SL-PLAN-02,Paid,Per-Incident,2020-04-03,2021-04-03,EMP00023,2020-04-03,Inactive,30,No,15.0
ENR7LSRH0DB,EMP00349,PLN4415,Sick Leave,SL-PLAN-02,Statutory,Monthly,NOT-A-DATE,2023-03-11,EMP00043,2020-03-11,Pending,12,No,5.0
ENRZ249G0RG,EMP00349,PLN5749,Casual Leave,CL-PLAN-03,Statutory,Annual,NOT-A-DATE,2023-02-08,EMP00013,2020-02-09,Inactive,30,Yes,15.0
ENROSXB0IFT,EMP00350,PLN7072,Compensatory Off,CO-PLAN-06,Paid,Annual,2021-09-04,2024-09-03,EMP00041,2021-09-04,Terminated,25,No,
ENRQ5LKGRHE,EMP00350,PLN4126,Paternity Leave,PL-PLAN-05,Paid,One-Time,2021-05-25,2024-05-24,EMP00016,2021-05-25,Active,25,Yes,0.0
ENRITN59YDE,EMP00350,PLN1288,Annual Leave,AL-PLAN-01,Statutory,Monthly,2022-12-15,2023-12-15,EMP00022,2022-12-15,Inactive,20,Yes,10.0
ENRS1FJ12IL,,PLN6013,Casual Leave,CL-PLAN-03,Paid,Annual,2023-12-27,2024-12-26,EMP00033,2023-12-27,Active,30,Yes,
ENRADUIEH1X,,PLN1552,Unpaid Leave,UL-PLAN-07,Paid,Per-Incident,2022-08-17,2024-08-16,EMP00042,2022-08-17,Inactive,15,No,10.0
ENR5SELCSP1,,PLN7066,Annual Leave,AL-PLAN-01,Unpaid,Monthly,2021-11-18,2022-11-18,EMP00005,2021-11-18,Terminated,10,Yes,15.0
ENRIEOG71IM,EMP00352,PLN6101,Unpaid Leave,UL-PLAN-07,Statutory,Monthly,2020-09-14,2021-09-14,EMP00035,2020-09-14,Active,15,Yes,10.0
ENRQUUVW92B,EMP00352,PLN1628,Bereavement Leave,BL-PLAN-08,Statutory,One-Time,2022-04-05,2025-04-04,EMP00043,2022-04-05,Terminated,20,Yes,5.0
ENR33JHRFG3,EMP00353,,Maternity Leave,INVALID_PLAN_XXX,Paid,Annual,2022-09-15,2023-09-15,EMP00017,2022-09-15,Inactive,18,Yes,0.0
ENRYNLL5IZI,EMP00353,,Unpaid Leave,INVALID_PLAN_XXX,Unpaid,One-Time,2023-05-01,2024-04-30,EMP00031,2023-05-01,Pending,12,No,15.0
ENR8338G2RN,EMP00354,PLN9697,Sick Leave,SL-PLAN-02,Paid,Annual,2021-03-04,2023-03-04,EMP00012,2021-03-04,Active,20,No,0.0
ENR4KATLPBR,EMP00354,PLN5923,Paternity Leave,PL-PLAN-05,Statutory,Monthly,2020-09-17,2022-09-17,EMP00048,2020-09-17,Pending,21,Yes,
ENRPTIT98JN,EMP00354,PLN2626,Unpaid Leave,UL-PLAN-07,Statutory,Per-Incident,2020-08-18,2022-08-18,EMP00018,2020-08-18,Pending,21,Yes,
ENR7PE1S5QI,EMP00355,PLN6049,Sick Leave,SL-PLAN-02,Unpaid,Per-Incident,2020-10-22,2023-10-22,EMP00048,2020-10-22,Active,15,Yes,
ENR1A3CJ553,EMP00355,PLN5859,Casual Leave,CL-PLAN-03,Unpaid,One-Time,2023-04-14,2024-04-13,EMP00019,2023-04-14,Active,12,Yes,10.0
ENRQQYG4IB5,EMP00355,PLN6800,Maternity Leave,ML-PLAN-04,Unpaid,One-Time,2022-09-29,2023-09-29,EMP00040,2022-09-29,Terminated,15,Yes,
ENRWHLYLN3Y,EMP00356,PLN6351,Paternity Leave,PL-PLAN-05,Paid,One-Time,2020-02-16,2021-02-15,EMP00032,2020-02-16,Pending,18,No,15.0
ENRSL4CP2CA,EMP00356,PLN8924,Unpaid Leave,UL-PLAN-07,Paid,Annual,2020-04-05,2022-04-05,EMP00035,2020-04-05,Inactive,21,Yes,
ENR7A5GT83N,EMP00356,PLN1394,Casual Leave,CL-PLAN-03,Unpaid,Per-Incident,2021-03-22,2024-03-21,EMP00016,2021-03-22,Pending,20,Yes,
ENRSN5CQ7XI,EMP00357,PLN2521,Bereavement Leave,BL-PLAN-08,Unpaid,Annual,2022-12-04,2025-12-03,EMP00033,2022-12-04,Active,25,No,5.0
ENRPTWEYBNR,EMP00357,PLN6302,Casual Leave,CL-PLAN-03,Unpaid,Monthly,2020-01-12,2023-01-11,EMP00049,2020-01-12,Active,18,Yes,15.0
ENRE789G1U6,EMP00357,PLN9805,Annual Leave,AL-PLAN-01,Paid,Monthly,2023-10-07,2026-10-06,EMP00032,2023-10-07,Inactive,10,Yes,15.0
ENR4TGA979Y,EMP00358,PLN6454,Maternity Leave,ML-PLAN-04,Statutory,One-Time,2022-01-21,2024-01-21,EMP00039,2022-01-21,Terminated,25,No,10.0
ENR1YNHK86X,EMP00358,PLN6056,Paternity Leave,PL-PLAN-05,Paid,One-Time,2021-11-11,2024-11-10,EMP00038,2021-11-11,Active,20,Yes,
ENRZGXUBOWE,EMP00358,PLN4278,Sick Leave,SL-PLAN-02,Paid,One-Time,2022-12-28,2023-12-28,EMP00035,2022-12-28,Inactive,15,Yes,0.0
ENR6SH37IW6,EMP00358,PLN5734,Annual Leave,AL-PLAN-01,Statutory,Annual,2020-08-23,2023-08-23,EMP00031,2020-08-23,Inactive,12,No,10.0
ENRDOP1Y8FU,EMP00359,PLN2854,Maternity Leave,ML-PLAN-04,Statutory,Per-Incident,2021-04-23,2022-04-23,EMP00003,2021-04-23,Terminated,21,No,10.0
ENRQIVS4W23,EMP00359,PLN3949,Sick Leave,SL-PLAN-02,Paid,Per-Incident,2020-09-15,2023-09-15,EMP00011,2020-09-15,Inactive,12,Yes,
ENRHBT2G9BD,EMP00359,PLN3625,Casual Leave,CL-PLAN-03,Paid,One-Time,2022-09-11,2025-09-10,EMP00042,2022-09-11,Inactive,25,Yes,10.0
ENRMOYEBBBM,EMP00359,PLN8671,Annual Leave,AL-PLAN-01,Paid,One-Time,2020-03-04,2022-03-04,EMP00035,2020-03-04,Inactive,30,No,10.0
ENR5FW7BBHE,EMP00360,PLN8134,Sick Leave,SL-PLAN-02,Unpaid,Per-Incident,2022-08-24,2025-08-23,EMP00028,2022-08-24,Pending,18,Yes,5.0
ENRMS7U3TGI,EMP00360,PLN9195,Casual Leave,CL-PLAN-03,Unpaid,Per-Incident,2023-01-25,2024-01-25,EMP00035,2023-01-25,Active,10,No,
ENR1ACO6CGV,EMP00360,PLN2631,Maternity Leave,ML-PLAN-04,Unpaid,Annual,2021-03-21,2024-03-20,EMP00032,2021-03-21,Pending,30,Yes,
ENR4SUOH194,EMP00361,,Casual Leave,CL-PLAN-03,Statutory,Per-Incident,NOT-A-DATE,2023-10-15,EMP00014,2035-01-01,Terminated,-5,Yes,
ENR9BBT6O0K,EMP00361,,Compensatory Off,CO-PLAN-06,Paid,Annual,NOT-A-DATE,2023-09-12,EMP00028,2035-01-01,Terminated,-5,Yes,5.0
ENRFAD94DTR,EMP00361,,Unpaid Leave,UL-PLAN-07,Unpaid,Monthly,NOT-A-DATE,2022-07-10,EMP00024,2035-01-01,Terminated,-5,Yes,10.0
ENRMYIK1GFI,EMP00362,PLN9299,Casual Leave,CL-PLAN-03,Statutory,One-Time,2020-02-27,2022-02-26,EMP00026,2020-02-27,Terminated,15,Yes,
ENRVA8PPD3U,EMP00362,PLN6534,Bereavement Leave,BL-PLAN-08,Paid,One-Time,2023-04-11,2026-04-10,EMP00027,2023-04-11,Pending,15,No,10.0
ENRGP0J1NNT,EMP00362,PLN6973,Unpaid Leave,UL-PLAN-07,Paid,Per-Incident,2021-09-25,2023-09-25,EMP00017,2021-09-25,Pending,15,Yes,15.0
ENRI8NXFD3Q,EMP00362,PLN2404,Sick Leave,SL-PLAN-02,Unpaid,Per-Incident,2023-03-13,2026-03-12,EMP00021,2023-03-13,Active,21,Yes,
ENRD06CRQ2M,EMP00363,PLN2541,Maternity Leave,ML-PLAN-04,Paid,Annual,2023-08-10,2025-08-09,EMP00026,2023-08-10,Pending,20,No,0.0
ENRZJNQF2U7,EMP00363,PLN1154,Bereavement Leave,BL-PLAN-08,Unpaid,Monthly,2023-09-23,2026-09-22,EMP00048,2023-09-23,Inactive,15,Yes,0.0
ENRZXB9A300,EMP00363,PLN3540,Unpaid Leave,UL-PLAN-07,Unpaid,One-Time,2020-11-11,2023-11-11,EMP00014,2020-11-11,Terminated,21,No,0.0
ENR8HOUHUK3,EMP00364,PLN7968,Bereavement Leave,BL-PLAN-08,Unpaid,One-Time,2020-11-29,2023-11-29,EMP00036,2020-11-29,Pending,15,Yes,10.0
ENRVQFC5IOU,EMP00364,PLN9576,Unpaid Leave,UL-PLAN-07,Unpaid,Annual,2022-03-15,2025-03-14,EMP00027,2022-03-15,Active,10,No,
ENR4XHT3ZST,EMP00365,PLN7089,Annual Leave,AL-PLAN-01,Paid,Per-Incident,2020-02-23,2023-02-22,EMP00037,2020-02-23,Terminated,30,Yes,0.0
ENRXC3JPNSK,EMP00365,PLN3171,Paternity Leave,PL-PLAN-05,Statutory,Annual,2022-09-30,2024-09-29,EMP00013,2022-09-30,Terminated,12,Yes,5.0
ENRTZIADK7L,EMP00365,PLN9229,Unpaid Leave,UL-PLAN-07,Paid,Per-Incident,2021-11-07,2023-11-07,EMP00013,2021-11-07,Inactive,15,Yes,0.0
ENRM3XOX4RT,EMP00365,PLN7819,Maternity Leave,ML-PLAN-04,Paid,Per-Incident,2022-01-22,2023-01-22,EMP00023,2022-01-22,Pending,20,Yes,15.0
ENRVCL4SGO7,EMP00366,PLN2214,Sick Leave,SL-PLAN-02,Unpaid,Per-Incident,2023-09-30,2024-09-29,EMP00014,2023-09-30,Terminated,30,Yes,0.0
ENROU4F9C03,EMP00366,PLN4156,Unpaid Leave,UL-PLAN-07,Paid,One-Time,2023-07-15,2025-07-14,EMP00042,2023-07-15,Inactive,18,Yes,10.0
ENRYJIVTVBV,EMP00366,PLN6336,Annual Leave,AL-PLAN-01,Paid,Annual,2022-04-03,2025-04-02,EMP00038,2022-04-03,Inactive,15,Yes,15.0
ENRYVR0MQMR,EMP00366,PLN1792,Paternity Leave,PL-PLAN-05,Unpaid,One-Time,2020-02-10,2021-02-09,EMP00036,2020-02-10,Terminated,12,Yes,
ENRMSXIHSB5,EMP00367,PLN7791,Casual Leave,CL-PLAN-03,Unpaid,Annual,2022-04-14,2023-04-14,EMP00018,2022-04-14,Active,25,No,0.0
ENR3LT1ZLC5,EMP00367,PLN1863,Unpaid Leave,UL-PLAN-07,Paid,Monthly,2022-07-20,2025-07-19,EMP00003,2022-07-20,Pending,21,Yes,15.0
ENRXWDRZG2K,EMP00367,PLN1011,Paternity Leave,PL-PLAN-05,Paid,Monthly,2021-04-04,2024-04-03,EMP00039,2021-04-04,Terminated,18,No,5.0
ENROB7NX94P,EMP00367,PLN4935,Maternity Leave,ML-PLAN-04,Paid,Per-Incident,2023-07-29,2025-07-28,EMP00014,2023-07-29,Terminated,15,Yes,10.0
ENR06SY3J86,EMP00368,PLN5234,Compensatory Off,CO-PLAN-06,Statutory,One-Time,2022-03-30,2023-03-30,EMP00050,2022-03-30,Terminated,15,Yes,0.0
ENR7Y3S9TJ6,EMP00368,PLN7780,Casual Leave,CL-PLAN-03,Paid,Annual,2023-11-11,2024-11-10,EMP00046,2023-11-11,Inactive,18,Yes,0.0
ENRWVWVV7XV,EMP00369,,Bereavement Leave,BL-PLAN-08,Paid,Per-Incident,2022-02-23,2023-02-23,EMP00006,2022-02-23,Inactive,10,Yes,5.0
ENR4PB8Q2S3,EMP00369,,Annual Leave,AL-PLAN-01,Unpaid,Monthly,2020-03-02,2022-03-02,EMP00003,2020-03-02,Inactive,20,No,15.0
ENRACWHFTA4,EMP00369,,Maternity Leave,ML-PLAN-04,Statutory,Annual,2023-09-17,2024-09-16,EMP00022,2023-09-17,Active,21,Yes,0.0
ENRDH4V8YC4,EMP00370,PLN4113,Compensatory Off,CO-PLAN-06,Unpaid,Per-Incident,2021-08-08,2023-08-08,EMP00049,2021-08-08,Pending,15,Yes,5.0
ENRRB4Z0V5Q,EMP00370,PLN2119,Annual Leave,AL-PLAN-01,Statutory,Monthly,2023-11-16,2024-11-15,EMP00021,2023-11-16,Terminated,18,Yes,0.0
ENRCTZNU2Q2,EMP00370,PLN2361,Unpaid Leave,UL-PLAN-07,Statutory,Annual,2022-08-09,2025-08-08,EMP00044,2022-08-09,Terminated,25,Yes,
ENRN9IQ5YXH,EMP00371,PLN6401,Compensatory Off,CO-PLAN-06,Unpaid,Monthly,2022-09-24,2023-09-24,EMP00034,2022-09-24,Inactive,15,No,5.0
ENRLPZQ0ZDO,EMP00371,PLN2291,Unpaid Leave,UL-PLAN-07,Statutory,Monthly,2022-09-18,2023-09-18,EMP00004,2022-09-18,Inactive,12,No,10.0
ENRDPI4OROX,EMP00372,PLN5057,Annual Leave,AL-PLAN-01,Statutory,One-Time,2021-08-10,2022-08-10,EMP00029,2021-08-10,Pending,18,Yes,5.0
ENRH7W55U03,EMP00372,PLN8527,Maternity Leave,ML-PLAN-04,Unpaid,Annual,2022-01-18,2025-01-17,EMP00006,2022-01-18,Inactive,15,No,15.0
ENR1AWJWSID,EMP00373,PLN9606,Compensatory Off,CO-PLAN-06,Unpaid,Per-Incident,NOT-A-DATE,2026-02-17,EMP00018,2023-02-18,Pending,15,Yes,
ENRGC931ZZY,EMP00373,PLN5518,Paternity Leave,PL-PLAN-05,Unpaid,Annual,NOT-A-DATE,2021-09-10,EMP00001,2020-09-10,Inactive,20,Yes,
ENRSILLULPW,EMP00373,PLN4193,Bereavement Leave,BL-PLAN-08,Statutory,Per-Incident,NOT-A-DATE,2023-06-01,EMP00045,2022-06-01,Pending,20,Yes,
ENRIH95TNY3,EMP00373,PLN9883,Sick Leave,SL-PLAN-02,Statutory,One-Time,NOT-A-DATE,2021-02-01,EMP00024,2020-02-02,Inactive,10,Yes,0.0
ENR2NYV0E6C,EMP00374,PLN3110,Casual Leave,CL-PLAN-03,Unpaid,Monthly,2022-11-14,2025-11-13,EMP00036,2022-11-14,Terminated,25,Yes,
ENRR0J56ZKP,EMP00374,PLN2985,Annual Leave,AL-PLAN-01,Paid,Monthly,2022-02-14,2025-02-13,EMP00008,2022-02-14,Pending,30,Yes,0.0
ENR35LQ54N3,EMP00375,PLN8571,Compensatory Off,INVALID_PLAN_XXX,Unpaid,Per-Incident,2023-03-08,2025-03-07,EMP00032,2023-03-08,Inactive,25,No,15.0
ENRH2I824NL,EMP00375,PLN1369,Maternity Leave,INVALID_PLAN_XXX,Unpaid,Annual,2020-06-07,2022-06-07,EMP00005,2020-06-07,Inactive,20,Yes,15.0
ENRHEUD24CI,EMP00375,PLN1713,Paternity Leave,INVALID_PLAN_XXX,Paid,Annual,2021-09-21,2022-09-21,EMP00043,2021-09-21,Terminated,15,Yes,0.0
ENR3476FUCP,EMP00375,PLN2221,Unpaid Leave,INVALID_PLAN_XXX,Unpaid,Monthly,2021-12-20,2024-12-19,EMP00042,2021-12-20,Terminated,25,No,5.0
ENRD7CUX2QQ,EMP00376,PLN9143,Maternity Leave,ML-PLAN-04,Paid,One-Time,2022-12-26,2025-12-25,EMP00035,2022-12-26,Active,21,Yes,5.0
ENR7QS37I3R,EMP00376,PLN3548,Unpaid Leave,UL-PLAN-07,Unpaid,Per-Incident,2023-03-08,2024-03-07,EMP00043,2023-03-08,Pending,10,No,5.0
ENR4BCCZX9Q,EMP00377,,Sick Leave,SL-PLAN-02,Unpaid,Annual,2022-12-01,2024-11-30,EMP00023,2022-12-01,Pending,12,Yes,10.0
ENR6GXOSOBP,EMP00377,,Paternity Leave,PL-PLAN-05,Paid,Annual,2020-12-08,2023-12-08,EMP00048,2020-12-08,Terminated,20,No,0.0
ENRFRIAXFON,EMP00377,,Casual Leave,CL-PLAN-03,Statutory,Per-Incident,2020-09-14,2021-09-14,EMP00046,2020-09-14,Pending,15,Yes,10.0
ENR5XKQVFKM,EMP00377,,Unpaid Leave,UL-PLAN-07,Statutory,Annual,2020-07-18,2021-07-18,EMP00030,2020-07-18,Inactive,20,No,5.0
ENR5ZE9G6LF,EMP00378,PLN5201,Casual Leave,CL-PLAN-03,Statutory,Monthly,2023-07-14,2025-07-13,EMP00046,2023-07-14,Active,18,Yes,10.0
ENR81DBTJVO,EMP00378,PLN3755,Annual Leave,AL-PLAN-01,Statutory,Per-Incident,2020-05-28,2023-05-28,EMP00031,2020-05-28,Inactive,30,Yes,15.0
ENRXQ9NT8YB,EMP00378,PLN6313,Paternity Leave,PL-PLAN-05,Paid,Per-Incident,2021-07-16,2022-07-16,EMP00034,2021-07-16,Terminated,15,Yes,
ENR96UZDFKC,EMP00379,PLN3219,Compensatory Off,CO-PLAN-06,Paid,Per-Incident,2022-10-03,2022-09-03,EMP00049,2022-10-03,Inactive,20,Yes,0.0
ENR1JBA7U5Q,EMP00379,PLN5330,Unpaid Leave,UL-PLAN-07,Statutory,One-Time,2023-09-18,2023-08-19,EMP00016,2023-09-18,Terminated,12,Yes,10.0
ENRFRHZMD40,EMP00379,PLN9854,Paternity Leave,PL-PLAN-05,Unpaid,Annual,2023-08-17,2023-07-18,EMP00027,2023-08-17,Inactive,15,Yes,15.0
ENRBEXYJLN7,EMP00380,PLN1547,Annual Leave,AL-PLAN-01,Unpaid,One-Time,2022-12-19,2023-12-19,EMP00004,2022-12-19,Active,30,Yes,10.0
ENRNL6MZYAH,EMP00380,PLN5042,Bereavement Leave,BL-PLAN-08,Unpaid,Annual,2020-09-28,2023-09-28,EMP00035,2020-09-28,Terminated,12,Yes,15.0
ENR4FA1BJEM,EMP00380,PLN1401,Casual Leave,CL-PLAN-03,Paid,Per-Incident,2020-03-29,2021-03-29,EMP00007,2020-03-29,Pending,30,Yes,0.0
ENR3W8VSZ5A,EMP00380,PLN8290,Compensatory Off,CO-PLAN-06,Unpaid,Annual,2020-04-24,2021-04-24,EMP00018,2020-04-24,Inactive,18,No,
ENRVDSJPTP4,EMP00381,PLN8505,Bereavement Leave,BL-PLAN-08,Statutory,Per-Incident,2023-05-27,2025-05-26,EMP00041,2023-05-27,Active,18,Yes,15.0
ENRAE96SNRP,EMP00381,PLN1102,Casual Leave,CL-PLAN-03,Unpaid,Monthly,2021-08-13,2024-08-12,EMP00023,2021-08-13,Active,18,No,0.0
ENRBHGT4SEJ,EMP00382,PLN3651,Sick Leave,SL-PLAN-02,Unpaid,Annual,2022-02-15,2023-02-15,EMP00002,2022-02-15,Terminated,21,Yes,0.0
ENRMLDV0W3R,EMP00382,PLN7752,Bereavement Leave,BL-PLAN-08,Unpaid,Monthly,2021-03-07,2023-03-07,EMP00006,2021-03-07,Active,12,Yes,0.0
ENRGHBKJ0AA,EMP00382,PLN4354,Maternity Leave,ML-PLAN-04,Statutory,One-Time,2023-10-15,2025-10-14,EMP00013,2023-10-15,Terminated,30,Yes,0.0
ENRXFIIE2CR,EMP00383,PLN5191,Maternity Leave,ML-PLAN-04,Paid,Per-Incident,2023-12-12,2024-12-11,EMP00001,2023-12-12,Active,25,No,10.0
ENR5IMUCPPF,EMP00383,PLN5172,Sick Leave,SL-PLAN-02,Unpaid,Monthly,2020-05-06,2023-05-06,EMP00049,2020-05-06,Pending,21,Yes,10.0
ENRGRZKEXOG,EMP00384,PLN9409,Maternity Leave,ML-PLAN-04,Statutory,Monthly,2020-12-08,2022-12-08,EMP00021,2020-12-08,Terminated,10,Yes,10.0
ENRLF787AD0,EMP00384,PLN1795,Casual Leave,CL-PLAN-03,Unpaid,Per-Incident,2020-11-12,2021-11-12,EMP00031,2020-11-12,Active,15,Yes,
ENRVMJ7H2VJ,EMP00384,PLN4364,Compensatory Off,CO-PLAN-06,Paid,Per-Incident,2023-03-26,2024-03-25,EMP00037,2023-03-26,Inactive,18,Yes,5.0
ENRB604FOLP,EMP00385,,Sick Leave,SL-PLAN-02,Paid,One-Time,NOT-A-DATE,2025-08-30,EMP00014,2023-08-31,Terminated,15,Yes,0.0
ENR0WHWU5U5,EMP00385,,Annual Leave,AL-PLAN-01,Unpaid,One-Time,NOT-A-DATE,2023-11-16,EMP00002,2021-11-16,Active,10,Yes,
ENRX4ZD6DOX,EMP00385,,Bereavement Leave,BL-PLAN-08,Statutory,One-Time,NOT-A-DATE,2021-01-14,EMP00029,2020-01-15,Terminated,20,No,10.0
ENRGJ22ILQJ,EMP00385,,Maternity Leave,ML-PLAN-04,Statutory,Per-Incident,NOT-A-DATE,2023-12-20,EMP00016,2021-12-20,Terminated,20,Yes,0.0
ENRHJCM7T7J,,PLN6453,Bereavement Leave,BL-PLAN-08,Paid,Per-Incident,2021-05-14,2022-05-14,EMP00012,2021-05-14,Pending,20,Yes,
ENR3Y6XWFGG,,PLN4208,Compensatory Off,CO-PLAN-06,Unpaid,Annual,2021-04-25,2022-04-25,EMP00040,2021-04-25,Active,12,Yes,
ENR4LQM7KSO,,PLN3905,Unpaid Leave,UL-PLAN-07,Unpaid,Per-Incident,2021-04-04,2023-04-04,EMP00025,2021-04-04,Terminated,21,No,0.0
ENRANUEJW2R,,PLN9749,Maternity Leave,ML-PLAN-04,Statutory,Annual,2022-03-03,2025-03-02,EMP00003,2022-03-03,Pending,15,Yes,10.0
ENRXJY6VCNY,EMP00387,PLN5671,Bereavement Leave,BL-PLAN-08,Statutory,Annual,2023-07-22,2025-07-21,EMP00036,2023-07-22,Pending,15,No,0.0
ENRYM3QBV1M,EMP00387,PLN3131,Compensatory Off,CO-PLAN-06,Paid,Annual,2023-02-08,2025-02-07,EMP00021,2023-02-08,Active,20,No,0.0
ENR3FFU97JU,EMP00387,PLN6031,Casual Leave,CL-PLAN-03,Unpaid,One-Time,2022-08-03,2023-08-03,EMP00015,2022-08-03,Pending,12,Yes,5.0
ENRWGLOBKHC,EMP00387,PLN7139,Annual Leave,AL-PLAN-01,Statutory,Annual,2020-09-07,2023-09-07,EMP00005,2020-09-07,Pending,12,Yes,10.0
ENRTM3ZB59T,EMP00388,PLN7799,Paternity Leave,PL-PLAN-05,Statutory,One-Time,2022-09-11,2025-09-10,EMP00028,2022-09-11,Active,12,Yes,5.0
ENRBKCDCDLJ,EMP00388,PLN3640,Sick Leave,SL-PLAN-02,Unpaid,One-Time,2020-10-18,2021-10-18,EMP00045,2020-10-18,Inactive,15,No,5.0
ENR9EABBRKY,EMP00388,PLN1872,Bereavement Leave,BL-PLAN-08,Statutory,One-Time,2023-03-29,2024-03-28,EMP00009,2023-03-29,Pending,20,Yes,10.0
ENRB6CQYZE6,EMP00388,PLN4630,Compensatory Off,CO-PLAN-06,Paid,Monthly,2023-12-21,2026-12-20,EMP00047,2023-12-21,Terminated,10,Yes,10.0
ENR4D1YMK4J,EMP00389,PLN1466,Compensatory Off,CO-PLAN-06,Statutory,One-Time,2022-02-08,2024-02-08,EMP00008,2022-02-08,Inactive,15,Yes,
ENRDRVZ5ZJI,EMP00389,PLN5826,Annual Leave,AL-PLAN-01,Statutory,Per-Incident,2023-08-08,2026-08-07,EMP00003,2023-08-08,Inactive,25,Yes,15.0
ENRO1I4QLN1,EMP00389,PLN1145,Sick Leave,SL-PLAN-02,Statutory,Annual,2020-03-25,2022-03-25,EMP00002,2020-03-25,Terminated,12,Yes,15.0
ENRUY7C5IFI,EMP00389,PLN4301,Bereavement Leave,BL-PLAN-08,Unpaid,Monthly,2020-12-07,2021-12-07,EMP00037,2020-12-07,Inactive,25,Yes,10.0
ENRGK2SEBH2,EMP00390,PLN8263,Paternity Leave,PL-PLAN-05,Statutory,Per-Incident,2022-12-28,2023-12-28,EMP00033,2022-12-28,Pending,21,Yes,10.0
ENR3PW8RN0S,EMP00390,PLN8192,Maternity Leave,ML-PLAN-04,Unpaid,Annual,2020-06-20,2021-06-20,EMP00037,2020-06-20,Inactive,18,Yes,10.0
ENRA8MBWZTA,EMP00390,PLN5574,Unpaid Leave,UL-PLAN-07,Statutory,Monthly,2020-03-04,2021-03-04,EMP00024,2020-03-04,Active,20,Yes,10.0
ENR0AYEPXED,EMP00391,PLN8157,Paternity Leave,PL-PLAN-05,Unpaid,Annual,2020-10-01,2023-10-01,EMP00013,2020-10-01,Inactive,-5,Yes,
ENR5PTRTRLV,EMP00391,PLN9990,Casual Leave,CL-PLAN-03,Paid,One-Time,2023-05-04,2026-05-03,EMP00017,2023-05-04,Pending,-5,No,0.0
ENRSM5H5Z7M,EMP00391,PLN1644,Bereavement Leave,BL-PLAN-08,Paid,One-Time,2022-04-18,2024-04-17,EMP00028,2022-04-18,Inactive,-5,Yes,15.0
ENR0M0A5EKZ,EMP00392,PLN3378,Paternity Leave,PL-PLAN-05,Statutory,One-Time,2023-03-04,2025-03-03,EMP00037,2023-03-04,Terminated,20,Yes,0.0
ENRQXV0KH3P,EMP00392,PLN8239,Sick Leave,SL-PLAN-02,Unpaid,Annual,2022-12-28,2024-12-27,EMP00040,2022-12-28,Terminated,21,Yes,15.0
ENRYET1379J,EMP00392,PLN7883,Casual Leave,CL-PLAN-03,Statutory,Annual,2020-11-13,2023-11-13,EMP00043,2020-11-13,Pending,20,Yes,10.0
ENRSJTQV0BO,EMP00392,PLN7162,Maternity Leave,ML-PLAN-04,Statutory,Per-Incident,2023-02-04,2025-02-03,EMP00012,2023-02-04,Active,21,Yes,15.0
ENRVGAOSQ8Z,EMP00393,,Bereavement Leave,BL-PLAN-08,Paid,One-Time,2023-04-24,2024-04-23,EMP00039,2023-04-24,Active,21,Yes,0.0
ENR18V8D208,EMP00393,,Maternity Leave,ML-PLAN-04,Paid,Monthly,2023-01-13,2024-01-13,EMP00040,2023-01-13,Pending,20,Yes,0.0
ENR6NRYTHZC,EMP00393,,Unpaid Leave,UL-PLAN-07,Statutory,One-Time,2021-06-19,2023-06-19,EMP00009,2021-06-19,Pending,30,No,5.0
ENR29N69NV9,EMP00393,,Sick Leave,SL-PLAN-02,Unpaid,Monthly,2023-08-06,2025-08-05,EMP00029,2023-08-06,Inactive,30,Yes,5.0
ENRWILXBWPJ,EMP00394,PLN7623,Unpaid Leave,UL-PLAN-07,Statutory,Monthly,2023-01-24,2024-01-24,EMP00013,2023-01-24,Terminated,20,Yes,
ENRG6YLFWD3,EMP00394,PLN5911,Sick Leave,SL-PLAN-02,Paid,Per-Incident,2021-07-31,2023-07-31,EMP00026,2021-07-31,Pending,10,Yes,15.0
ENR9MHVZ2F1,EMP00394,PLN5405,Bereavement Leave,BL-PLAN-08,Unpaid,Monthly,2021-05-10,2024-05-09,EMP00003,2021-05-10,Pending,18,Yes,10.0
ENRTPO2D0BP,EMP00395,PLN7352,Casual Leave,CL-PLAN-03,Unpaid,Per-Incident,2022-07-01,2024-06-30,EMP00044,2022-07-01,Active,30,No,5.0
ENRJ6IVPUKP,EMP00395,PLN7217,Sick Leave,SL-PLAN-02,Paid,Annual,2020-10-11,2021-10-11,EMP00027,2020-10-11,Terminated,21,Yes,10.0
ENR9GFE4U3T,EMP00395,PLN3394,Compensatory Off,CO-PLAN-06,Unpaid,Annual,2020-09-24,2021-09-24,EMP00002,2020-09-24,Terminated,12,Yes,10.0
ENRQMET5KEF,EMP00396,PLN1413,Annual Leave,AL-PLAN-01,Paid,One-Time,2022-06-22,2023-06-22,EMP00006,2022-06-22,Terminated,15,Yes,10.0
ENRE2BL0LCL,EMP00396,PLN1802,Maternity Leave,ML-PLAN-04,Statutory,One-Time,2023-05-05,2024-05-04,EMP00040,2023-05-05,Pending,15,No,0.0
ENRS4M5G1OB,EMP00396,PLN3122,Compensatory Off,CO-PLAN-06,Statutory,Monthly,2022-01-05,2024-01-05,EMP00021,2022-01-05,Inactive,30,Yes,10.0
ENR284P3QNA,EMP00396,PLN7506,Unpaid Leave,UL-PLAN-07,Statutory,Per-Incident,2022-01-06,2023-01-06,EMP00016,2022-01-06,Inactive,15,Yes,10.0
ENREV9JOXU9,EMP00397,PLN5268,Unpaid Leave,INVALID_PLAN_XXX,Paid,Monthly,NOT-A-DATE,2021-09-13,EMP00047,2021-10-13,Active,18,Yes,15.0
ENRRP5731QI,EMP00397,PLN1116,Compensatory Off,INVALID_PLAN_XXX,Statutory,Annual,NOT-A-DATE,2020-12-30,EMP00028,2021-01-29,Active,18,Yes,10.0
ENR79DN2CQ2,EMP00397,PLN7523,Maternity Leave,INVALID_PLAN_XXX,Paid,Monthly,NOT-A-DATE,2023-10-31,EMP00009,2023-11-30,Pending,12,Yes,0.0
ENRPHGJS7H3,EMP00397,PLN4988,Paternity Leave,INVALID_PLAN_XXX,Unpaid,Per-Incident,NOT-A-DATE,2023-08-25,EMP00035,2023-09-24,Pending,15,Yes,5.0
ENR883X3OTS,EMP00398,PLN8423,Maternity Leave,ML-PLAN-04,Paid,Per-Incident,2022-04-02,2025-04-01,EMP00031,2022-04-02,Pending,21,No,5.0
ENR5LLREWSM,EMP00398,PLN3145,Annual Leave,AL-PLAN-01,Unpaid,Per-Incident,2023-07-27,2026-07-26,EMP00015,2023-07-27,Pending,18,Yes,0.0
ENRYJWV3UKC,EMP00398,PLN8636,Unpaid Leave,UL-PLAN-07,Paid,Monthly,2021-09-20,2022-09-20,EMP00044,2021-09-20,Terminated,12,Yes,5.0
ENR1BSBSXFC,EMP00399,PLN4868,Casual Leave,CL-PLAN-03,Unpaid,One-Time,2022-07-24,2025-07-23,EMP00023,2022-07-24,Terminated,21,Yes,5.0
ENROJ1C8P6M,EMP00399,PLN5226,Unpaid Leave,UL-PLAN-07,Statutory,Monthly,2021-08-14,2022-08-14,EMP00034,2021-08-14,Pending,21,Yes,5.0
ENRF10U68BG,EMP00400,PLN1669,Compensatory Off,CO-PLAN-06,Statutory,One-Time,2023-02-19,2026-02-18,EMP00010,2023-02-19,Terminated,20,No,0.0
ENRNYDDYQUB,EMP00400,PLN5170,Annual Leave,AL-PLAN-01,Statutory,Annual,2020-11-14,2021-11-14,EMP00006,2020-11-14,Inactive,12,Yes,
ENR320W8XAG,EMP00401,,Paternity Leave,PL-PLAN-05,Unpaid,Monthly,2020-10-10,2023-10-10,EMP00010,2035-01-01,Inactive,20,Yes,15.0
ENR7KGZM75E,EMP00401,,Casual Leave,CL-PLAN-03,Statutory,Per-Incident,2021-05-15,2023-05-15,EMP00009,2035-01-01,Inactive,15,Yes,5.0
ENRNRR7P1RP,EMP00401,,Compensatory Off,CO-PLAN-06,Paid,Monthly,2022-12-22,2024-12-21,EMP00035,2035-01-01,Pending,10,Yes,15.0
ENRM1XD78DH,EMP00402,PLN9983,Sick Leave,SL-PLAN-02,Paid,Per-Incident,2021-07-23,2023-07-23,EMP00018,2021-07-23,Pending,30,Yes,15.0
ENRKFI5T9LA,EMP00402,PLN7472,Bereavement Leave,BL-PLAN-08,Unpaid,One-Time,2021-12-12,2024-12-11,EMP00011,2021-12-12,Active,20,Yes,0.0
ENRQXSQRVE8,EMP00402,PLN6878,Annual Leave,AL-PLAN-01,Statutory,Per-Incident,2022-11-01,2025-10-31,EMP00030,2022-11-01,Inactive,30,Yes,10.0
ENRB6L8KY0E,EMP00402,PLN5798,Maternity Leave,ML-PLAN-04,Statutory,Per-Incident,2021-10-24,2022-10-24,EMP00029,2021-10-24,Active,15,Yes,5.0
ENRP1UG3AVZ,EMP00403,PLN4734,Maternity Leave,ML-PLAN-04,Unpaid,One-Time,2020-08-25,2021-08-25,EMP00040,2020-08-25,Terminated,10,Yes,15.0
ENRLS2PINC1,EMP00403,PLN6896,Compensatory Off,CO-PLAN-06,Paid,Per-Incident,2023-06-10,2025-06-09,EMP00017,2023-06-10,Active,18,Yes,10.0
ENRYW4I36G5,EMP00403,PLN5259,Annual Leave,AL-PLAN-01,Paid,One-Time,2020-08-07,2022-08-07,EMP00050,2020-08-07,Inactive,21,Yes,5.0
ENR43WBBYAR,EMP00403,PLN1903,Paternity Leave,PL-PLAN-05,Statutory,Annual,2022-06-10,2024-06-09,EMP00023,2022-06-10,Terminated,15,No,5.0
ENRE8YSD62R,EMP00404,PLN2683,Casual Leave,CL-PLAN-03,Paid,Per-Incident,2021-07-01,2022-07-01,EMP00034,2021-07-01,Pending,21,Yes,10.0
ENRGU7HL103,EMP00404,PLN3961,Sick Leave,SL-PLAN-02,Paid,Per-Incident,2020-02-09,2023-02-08,EMP00045,2020-02-09,Active,10,Yes,
ENRIQV8QF6C,EMP00404,PLN8827,Maternity Leave,ML-PLAN-04,Unpaid,Per-Incident,2022-12-05,2023-12-05,EMP00025,2022-12-05,Inactive,25,No,10.0
ENRL48KGYB5,EMP00405,PLN3626,Paternity Leave,PL-PLAN-05,Unpaid,Per-Incident,2023-11-05,2026-11-04,EMP00034,2023-11-05,Terminated,21,No,0.0
ENRM3OB7PIZ,EMP00405,PLN7126,Compensatory Off,CO-PLAN-06,Statutory,One-Time,2020-10-21,2022-10-21,EMP00007,2020-10-21,Inactive,20,Yes,10.0
ENRKKS4Q3OF,EMP00405,PLN9480,Casual Leave,CL-PLAN-03,Statutory,One-Time,2023-09-04,2026-09-03,EMP00020,2023-09-04,Inactive,15,Yes,15.0
ENRDQEDG0XB,EMP00406,PLN1087,Sick Leave,SL-PLAN-02,Statutory,Annual,2020-09-25,2021-09-25,EMP00025,2020-09-25,Active,12,Yes,5.0
ENRGF6TQMVM,EMP00406,PLN8050,Casual Leave,CL-PLAN-03,Statutory,Monthly,2021-04-30,2024-04-29,EMP00022,2021-04-30,Pending,15,Yes,
ENR0I75JP4X,EMP00406,PLN1306,Compensatory Off,CO-PLAN-06,Statutory,One-Time,2022-08-07,2023-08-07,EMP00039,2022-08-07,Pending,21,Yes,0.0
ENRAGJRKI04,EMP00407,PLN4383,Compensatory Off,CO-PLAN-06,Paid,One-Time,2021-09-27,2023-09-27,EMP00045,2021-09-27,Inactive,20,Yes,10.0
ENRE05TQ1VC,EMP00407,PLN2283,Maternity Leave,ML-PLAN-04,Unpaid,Per-Incident,2021-06-09,2023-06-09,EMP00050,2021-06-09,Pending,21,No,15.0
ENRB2I0WORJ,EMP00407,PLN4138,Paternity Leave,PL-PLAN-05,Statutory,Monthly,2020-11-15,2022-11-15,EMP00048,2020-11-15,Terminated,21,Yes,0.0
ENRS6QLFBHI,EMP00407,PLN6746,Unpaid Leave,UL-PLAN-07,Statutory,Annual,2021-04-10,2023-04-10,EMP00028,2021-04-10,Inactive,21,No,5.0
ENRMG473RB8,EMP00408,PLN4820,Sick Leave,SL-PLAN-02,Unpaid,Per-Incident,2020-05-08,2023-05-08,EMP00014,2020-05-08,Pending,30,Yes,15.0
ENR0I673ORP,EMP00408,PLN4521,Unpaid Leave,UL-PLAN-07,Unpaid,Per-Incident,2023-10-21,2024-10-20,EMP00024,2023-10-21,Pending,18,Yes,5.0
ENR58OWQR44,EMP00409,,Casual Leave,CL-PLAN-03,Statutory,Per-Incident,NOT-A-DATE,2024-05-08,EMP00026,2021-05-09,Pending,30,Yes,
ENRCIS367VH,EMP00409,,Maternity Leave,ML-PLAN-04,Statutory,Per-Incident,NOT-A-DATE,2022-08-18,EMP00048,2021-08-18,Active,10,Yes,
ENR9QR5S0N6,EMP00410,PLN6149,Casual Leave,CL-PLAN-03,Paid,Annual,2022-11-06,2024-11-05,EMP00031,2022-11-06,Active,21,Yes,15.0
ENRGQFVZKBG,EMP00410,PLN4033,Paternity Leave,PL-PLAN-05,Unpaid,Per-Incident,2021-09-28,2024-09-27,EMP00002,2021-09-28,Pending,25,Yes,5.0
ENRKI3T92H4,EMP00410,PLN7570,Annual Leave,AL-PLAN-01,Unpaid,Per-Incident,2021-03-08,2024-03-07,EMP00043,2021-03-08,Inactive,12,Yes,0.0
ENRTMG9H576,EMP00411,PLN7952,Compensatory Off,CO-PLAN-06,Unpaid,Per-Incident,2022-02-14,2023-02-14,EMP00005,2022-02-14,Terminated,20,Yes,0.0
ENRGI79VMD3,EMP00411,PLN3505,Paternity Leave,PL-PLAN-05,Unpaid,Per-Incident,2022-04-17,2023-04-17,EMP00003,2022-04-17,Pending,18,Yes,15.0
ENRX1T1H9UK,EMP00412,PLN6268,Paternity Leave,PL-PLAN-05,Statutory,Monthly,2023-08-22,2026-08-21,EMP00034,2023-08-22,Inactive,15,No,0.0
ENR44C2U0S5,EMP00412,PLN3191,Annual Leave,AL-PLAN-01,Paid,Monthly,2021-06-29,2023-06-29,EMP00017,2021-06-29,Pending,10,Yes,
ENRXXEGQOOO,EMP00413,PLN2970,Casual Leave,CL-PLAN-03,Unpaid,One-Time,2021-07-27,2024-07-26,EMP00008,2021-07-27,Inactive,30,Yes,5.0
ENRYPREOU1M,EMP00413,PLN1981,Paternity Leave,PL-PLAN-05,Paid,Monthly,2022-01-25,2025-01-24,EMP00028,2022-01-25,Terminated,20,Yes,5.0
ENR8QTDCPNY,EMP00414,PLN9745,Annual Leave,AL-PLAN-01,Unpaid,Per-Incident,2022-08-12,2025-08-11,EMP00007,2022-08-12,Terminated,15,Yes,0.0
ENRTECKX9WT,EMP00414,PLN5713,Sick Leave,SL-PLAN-02,Unpaid,One-Time,2022-05-02,2023-05-02,EMP00040,2022-05-02,Terminated,15,Yes,0.0
ENRQNN6E2UZ,EMP00414,PLN1970,Bereavement Leave,BL-PLAN-08,Unpaid,One-Time,2021-11-23,2024-11-22,EMP00041,2021-11-23,Inactive,25,Yes,0.0
ENRJXU6V4QF,EMP00414,PLN5601,Casual Leave,CL-PLAN-03,Unpaid,Annual,2021-04-02,2024-04-01,EMP00022,2021-04-02,Inactive,12,No,
ENR2LL1LFKZ,EMP00415,PLN1454,Annual Leave,AL-PLAN-01,Unpaid,Monthly,2020-11-05,2020-10-06,EMP00037,2020-11-05,Active,30,Yes,
ENR0RPZ42UZ,EMP00415,PLN8745,Paternity Leave,PL-PLAN-05,Unpaid,Per-Incident,2022-12-23,2022-11-23,EMP00038,2022-12-23,Active,10,No,5.0
ENR5CAE22B7,EMP00415,PLN9429,Compensatory Off,CO-PLAN-06,Statutory,Per-Incident,2023-06-20,2023-05-21,EMP00014,2023-06-20,Pending,21,Yes,
ENR8IGZIBS9,EMP00415,PLN6668,Maternity Leave,ML-PLAN-04,Paid,Per-Incident,2021-08-15,2021-07-16,EMP00006,2021-08-15,Terminated,25,No,
ENRZYR4RAZ4,EMP00416,PLN9834,Maternity Leave,ML-PLAN-04,Statutory,One-Time,2022-03-27,2025-03-26,EMP00002,2022-03-27,Inactive,20,Yes,
ENRVDW7LFIY,EMP00416,PLN4257,Bereavement Leave,BL-PLAN-08,Paid,Annual,2021-07-22,2022-07-22,EMP00001,2021-07-22,Pending,25,Yes,
ENRB2W2XVK4,EMP00417,,Annual Leave,AL-PLAN-01,Unpaid,One-Time,2020-10-05,2023-10-05,EMP00034,2020-10-05,Inactive,30,No,10.0
ENROCILGMQE,EMP00417,,Sick Leave,SL-PLAN-02,Paid,One-Time,2020-02-06,2023-02-05,EMP00031,2020-02-06,Active,15,Yes,0.0
ENRXX14HQ63,EMP00417,,Unpaid Leave,UL-PLAN-07,Paid,Annual,2020-10-22,2022-10-22,EMP00034,2020-10-22,Inactive,30,Yes,5.0
ENRCU66XNWO,EMP00417,,Maternity Leave,ML-PLAN-04,Statutory,Annual,2023-12-09,2024-12-08,EMP00013,2023-12-09,Terminated,12,Yes,0.0
ENRLAOZCMO0,EMP00418,PLN5659,Casual Leave,CL-PLAN-03,Unpaid,Annual,2021-10-12,2024-10-11,EMP00027,2021-10-12,Terminated,12,Yes,15.0
ENRKG6UNKWX,EMP00418,PLN4656,Unpaid Leave,UL-PLAN-07,Statutory,Annual,2022-05-09,2024-05-08,EMP00032,2022-05-09,Inactive,15,Yes,15.0
ENRA5Q8PYFC,EMP00418,PLN2646,Paternity Leave,PL-PLAN-05,Unpaid,Per-Incident,2020-04-28,2021-04-28,EMP00008,2020-04-28,Terminated,10,Yes,
ENRHTU7P9EC,EMP00418,PLN5629,Annual Leave,AL-PLAN-01,Paid,One-Time,2023-09-24,2025-09-23,EMP00018,2023-09-24,Active,15,Yes,
ENRHDP2O7HB,EMP00419,PLN8576,Maternity Leave,INVALID_PLAN_XXX,Paid,One-Time,2023-12-08,2024-12-07,EMP00011,2023-12-08,Pending,12,Yes,
ENRNZFUJKHD,EMP00419,PLN6427,Compensatory Off,INVALID_PLAN_XXX,Statutory,One-Time,2023-03-12,2024-03-11,EMP00013,2023-03-12,Terminated,30,No,0.0
ENRPIQ1ZNHN,EMP00419,PLN9031,Sick Leave,INVALID_PLAN_XXX,Statutory,Monthly,2021-07-06,2022-07-06,EMP00035,2021-07-06,Pending,25,Yes,10.0
ENRU95M67N9,EMP00420,PLN8841,Annual Leave,AL-PLAN-01,Paid,One-Time,2021-12-02,2023-12-02,EMP00047,2021-12-02,Pending,20,Yes,0.0
ENRK2732OBT,EMP00420,PLN9996,Compensatory Off,CO-PLAN-06,Statutory,Annual,2022-06-28,2025-06-27,EMP00028,2022-06-28,Pending,18,No,0.0
ENRFM4EPVVS,EMP00420,PLN2967,Sick Leave,SL-PLAN-02,Unpaid,One-Time,2020-02-28,2023-02-27,EMP00029,2020-02-28,Active,12,Yes,10.0
ENR4M8MGEY9,,PLN4119,Casual Leave,CL-PLAN-03,Paid,Per-Incident,NOT-A-DATE,2024-05-18,EMP00001,2022-05-19,Terminated,-5,No,15.0
ENRXQKTB023,,PLN4422,Annual Leave,AL-PLAN-01,Paid,One-Time,NOT-A-DATE,2021-01-13,EMP00005,2020-01-14,Inactive,-5,No,0.0
ENR6LVLMRTA,,PLN6911,Sick Leave,SL-PLAN-02,Statutory,Monthly,NOT-A-DATE,2023-09-26,EMP00036,2021-09-26,Terminated,-5,Yes,15.0
ENR2KJW713U,,PLN1798,Bereavement Leave,BL-PLAN-08,Statutory,Monthly,NOT-A-DATE,2026-10-22,EMP00048,2023-10-23,Pending,-5,Yes,10.0
ENRF34DJXW4,EMP00422,PLN8206,Maternity Leave,ML-PLAN-04,Statutory,Per-Incident,2021-07-02,2022-07-02,EMP00007,2021-07-02,Inactive,25,Yes,10.0
ENR6WX5UM65,EMP00422,PLN7983,Compensatory Off,CO-PLAN-06,Unpaid,Monthly,2023-08-18,2025-08-17,EMP00006,2023-08-18,Active,12,No,5.0
ENRHUNR9VU2,EMP00422,PLN1531,Paternity Leave,PL-PLAN-05,Paid,One-Time,2020-01-05,2021-01-04,EMP00010,2020-01-05,Terminated,25,Yes,15.0
ENR5ZHP9RZ1,EMP00423,PLN2706,Annual Leave,AL-PLAN-01,Paid,Annual,2023-05-13,2024-05-12,EMP00007,2023-05-13,Active,25,Yes,15.0
ENR2XW40UQ2,EMP00423,PLN7523,Bereavement Leave,BL-PLAN-08,Unpaid,One-Time,2020-10-01,2022-10-01,EMP00031,2020-10-01,Terminated,20,Yes,5.0
ENROLLVYP8E,EMP00424,PLN8810,Unpaid Leave,UL-PLAN-07,Paid,Annual,2021-02-09,2023-02-09,EMP00020,2021-02-09,Terminated,21,Yes,
ENR3PXD4WX7,EMP00424,PLN5120,Compensatory Off,CO-PLAN-06,Statutory,Annual,2021-09-09,2024-09-08,EMP00043,2021-09-09,Terminated,18,No,0.0
ENRPEK08RC4,EMP00424,PLN7255,Casual Leave,CL-PLAN-03,Statutory,Per-Incident,2021-04-10,2023-04-10,EMP00035,2021-04-10,Inactive,12,No,0.0
ENRSXXOP73M,EMP00424,PLN2210,Sick Leave,SL-PLAN-02,Unpaid,One-Time,2021-12-29,2022-12-29,EMP00004,2021-12-29,Inactive,10,Yes,10.0
ENR32T061Y6,EMP00425,,Paternity Leave,PL-PLAN-05,Unpaid,Monthly,2020-03-22,2022-03-22,EMP00043,2020-03-22,Pending,21,Yes,
ENRY2BDJV47,EMP00425,,Unpaid Leave,UL-PLAN-07,Paid,Monthly,2021-04-11,2023-04-11,EMP00011,2021-04-11,Pending,12,No,15.0
ENRLHJ9E7J6,EMP00426,PLN1100,Unpaid Leave,UL-PLAN-07,Statutory,Annual,2020-11-29,2023-11-29,EMP00048,2020-11-29,Pending,25,Yes,
ENR3E57QP2I,EMP00426,PLN4495,Compensatory Off,CO-PLAN-06,Unpaid,Per-Incident,2023-12-25,2026-12-24,EMP00001,2023-12-25,Terminated,30,Yes,10.0
ENRC46ABPRZ,EMP00426,PLN3945,Annual Leave,AL-PLAN-01,Paid,Monthly,2022-07-04,2023-07-04,EMP00047,2022-07-04,Active,20,No,
ENR6Y2D5MVD,EMP00426,PLN2280,Bereavement Leave,BL-PLAN-08,Statutory,One-Time,2023-05-09,2026-05-08,EMP00021,2023-05-09,Active,25,Yes,10.0
ENRR9TPM0QE,EMP00427,PLN1172,Bereavement Leave,BL-PLAN-08,Unpaid,One-Time,2022-06-10,2025-06-09,EMP00015,2022-06-10,Terminated,15,Yes,0.0
ENRSV9OGWBD,EMP00427,PLN3634,Paternity Leave,PL-PLAN-05,Paid,Per-Incident,2021-05-16,2024-05-15,EMP00049,2021-05-16,Active,12,Yes,
ENRJWGUFCFY,EMP00428,PLN9071,Annual Leave,AL-PLAN-01,Statutory,Monthly,2020-06-28,2022-06-28,EMP00019,2020-06-28,Terminated,18,Yes,15.0
ENRAT22TQVR,EMP00428,PLN3615,Unpaid Leave,UL-PLAN-07,Statutory,Per-Incident,2022-10-20,2024-10-19,EMP00009,2022-10-20,Inactive,18,Yes,10.0
ENRGFRF7TYO,EMP00428,PLN7189,Casual Leave,CL-PLAN-03,Unpaid,Monthly,2023-07-21,2026-07-20,EMP00012,2023-07-21,Terminated,20,Yes,15.0
ENRP9M2IDPX,EMP00428,PLN5446,Maternity Leave,ML-PLAN-04,Statutory,Per-Incident,2020-12-17,2021-12-17,EMP00040,2020-12-17,Pending,21,No,
ENRUIS6WVZ4,EMP00429,PLN4520,Compensatory Off,CO-PLAN-06,Unpaid,Monthly,2020-04-19,2021-04-19,EMP00020,2020-04-19,Pending,25,Yes,15.0
ENRDG0COOWW,EMP00429,PLN7023,Sick Leave,SL-PLAN-02,Paid,Per-Incident,2023-07-12,2024-07-11,EMP00016,2023-07-12,Active,20,No,5.0
ENRS4YZ1BNM,EMP00429,PLN6689,Bereavement Leave,BL-PLAN-08,Paid,Per-Incident,2022-06-06,2024-06-05,EMP00029,2022-06-06,Active,15,Yes,5.0
ENRYIJ17F9T,EMP00430,PLN1731,Annual Leave,AL-PLAN-01,Unpaid,Monthly,2023-08-22,2024-08-21,EMP00046,2023-08-22,Inactive,12,Yes,
ENR5BGQF0WS,EMP00430,PLN5304,Casual Leave,CL-PLAN-03,Unpaid,Per-Incident,2023-01-10,2024-01-10,EMP00014,2023-01-10,Inactive,21,Yes,15.0
ENRCEEMUQWS,EMP00430,PLN8892,Unpaid Leave,UL-PLAN-07,Paid,One-Time,2022-06-15,2025-06-14,EMP00019,2022-06-15,Inactive,25,No,15.0
ENR9HOUI9KN,EMP00431,PLN1717,Bereavement Leave,BL-PLAN-08,Unpaid,Annual,2021-12-09,2022-12-09,EMP00024,2021-12-09,Pending,12,No,5.0
ENRUDOBDXBJ,EMP00431,PLN7995,Annual Leave,AL-PLAN-01,Unpaid,One-Time,2022-03-22,2024-03-21,EMP00017,2022-03-22,Inactive,21,Yes,10.0
ENRAUSF41C1,EMP00431,PLN3036,Compensatory Off,CO-PLAN-06,Unpaid,One-Time,2020-12-25,2022-12-25,EMP00015,2020-12-25,Active,20,No,
ENRLFGIWP6I,EMP00432,PLN3476,Bereavement Leave,BL-PLAN-08,Statutory,Per-Incident,2022-03-21,2025-03-20,EMP00023,2022-03-21,Terminated,12,Yes,10.0
ENR0B6LUIUI,EMP00432,PLN2128,Paternity Leave,PL-PLAN-05,Statutory,Monthly,2022-01-01,2024-01-01,EMP00041,2022-01-01,Active,20,Yes,5.0
ENROU5S0U2B,EMP00433,,Paternity Leave,PL-PLAN-05,Paid,Monthly,NOT-A-DATE,2023-07-12,EMP00028,2023-08-11,Terminated,25,No,5.0
ENR7VJWRYG0,EMP00433,,Compensatory Off,CO-PLAN-06,Statutory,Per-Incident,NOT-A-DATE,2022-12-31,EMP00020,2023-01-30,Terminated,18,Yes,
ENR3YWSCDWR,EMP00434,PLN1466,Unpaid Leave,UL-PLAN-07,Unpaid,Per-Incident,2020-04-02,2021-04-02,EMP00029,2020-04-02,Active,25,No,10.0
ENRMCX53FDA,EMP00434,PLN5550,Paternity Leave,PL-PLAN-05,Statutory,One-Time,2020-05-25,2021-05-25,EMP00045,2020-05-25,Inactive,15,No,15.0
ENRHG66M6PS,EMP00435,PLN9000,Maternity Leave,ML-PLAN-04,Paid,Annual,2022-10-09,2025-10-08,EMP00030,2022-10-09,Pending,15,Yes,
ENR1SLISLEX,EMP00435,PLN4334,Unpaid Leave,UL-PLAN-07,Unpaid,Annual,2023-12-19,2024-12-18,EMP00009,2023-12-19,Inactive,12,Yes,15.0
ENRYIH6OR35,EMP00435,PLN8975,Compensatory Off,CO-PLAN-06,Paid,One-Time,2021-01-02,2022-01-02,EMP00039,2021-01-02,Pending,21,Yes,5.0
ENRPLEZZASR,EMP00435,PLN9868,Sick Leave,SL-PLAN-02,Unpaid,Annual,2021-07-23,2023-07-23,EMP00040,2021-07-23,Pending,15,No,0.0
ENR6OU24JDQ,EMP00436,PLN3327,Sick Leave,SL-PLAN-02,Paid,Monthly,2021-06-03,2023-06-03,EMP00029,2021-06-03,Inactive,12,Yes,15.0
ENRVMR7X1NO,EMP00436,PLN8476,Unpaid Leave,UL-PLAN-07,Unpaid,One-Time,2021-12-13,2024-12-12,EMP00012,2021-12-13,Active,21,Yes,
ENRYF64VY62,EMP00437,PLN7891,Compensatory Off,CO-PLAN-06,Unpaid,One-Time,2020-11-25,2021-11-25,EMP00031,2020-11-25,Terminated,18,Yes,0.0
ENR01DVAXFX,EMP00437,PLN4089,Annual Leave,AL-PLAN-01,Paid,Annual,2020-07-20,2023-07-20,EMP00031,2020-07-20,Pending,10,No,10.0
ENRTEUALCTV,EMP00437,PLN9949,Maternity Leave,ML-PLAN-04,Unpaid,Annual,2020-06-25,2021-06-25,EMP00048,2020-06-25,Active,12,Yes,10.0
ENRQ0YQQLMQ,EMP00437,PLN5410,Paternity Leave,PL-PLAN-05,Paid,Annual,2020-09-29,2023-09-29,EMP00036,2020-09-29,Terminated,12,Yes,5.0
ENR4BHRJYJ0,EMP00438,PLN8779,Maternity Leave,ML-PLAN-04,Unpaid,Per-Incident,2021-06-11,2023-06-11,EMP00024,2021-06-11,Terminated,30,Yes,0.0
ENRRNKYLHCS,EMP00438,PLN6941,Annual Leave,AL-PLAN-01,Statutory,Annual,2021-04-12,2022-04-12,EMP00013,2021-04-12,Inactive,20,Yes,5.0
ENRUKB61W9Y,EMP00438,PLN4826,Bereavement Leave,BL-PLAN-08,Statutory,Per-Incident,2022-06-02,2023-06-02,EMP00032,2022-06-02,Pending,21,Yes,10.0
ENRQ4G695IG,EMP00439,PLN5173,Annual Leave,AL-PLAN-01,Unpaid,One-Time,2021-02-15,2024-02-15,EMP00045,2021-02-15,Pending,10,Yes,
ENRHX418DQK,EMP00439,PLN8312,Unpaid Leave,UL-PLAN-07,Statutory,Monthly,2021-10-29,2024-10-28,EMP00038,2021-10-29,Terminated,10,Yes,
ENRIMXP0Z2C,EMP00439,PLN7463,Casual Leave,CL-PLAN-03,Paid,One-Time,2023-08-20,2026-08-19,EMP00004,2023-08-20,Pending,30,Yes,
ENRDA1S0VQQ,EMP00440,PLN9434,Annual Leave,AL-PLAN-01,Statutory,Monthly,2020-09-08,2021-09-08,EMP00035,2020-09-08,Terminated,30,Yes,
ENRH6Y1011G,EMP00440,PLN5882,Compensatory Off,CO-PLAN-06,Unpaid,Annual,2022-04-11,2024-04-10,EMP00024,2022-04-11,Terminated,21,Yes,0.0
ENRK4CGSHVM,EMP00440,PLN7473,Maternity Leave,ML-PLAN-04,Unpaid,Annual,2020-06-24,2022-06-24,EMP00007,2020-06-24,Terminated,30,No,
ENR2P0371AS,EMP00440,PLN4180,Bereavement Leave,BL-PLAN-08,Statutory,Monthly,2021-08-18,2023-08-18,EMP00047,2021-08-18,Inactive,21,Yes,15.0
ENRQN33G46S,EMP00441,,Annual Leave,INVALID_PLAN_XXX,Unpaid,Monthly,2021-01-09,2024-01-09,EMP00016,2035-01-01,Terminated,18,Yes,
ENRR7FVV6G8,EMP00441,,Paternity Leave,INVALID_PLAN_XXX,Unpaid,Per-Incident,2022-10-09,2023-10-09,EMP00050,2035-01-01,Active,30,Yes,5.0
ENRZS92NNVX,EMP00441,,Compensatory Off,INVALID_PLAN_XXX,Unpaid,Per-Incident,2021-05-16,2024-05-15,EMP00037,2035-01-01,Inactive,10,Yes,5.0
ENRULA93I88,EMP00442,PLN3326,Compensatory Off,CO-PLAN-06,Statutory,One-Time,2020-06-26,2023-06-26,EMP00009,2020-06-26,Pending,10,Yes,0.0
ENR6UHGGHBY,EMP00442,PLN6276,Annual Leave,AL-PLAN-01,Statutory,Monthly,2022-09-24,2025-09-23,EMP00009,2022-09-24,Active,15,Yes,15.0
ENRCP8OHGF8,EMP00443,PLN9858,Compensatory Off,CO-PLAN-06,Unpaid,Per-Incident,2021-01-21,2023-01-21,EMP00020,2021-01-21,Pending,15,Yes,5.0
ENRXS7JTNTV,EMP00443,PLN4191,Maternity Leave,ML-PLAN-04,Statutory,One-Time,2021-05-24,2023-05-24,EMP00043,2021-05-24,Inactive,10,Yes,0.0
ENR0VPKEKRC,EMP00443,PLN7315,Casual Leave,CL-PLAN-03,Unpaid,One-Time,2023-01-23,2024-01-23,EMP00050,2023-01-23,Active,20,Yes,10.0
ENREPPF201Q,EMP00443,PLN9596,Unpaid Leave,UL-PLAN-07,Statutory,One-Time,2022-08-04,2023-08-04,EMP00045,2022-08-04,Terminated,12,Yes,5.0
ENRXD7GSH6F,EMP00444,PLN3771,Annual Leave,AL-PLAN-01,Paid,Per-Incident,2022-02-15,2024-02-15,EMP00028,2022-02-15,Terminated,21,No,15.0
ENRAW0O7AWQ,EMP00444,PLN5231,Bereavement Leave,BL-PLAN-08,Statutory,Per-Incident,2021-09-12,2022-09-12,EMP00011,2021-09-12,Terminated,10,Yes,10.0
ENRTPA0SHTC,EMP00444,PLN1109,Paternity Leave,PL-PLAN-05,Paid,Monthly,2020-03-13,2022-03-13,EMP00037,2020-03-13,Inactive,21,Yes,0.0
ENREVLXC0LB,EMP00444,PLN8525,Compensatory Off,CO-PLAN-06,Unpaid,Monthly,2021-05-08,2022-05-08,EMP00017,2021-05-08,Inactive,21,No,5.0
ENRLICY1VXJ,EMP00445,PLN1696,Unpaid Leave,UL-PLAN-07,Unpaid,One-Time,NOT-A-DATE,2024-10-14,EMP00039,2023-10-15,Pending,10,Yes,0.0
ENRPIW23IKW,EMP00445,PLN8628,Bereavement Leave,BL-PLAN-08,Unpaid,One-Time,NOT-A-DATE,2023-05-12,EMP00013,2021-05-12,Inactive,12,Yes,10.0
ENRRDAFIS27,EMP00445,PLN6450,Maternity Leave,ML-PLAN-04,Paid,Per-Incident,NOT-A-DATE,2022-05-02,EMP00008,2021-05-02,Active,25,Yes,
ENROM8630LI,EMP00446,PLN7594,Maternity Leave,ML-PLAN-04,Unpaid,Monthly,2020-09-18,2023-09-18,EMP00024,2020-09-18,Active,30,Yes,15.0
ENR1ZIMJMP8,EMP00446,PLN9233,Bereavement Leave,BL-PLAN-08,Unpaid,Per-Incident,2022-12-01,2025-11-30,EMP00045,2022-12-01,Pending,20,Yes,5.0
ENRGK30DVOY,EMP00447,PLN6133,Bereavement Leave,BL-PLAN-08,Unpaid,One-Time,2021-04-12,2023-04-12,EMP00030,2021-04-12,Inactive,12,No,0.0
ENR5VZ9GGC9,EMP00447,PLN6688,Compensatory Off,CO-PLAN-06,Statutory,Monthly,2021-08-23,2023-08-23,EMP00043,2021-08-23,Inactive,15,No,10.0
ENR5QU4MH65,EMP00448,PLN9111,Paternity Leave,PL-PLAN-05,Statutory,Per-Incident,2020-09-15,2021-09-15,EMP00039,2020-09-15,Inactive,15,Yes,15.0
ENRCDV7LABZ,EMP00448,PLN9161,Maternity Leave,ML-PLAN-04,Paid,Monthly,2022-09-05,2025-09-04,EMP00013,2022-09-05,Pending,21,Yes,15.0
ENR9072ITUY,EMP00449,,Annual Leave,AL-PLAN-01,Statutory,Per-Incident,2022-04-26,2025-04-25,EMP00027,2022-04-26,Terminated,25,Yes,10.0
ENR2XX7QJ4X,EMP00449,,Paternity Leave,PL-PLAN-05,Paid,One-Time,2020-02-01,2022-01-31,EMP00018,2020-02-01,Pending,25,Yes,15.0
ENR2Y0Q591D,EMP00449,,Sick Leave,SL-PLAN-02,Unpaid,Monthly,2023-09-03,2025-09-02,EMP00034,2023-09-03,Terminated,25,Yes,0.0
ENR26S30M24,EMP00450,PLN8338,Paternity Leave,PL-PLAN-05,Statutory,Annual,2021-06-15,2023-06-15,EMP00043,2021-06-15,Inactive,18,Yes,0.0
ENRIBDATFH8,EMP00450,PLN5653,Sick Leave,SL-PLAN-02,Paid,Per-Incident,2023-03-09,2026-03-08,EMP00008,2023-03-09,Inactive,10,Yes,5.0
ENRDD3EGK6Q,EMP00451,PLN7716,Paternity Leave,PL-PLAN-05,Paid,Annual,2021-03-17,2021-02-15,EMP00001,2021-03-17,Pending,-5,Yes,
ENR6OC3LXEY,EMP00451,PLN8838,Casual Leave,CL-PLAN-03,Statutory,One-Time,2023-07-19,2023-06-19,EMP00033,2023-07-19,Terminated,-5,Yes,15.0
ENRC2BHCJOK,EMP00452,PLN8849,Casual Leave,CL-PLAN-03,Paid,One-Time,2021-11-06,2022-11-06,EMP00033,2021-11-06,Active,21,No,5.0
ENR2TKBL6VW,EMP00452,PLN3694,Maternity Leave,ML-PLAN-04,Paid,Monthly,2022-10-07,2024-10-06,EMP00003,2022-10-07,Pending,21,No,5.0
ENR1EV78VTJ,EMP00452,PLN8478,Bereavement Leave,BL-PLAN-08,Paid,One-Time,2023-01-04,2024-01-04,EMP00020,2023-01-04,Inactive,30,Yes,
ENR11KCTN0P,EMP00452,PLN5124,Sick Leave,SL-PLAN-02,Unpaid,Monthly,2022-11-23,2024-11-22,EMP00005,2022-11-23,Active,30,No,10.0
ENRLO9GGTYW,EMP00453,PLN6650,Annual Leave,AL-PLAN-01,Statutory,Annual,2022-07-13,2024-07-12,EMP00004,2022-07-13,Inactive,21,Yes,0.0
ENRNBJGN63T,EMP00453,PLN6324,Sick Leave,SL-PLAN-02,Statutory,One-Time,2021-11-05,2023-11-05,EMP00030,2021-11-05,Terminated,10,Yes,15.0
ENRNS7JO2G6,EMP00453,PLN8955,Bereavement Leave,BL-PLAN-08,Unpaid,Annual,2022-03-15,2025-03-14,EMP00003,2022-03-15,Active,21,No,5.0
ENR1JHW59V4,EMP00454,PLN9208,Sick Leave,SL-PLAN-02,Statutory,Annual,2020-08-06,2023-08-06,EMP00018,2020-08-06,Terminated,18,Yes,5.0
ENR97DBPXD3,EMP00454,PLN1831,Annual Leave,AL-PLAN-01,Paid,Per-Incident,2023-09-17,2025-09-16,EMP00006,2023-09-17,Terminated,20,Yes,0.0
ENR0MG4KUB6,EMP00454,PLN8502,Bereavement Leave,BL-PLAN-08,Unpaid,Monthly,2023-08-26,2026-08-25,EMP00005,2023-08-26,Terminated,25,Yes,
ENRSXF4INXP,EMP00454,PLN2683,Paternity Leave,PL-PLAN-05,Unpaid,One-Time,2022-06-12,2023-06-12,EMP00033,2022-06-12,Pending,15,Yes,10.0
ENRHDW0866J,EMP00455,PLN2667,Casual Leave,CL-PLAN-03,Unpaid,Annual,2022-02-02,2024-02-02,EMP00015,2022-02-02,Pending,10,Yes,
ENRMAHFA2A8,EMP00455,PLN9857,Bereavement Leave,BL-PLAN-08,Paid,Monthly,2021-11-16,2023-11-16,EMP00015,2021-11-16,Terminated,15,Yes,10.0
ENROYF0N0R2,EMP00455,PLN6899,Sick Leave,SL-PLAN-02,Statutory,Monthly,2022-07-03,2024-07-02,EMP00008,2022-07-03,Inactive,15,Yes,10.0
ENR7E5LLJPS,EMP00455,PLN3772,Maternity Leave,ML-PLAN-04,Statutory,Monthly,2020-05-04,2023-05-04,EMP00040,2020-05-04,Pending,12,Yes,0.0
ENRLF2INJI9,,PLN2486,Casual Leave,CL-PLAN-03,Unpaid,Per-Incident,2023-05-02,2024-05-01,EMP00007,2023-05-02,Inactive,10,Yes,5.0
ENRN3LZOV6G,,PLN3560,Bereavement Leave,BL-PLAN-08,Paid,Per-Incident,2020-12-04,2021-12-04,EMP00014,2020-12-04,Pending,20,Yes,15.0
ENRJTUYSXH5,,PLN2396,Compensatory Off,CO-PLAN-06,Statutory,Per-Incident,2022-02-08,2025-02-07,EMP00030,2022-02-08,Terminated,12,Yes,10.0
ENRELI3P4D6,,PLN4626,Paternity Leave,PL-PLAN-05,Statutory,Annual,2021-10-24,2024-10-23,EMP00048,2021-10-24,Inactive,21,No,10.0
ENR19VMG19J,EMP00457,,Compensatory Off,CO-PLAN-06,Unpaid,Annual,NOT-A-DATE,2024-11-24,EMP00017,2022-11-25,Terminated,10,No,5.0
ENR9L7UZY40,EMP00457,,Maternity Leave,ML-PLAN-04,Paid,Per-Incident,NOT-A-DATE,2024-08-27,EMP00002,2022-08-28,Terminated,18,Yes,0.0
ENRV8E5LQOO,EMP00457,,Annual Leave,AL-PLAN-01,Unpaid,Per-Incident,NOT-A-DATE,2024-04-15,EMP00042,2022-04-16,Terminated,10,Yes,15.0
ENRWANZJXU5,EMP00458,PLN3700,Annual Leave,AL-PLAN-01,Paid,Per-Incident,2021-08-24,2024-08-23,EMP00042,2021-08-24,Terminated,20,No,10.0
ENR9R4LL6PK,EMP00458,PLN3440,Compensatory Off,CO-PLAN-06,Unpaid,One-Time,2023-02-10,2025-02-09,EMP00039,2023-02-10,Active,20,Yes,10.0
ENR9ATV25AZ,EMP00458,PLN3902,Maternity Leave,ML-PLAN-04,Unpaid,Monthly,2020-06-04,2022-06-04,EMP00006,2020-06-04,Terminated,20,No,5.0
ENRXK7N3Z0O,EMP00458,PLN1300,Unpaid Leave,UL-PLAN-07,Unpaid,Annual,2023-12-13,2026-12-12,EMP00012,2023-12-13,Active,12,No,5.0
ENRRF5TB0YM,EMP00459,PLN8144,Maternity Leave,ML-PLAN-04,Paid,Monthly,2023-07-17,2024-07-16,EMP00036,2023-07-17,Pending,10,Yes,5.0
ENRPGR175IQ,EMP00459,PLN1835,Annual Leave,AL-PLAN-01,Statutory,Annual,2023-03-15,2025-03-14,EMP00015,2023-03-15,Terminated,12,No,0.0
ENRIJXI50PZ,EMP00459,PLN6617,Unpaid Leave,UL-PLAN-07,Unpaid,Annual,2020-06-23,2021-06-23,EMP00019,2020-06-23,Active,20,Yes,10.0
ENR1UMNLJ5O,EMP00459,PLN7091,Bereavement Leave,BL-PLAN-08,Paid,Annual,2020-04-15,2023-04-15,EMP00013,2020-04-15,Pending,18,Yes,5.0
ENRRVMKUYU0,EMP00460,PLN5918,Annual Leave,AL-PLAN-01,Unpaid,Per-Incident,2023-09-27,2025-09-26,EMP00039,2023-09-27,Pending,18,No,15.0
ENRTX95JQ3O,EMP00460,PLN8890,Unpaid Leave,UL-PLAN-07,Paid,Monthly,2023-03-20,2025-03-19,EMP00032,2023-03-20,Pending,25,No,
ENRRJPYTKVW,EMP00461,PLN8075,Sick Leave,SL-PLAN-02,Paid,One-Time,2022-01-29,2024-01-29,EMP00026,2022-01-29,Inactive,18,Yes,0.0
ENR0IGXKQP4,EMP00461,PLN6200,Bereavement Leave,BL-PLAN-08,Statutory,Per-Incident,2022-01-03,2025-01-02,EMP00050,2022-01-03,Active,10,No,15.0
ENRQNF2U1UG,EMP00461,PLN5595,Casual Leave,CL-PLAN-03,Statutory,Monthly,2023-12-27,2025-12-26,EMP00019,2023-12-27,Inactive,30,Yes,
ENRHG4UZXFP,EMP00461,PLN9650,Compensatory Off,CO-PLAN-06,Unpaid,Annual,2020-11-09,2021-11-09,EMP00005,2020-11-09,Pending,18,No,5.0
ENROYLHJUY4,EMP00462,PLN2301,Sick Leave,SL-PLAN-02,Paid,Annual,2023-03-19,2024-03-18,EMP00016,2023-03-19,Active,20,No,10.0
ENRBFBAMTNL,EMP00462,PLN7244,Annual Leave,AL-PLAN-01,Paid,Per-Incident,2023-08-15,2024-08-14,EMP00008,2023-08-15,Active,21,Yes,15.0
ENRCMZPCGP0,EMP00462,PLN4200,Maternity Leave,ML-PLAN-04,Paid,One-Time,2020-08-11,2021-08-11,EMP00047,2020-08-11,Inactive,15,Yes,5.0
ENRTERBVJ1I,EMP00463,PLN4777,Bereavement Leave,INVALID_PLAN_XXX,Unpaid,Annual,2021-07-07,2022-07-07,EMP00010,2021-07-07,Pending,20,Yes,0.0
ENRHO8ZZ0GC,EMP00463,PLN6972,Annual Leave,INVALID_PLAN_XXX,Unpaid,One-Time,2023-08-17,2024-08-16,EMP00014,2023-08-17,Pending,10,No,5.0
ENRJ0PR5WE7,EMP00463,PLN6487,Paternity Leave,INVALID_PLAN_XXX,Unpaid,Monthly,2021-06-06,2022-06-06,EMP00027,2021-06-06,Terminated,20,Yes,0.0
ENR9FGT6F7U,EMP00463,PLN4021,Maternity Leave,INVALID_PLAN_XXX,Statutory,Monthly,2021-01-15,2023-01-15,EMP00013,2021-01-15,Active,12,No,0.0
ENR6IYUS4RV,EMP00464,PLN6582,Compensatory Off,CO-PLAN-06,Paid,One-Time,2023-09-28,2025-09-27,EMP00029,2023-09-28,Pending,30,No,15.0
ENR0SP6WJD0,EMP00464,PLN8319,Unpaid Leave,UL-PLAN-07,Statutory,Monthly,2021-05-13,2024-05-12,EMP00015,2021-05-13,Inactive,20,Yes,10.0
ENRAIIJ5E3X,EMP00464,PLN3642,Paternity Leave,PL-PLAN-05,Unpaid,One-Time,2022-04-09,2025-04-08,EMP00046,2022-04-09,Active,15,No,
ENR6X5IKDFL,EMP00465,,Compensatory Off,CO-PLAN-06,Unpaid,Monthly,2020-04-24,2022-04-24,EMP00042,2020-04-24,Pending,25,Yes,5.0
ENRD6NJTA0S,EMP00465,,Sick Leave,SL-PLAN-02,Paid,Monthly,2022-08-07,2025-08-06,EMP00050,2022-08-07,Inactive,20,Yes,10.0
ENRDI60YVEO,EMP00465,,Annual Leave,AL-PLAN-01,Paid,Monthly,2021-03-14,2023-03-14,EMP00001,2021-03-14,Terminated,15,Yes,10.0
ENRMJDHE3QH,EMP00466,PLN9906,Compensatory Off,CO-PLAN-06,Paid,Monthly,2022-08-20,2023-08-20,EMP00021,2022-08-20,Pending,15,Yes,15.0
ENROIXAM4AA,EMP00466,PLN7766,Paternity Leave,PL-PLAN-05,Unpaid,Annual,2022-08-16,2024-08-15,EMP00050,2022-08-16,Terminated,25,Yes,
ENR05OH2U2H,EMP00467,PLN1092,Maternity Leave,ML-PLAN-04,Unpaid,Annual,2021-02-18,2024-02-18,EMP00016,2021-02-18,Terminated,30,No,15.0
ENR2FEZ4ZCE,EMP00467,PLN1651,Bereavement Leave,BL-PLAN-08,Statutory,Monthly,2022-04-22,2023-04-22,EMP00039,2022-04-22,Terminated,30,Yes,15.0
ENR86HZFLNM,EMP00467,PLN9547,Sick Leave,SL-PLAN-02,Statutory,Annual,2022-10-25,2024-10-24,EMP00015,2022-10-25,Active,18,Yes,15.0
ENRLBZKV660,EMP00467,PLN2591,Annual Leave,AL-PLAN-01,Paid,One-Time,2022-10-21,2025-10-20,EMP00009,2022-10-21,Pending,25,Yes,10.0
ENR03EPHZ66,EMP00468,PLN1416,Bereavement Leave,BL-PLAN-08,Statutory,One-Time,2022-06-12,2025-06-11,EMP00026,2022-06-12,Terminated,18,Yes,10.0
ENRKLZ43LQC,EMP00468,PLN8128,Paternity Leave,PL-PLAN-05,Unpaid,One-Time,2021-11-04,2024-11-03,EMP00039,2021-11-04,Active,20,Yes,10.0
ENRA12WMC9S,EMP00468,PLN5224,Compensatory Off,CO-PLAN-06,Unpaid,Monthly,2023-10-18,2024-10-17,EMP00018,2023-10-18,Terminated,10,No,5.0
ENRKEYZE2TI,EMP00468,PLN6676,Maternity Leave,ML-PLAN-04,Paid,Monthly,2022-01-22,2025-01-21,EMP00022,2022-01-22,Pending,21,No,0.0
ENR4UAG53L9,EMP00469,PLN6862,Annual Leave,AL-PLAN-01,Unpaid,One-Time,NOT-A-DATE,2022-11-27,EMP00020,2022-12-27,Active,12,Yes,15.0
ENROOEUNVHR,EMP00469,PLN5839,Compensatory Off,CO-PLAN-06,Statutory,One-Time,NOT-A-DATE,2023-08-15,EMP00017,2023-09-14,Terminated,12,Yes,
ENRQT2AWILV,EMP00469,PLN8881,Maternity Leave,ML-PLAN-04,Paid,One-Time,NOT-A-DATE,2022-10-09,EMP00026,2022-11-08,Pending,21,Yes,15.0
ENRER6YVDO8,EMP00469,PLN8570,Sick Leave,SL-PLAN-02,Paid,Annual,NOT-A-DATE,2023-04-18,EMP00020,2023-05-18,Inactive,30,No,5.0
ENRB2O97KMC,EMP00470,PLN7274,Bereavement Leave,BL-PLAN-08,Statutory,Annual,2020-04-20,2023-04-20,EMP00024,2020-04-20,Active,15,Yes,10.0
ENRBZL13ULF,EMP00470,PLN1024,Annual Leave,AL-PLAN-01,Paid,Annual,2020-10-09,2022-10-09,EMP00050,2020-10-09,Pending,20,No,15.0
ENRTRAFJ4WV,EMP00470,PLN8755,Casual Leave,CL-PLAN-03,Unpaid,Monthly,2020-03-28,2022-03-28,EMP00037,2020-03-28,Active,18,No,10.0
ENRPYVJ1BUK,EMP00471,PLN6703,Compensatory Off,CO-PLAN-06,Statutory,One-Time,2020-11-08,2022-11-08,EMP00036,2020-11-08,Terminated,30,No,5.0
ENR4EJGFPQ9,EMP00471,PLN9796,Annual Leave,AL-PLAN-01,Paid,One-Time,2023-03-19,2026-03-18,EMP00010,2023-03-19,Pending,30,Yes,
ENRZ7TQHE7G,EMP00471,PLN2683,Maternity Leave,ML-PLAN-04,Statutory,Monthly,2022-12-16,2025-12-15,EMP00045,2022-12-16,Active,25,Yes,5.0
ENR8O1UNIIM,EMP00471,PLN1823,Bereavement Leave,BL-PLAN-08,Unpaid,One-Time,2021-08-21,2023-08-21,EMP00040,2021-08-21,Inactive,30,Yes,15.0
ENRHZ83BTX8,EMP00472,PLN3099,Annual Leave,AL-PLAN-01,Unpaid,Monthly,2021-11-26,2023-11-26,EMP00041,2021-11-26,Pending,30,Yes,
ENRZDKJPP88,EMP00472,PLN1246,Unpaid Leave,UL-PLAN-07,Unpaid,Monthly,2020-06-01,2021-06-01,EMP00032,2020-06-01,Pending,12,No,5.0
ENRK64XGV5Y,EMP00472,PLN2163,Sick Leave,SL-PLAN-02,Paid,One-Time,2020-08-10,2022-08-10,EMP00030,2020-08-10,Pending,12,No,10.0
ENR9I5UH9DT,EMP00472,PLN7847,Paternity Leave,PL-PLAN-05,Unpaid,Per-Incident,2021-08-01,2023-08-01,EMP00039,2021-08-01,Active,18,No,10.0
ENRJV4GV0U9,EMP00473,,Compensatory Off,CO-PLAN-06,Statutory,One-Time,2021-03-12,2022-03-12,EMP00044,2021-03-12,Terminated,25,Yes,
ENREMBT0U53,EMP00473,,Maternity Leave,ML-PLAN-04,Unpaid,One-Time,2022-04-20,2024-04-19,EMP00007,2022-04-20,Active,10,Yes,15.0
ENRXV49YZIF,EMP00473,,Bereavement Leave,BL-PLAN-08,Statutory,Monthly,2021-11-14,2024-11-13,EMP00009,2021-11-14,Active,12,Yes,
ENRZ4K5VV7G,EMP00474,PLN2710,Unpaid Leave,UL-PLAN-07,Unpaid,Monthly,2022-10-25,2024-10-24,EMP00021,2022-10-25,Pending,18,Yes,10.0
ENRDRKADIBZ,EMP00474,PLN1822,Annual Leave,AL-PLAN-01,Paid,Per-Incident,2022-03-07,2025-03-06,EMP00024,2022-03-07,Inactive,20,No,0.0
ENR0OV7B8GB,EMP00474,PLN3347,Casual Leave,CL-PLAN-03,Paid,Annual,2021-04-09,2022-04-09,EMP00027,2021-04-09,Terminated,10,Yes,0.0
ENR5ZP9NB9I,EMP00474,PLN2286,Compensatory Off,CO-PLAN-06,Statutory,Annual,2021-04-07,2024-04-06,EMP00049,2021-04-07,Terminated,25,Yes,
ENRXOPLHOJ0,EMP00475,PLN4763,Maternity Leave,ML-PLAN-04,Unpaid,Per-Incident,2022-02-26,2024-02-26,EMP00038,2022-02-26,Inactive,10,No,
ENR2PZRZJWG,EMP00475,PLN3944,Unpaid Leave,UL-PLAN-07,Unpaid,Annual,2021-03-29,2022-03-29,EMP00043,2021-03-29,Active,18,Yes,0.0
ENRXRUWPBD9,EMP00476,PLN9972,Maternity Leave,ML-PLAN-04,Paid,Annual,2021-05-19,2023-05-19,EMP00010,2021-05-19,Active,21,Yes,0.0
ENR2R71GH8J,EMP00476,PLN4672,Bereavement Leave,BL-PLAN-08,Paid,Annual,2022-07-09,2024-07-08,EMP00014,2022-07-09,Pending,15,Yes,10.0
ENRQWJ55M9P,EMP00476,PLN7244,Annual Leave,AL-PLAN-01,Unpaid,Annual,2021-07-28,2022-07-28,EMP00002,2021-07-28,Pending,18,Yes,15.0
ENRR2CEIFE3,EMP00477,PLN4566,Maternity Leave,ML-PLAN-04,Unpaid,Annual,2021-12-05,2023-12-05,EMP00009,2021-12-05,Pending,18,Yes,15.0
ENR1ISOLHBM,EMP00477,PLN8935,Bereavement Leave,BL-PLAN-08,Unpaid,Monthly,2021-09-14,2023-09-14,EMP00018,2021-09-14,Pending,30,No,
ENR81I5GNGH,EMP00477,PLN3133,Compensatory Off,CO-PLAN-06,Statutory,Annual,2023-01-04,2026-01-03,EMP00034,2023-01-04,Terminated,15,No,15.0
ENRATNBNIFM,EMP00478,PLN9259,Sick Leave,SL-PLAN-02,Paid,Monthly,2021-01-10,2024-01-10,EMP00037,2021-01-10,Terminated,25,Yes,0.0
ENRUMLU4CRI,EMP00478,PLN7293,Bereavement Leave,BL-PLAN-08,Unpaid,One-Time,2021-09-01,2022-09-01,EMP00044,2021-09-01,Terminated,10,Yes,
ENRU9H3PN1C,EMP00478,PLN1259,Casual Leave,CL-PLAN-03,Statutory,Monthly,2021-07-28,2023-07-28,EMP00038,2021-07-28,Pending,15,Yes,10.0
ENR7WL05NAT,EMP00479,PLN4922,Paternity Leave,PL-PLAN-05,Statutory,Per-Incident,2023-09-08,2024-09-07,EMP00025,2023-09-08,Active,25,No,0.0
ENRX9MVR471,EMP00479,PLN6721,Bereavement Leave,BL-PLAN-08,Paid,Per-Incident,2020-02-26,2023-02-25,EMP00008,2020-02-26,Inactive,15,Yes,15.0
ENRRBG9EH0B,EMP00479,PLN6579,Unpaid Leave,UL-PLAN-07,Unpaid,Annual,2020-12-22,2021-12-22,EMP00014,2020-12-22,Terminated,15,Yes,10.0
ENRXFIJKGWK,EMP00480,PLN3275,Unpaid Leave,UL-PLAN-07,Statutory,Monthly,2020-02-12,2023-02-11,EMP00039,2020-02-12,Pending,12,No,5.0
ENRPB8S0J3Q,EMP00480,PLN3549,Casual Leave,CL-PLAN-03,Paid,Monthly,2022-08-16,2025-08-15,EMP00036,2022-08-16,Pending,25,Yes,15.0
ENRPFL8N8Q2,EMP00481,,Bereavement Leave,BL-PLAN-08,Paid,Per-Incident,NOT-A-DATE,2025-01-13,EMP00014,2035-01-01,Active,-5,Yes,
ENR38MMQN32,EMP00481,,Annual Leave,AL-PLAN-01,Paid,One-Time,NOT-A-DATE,2026-10-29,EMP00042,2035-01-01,Pending,-5,Yes,15.0
ENRI75KSCD2,EMP00481,,Maternity Leave,ML-PLAN-04,Unpaid,Monthly,NOT-A-DATE,2024-08-31,EMP00018,2035-01-01,Pending,-5,No,10.0
ENRWY26OWKX,EMP00482,PLN6421,Paternity Leave,PL-PLAN-05,Statutory,Monthly,2022-02-09,2024-02-09,EMP00046,2022-02-09,Pending,21,Yes,10.0
ENRMGE6UTZU,EMP00482,PLN1624,Maternity Leave,ML-PLAN-04,Unpaid,Per-Incident,2021-05-11,2023-05-11,EMP00024,2021-05-11,Pending,21,Yes,10.0
ENRKO128MNQ,EMP00482,PLN5481,Annual Leave,AL-PLAN-01,Statutory,Monthly,2021-10-27,2022-10-27,EMP00048,2021-10-27,Pending,18,No,5.0
ENRHORB7B08,EMP00483,PLN3233,Maternity Leave,ML-PLAN-04,Paid,Monthly,2022-01-09,2024-01-09,EMP00006,2022-01-09,Pending,12,Yes,15.0
ENR07RWHTME,EMP00483,PLN5727,Unpaid Leave,UL-PLAN-07,Statutory,Monthly,2023-10-18,2025-10-17,EMP00050,2023-10-18,Inactive,25,Yes,10.0
ENR7GYEQI5W,EMP00483,PLN7832,Paternity Leave,PL-PLAN-05,Unpaid,Annual,2020-11-29,2023-11-29,EMP00002,2020-11-29,Pending,10,No,15.0
ENR693AFKG9,EMP00484,PLN3773,Annual Leave,AL-PLAN-01,Statutory,Monthly,2020-07-02,2022-07-02,EMP00034,2020-07-02,Pending,30,No,0.0
ENRX82O4VJB,EMP00484,PLN6248,Paternity Leave,PL-PLAN-05,Unpaid,One-Time,2021-10-04,2022-10-04,EMP00049,2021-10-04,Pending,10,No,
ENRT78NZUBX,EMP00484,PLN5120,Compensatory Off,CO-PLAN-06,Paid,Annual,2020-10-13,2021-10-13,EMP00026,2020-10-13,Active,15,Yes,10.0
ENRL8TQTCVP,EMP00484,PLN6876,Unpaid Leave,UL-PLAN-07,Paid,One-Time,2022-11-11,2025-11-10,EMP00022,2022-11-11,Active,18,No,10.0
ENR49PGAEFO,EMP00485,PLN5125,Sick Leave,INVALID_PLAN_XXX,Unpaid,Annual,2022-08-09,2023-08-09,EMP00042,2022-08-09,Pending,15,Yes,10.0
ENR6ZG2R7XI,EMP00485,PLN7740,Bereavement Leave,INVALID_PLAN_XXX,Paid,Monthly,2022-06-04,2025-06-03,EMP00043,2022-06-04,Inactive,20,No,15.0
ENRHVEOQ7T0,EMP00485,PLN8185,Paternity Leave,INVALID_PLAN_XXX,Paid,Per-Incident,2023-01-17,2025-01-16,EMP00021,2023-01-17,Inactive,30,No,5.0
ENRMRNHRXRV,EMP00485,PLN8252,Maternity Leave,INVALID_PLAN_XXX,Unpaid,Per-Incident,2020-11-20,2022-11-20,EMP00005,2020-11-20,Pending,10,Yes,15.0
ENR5NS4WXLW,EMP00486,PLN9911,Bereavement Leave,BL-PLAN-08,Paid,Per-Incident,2021-01-28,2022-01-28,EMP00029,2021-01-28,Active,25,No,10.0
ENRD1PWM2RE,EMP00486,PLN5473,Paternity Leave,PL-PLAN-05,Statutory,Per-Incident,2022-06-01,2023-06-01,EMP00015,2022-06-01,Active,25,Yes,0.0
ENRQYMIJRL7,EMP00487,PLN6620,Maternity Leave,ML-PLAN-04,Statutory,Monthly,2021-12-15,2021-11-15,EMP00040,2021-12-15,Active,12,No,5.0
ENRN33RR8VW,EMP00487,PLN5289,Paternity Leave,PL-PLAN-05,Paid,One-Time,2020-12-19,2020-11-19,EMP00007,2020-12-19,Inactive,20,Yes,10.0
ENR5ESD5FS9,EMP00488,PLN5557,Sick Leave,SL-PLAN-02,Unpaid,Annual,2020-03-04,2022-03-04,EMP00013,2020-03-04,Terminated,30,Yes,0.0
ENR3U6RH6TR,EMP00488,PLN7089,Paternity Leave,PL-PLAN-05,Paid,Annual,2022-10-05,2023-10-05,EMP00018,2022-10-05,Active,12,Yes,10.0
ENRV3L8TZQV,EMP00488,PLN4209,Unpaid Leave,UL-PLAN-07,Paid,One-Time,2021-02-13,2024-02-13,EMP00050,2021-02-13,Pending,10,Yes,5.0
ENR8R01Z1FE,EMP00488,PLN7387,Annual Leave,AL-PLAN-01,Paid,Per-Incident,2020-10-17,2023-10-17,EMP00014,2020-10-17,Terminated,20,No,
ENRXXA745XE,EMP00489,,Unpaid Leave,UL-PLAN-07,Unpaid,Per-Incident,2020-03-28,2021-03-28,EMP00033,2020-03-28,Inactive,20,Yes,
ENR133GBDAK,EMP00489,,Maternity Leave,ML-PLAN-04,Statutory,One-Time,2022-06-17,2023-06-17,EMP00014,2022-06-17,Inactive,21,Yes,
ENRA33DEK63,EMP00489,,Casual Leave,CL-PLAN-03,Statutory,Monthly,2021-09-13,2024-09-12,EMP00010,2021-09-13,Active,10,Yes,0.0
ENRNLMLIWNT,EMP00489,,Sick Leave,SL-PLAN-02,Statutory,Per-Incident,2020-08-08,2021-08-08,EMP00004,2020-08-08,Pending,15,No,5.0
ENRP69CMQVN,EMP00490,PLN6960,Compensatory Off,CO-PLAN-06,Unpaid,Annual,2023-04-25,2026-04-24,EMP00028,2023-04-25,Inactive,12,No,10.0
ENRQY84NABE,EMP00490,PLN5276,Casual Leave,CL-PLAN-03,Unpaid,Annual,2023-06-15,2024-06-14,EMP00041,2023-06-15,Inactive,12,Yes,10.0
ENRPYAYV9CK,,PLN7031,Maternity Leave,ML-PLAN-04,Statutory,Annual,2020-08-16,2021-08-16,EMP00034,2020-08-16,Inactive,21,Yes,0.0
ENRU5HN8YSW,,PLN2825,Compensatory Off,CO-PLAN-06,Statutory,Per-Incident,2021-09-02,2024-09-01,EMP00036,2021-09-02,Pending,15,Yes,5.0
ENRNBE4SSLV,,PLN5859,Paternity Leave,PL-PLAN-05,Unpaid,Monthly,2023-06-03,2024-06-02,EMP00007,2023-06-03,Inactive,21,Yes,0.0
ENRG074OCQ8,,PLN4145,Bereavement Leave,BL-PLAN-08,Statutory,One-Time,2023-10-16,2024-10-15,EMP00024,2023-10-16,Active,20,Yes,5.0
ENRIT7B8KK5,EMP00492,PLN7720,Unpaid Leave,UL-PLAN-07,Statutory,One-Time,2022-11-12,2023-11-12,EMP00009,2022-11-12,Terminated,25,Yes,5.0
ENRES49AMSO,EMP00492,PLN6980,Maternity Leave,ML-PLAN-04,Paid,Annual,2020-04-23,2023-04-23,EMP00012,2020-04-23,Terminated,25,Yes,15.0
ENR3UKWV9P3,EMP00493,PLN2014,Sick Leave,SL-PLAN-02,Unpaid,Per-Incident,NOT-A-DATE,2021-11-02,EMP00005,2020-11-02,Active,25,Yes,
ENRFXG0TGGB,EMP00493,PLN9374,Paternity Leave,PL-PLAN-05,Statutory,Per-Incident,NOT-A-DATE,2024-01-13,EMP00040,2021-01-13,Terminated,21,No,15.0
ENR05HW0QUE,EMP00493,PLN3780,Bereavement Leave,BL-PLAN-08,Paid,One-Time,NOT-A-DATE,2025-06-28,EMP00022,2023-06-29,Active,12,No,
ENR6IDJ3JMC,EMP00493,PLN4790,Maternity Leave,ML-PLAN-04,Paid,Per-Incident,NOT-A-DATE,2025-11-10,EMP00042,2023-11-11,Terminated,10,Yes,10.0
ENRX8L9WPAJ,EMP00494,PLN2364,Sick Leave,SL-PLAN-02,Paid,Per-Incident,2021-01-18,2024-01-18,EMP00032,2021-01-18,Pending,18,Yes,0.0
ENR1LWOUMVH,EMP00494,PLN2245,Maternity Leave,ML-PLAN-04,Statutory,Per-Incident,2021-02-07,2023-02-07,EMP00037,2021-02-07,Pending,25,Yes,
ENR51E4KOW3,EMP00494,PLN2946,Compensatory Off,CO-PLAN-06,Paid,Monthly,2023-01-02,2024-01-02,EMP00026,2023-01-02,Pending,18,No,10.0
ENRBXKX4X77,EMP00494,PLN2298,Bereavement Leave,BL-PLAN-08,Statutory,Monthly,2023-06-27,2025-06-26,EMP00043,2023-06-27,Pending,12,Yes,10.0
ENR09HA58C0,EMP00495,PLN3188,Bereavement Leave,BL-PLAN-08,Unpaid,Per-Incident,2020-06-10,2023-06-10,EMP00017,2020-06-10,Active,20,No,
ENRQVBP71ZR,EMP00495,PLN1263,Casual Leave,CL-PLAN-03,Unpaid,Per-Incident,2020-07-24,2023-07-24,EMP00005,2020-07-24,Terminated,30,No,0.0
ENRIRRNH6QL,EMP00496,PLN3201,Bereavement Leave,BL-PLAN-08,Unpaid,Per-Incident,2022-12-24,2025-12-23,EMP00010,2022-12-24,Pending,21,Yes,15.0
ENRQW5ND97N,EMP00496,PLN4969,Annual Leave,AL-PLAN-01,Statutory,Monthly,2021-09-22,2022-09-22,EMP00029,2021-09-22,Active,20,Yes,0.0
ENR1M5XD33B,EMP00497,,Compensatory Off,CO-PLAN-06,Unpaid,Annual,2021-09-21,2024-09-20,EMP00049,2021-09-21,Pending,10,No,5.0
ENRZKPKXCJM,EMP00497,,Casual Leave,CL-PLAN-03,Statutory,One-Time,2020-05-20,2022-05-20,EMP00043,2020-05-20,Active,15,Yes,
ENR845UOX60,EMP00497,,Bereavement Leave,BL-PLAN-08,Statutory,Monthly,2022-01-27,2025-01-26,EMP00006,2022-01-27,Terminated,25,Yes,10.0
ENRYECB0IDJ,EMP00498,PLN2290,Paternity Leave,PL-PLAN-05,Unpaid,Annual,2021-10-14,2024-10-13,EMP00016,2021-10-14,Active,20,No,
ENR9IWVZWEP,EMP00498,PLN8482,Annual Leave,AL-PLAN-01,Statutory,Per-Incident,2023-06-26,2026-06-25,EMP00004,2023-06-26,Pending,20,Yes,10.0
ENRAVOSHJ3N,EMP00498,PLN4368,Unpaid Leave,UL-PLAN-07,Unpaid,Monthly,2022-02-08,2023-02-08,EMP00014,2022-02-08,Inactive,12,Yes,15.0
ENRMRGH7MOZ,EMP00499,PLN2759,Compensatory Off,CO-PLAN-06,Unpaid,Annual,2023-05-13,2026-05-12,EMP00025,2023-05-13,Active,15,No,
ENRDXMTIKA1,EMP00499,PLN2054,Maternity Leave,ML-PLAN-04,Unpaid,Monthly,2023-07-22,2026-07-21,EMP00030,2023-07-22,Active,30,Yes,15.0
ENR3MTKMYK2,EMP00499,PLN8936,Paternity Leave,PL-PLAN-05,Statutory,Per-Incident,2020-05-21,2022-05-21,EMP00021,2020-05-21,Active,21,No,15.0
ENR3T1M6IOA,EMP00500,PLN2289,Bereavement Leave,BL-PLAN-08,Statutory,One-Time,2020-09-20,2023-09-20,EMP00022,2020-09-20,Terminated,18,Yes,15.0
ENRTMCPQKKZ,EMP00500,PLN3367,Casual Leave,CL-PLAN-03,Unpaid,One-Time,2021-11-09,2023-11-09,EMP00036,2021-11-09,Terminated,21,Yes,5.0
ENR7ISEF0DK,EMP00500,PLN4617,Paternity Leave,PL-PLAN-05,Paid,One-Time,2020-11-15,2021-11-15,EMP00049,2020-11-15,Terminated,15,Yes,5.0
ENRFM7FCLIW,EMP00500,PLN4188,Annual Leave,AL-PLAN-01,Unpaid,Annual,2021-03-05,2023-03-05,EMP00014,2021-03-05,Active,12,No,5.0
ENR2RB4L129,EMP00501,PLN3805,Compensatory Off,CO-PLAN-06,Paid,Annual,2022-03-08,2024-03-07,EMP00043,2022-03-08,Inactive,18,Yes,5.0
ENROM21BWYB,EMP00501,PLN8427,Sick Leave,SL-PLAN-02,Unpaid,Annual,2023-07-11,2024-07-10,EMP00027,2023-07-11,Active,30,Yes,0.0
ENRDUSQITWI,EMP00502,PLN3948,Compensatory Off,CO-PLAN-06,Paid,Annual,2021-05-02,2023-05-02,EMP00017,2021-05-02,Active,15,Yes,10.0
ENRWHFHB0H6,EMP00502,PLN5229,Bereavement Leave,BL-PLAN-08,Statutory,Monthly,2020-02-22,2022-02-21,EMP00027,2020-02-22,Terminated,12,Yes,5.0
ENRQDEMS024,EMP00502,PLN2473,Paternity Leave,PL-PLAN-05,Paid,One-Time,2022-12-26,2023-12-26,EMP00005,2022-12-26,Pending,12,Yes,10.0
ENRBN497Q6F,EMP00503,PLN5371,Unpaid Leave,UL-PLAN-07,Statutory,Annual,2023-09-11,2025-09-10,EMP00008,2023-09-11,Active,15,Yes,5.0
ENRF44XTU7M,EMP00503,PLN4212,Bereavement Leave,BL-PLAN-08,Unpaid,Monthly,2022-10-22,2024-10-21,EMP00012,2022-10-22,Inactive,25,No,10.0
ENR0AIIEW02,EMP00504,PLN7357,Maternity Leave,ML-PLAN-04,Unpaid,One-Time,2022-06-19,2024-06-18,EMP00021,2022-06-19,Inactive,20,No,0.0
ENRQWFYHG6X,EMP00504,PLN3994,Casual Leave,CL-PLAN-03,Unpaid,Monthly,2020-09-28,2022-09-28,EMP00034,2020-09-28,Pending,25,Yes,10.0
ENR7UMWD96Q,EMP00504,PLN5546,Paternity Leave,PL-PLAN-05,Paid,One-Time,2023-06-10,2026-06-09,EMP00021,2023-06-10,Active,21,Yes,15.0
ENRCJ0RXIR5,EMP00505,,Maternity Leave,ML-PLAN-04,Paid,One-Time,NOT-A-DATE,2023-10-07,EMP00019,2023-11-06,Active,10,Yes,
ENRD6EKM7BL,EMP00505,,Annual Leave,AL-PLAN-01,Statutory,Per-Incident,NOT-A-DATE,2021-12-16,EMP00020,2022-01-15,Active,15,Yes,10.0
ENR3VSPH73J,EMP00505,,Compensatory Off,CO-PLAN-06,Unpaid,Per-Incident,NOT-A-DATE,2020-03-20,EMP00024,2020-04-19,Terminated,12,Yes,15.0
ENR28GHH1EW,EMP00505,,Unpaid Leave,UL-PLAN-07,Paid,Per-Incident,NOT-A-DATE,2021-01-03,EMP00001,2021-02-02,Terminated,30,Yes,0.0
ENR9OTLTFIP,EMP00506,PLN8757,Bereavement Leave,BL-PLAN-08,Statutory,Monthly,2021-11-19,2023-11-19,EMP00033,2021-11-19,Terminated,20,Yes,15.0
ENR9KEUXX6C,EMP00506,PLN1182,Maternity Leave,ML-PLAN-04,Paid,One-Time,2022-04-20,2023-04-20,EMP00020,2022-04-20,Pending,25,Yes,
ENR1I4SCQDH,EMP00506,PLN8546,Annual Leave,AL-PLAN-01,Statutory,One-Time,2020-05-03,2023-05-03,EMP00013,2020-05-03,Active,18,Yes,0.0
ENRBHS95OJS,EMP00506,PLN2704,Paternity Leave,PL-PLAN-05,Paid,Monthly,2022-03-29,2023-03-29,EMP00015,2022-03-29,Inactive,25,Yes,5.0
ENRGDMOH78N,EMP00507,PLN9791,Bereavement Leave,INVALID_PLAN_XXX,Paid,Annual,2021-02-14,2022-02-14,EMP00020,2021-02-14,Pending,18,Yes,15.0
ENR70Z20S74,EMP00507,PLN4028,Paternity Leave,INVALID_PLAN_XXX,Statutory,One-Time,2023-04-02,2024-04-01,EMP00049,2023-04-02,Pending,21,No,5.0
ENRU0Y0V6B3,EMP00507,PLN2790,Sick Leave,INVALID_PLAN_XXX,Paid,Annual,2022-03-08,2025-03-07,EMP00005,2022-03-08,Inactive,15,Yes,5.0
ENRQ1Q36YSD,EMP00508,PLN3671,Annual Leave,AL-PLAN-01,Paid,Annual,2023-05-23,2026-05-22,EMP00040,2023-05-23,Terminated,15,Yes,10.0
ENRB44XX0U1,EMP00508,PLN2690,Sick Leave,SL-PLAN-02,Paid,Annual,2022-06-14,2024-06-13,EMP00009,2022-06-14,Terminated,20,Yes,
ENRQHQU28F9,EMP00508,PLN1758,Maternity Leave,ML-PLAN-04,Paid,Annual,2022-03-14,2023-03-14,EMP00047,2022-03-14,Active,20,Yes,15.0
ENRX50DSDSC,EMP00508,PLN3749,Compensatory Off,CO-PLAN-06,Paid,Monthly,2020-03-02,2023-03-02,EMP00003,2020-03-02,Inactive,18,No,10.0
ENRBWRFT7NN,EMP00509,PLN9675,Compensatory Off,CO-PLAN-06,Paid,Annual,2021-07-01,2024-06-30,EMP00003,2021-07-01,Inactive,25,Yes,
ENRID4E7UYM,EMP00509,PLN8686,Bereavement Leave,BL-PLAN-08,Unpaid,Monthly,2021-03-25,2022-03-25,EMP00038,2021-03-25,Inactive,15,Yes,
ENROYCROQO7,EMP00509,PLN1968,Sick Leave,SL-PLAN-02,Paid,One-Time,2023-12-22,2026-12-21,EMP00004,2023-12-22,Inactive,30,Yes,
ENR58UKIFY5,EMP00510,PLN9859,Unpaid Leave,UL-PLAN-07,Statutory,Annual,2023-09-16,2024-09-15,EMP00023,2023-09-16,Active,10,Yes,0.0
ENRU4LI44WN,EMP00510,PLN9538,Casual Leave,CL-PLAN-03,Paid,Annual,2021-10-22,2024-10-21,EMP00048,2021-10-22,Terminated,10,Yes,0.0
ENR3RXKPSGM,EMP00510,PLN6860,Annual Leave,AL-PLAN-01,Unpaid,Monthly,2023-01-25,2024-01-25,EMP00017,2023-01-25,Pending,10,Yes,5.0
ENR92G92S9L,EMP00511,PLN5373,Sick Leave,SL-PLAN-02,Unpaid,Annual,2022-10-09,2023-10-09,EMP00015,2022-10-09,Pending,-5,Yes,5.0
ENRI4PDKJGI,EMP00511,PLN6897,Bereavement Leave,BL-PLAN-08,Paid,One-Time,2023-07-09,2024-07-08,EMP00024,2023-07-09,Active,-5,Yes,15.0
ENR63QBSI5T,EMP00511,PLN9995,Maternity Leave,ML-PLAN-04,Unpaid,Monthly,2022-09-12,2023-09-12,EMP00017,2022-09-12,Active,-5,Yes,15.0
ENRG3QAKZVG,EMP00512,PLN7079,Maternity Leave,ML-PLAN-04,Statutory,Per-Incident,2022-09-19,2025-09-18,EMP00047,2022-09-19,Active,10,Yes,0.0
ENRBVLDRB89,EMP00512,PLN3520,Paternity Leave,PL-PLAN-05,Unpaid,Per-Incident,2020-03-31,2022-03-31,EMP00018,2020-03-31,Pending,20,Yes,10.0
ENRMPVJKNFV,EMP00512,PLN9673,Compensatory Off,CO-PLAN-06,Unpaid,One-Time,2022-07-07,2023-07-07,EMP00007,2022-07-07,Terminated,10,No,15.0
ENR46DND19X,EMP00513,,Maternity Leave,ML-PLAN-04,Statutory,Per-Incident,2022-06-19,2025-06-18,EMP00040,2022-06-19,Active,20,Yes,10.0
ENR2VFINONP,EMP00513,,Unpaid Leave,UL-PLAN-07,Paid,Per-Incident,2020-01-24,2021-01-23,EMP00001,2020-01-24,Inactive,21,Yes,15.0
ENR868R0N37,EMP00513,,Sick Leave,SL-PLAN-02,Statutory,Per-Incident,2022-01-12,2025-01-11,EMP00017,2022-01-12,Active,21,Yes,10.0
ENR4J7GZWMQ,EMP00514,PLN4633,Casual Leave,CL-PLAN-03,Statutory,Per-Incident,2020-03-19,2022-03-19,EMP00043,2020-03-19,Pending,10,No,5.0
ENRMDIS0FIC,EMP00514,PLN8295,Bereavement Leave,BL-PLAN-08,Statutory,Annual,2023-03-28,2024-03-27,EMP00036,2023-03-28,Inactive,30,Yes,5.0
ENRSWPQLINJ,EMP00515,PLN5332,Maternity Leave,ML-PLAN-04,Paid,One-Time,2021-10-09,2023-10-09,EMP00009,2021-10-09,Inactive,25,No,10.0
ENRQW350Z8U,EMP00515,PLN8348,Compensatory Off,CO-PLAN-06,Statutory,Per-Incident,2020-10-21,2021-10-21,EMP00003,2020-10-21,Active,21,Yes,
ENRCNALZNR7,EMP00515,PLN2128,Casual Leave,CL-PLAN-03,Paid,Annual,2020-07-01,2021-07-01,EMP00019,2020-07-01,Terminated,10,Yes,15.0
ENRYALL367N,EMP00516,PLN5901,Maternity Leave,ML-PLAN-04,Unpaid,Per-Incident,2022-03-01,2025-02-28,EMP00042,2022-03-01,Pending,18,No,0.0
ENRISJ49JIV,EMP00516,PLN3741,Annual Leave,AL-PLAN-01,Unpaid,Per-Incident,2020-10-27,2021-10-27,EMP00037,2020-10-27,Pending,10,Yes,0.0
ENRMWN5AQO9,EMP00517,PLN6614,Maternity Leave,ML-PLAN-04,Paid,Monthly,NOT-A-DATE,2022-11-30,EMP00015,2020-11-30,Inactive,12,Yes,0.0
ENR6FQV6NEN,EMP00517,PLN9859,Paternity Leave,PL-PLAN-05,Paid,Monthly,NOT-A-DATE,2024-08-19,EMP00049,2021-08-20,Pending,12,No,0.0
ENRR2J0ERRQ,EMP00518,PLN3526,Unpaid Leave,UL-PLAN-07,Statutory,Annual,2023-06-05,2024-06-04,EMP00043,2023-06-05,Inactive,10,Yes,
ENRQANV8CM7,EMP00518,PLN6787,Bereavement Leave,BL-PLAN-08,Paid,Per-Incident,2023-06-24,2026-06-23,EMP00027,2023-06-24,Pending,18,Yes,10.0
ENRB40YNC9I,EMP00518,PLN4297,Casual Leave,CL-PLAN-03,Statutory,Monthly,2022-06-22,2025-06-21,EMP00042,2022-06-22,Pending,18,No,
ENRQ0M2YZ2D,EMP00518,PLN4466,Sick Leave,SL-PLAN-02,Statutory,Per-Incident,2021-04-28,2023-04-28,EMP00009,2021-04-28,Active,30,Yes,10.0
ENRVV36H7B2,EMP00519,PLN6599,Sick Leave,SL-PLAN-02,Statutory,Per-Incident,2020-01-30,2021-01-29,EMP00030,2020-01-30,Inactive,15,No,10.0
ENRNWRJG4S2,EMP00519,PLN8575,Bereavement Leave,BL-PLAN-08,Statutory,One-Time,2020-10-29,2022-10-29,EMP00010,2020-10-29,Pending,25,Yes,
ENRE5BTV9WP,EMP00519,PLN8225,Compensatory Off,CO-PLAN-06,Paid,Annual,2023-07-19,2024-07-18,EMP00007,2023-07-19,Pending,18,Yes,15.0
ENRYK9X722U,EMP00519,PLN6180,Annual Leave,AL-PLAN-01,Statutory,Annual,2021-11-28,2023-11-28,EMP00015,2021-11-28,Terminated,21,Yes,15.0
ENRMVQMII9S,EMP00520,PLN4567,Annual Leave,AL-PLAN-01,Statutory,Annual,2021-07-21,2022-07-21,EMP00001,2021-07-21,Terminated,10,Yes,15.0
ENRV6LH987B,EMP00520,PLN8333,Unpaid Leave,UL-PLAN-07,Paid,Per-Incident,2020-04-24,2021-04-24,EMP00050,2020-04-24,Inactive,20,Yes,15.0
ENRU36O9FRO,EMP00520,PLN1266,Bereavement Leave,BL-PLAN-08,Statutory,Per-Incident,2021-10-22,2023-10-22,EMP00017,2021-10-22,Active,10,Yes,0.0
ENRJCOBAOEQ,EMP00520,PLN4429,Paternity Leave,PL-PLAN-05,Statutory,Annual,2021-09-05,2024-09-04,EMP00046,2021-09-05,Inactive,25,Yes,15.0
ENR6ZUG0S3Y,EMP00521,,Paternity Leave,PL-PLAN-05,Unpaid,Annual,2023-05-18,2024-05-17,EMP00016,2035-01-01,Pending,21,Yes,0.0
ENRQBC2Z5YO,EMP00521,,Annual Leave,AL-PLAN-01,Unpaid,Per-Incident,2020-06-27,2022-06-27,EMP00047,2035-01-01,Active,20,Yes,5.0
ENRUCDNC3LH,EMP00521,,Bereavement Leave,BL-PLAN-08,Statutory,Per-Incident,2023-09-27,2024-09-26,EMP00003,2035-01-01,Inactive,12,Yes,10.0
ENRCYR8GKJV,EMP00521,,Unpaid Leave,UL-PLAN-07,Paid,Per-Incident,2022-02-01,2025-01-31,EMP00009,2035-01-01,Active,20,Yes,0.0
ENRQ1IK0NG2,EMP00522,PLN1527,Annual Leave,AL-PLAN-01,Statutory,Monthly,2023-11-25,2025-11-24,EMP00035,2023-11-25,Pending,21,Yes,5.0
ENRE5TED894,EMP00522,PLN7763,Sick Leave,SL-PLAN-02,Unpaid,Monthly,2021-11-21,2024-11-20,EMP00011,2021-11-21,Terminated,18,No,0.0
ENR8THHK8A2,EMP00522,PLN2776,Casual Leave,CL-PLAN-03,Paid,Annual,2022-06-25,2025-06-24,EMP00028,2022-06-25,Terminated,30,Yes,0.0
ENR0QAY2AJD,EMP00522,PLN7177,Compensatory Off,CO-PLAN-06,Unpaid,Annual,2021-02-14,2023-02-14,EMP00002,2021-02-14,Inactive,12,Yes,10.0
ENROWGKPXEK,EMP00523,PLN8893,Bereavement Leave,BL-PLAN-08,Paid,Monthly,2023-07-10,2023-06-10,EMP00027,2023-07-10,Inactive,12,Yes,
ENRG4C7XZ3L,EMP00523,PLN1000,Annual Leave,AL-PLAN-01,Statutory,Monthly,2020-02-01,2020-01-02,EMP00004,2020-02-01,Pending,20,No,
ENRNW4F627N,EMP00523,PLN7334,Paternity Leave,PL-PLAN-05,Paid,One-Time,2021-01-28,2020-12-29,EMP00010,2021-01-28,Inactive,18,Yes,
ENR171Z5U8T,EMP00524,PLN6407,Sick Leave,SL-PLAN-02,Statutory,One-Time,2022-09-24,2024-09-23,EMP00040,2022-09-24,Inactive,12,Yes,5.0
ENR7Y1WIHWF,EMP00524,PLN1010,Paternity Leave,PL-PLAN-05,Paid,Monthly,2021-10-29,2022-10-29,EMP00034,2021-10-29,Active,18,No,
ENRXHBAK5SR,EMP00524,PLN9928,Unpaid Leave,UL-PLAN-07,Statutory,Per-Incident,2022-12-13,2025-12-12,EMP00038,2022-12-13,Inactive,12,Yes,
ENRL6VRQQZU,EMP00525,PLN2288,Paternity Leave,PL-PLAN-05,Statutory,One-Time,2020-02-14,2023-02-13,EMP00048,2020-02-14,Pending,10,Yes,10.0
ENRMB3OKDS8,EMP00525,PLN6645,Casual Leave,CL-PLAN-03,Unpaid,One-Time,2020-10-13,2022-10-13,EMP00040,2020-10-13,Pending,25,No,5.0
ENR7SF0JI3G,EMP00525,PLN9409,Bereavement Leave,BL-PLAN-08,Statutory,Annual,2022-07-07,2024-07-06,EMP00023,2022-07-07,Active,25,Yes,
ENR40FTPDYP,EMP00525,PLN1937,Sick Leave,SL-PLAN-02,Unpaid,Per-Incident,2023-02-13,2024-02-13,EMP00002,2023-02-13,Pending,30,Yes,
ENR93TYRXPE,,PLN2394,Maternity Leave,ML-PLAN-04,Statutory,Monthly,2022-06-11,2025-06-10,EMP00036,2022-06-11,Terminated,18,Yes,0.0
ENRY42RZ591,,PLN8749,Bereavement Leave,BL-PLAN-08,Paid,One-Time,2022-12-18,2024-12-17,EMP00011,2022-12-18,Pending,12,No,5.0
ENR69W2WHG4,EMP00527,PLN1670,Bereavement Leave,BL-PLAN-08,Statutory,Per-Incident,2022-03-08,2025-03-07,EMP00042,2022-03-08,Pending,15,Yes,
ENRGEK0NXHN,EMP00527,PLN4387,Compensatory Off,CO-PLAN-06,Paid,Monthly,2021-03-14,2022-03-14,EMP00037,2021-03-14,Terminated,12,Yes,15.0
ENR8108B8DP,EMP00527,PLN4397,Casual Leave,CL-PLAN-03,Paid,One-Time,2022-03-26,2023-03-26,EMP00012,2022-03-26,Pending,12,Yes,0.0
ENRKZOGOC2X,EMP00528,PLN2093,Sick Leave,SL-PLAN-02,Statutory,Per-Incident,2022-07-20,2023-07-20,EMP00020,2022-07-20,Inactive,30,No,5.0
ENRPWXKXKI8,EMP00528,PLN2008,Unpaid Leave,UL-PLAN-07,Unpaid,One-Time,2020-06-12,2023-06-12,EMP00046,2020-06-12,Pending,20,Yes,
ENR974KO6TR,EMP00528,PLN2588,Maternity Leave,ML-PLAN-04,Paid,Monthly,2020-11-02,2022-11-02,EMP00013,2020-11-02,Active,25,Yes,0.0
ENRIM3LZ3IE,EMP00529,,Maternity Leave,INVALID_PLAN_XXX,Statutory,Annual,NOT-A-DATE,2023-08-08,EMP00004,2020-08-08,Inactive,10,Yes,5.0
ENRW76KFOF6,EMP00529,,Sick Leave,INVALID_PLAN_XXX,Unpaid,Annual,NOT-A-DATE,2021-12-05,EMP00010,2020-12-05,Active,18,Yes,
ENRWM99Q8LS,EMP00530,PLN8346,Paternity Leave,PL-PLAN-05,Statutory,Monthly,2020-09-15,2021-09-15,EMP00010,2020-09-15,Inactive,21,No,5.0
ENRDVKZ6DO2,EMP00530,PLN4680,Maternity Leave,ML-PLAN-04,Statutory,Per-Incident,2020-08-01,2021-08-01,EMP00009,2020-08-01,Active,18,Yes,0.0
ENRXK0KZXCE,EMP00530,PLN4311,Casual Leave,CL-PLAN-03,Paid,Monthly,2020-08-01,2021-08-01,EMP00027,2020-08-01,Terminated,18,Yes,15.0
ENRU4BTJB6H,EMP00530,PLN3426,Bereavement Leave,BL-PLAN-08,Unpaid,One-Time,2023-08-16,2026-08-15,EMP00017,2023-08-16,Inactive,12,No,
ENRAKJW1FVI,EMP00531,PLN1772,Maternity Leave,ML-PLAN-04,Unpaid,Annual,2020-04-01,2023-04-01,EMP00050,2020-04-01,Pending,21,No,
ENR17E7KWGE,EMP00531,PLN3748,Unpaid Leave,UL-PLAN-07,Paid,Per-Incident,2022-11-23,2025-11-22,EMP00004,2022-11-23,Inactive,12,Yes,
ENRY1M5JUDA,EMP00532,PLN5670,Maternity Leave,ML-PLAN-04,Paid,Monthly,2021-07-15,2023-07-15,EMP00008,2021-07-15,Active,10,Yes,5.0
ENR3SL6R190,EMP00532,PLN3244,Bereavement Leave,BL-PLAN-08,Statutory,Per-Incident,2023-04-28,2026-04-27,EMP00007,2023-04-28,Active,12,No,10.0
ENR0SMB78DS,EMP00532,PLN6953,Casual Leave,CL-PLAN-03,Statutory,Per-Incident,2021-06-12,2023-06-12,EMP00034,2021-06-12,Pending,21,No,15.0
ENRFZJ5RAG6,EMP00533,PLN5709,Compensatory Off,CO-PLAN-06,Paid,Annual,2023-01-17,2025-01-16,EMP00036,2023-01-17,Active,10,No,
ENRTMRQK35Q,EMP00533,PLN8422,Annual Leave,AL-PLAN-01,Statutory,Annual,2020-03-19,2022-03-19,EMP00046,2020-03-19,Inactive,20,No,0.0
ENRKU26EVYS,EMP00534,PLN8140,Casual Leave,CL-PLAN-03,Statutory,Monthly,2022-07-15,2025-07-14,EMP00001,2022-07-15,Terminated,12,No,
ENR8FJVODTE,EMP00534,PLN8734,Annual Leave,AL-PLAN-01,Paid,Annual,2022-07-13,2025-07-12,EMP00008,2022-07-13,Pending,15,Yes,0.0
ENRK1W52AAO,EMP00534,PLN9256,Compensatory Off,CO-PLAN-06,Unpaid,Monthly,2022-06-05,2025-06-04,EMP00019,2022-06-05,Active,18,Yes,
ENRVNG0ZOQR,EMP00535,PLN8005,Casual Leave,CL-PLAN-03,Paid,Monthly,2022-09-19,2024-09-18,EMP00009,2022-09-19,Inactive,18,No,15.0
ENRWZ23OZ50,EMP00535,PLN1901,Sick Leave,SL-PLAN-02,Statutory,One-Time,2023-10-14,2025-10-13,EMP00031,2023-10-14,Terminated,20,Yes,
ENRFTK7HK6S,EMP00536,PLN6693,Annual Leave,AL-PLAN-01,Paid,Annual,2020-09-03,2021-09-03,EMP00035,2020-09-03,Inactive,12,Yes,10.0
ENRBGO8BEK9,EMP00536,PLN3825,Unpaid Leave,UL-PLAN-07,Paid,One-Time,2022-06-23,2025-06-22,EMP00001,2022-06-23,Terminated,25,Yes,
ENRA196QENC,EMP00536,PLN8754,Paternity Leave,PL-PLAN-05,Paid,Monthly,2023-05-27,2025-05-26,EMP00047,2023-05-27,Terminated,20,Yes,0.0
ENRO0NQQDU0,EMP00537,,Compensatory Off,CO-PLAN-06,Statutory,One-Time,2023-08-09,2025-08-08,EMP00018,2023-08-09,Active,25,Yes,15.0
ENRP8KYOX49,EMP00537,,Paternity Leave,PL-PLAN-05,Unpaid,Annual,2023-09-01,2026-08-31,EMP00039,2023-09-01,Pending,12,Yes,5.0
ENR77NYCHTF,EMP00537,,Annual Leave,AL-PLAN-01,Paid,Per-Incident,2021-02-22,2022-02-22,EMP00031,2021-02-22,Active,21,Yes,5.0
ENR6SXCK9FX,EMP00537,,Sick Leave,SL-PLAN-02,Paid,Monthly,2021-07-19,2022-07-19,EMP00047,2021-07-19,Terminated,30,Yes,0.0
ENR8STKUVYQ,EMP00538,PLN5088,Paternity Leave,PL-PLAN-05,Paid,One-Time,2023-04-12,2026-04-11,EMP00031,2023-04-12,Active,21,Yes,10.0
ENR9TGZ936L,EMP00538,PLN1613,Maternity Leave,ML-PLAN-04,Unpaid,Per-Incident,2023-11-05,2024-11-04,EMP00043,2023-11-05,Active,15,No,5.0
ENRZQ1J00GR,EMP00538,PLN1902,Compensatory Off,CO-PLAN-06,Statutory,Monthly,2023-03-04,2025-03-03,EMP00025,2023-03-04,Terminated,12,Yes,5.0
ENR6T98E65L,EMP00539,PLN1782,Paternity Leave,PL-PLAN-05,Statutory,Annual,2023-06-03,2026-06-02,EMP00003,2023-06-03,Active,18,No,0.0
ENRDGG3D9L5,EMP00539,PLN8114,Maternity Leave,ML-PLAN-04,Paid,Per-Incident,2020-02-25,2023-02-24,EMP00009,2020-02-25,Active,10,Yes,15.0
ENR4K158HC2,EMP00539,PLN2208,Casual Leave,CL-PLAN-03,Statutory,Annual,2020-01-07,2022-01-06,EMP00028,2020-01-07,Inactive,20,Yes,
ENRH6SVADAF,EMP00540,PLN5712,Casual Leave,CL-PLAN-03,Unpaid,Annual,2021-10-23,2022-10-23,EMP00041,2021-10-23,Pending,20,Yes,
ENRYW8ZQO2R,EMP00540,PLN9827,Sick Leave,SL-PLAN-02,Paid,Monthly,2023-12-02,2025-12-01,EMP00010,2023-12-02,Inactive,12,Yes,5.0
ENRT8E6V1QY,EMP00540,PLN2798,Maternity Leave,ML-PLAN-04,Statutory,Monthly,2021-03-13,2022-03-13,EMP00043,2021-03-13,Pending,15,Yes,
ENRYY9TV3II,EMP00540,PLN8743,Unpaid Leave,UL-PLAN-07,Paid,One-Time,2020-03-04,2023-03-04,EMP00026,2020-03-04,Inactive,12,Yes,0.0
ENRGYB0Z1CS,EMP00541,PLN5628,Compensatory Off,CO-PLAN-06,Statutory,Monthly,NOT-A-DATE,2023-06-11,EMP00004,2023-07-11,Terminated,-5,No,
ENRVFWD4AE8,EMP00541,PLN7351,Paternity Leave,PL-PLAN-05,Statutory,One-Time,NOT-A-DATE,2019-12-12,EMP00040,2020-01-11,Pending,-5,Yes,10.0
ENRM86KUFMU,EMP00541,PLN1869,Bereavement Leave,BL-PLAN-08,Statutory,Annual,NOT-A-DATE,2022-11-09,EMP00004,2022-12-09,Inactive,-5,No,
ENRPD7DO9MO,EMP00542,PLN5176,Compensatory Off,CO-PLAN-06,Paid,Per-Incident,2021-01-03,2022-01-03,EMP00003,2021-01-03,Inactive,12,Yes,0.0
ENRBZXSE8FM,EMP00542,PLN8317,Annual Leave,AL-PLAN-01,Paid,Monthly,2020-03-16,2023-03-16,EMP00030,2020-03-16,Inactive,12,No,10.0
ENRSAWRY6L5,EMP00542,PLN5506,Casual Leave,CL-PLAN-03,Statutory,Annual,2023-01-14,2024-01-14,EMP00027,2023-01-14,Terminated,21,Yes,
ENR99F1ZURK,EMP00543,PLN3503,Paternity Leave,PL-PLAN-05,Statutory,Annual,2023-07-03,2025-07-02,EMP00002,2023-07-03,Inactive,18,Yes,15.0
ENR1U6GV4GX,EMP00543,PLN9916,Annual Leave,AL-PLAN-01,Unpaid,One-Time,2021-12-06,2022-12-06,EMP00013,2021-12-06,Active,25,Yes,5.0
ENRDMCSZTLK,EMP00544,PLN6510,Bereavement Leave,BL-PLAN-08,Paid,Monthly,2020-01-26,2022-01-25,EMP00029,2020-01-26,Terminated,18,Yes,10.0
ENRKWJOB771,EMP00544,PLN3415,Compensatory Off,CO-PLAN-06,Paid,One-Time,2020-06-09,2022-06-09,EMP00039,2020-06-09,Active,25,Yes,10.0
ENR4P7NPHH0,EMP00544,PLN9832,Casual Leave,CL-PLAN-03,Paid,Per-Incident,2022-12-20,2024-12-19,EMP00039,2022-12-20,Active,30,Yes,5.0
ENR1KJ2ST8I,EMP00545,,Paternity Leave,PL-PLAN-05,Unpaid,Monthly,2022-09-18,2024-09-17,EMP00016,2022-09-18,Active,18,Yes,0.0
ENRXBCZ4Q7F,EMP00545,,Maternity Leave,ML-PLAN-04,Unpaid,Annual,2021-07-30,2024-07-29,EMP00011,2021-07-30,Pending,10,Yes,15.0
ENRQTN1WWYB,EMP00545,,Casual Leave,CL-PLAN-03,Statutory,Per-Incident,2023-04-19,2024-04-18,EMP00025,2023-04-19,Pending,25,Yes,10.0
ENRH0NG1ZXG,EMP00545,,Sick Leave,SL-PLAN-02,Unpaid,One-Time,2022-10-02,2023-10-02,EMP00045,2022-10-02,Pending,12,Yes,
ENR4WEZ02R1,EMP00546,PLN5973,Sick Leave,SL-PLAN-02,Unpaid,Per-Incident,2022-12-27,2025-12-26,EMP00002,2022-12-27,Active,10,Yes,0.0
ENRXFUG0HTO,EMP00546,PLN5337,Paternity Leave,PL-PLAN-05,Statutory,Per-Incident,2020-08-05,2022-08-05,EMP00005,2020-08-05,Pending,21,Yes,5.0
ENRT5QDH617,EMP00546,PLN5575,Casual Leave,CL-PLAN-03,Unpaid,Monthly,2021-09-26,2023-09-26,EMP00009,2021-09-26,Pending,12,Yes,0.0
ENR4UH9FU8B,EMP00546,PLN9643,Bereavement Leave,BL-PLAN-08,Unpaid,Per-Incident,2021-12-08,2023-12-08,EMP00042,2021-12-08,Inactive,18,Yes,
ENRABRG3TPA,EMP00547,PLN8219,Unpaid Leave,UL-PLAN-07,Statutory,Monthly,2022-07-30,2025-07-29,EMP00010,2022-07-30,Active,30,Yes,10.0
ENRPI1BTFYO,EMP00547,PLN8185,Maternity Leave,ML-PLAN-04,Statutory,Annual,2020-07-09,2022-07-09,EMP00012,2020-07-09,Pending,18,No,15.0
ENROFIXFCWI,EMP00547,PLN3095,Paternity Leave,PL-PLAN-05,Paid,Annual,2020-05-10,2023-05-10,EMP00020,2020-05-10,Inactive,20,Yes,5.0
ENR6RXBOAPI,EMP00548,PLN9099,Sick Leave,SL-PLAN-02,Paid,Per-Incident,2022-04-22,2023-04-22,EMP00004,2022-04-22,Terminated,18,No,5.0
ENR1GI9X2GS,EMP00548,PLN6018,Unpaid Leave,UL-PLAN-07,Unpaid,Monthly,2023-06-29,2026-06-28,EMP00048,2023-06-29,Active,20,Yes,15.0
ENRWCJP9PRZ,EMP00549,PLN1376,Maternity Leave,ML-PLAN-04,Unpaid,One-Time,2022-07-19,2023-07-19,EMP00036,2022-07-19,Terminated,20,Yes,0.0
ENR9Z0K9KJG,EMP00549,PLN2806,Compensatory Off,CO-PLAN-06,Unpaid,One-Time,2023-06-03,2026-06-02,EMP00021,2023-06-03,Terminated,20,No,15.0
ENRLIBK1X67,EMP00550,PLN3192,Paternity Leave,PL-PLAN-05,Unpaid,Per-Incident,2023-11-05,2025-11-04,EMP00019,2023-11-05,Active,25,No,
ENRX798BLOY,EMP00550,PLN8312,Sick Leave,SL-PLAN-02,Unpaid,Annual,2022-12-28,2025-12-27,EMP00026,2022-12-28,Active,30,Yes,0.0
ENRG5VPB8HJ,EMP00550,PLN3579,Casual Leave,CL-PLAN-03,Statutory,One-Time,2022-10-17,2025-10-16,EMP00030,2022-10-17,Inactive,30,Yes,10.0
ENRMVER2G39,EMP00550,PLN4372,Compensatory Off,CO-PLAN-06,Unpaid,Annual,2021-11-02,2022-11-02,EMP00009,2021-11-02,Pending,10,No,5.0
ENRX5XGHDYZ,EMP00551,PLN2996,Bereavement Leave,INVALID_PLAN_XXX,Statutory,Per-Incident,2020-09-02,2023-09-02,EMP00043,2020-09-02,Terminated,21,No,10.0
ENRTPX8YUHP,EMP00551,PLN3709,Paternity Leave,INVALID_PLAN_XXX,Paid,Monthly,2021-07-16,2022-07-16,EMP00011,2021-07-16,Terminated,12,No,15.0
ENR76BEPTSU,EMP00551,PLN1970,Sick Leave,INVALID_PLAN_XXX,Statutory,One-Time,2023-03-28,2025-03-27,EMP00009,2023-03-28,Terminated,10,Yes,0.0
ENRSFBRWBT9,EMP00551,PLN2340,Compensatory Off,INVALID_PLAN_XXX,Unpaid,Annual,2021-11-10,2024-11-09,EMP00028,2021-11-10,Pending,15,Yes,10.0
ENR8OZNQBGR,EMP00552,PLN7651,Paternity Leave,PL-PLAN-05,Unpaid,Annual,2022-12-12,2024-12-11,EMP00044,2022-12-12,Inactive,10,Yes,5.0
ENRR2ZLFFRJ,EMP00552,PLN7845,Compensatory Off,CO-PLAN-06,Unpaid,Monthly,2022-05-27,2023-05-27,EMP00046,2022-05-27,Active,30,Yes,
ENRKQJKR4O7,EMP00553,,Casual Leave,CL-PLAN-03,Statutory,Monthly,NOT-A-DATE,2024-02-28,EMP00046,2021-02-28,Pending,21,No,0.0
ENRJLEJ1IP4,EMP00553,,Maternity Leave,ML-PLAN-04,Unpaid,Monthly,NOT-A-DATE,2022-03-29,EMP00031,2020-03-29,Pending,12,No,5.0
ENR1XPUZBSK,EMP00554,PLN8963,Bereavement Leave,BL-PLAN-08,Statutory,Monthly,2021-09-25,2022-09-25,EMP00042,2021-09-25,Active,20,No,
ENRYBDKG1YC,EMP00554,PLN4776,Casual Leave,CL-PLAN-03,Statutory,Annual,2020-06-30,2022-06-30,EMP00013,2020-06-30,Inactive,12,No,10.0
ENRNUOLY1FV,EMP00554,PLN5167,Unpaid Leave,UL-PLAN-07,Statutory,Monthly,2023-06-08,2024-06-07,EMP00022,2023-06-08,Inactive,10,No,0.0
ENRXYQUQMVK,EMP00555,PLN7505,Compensatory Off,CO-PLAN-06,Paid,Monthly,2023-04-17,2025-04-16,EMP00035,2023-04-17,Pending,10,Yes,0.0
ENRF54Q1A8V,EMP00555,PLN9776,Unpaid Leave,UL-PLAN-07,Statutory,One-Time,2023-09-22,2026-09-21,EMP00040,2023-09-22,Terminated,25,Yes,0.0
ENROLTB3JA7,EMP00555,PLN7276,Sick Leave,SL-PLAN-02,Paid,Per-Incident,2023-03-21,2026-03-20,EMP00003,2023-03-21,Active,12,Yes,
ENR7A6KTWQV,EMP00556,PLN6934,Compensatory Off,CO-PLAN-06,Statutory,Monthly,2021-01-02,2024-01-02,EMP00021,2021-01-02,Pending,18,Yes,15.0
ENRUVDB6WWF,EMP00556,PLN8401,Casual Leave,CL-PLAN-03,Statutory,Monthly,2022-08-28,2023-08-28,EMP00032,2022-08-28,Pending,12,Yes,
ENRK04CHW3Y,EMP00557,PLN8151,Sick Leave,SL-PLAN-02,Paid,Monthly,2020-05-20,2022-05-20,EMP00029,2020-05-20,Terminated,15,Yes,15.0
ENRI47XVGVP,EMP00557,PLN5783,Compensatory Off,CO-PLAN-06,Statutory,Per-Incident,2020-11-06,2021-11-06,EMP00020,2020-11-06,Terminated,20,Yes,
ENRKRJ9HBTP,EMP00558,PLN3028,Casual Leave,CL-PLAN-03,Unpaid,Per-Incident,2022-02-22,2023-02-22,EMP00014,2022-02-22,Active,18,Yes,
ENRJLJJ1315,EMP00558,PLN9523,Paternity Leave,PL-PLAN-05,Unpaid,One-Time,2020-03-20,2023-03-20,EMP00009,2020-03-20,Active,15,Yes,5.0
ENR0JJ0L82N,EMP00558,PLN1794,Unpaid Leave,UL-PLAN-07,Statutory,Per-Incident,2020-01-24,2021-01-23,EMP00036,2020-01-24,Pending,20,No,0.0
ENRS3YOP9BJ,EMP00559,PLN5394,Sick Leave,SL-PLAN-02,Statutory,One-Time,2020-10-31,2020-10-01,EMP00010,2020-10-31,Inactive,25,Yes,
ENRIKT3JFUR,EMP00559,PLN7339,Paternity Leave,PL-PLAN-05,Unpaid,One-Time,2020-02-29,2020-01-30,EMP00026,2020-02-29,Terminated,12,Yes,15.0
ENRPBI1GJ57,EMP00559,PLN6692,Bereavement Leave,BL-PLAN-08,Statutory,Annual,2022-12-31,2022-12-01,EMP00043,2022-12-31,Terminated,20,Yes,0.0
ENRCS3HX6RT,EMP00560,PLN1253,Unpaid Leave,UL-PLAN-07,Unpaid,Annual,2022-05-30,2024-05-29,EMP00036,2022-05-30,Pending,18,Yes,10.0
ENRIZ9MNOYM,EMP00560,PLN5239,Sick Leave,SL-PLAN-02,Paid,Per-Incident,2021-08-14,2022-08-14,EMP00036,2021-08-14,Terminated,18,Yes,5.0
ENRXT1HCHTT,,,Sick Leave,SL-PLAN-02,Unpaid,Annual,2023-01-30,2024-01-30,EMP00042,2035-01-01,Active,30,Yes,15.0
ENROAOYK4PB,,,Bereavement Leave,BL-PLAN-08,Unpaid,Annual,2020-07-31,2022-07-31,EMP00001,2035-01-01,Pending,12,Yes,10.0
ENRB4MY8CFT,EMP00562,PLN9036,Annual Leave,AL-PLAN-01,Statutory,Monthly,2020-09-07,2021-09-07,EMP00028,2020-09-07,Pending,25,Yes,0.0
ENR0MY424IT,EMP00562,PLN7570,Sick Leave,SL-PLAN-02,Statutory,Monthly,2020-02-06,2021-02-05,EMP00008,2020-02-06,Pending,30,Yes,0.0
ENRXTKTG30D,EMP00563,PLN9569,Sick Leave,SL-PLAN-02,Statutory,Monthly,2022-04-18,2025-04-17,EMP00010,2022-04-18,Terminated,12,No,10.0
ENRKTQLQWUU,EMP00563,PLN1669,Paternity Leave,PL-PLAN-05,Paid,Per-Incident,2021-06-30,2024-06-29,EMP00019,2021-06-30,Inactive,21,Yes,15.0
ENRNEBZNBDV,EMP00564,PLN4129,Compensatory Off,CO-PLAN-06,Unpaid,Monthly,2022-07-09,2023-07-09,EMP00033,2022-07-09,Inactive,10,Yes,0.0
ENRIAEX9RER,EMP00564,PLN4512,Annual Leave,AL-PLAN-01,Paid,Annual,2022-12-08,2023-12-08,EMP00048,2022-12-08,Active,20,Yes,0.0
ENRNW0CQCD4,EMP00564,PLN1262,Sick Leave,SL-PLAN-02,Statutory,Per-Incident,2022-12-15,2023-12-15,EMP00018,2022-12-15,Inactive,25,No,
ENRB8OJ6QTY,EMP00564,PLN8543,Casual Leave,CL-PLAN-03,Paid,Annual,2023-09-08,2024-09-07,EMP00004,2023-09-08,Pending,12,Yes,5.0
ENR009DXCER,EMP00565,PLN4862,Annual Leave,AL-PLAN-01,Statutory,Monthly,NOT-A-DATE,2023-11-28,EMP00029,2021-11-28,Inactive,30,Yes,0.0
ENRO5TOCJCZ,EMP00565,PLN5563,Unpaid Leave,UL-PLAN-07,Statutory,One-Time,NOT-A-DATE,2025-04-11,EMP00037,2022-04-12,Active,20,Yes,
ENRU1Q57NKL,EMP00565,PLN8758,Casual Leave,CL-PLAN-03,Paid,Per-Incident,NOT-A-DATE,2022-01-13,EMP00048,2020-01-14,Pending,25,Yes,0.0
ENRT7QVX03U,EMP00566,PLN9113,Paternity Leave,PL-PLAN-05,Paid,Monthly,2023-01-11,2026-01-10,EMP00048,2023-01-11,Active,20,No,
ENRWYLBT3FU,EMP00566,PLN1575,Maternity Leave,ML-PLAN-04,Unpaid,One-Time,2021-05-13,2022-05-13,EMP00004,2021-05-13,Inactive,10,Yes,15.0
ENRPYUK4Y1M,EMP00566,PLN3111,Unpaid Leave,UL-PLAN-07,Paid,Annual,2023-10-28,2026-10-27,EMP00044,2023-10-28,Active,21,Yes,
ENRR7V9YESN,EMP00567,PLN1662,Maternity Leave,ML-PLAN-04,Statutory,Monthly,2023-11-15,2024-11-14,EMP00042,2023-11-15,Inactive,18,Yes,
ENRYVR35U16,EMP00567,PLN9934,Compensatory Off,CO-PLAN-06,Paid,Annual,2020-05-17,2021-05-17,EMP00027,2020-05-17,Inactive,30,Yes,5.0
ENRWHCZC75L,EMP00568,PLN6730,Paternity Leave,PL-PLAN-05,Statutory,Annual,2022-11-10,2024-11-09,EMP00026,2022-11-10,Active,30,Yes,
ENR1V7WVU5Y,EMP00568,PLN9103,Sick Leave,SL-PLAN-02,Unpaid,Annual,2023-07-22,2026-07-21,EMP00033,2023-07-22,Active,12,Yes,
ENRKEZACFMP,EMP00568,PLN4736,Unpaid Leave,UL-PLAN-07,Statutory,Annual,2021-06-18,2022-06-18,EMP00015,2021-06-18,Pending,20,Yes,0.0
ENRE8UVEDRU,EMP00569,,Paternity Leave,PL-PLAN-05,Unpaid,One-Time,2023-11-15,2024-11-14,EMP00048,2023-11-15,Pending,30,Yes,15.0
ENR0CIDPSA9,EMP00569,,Sick Leave,SL-PLAN-02,Paid,Annual,2022-08-31,2023-08-31,EMP00018,2022-08-31,Pending,30,Yes,5.0
ENRVZABH95D,EMP00569,,Bereavement Leave,BL-PLAN-08,Unpaid,Per-Incident,2021-05-01,2023-05-01,EMP00049,2021-05-01,Active,30,Yes,15.0
ENRULS3XF89,EMP00570,PLN3108,Casual Leave,CL-PLAN-03,Unpaid,Per-Incident,2020-04-25,2022-04-25,EMP00016,2020-04-25,Active,18,Yes,5.0
ENR5SWTO7MU,EMP00570,PLN1625,Bereavement Leave,BL-PLAN-08,Unpaid,Monthly,2021-12-28,2023-12-28,EMP00030,2021-12-28,Pending,10,Yes,0.0
ENR2X4U5F4Z,EMP00571,PLN6634,Unpaid Leave,UL-PLAN-07,Unpaid,Monthly,2021-09-06,2024-09-05,EMP00016,2021-09-06,Pending,-5,Yes,5.0
ENR4Z79AHRT,EMP00571,PLN1384,Compensatory Off,CO-PLAN-06,Unpaid,Monthly,2023-06-13,2025-06-12,EMP00044,2023-06-13,Active,-5,Yes,
ENRNDLKHIY2,EMP00572,PLN3353,Maternity Leave,ML-PLAN-04,Unpaid,Monthly,2021-03-04,2024-03-03,EMP00025,2021-03-04,Terminated,12,Yes,0.0
ENRRVY3IJFJ,EMP00572,PLN3143,Bereavement Leave,BL-PLAN-08,Unpaid,Monthly,2021-12-08,2022-12-08,EMP00034,2021-12-08,Terminated,18,Yes,0.0
ENRHFVBU0QE,EMP00572,PLN3296,Annual Leave,AL-PLAN-01,Paid,Per-Incident,2021-07-22,2024-07-21,EMP00048,2021-07-22,Pending,21,Yes,
ENRU074P2JB,EMP00572,PLN2614,Unpaid Leave,UL-PLAN-07,Paid,Per-Incident,2020-05-06,2022-05-06,EMP00006,2020-05-06,Inactive,18,Yes,15.0
ENR41GU02YZ,EMP00573,PLN6934,Annual Leave,INVALID_PLAN_XXX,Statutory,One-Time,2023-06-27,2024-06-26,EMP00022,2023-06-27,Active,25,Yes,10.0
ENRW3IHQ87N,EMP00573,PLN8941,Casual Leave,INVALID_PLAN_XXX,Unpaid,Monthly,2022-07-08,2025-07-07,EMP00017,2022-07-08,Inactive,18,Yes,10.0
ENRKSLLI1F6,EMP00573,PLN8897,Sick Leave,INVALID_PLAN_XXX,Statutory,One-Time,2021-12-04,2023-12-04,EMP00012,2021-12-04,Terminated,15,Yes,15.0
ENR6MJ35AUI,EMP00573,PLN4644,Compensatory Off,INVALID_PLAN_XXX,Unpaid,Annual,2023-01-05,2024-01-05,EMP00025,2023-01-05,Terminated,30,No,10.0
ENRFQ9RXFQJ,EMP00574,PLN8400,Paternity Leave,PL-PLAN-05,Paid,Annual,2023-09-13,2024-09-12,EMP00016,2023-09-13,Inactive,18,No,
ENRO05VNNWK,EMP00574,PLN6830,Maternity Leave,ML-PLAN-04,Statutory,Annual,2020-10-18,2022-10-18,EMP00006,2020-10-18,Active,10,Yes,0.0
ENRXB8IM7LS,EMP00575,PLN6468,Compensatory Off,CO-PLAN-06,Paid,Monthly,2021-08-01,2023-08-01,EMP00001,2021-08-01,Inactive,15,Yes,0.0
ENRN5GP02NV,EMP00575,PLN5665,Maternity Leave,ML-PLAN-04,Statutory,Annual,2021-08-02,2022-08-02,EMP00050,2021-08-02,Pending,15,No,
ENRKMBT50KC,EMP00575,PLN9077,Bereavement Leave,BL-PLAN-08,Statutory,One-Time,2022-02-18,2024-02-18,EMP00048,2022-02-18,Active,12,Yes,5.0
ENRWMUOSIXX,EMP00575,PLN4997,Annual Leave,AL-PLAN-01,Unpaid,Per-Incident,2023-09-05,2026-09-04,EMP00030,2023-09-05,Active,30,Yes,10.0
ENR90R4I5KZ,EMP00576,PLN5097,Unpaid Leave,UL-PLAN-07,Unpaid,Monthly,2020-12-11,2023-12-11,EMP00041,2020-12-11,Inactive,10,Yes,
ENRSON3RG0G,EMP00576,PLN2024,Casual Leave,CL-PLAN-03,Paid,Per-Incident,2020-01-20,2023-01-19,EMP00004,2020-01-20,Pending,10,No,
ENRQJZ2I6ZD,EMP00577,,Unpaid Leave,UL-PLAN-07,Paid,Per-Incident,NOT-A-DATE,2022-06-03,EMP00023,2022-07-03,Terminated,10,No,10.0
ENROYZ22A3P,EMP00577,,Bereavement Leave,BL-PLAN-08,Statutory,Per-Incident,NOT-A-DATE,2020-02-02,EMP00021,2020-03-03,Active,10,Yes,0.0
ENRFYO664BY,EMP00578,PLN8235,Unpaid Leave,UL-PLAN-07,Paid,Monthly,2022-04-18,2024-04-17,EMP00031,2022-04-18,Inactive,10,Yes,10.0
ENRNBNFSWKD,EMP00578,PLN4880,Casual Leave,CL-PLAN-03,Unpaid,Monthly,2020-09-23,2023-09-23,EMP00010,2020-09-23,Pending,10,Yes,10.0
ENRF30DDL1J,EMP00579,PLN2507,Bereavement Leave,BL-PLAN-08,Unpaid,One-Time,2022-03-06,2023-03-06,EMP00030,2022-03-06,Pending,18,Yes,
ENRH8BYVCAK,EMP00579,PLN6886,Annual Leave,AL-PLAN-01,Paid,Monthly,2022-12-21,2025-12-20,EMP00033,2022-12-21,Active,25,Yes,
ENRA6QFOY90,EMP00579,PLN9983,Paternity Leave,PL-PLAN-05,Statutory,Monthly,2020-12-10,2022-12-10,EMP00038,2020-12-10,Inactive,30,Yes,5.0
ENRPPEXC4SH,EMP00579,PLN7990,Sick Leave,SL-PLAN-02,Paid,Annual,2022-08-24,2024-08-23,EMP00035,2022-08-24,Inactive,21,Yes,5.0
ENRC24AL85Q,EMP00580,PLN4689,Unpaid Leave,UL-PLAN-07,Paid,One-Time,2022-05-18,2025-05-17,EMP00031,2022-05-18,Active,21,Yes,0.0
ENRMASU2AI7,EMP00580,PLN1623,Annual Leave,AL-PLAN-01,Unpaid,Per-Incident,2022-07-28,2023-07-28,EMP00006,2022-07-28,Terminated,15,Yes,0.0
ENRGQCIR7HG,EMP00580,PLN3365,Compensatory Off,CO-PLAN-06,Unpaid,Monthly,2022-07-28,2024-07-27,EMP00024,2022-07-28,Pending,15,Yes,5.0
ENRXKJH7GAN,EMP00581,PLN1714,Compensatory Off,CO-PLAN-06,Paid,One-Time,2022-09-05,2024-09-04,EMP00049,2022-09-05,Pending,18,Yes,15.0
ENRHZM0F189,EMP00581,PLN4564,Casual Leave,CL-PLAN-03,Statutory,Annual,2022-07-05,2024-07-04,EMP00040,2022-07-05,Pending,10,No,15.0
ENRI9G91MWN,EMP00581,PLN9014,Paternity Leave,PL-PLAN-05,Paid,One-Time,2022-08-12,2023-08-12,EMP00009,2022-08-12,Active,18,Yes,
ENRFAFQZ48B,EMP00582,PLN9745,Compensatory Off,CO-PLAN-06,Statutory,Annual,2022-09-26,2025-09-25,EMP00007,2022-09-26,Inactive,30,Yes,5.0
ENRHQGL67KW,EMP00582,PLN2439,Casual Leave,CL-PLAN-03,Paid,Monthly,2021-03-14,2024-03-13,EMP00016,2021-03-14,Pending,18,Yes,15.0
ENRZWEWBODM,EMP00582,PLN1438,Unpaid Leave,UL-PLAN-07,Unpaid,Annual,2020-04-03,2022-04-03,EMP00008,2020-04-03,Active,21,Yes,10.0
ENRJESG1S0N,EMP00582,PLN1947,Paternity Leave,PL-PLAN-05,Unpaid,One-Time,2021-11-04,2022-11-04,EMP00028,2021-11-04,Active,20,Yes,15.0
ENRVG4DOONS,EMP00583,PLN7193,Paternity Leave,PL-PLAN-05,Statutory,Annual,2023-01-05,2026-01-04,EMP00037,2023-01-05,Terminated,12,Yes,5.0
ENRBZQDEOPZ,EMP00583,PLN8500,Bereavement Leave,BL-PLAN-08,Unpaid,Monthly,2020-07-11,2021-07-11,EMP00021,2020-07-11,Terminated,30,No,0.0
ENRFIA4TP0X,EMP00583,PLN2229,Annual Leave,AL-PLAN-01,Statutory,Annual,2023-06-03,2026-06-02,EMP00004,2023-06-03,Inactive,12,No,15.0
ENRXFLT9AB7,EMP00584,PLN5447,Casual Leave,CL-PLAN-03,Statutory,One-Time,2022-06-23,2023-06-23,EMP00026,2022-06-23,Inactive,15,Yes,15.0
ENRQZPZZZAG,EMP00584,PLN5815,Annual Leave,AL-PLAN-01,Statutory,Monthly,2021-10-09,2023-10-09,EMP00050,2021-10-09,Pending,20,Yes,10.0
ENRKVYGXULO,EMP00584,PLN8108,Unpaid Leave,UL-PLAN-07,Unpaid,Annual,2020-08-10,2021-08-10,EMP00046,2020-08-10,Active,25,Yes,
ENRX3XN3CB9,EMP00584,PLN7105,Paternity Leave,PL-PLAN-05,Unpaid,One-Time,2023-07-07,2025-07-06,EMP00048,2023-07-07,Terminated,21,Yes,5.0
ENRP5QJRB4K,EMP00585,,Annual Leave,AL-PLAN-01,Statutory,Per-Incident,2020-09-19,2023-09-19,EMP00034,2020-09-19,Terminated,18,Yes,0.0
ENR7IYASR3A,EMP00585,,Sick Leave,SL-PLAN-02,Paid,Per-Incident,2022-01-02,2023-01-02,EMP00020,2022-01-02,Inactive,12,Yes,15.0
ENRXFUK89KT,EMP00585,,Bereavement Leave,BL-PLAN-08,Statutory,One-Time,2023-05-02,2026-05-01,EMP00009,2023-05-02,Terminated,20,Yes,0.0
ENRHA2OHGGO,EMP00586,PLN5193,Compensatory Off,CO-PLAN-06,Unpaid,Monthly,2021-09-24,2023-09-24,EMP00047,2021-09-24,Pending,30,No,15.0
ENRVWB4QD41,EMP00586,PLN5608,Paternity Leave,PL-PLAN-05,Paid,Annual,2020-11-21,2023-11-21,EMP00031,2020-11-21,Pending,21,Yes,10.0
ENRSW3NB7AZ,EMP00587,PLN9966,Maternity Leave,ML-PLAN-04,Paid,Per-Incident,2021-01-14,2023-01-14,EMP00011,2021-01-14,Active,15,Yes,15.0
ENR34WU09XM,EMP00587,PLN9545,Sick Leave,SL-PLAN-02,Unpaid,Annual,2023-08-04,2024-08-03,EMP00040,2023-08-04,Active,10,Yes,0.0
ENRS5T97RFH,EMP00587,PLN3022,Paternity Leave,PL-PLAN-05,Statutory,Per-Incident,2020-11-11,2021-11-11,EMP00048,2020-11-11,Terminated,12,Yes,15.0
ENRCWZU2Q8N,EMP00588,PLN8330,Unpaid Leave,UL-PLAN-07,Unpaid,Per-Incident,2021-08-06,2023-08-06,EMP00026,2021-08-06,Pending,20,Yes,0.0
ENR0D2FQQSA,EMP00588,PLN9059,Bereavement Leave,BL-PLAN-08,Statutory,Monthly,2023-01-03,2024-01-03,EMP00014,2023-01-03,Inactive,20,No,
ENRSLNLTHOJ,EMP00588,PLN8320,Maternity Leave,ML-PLAN-04,Paid,Monthly,2021-03-04,2024-03-03,EMP00045,2021-03-04,Pending,20,Yes,
ENR9FJQ5ZK2,EMP00589,PLN7756,Unpaid Leave,UL-PLAN-07,Unpaid,Monthly,NOT-A-DATE,2021-12-21,EMP00015,2020-12-21,Active,18,Yes,
ENRM2NLPVI8,EMP00589,PLN7837,Annual Leave,AL-PLAN-01,Paid,Monthly,NOT-A-DATE,2024-01-18,EMP00010,2023-01-18,Active,15,Yes,10.0
ENRZL53AOX6,EMP00589,PLN6554,Casual Leave,CL-PLAN-03,Unpaid,Annual,NOT-A-DATE,2025-03-15,EMP00026,2023-03-16,Terminated,15,No,10.0
ENR2NLUYN2W,EMP00589,PLN2437,Sick Leave,SL-PLAN-02,Paid,Per-Incident,NOT-A-DATE,2026-07-06,EMP00034,2023-07-07,Pending,18,Yes,10.0
ENRUM42E9MN,EMP00590,PLN4557,Maternity Leave,ML-PLAN-04,Paid,One-Time,2020-06-14,2021-06-14,EMP00011,2020-06-14,Terminated,20,Yes,15.0
ENRDHYN7FDB,EMP00590,PLN1060,Unpaid Leave,UL-PLAN-07,Paid,One-Time,2021-01-13,2022-01-13,EMP00033,2021-01-13,Active,21,No,10.0
ENR7F3AH2MM,EMP00591,PLN9467,Annual Leave,AL-PLAN-01,Paid,Annual,2021-09-25,2024-09-24,EMP00043,2021-09-25,Terminated,12,Yes,5.0
ENRROBBEHTB,EMP00591,PLN4381,Sick Leave,SL-PLAN-02,Unpaid,Per-Incident,2021-04-21,2022-04-21,EMP00034,2021-04-21,Pending,15,Yes,
ENR6DENOLU1,EMP00592,PLN7551,Sick Leave,SL-PLAN-02,Statutory,Monthly,2020-11-21,2023-11-21,EMP00003,2020-11-21,Active,15,Yes,5.0
ENRQLHO1HRN,EMP00592,PLN7532,Compensatory Off,CO-PLAN-06,Paid,One-Time,2020-04-07,2022-04-07,EMP00019,2020-04-07,Active,10,Yes,0.0
ENRI58GNBYR,EMP00592,PLN1590,Unpaid Leave,UL-PLAN-07,Statutory,One-Time,2023-11-21,2025-11-20,EMP00026,2023-11-21,Active,25,No,0.0
ENR0DYMZXMS,EMP00592,PLN5148,Bereavement Leave,BL-PLAN-08,Statutory,Monthly,2021-12-24,2024-12-23,EMP00025,2021-12-24,Pending,25,Yes,10.0
ENRV78K5TXB,EMP00593,,Unpaid Leave,UL-PLAN-07,Statutory,Monthly,2020-11-30,2022-11-30,EMP00045,2020-11-30,Inactive,15,Yes,15.0
ENRI4NT22EB,EMP00593,,Maternity Leave,ML-PLAN-04,Paid,Annual,2023-12-10,2025-12-09,EMP00028,2023-12-10,Inactive,10,Yes,
ENRLUCHXSBX,EMP00593,,Compensatory Off,CO-PLAN-06,Statutory,Annual,2023-07-28,2024-07-27,EMP00005,2023-07-28,Active,25,Yes,5.0
ENRAKB97QBK,EMP00593,,Casual Leave,CL-PLAN-03,Unpaid,One-Time,2020-10-13,2021-10-13,EMP00046,2020-10-13,Pending,10,Yes,10.0
ENRSH3Y5ID0,EMP00594,PLN9205,Bereavement Leave,BL-PLAN-08,Paid,One-Time,2022-01-09,2023-01-09,EMP00021,2022-01-09,Active,30,No,10.0
ENR6YBXHMJG,EMP00594,PLN5776,Compensatory Off,CO-PLAN-06,Unpaid,Annual,2022-08-23,2023-08-23,EMP00020,2022-08-23,Active,12,Yes,5.0
ENRSRA6XJCC,EMP00595,PLN2486,Unpaid Leave,INVALID_PLAN_XXX,Unpaid,Annual,2021-07-04,2021-06-04,EMP00010,2021-07-04,Inactive,12,Yes,10.0
ENRBGK9EFKI,EMP00595,PLN9317,Annual Leave,INVALID_PLAN_XXX,Paid,One-Time,2020-10-04,2020-09-04,EMP00002,2020-10-04,Inactive,30,Yes,15.0
ENRBRK1C0RG,EMP00595,PLN7291,Compensatory Off,INVALID_PLAN_XXX,Paid,One-Time,2021-06-16,2021-05-17,EMP00034,2021-06-16,Terminated,18,Yes,10.0
ENROGWP200U,EMP00595,PLN1712,Paternity Leave,INVALID_PLAN_XXX,Statutory,Per-Incident,2023-02-09,2023-01-10,EMP00009,2023-02-09,Terminated,15,Yes,5.0
ENRK0AF4QWG,,PLN1555,Maternity Leave,ML-PLAN-04,Paid,Per-Incident,2023-06-25,2024-06-24,EMP00006,2023-06-25,Pending,15,No,15.0
ENR7B9OD4AW,,PLN3453,Annual Leave,AL-PLAN-01,Unpaid,Monthly,2020-04-05,2021-04-05,EMP00003,2020-04-05,Pending,12,No,
ENRJ136HSVI,,PLN8493,Compensatory Off,CO-PLAN-06,Unpaid,Per-Incident,2020-11-11,2022-11-11,EMP00012,2020-11-11,Inactive,20,Yes,0.0
ENRUGNS26XU,EMP00597,PLN5859,Compensatory Off,CO-PLAN-06,Statutory,Per-Incident,2021-08-21,2023-08-21,EMP00049,2021-08-21,Active,12,Yes,15.0
ENRB9Z11DBH,EMP00597,PLN2874,Annual Leave,AL-PLAN-01,Statutory,One-Time,2020-12-07,2021-12-07,EMP00035,2020-12-07,Inactive,25,Yes,0.0
ENRU9VE82KX,EMP00597,PLN6503,Unpaid Leave,UL-PLAN-07,Paid,Monthly,2021-03-10,2024-03-09,EMP00021,2021-03-10,Inactive,20,Yes,15.0
ENRKCQKQMV5,EMP00598,PLN2239,Paternity Leave,PL-PLAN-05,Statutory,Annual,2022-09-30,2023-09-30,EMP00017,2022-09-30,Active,10,Yes,0.0
ENRMY323EM6,EMP00598,PLN7979,Unpaid Leave,UL-PLAN-07,Unpaid,Annual,2021-09-07,2024-09-06,EMP00001,2021-09-07,Inactive,30,No,15.0
ENRN7WF1W2W,EMP00599,PLN4729,Sick Leave,SL-PLAN-02,Unpaid,Per-Incident,2022-10-08,2025-10-07,EMP00046,2022-10-08,Terminated,10,Yes,
ENR30JH7I13,EMP00599,PLN2086,Maternity Leave,ML-PLAN-04,Unpaid,Annual,2022-03-09,2023-03-09,EMP00039,2022-03-09,Terminated,30,Yes,0.0
ENRU6GCH8EC,EMP00599,PLN2064,Paternity Leave,PL-PLAN-05,Unpaid,Annual,2021-01-05,2024-01-05,EMP00033,2021-01-05,Terminated,10,No,15.0
ENRF1JGNQWF,EMP00600,PLN2270,Maternity Leave,ML-PLAN-04,Paid,Annual,2023-02-26,2026-02-25,EMP00004,2023-02-26,Inactive,20,Yes,5.0
ENRR88USB0N,EMP00600,PLN7896,Bereavement Leave,BL-PLAN-08,Statutory,Annual,2021-10-16,2022-10-16,EMP00009,2021-10-16,Active,15,Yes,5.0
ENR0VWJHT3E,EMP00600,PLN3492,Compensatory Off,CO-PLAN-06,Unpaid,One-Time,2021-10-08,2022-10-08,EMP00049,2021-10-08,Pending,15,No,5.0
ENRQD1SS14W,EMP00600,PLN8187,Paternity Leave,PL-PLAN-05,Unpaid,One-Time,2021-04-16,2022-04-16,EMP00042,2021-04-16,Inactive,18,No,
ENR2V9OMAXU,EMP00601,,Annual Leave,AL-PLAN-01,Paid,One-Time,NOT-A-DATE,2025-05-03,EMP00038,2035-01-01,Inactive,-5,No,0.0
ENRZAIJTKRA,EMP00601,,Bereavement Leave,BL-PLAN-08,Statutory,One-Time,NOT-A-DATE,2022-04-13,EMP00004,2035-01-01,Pending,-5,No,10.0
ENRB44TS82R,EMP00601,,Maternity Leave,ML-PLAN-04,Paid,One-Time,NOT-A-DATE,2021-04-03,EMP00008,2035-01-01,Active,-5,No,0.0
ENRE12P759U,EMP00602,PLN6597,Maternity Leave,ML-PLAN-04,Paid,Per-Incident,2020-06-22,2022-06-22,EMP00041,2020-06-22,Terminated,30,Yes,0.0
ENRUOFTMMK4,EMP00602,PLN6031,Bereavement Leave,BL-PLAN-08,Unpaid,One-Time,2023-11-19,2026-11-18,EMP00013,2023-11-19,Inactive,18,No,0.0
ENR97JHQOOB,EMP00602,PLN2553,Paternity Leave,PL-PLAN-05,Statutory,Annual,2022-05-11,2024-05-10,EMP00014,2022-05-11,Inactive,30,Yes,10.0
ENRFGDULUQR,EMP00603,PLN5580,Casual Leave,CL-PLAN-03,Paid,Annual,2021-01-24,2024-01-24,EMP00016,2021-01-24,Pending,18,Yes,
ENRY7KCFOO0,EMP00603,PLN6595,Paternity Leave,PL-PLAN-05,Unpaid,Monthly,2021-04-24,2022-04-24,EMP00040,2021-04-24,Pending,25,Yes,10.0
ENRLRV6XNNN,EMP00604,PLN1431,Compensatory Off,CO-PLAN-06,Unpaid,One-Time,2023-01-14,2025-01-13,EMP00038,2023-01-14,Pending,18,Yes,10.0
ENR4NU9BB9F,EMP00604,PLN6134,Casual Leave,CL-PLAN-03,Statutory,Annual,2023-04-12,2024-04-11,EMP00025,2023-04-12,Terminated,18,Yes,0.0
ENRC19C7QAZ,EMP00605,PLN6620,Annual Leave,AL-PLAN-01,Unpaid,Annual,2020-03-02,2023-03-02,EMP00002,2020-03-02,Active,25,Yes,0.0
ENRX8QTT7OM,EMP00605,PLN4992,Unpaid Leave,UL-PLAN-07,Unpaid,One-Time,2020-03-13,2023-03-13,EMP00042,2020-03-13,Active,25,No,10.0
ENRM0G47DMY,EMP00605,PLN1550,Sick Leave,SL-PLAN-02,Unpaid,Per-Incident,2020-11-16,2022-11-16,EMP00003,2020-11-16,Inactive,10,No,0.0
ENRDRRBWNDD,EMP00606,PLN6536,Maternity Leave,ML-PLAN-04,Statutory,One-Time,2020-03-31,2023-03-31,EMP00040,2020-03-31,Terminated,10,Yes,15.0
ENR8BPSKW93,EMP00606,PLN3305,Casual Leave,CL-PLAN-03,Paid,Per-Incident,2023-06-28,2024-06-27,EMP00028,2023-06-28,Active,15,Yes,15.0
ENR7TXYT92S,EMP00607,PLN2341,Paternity Leave,PL-PLAN-05,Paid,One-Time,2020-04-14,2021-04-14,EMP00032,2020-04-14,Pending,12,Yes,
ENR37L13N41,EMP00607,PLN3459,Unpaid Leave,UL-PLAN-07,Paid,Per-Incident,2022-08-15,2025-08-14,EMP00036,2022-08-15,Terminated,20,Yes,0.0
ENR5SE0398L,EMP00607,PLN5477,Compensatory Off,CO-PLAN-06,Statutory,One-Time,2020-11-08,2022-11-08,EMP00020,2020-11-08,Pending,20,Yes,10.0
ENRDEGGEBX1,EMP00607,PLN4100,Bereavement Leave,BL-PLAN-08,Paid,One-Time,2023-08-03,2026-08-02,EMP00040,2023-08-03,Pending,25,Yes,15.0
ENREEHEZXQ1,EMP00608,PLN5047,Bereavement Leave,BL-PLAN-08,Statutory,Per-Incident,2020-07-04,2022-07-04,EMP00034,2020-07-04,Inactive,15,Yes,0.0
ENRI6XZANEZ,EMP00608,PLN5632,Annual Leave,AL-PLAN-01,Unpaid,Annual,2020-08-15,2021-08-15,EMP00039,2020-08-15,Pending,12,No,10.0
ENRC6PQUVIF,EMP00609,,Paternity Leave,PL-PLAN-05,Paid,One-Time,2021-10-30,2023-10-30,EMP00046,2021-10-30,Inactive,21,Yes,5.0
ENR0VD5F7LV,EMP00609,,Bereavement Leave,BL-PLAN-08,Paid,Monthly,2020-01-25,2023-01-24,EMP00011,2020-01-25,Active,15,Yes,10.0
ENRZ2AEEKP2,EMP00609,,Casual Leave,CL-PLAN-03,Statutory,Per-Incident,2022-01-21,2024-01-21,EMP00001,2022-01-21,Terminated,20,Yes,0.0
ENRRLACO8TA,EMP00609,,Annual Leave,AL-PLAN-01,Paid,Annual,2022-01-27,2024-01-27,EMP00021,2022-01-27,Active,10,No,
ENRZCRWJAF6,EMP00610,PLN1206,Sick Leave,SL-PLAN-02,Paid,Per-Incident,2020-12-13,2023-12-13,EMP00014,2020-12-13,Active,10,Yes,
ENR0RLKWI8R,EMP00610,PLN2612,Annual Leave,AL-PLAN-01,Unpaid,Annual,2023-04-29,2026-04-28,EMP00025,2023-04-29,Pending,25,Yes,5.0
ENRNTLQSKZP,EMP00611,PLN6952,Paternity Leave,PL-PLAN-05,Paid,Per-Incident,2021-12-16,2023-12-16,EMP00012,2021-12-16,Inactive,20,Yes,15.0
ENRVCZX0CYY,EMP00611,PLN9959,Compensatory Off,CO-PLAN-06,Unpaid,Annual,2022-04-26,2023-04-26,EMP00011,2022-04-26,Active,10,Yes,15.0
ENRSZ1PMEQ7,EMP00611,PLN4018,Maternity Leave,ML-PLAN-04,Paid,Annual,2020-12-23,2023-12-23,EMP00027,2020-12-23,Inactive,18,No,10.0
ENRU9JBKC8S,EMP00611,PLN6375,Bereavement Leave,BL-PLAN-08,Paid,One-Time,2020-09-03,2023-09-03,EMP00012,2020-09-03,Inactive,25,Yes,5.0
ENRHT8A8AVJ,EMP00612,PLN9366,Bereavement Leave,BL-PLAN-08,Paid,Annual,2022-07-02,2024-07-01,EMP00046,2022-07-02,Inactive,20,Yes,5.0
ENRIXQ1LG6F,EMP00612,PLN8631,Compensatory Off,CO-PLAN-06,Statutory,Per-Incident,2023-09-08,2025-09-07,EMP00025,2023-09-08,Pending,18,Yes,0.0
ENRFPIZG86T,EMP00612,PLN7745,Maternity Leave,ML-PLAN-04,Paid,Per-Incident,2022-08-13,2024-08-12,EMP00012,2022-08-13,Inactive,15,Yes,10.0
ENR0RRGWIBW,EMP00613,PLN6355,Casual Leave,CL-PLAN-03,Paid,Per-Incident,NOT-A-DATE,2021-02-25,EMP00019,2021-03-27,Pending,10,Yes,0.0
ENRDDZEKX1Y,EMP00613,PLN4481,Maternity Leave,ML-PLAN-04,Paid,Per-Incident,NOT-A-DATE,2021-07-25,EMP00013,2021-08-24,Inactive,30,No,5.0
ENRD08Y6W5L,EMP00613,PLN2312,Sick Leave,SL-PLAN-02,Unpaid,Per-Incident,NOT-A-DATE,2023-06-09,EMP00037,2023-07-09,Active,30,Yes,0.0
ENR2KV9VUHV,EMP00613,PLN9082,Compensatory Off,CO-PLAN-06,Statutory,Per-Incident,NOT-A-DATE,2023-05-19,EMP00050,2023-06-18,Pending,15,Yes,5.0
ENRAQ9MIDC6,EMP00614,PLN4416,Compensatory Off,CO-PLAN-06,Paid,Monthly,2022-06-21,2024-06-20,EMP00034,2022-06-21,Terminated,20,No,10.0
ENRMASQ57C2,EMP00614,PLN3210,Paternity Leave,PL-PLAN-05,Paid,Monthly,2022-07-16,2024-07-15,EMP00016,2022-07-16,Pending,25,No,15.0
ENRUIET2XRJ,EMP00615,PLN4885,Casual Leave,CL-PLAN-03,Statutory,One-Time,2023-07-03,2025-07-02,EMP00010,2023-07-03,Terminated,30,No,15.0
ENRVZPX3D1Z,EMP00615,PLN2322,Unpaid Leave,UL-PLAN-07,Unpaid,Monthly,2021-10-24,2023-10-24,EMP00015,2021-10-24,Terminated,15,Yes,15.0
ENRDT52O2OJ,EMP00615,PLN7267,Annual Leave,AL-PLAN-01,Statutory,Monthly,2020-03-14,2022-03-14,EMP00025,2020-03-14,Terminated,18,Yes,0.0
ENRLF240EJN,EMP00616,PLN4082,Paternity Leave,PL-PLAN-05,Unpaid,One-Time,2021-12-22,2023-12-22,EMP00013,2021-12-22,Inactive,18,Yes,0.0
ENRUPJUV0AF,EMP00616,PLN7341,Casual Leave,CL-PLAN-03,Paid,Annual,2023-02-20,2026-02-19,EMP00036,2023-02-20,Pending,18,Yes,5.0
ENRB9ZRH3HO,EMP00616,PLN3686,Annual Leave,AL-PLAN-01,Paid,Monthly,2022-05-22,2023-05-22,EMP00047,2022-05-22,Active,10,Yes,10.0
ENR96DVCZ0C,EMP00616,PLN6415,Maternity Leave,ML-PLAN-04,Unpaid,Per-Incident,2022-07-30,2025-07-29,EMP00027,2022-07-30,Pending,12,Yes,0.0
ENRJ2PB6A2R,EMP00617,,Bereavement Leave,INVALID_PLAN_XXX,Unpaid,Monthly,2021-06-13,2022-06-13,EMP00011,2021-06-13,Terminated,25,Yes,10.0
ENRNH0E29AP,EMP00617,,Compensatory Off,INVALID_PLAN_XXX,Statutory,One-Time,2023-05-15,2026-05-14,EMP00049,2023-05-15,Active,12,No,5.0
ENRZI4YEYE5,EMP00617,,Sick Leave,INVALID_PLAN_XXX,Statutory,Annual,2021-07-23,2022-07-23,EMP00003,2021-07-23,Pending,21,Yes,5.0
ENRM2BN1PIR,EMP00618,PLN4297,Annual Leave,AL-PLAN-01,Statutory,One-Time,2022-04-03,2023-04-03,EMP00024,2022-04-03,Active,21,Yes,15.0
ENRU5Q2JK2K,EMP00618,PLN6472,Sick Leave,SL-PLAN-02,Statutory,Monthly,2022-03-30,2024-03-29,EMP00036,2022-03-30,Inactive,20,Yes,
ENR3ZXKE7F5,EMP00619,PLN1892,Compensatory Off,CO-PLAN-06,Statutory,Per-Incident,2023-02-17,2024-02-17,EMP00041,2023-02-17,Active,30,No,
ENRGB49GO76,EMP00619,PLN9213,Bereavement Leave,BL-PLAN-08,Unpaid,Annual,2021-02-04,2024-02-04,EMP00014,2021-02-04,Active,18,Yes,15.0
ENRYM255ZY6,EMP00619,PLN3405,Paternity Leave,PL-PLAN-05,Statutory,Monthly,2020-10-14,2023-10-14,EMP00019,2020-10-14,Active,21,Yes,5.0
ENR4PHJBL3O,EMP00620,PLN5664,Annual Leave,AL-PLAN-01,Paid,Annual,2021-12-01,2022-12-01,EMP00028,2021-12-01,Active,20,Yes,5.0
ENRJCGGN47S,EMP00620,PLN2865,Maternity Leave,ML-PLAN-04,Paid,One-Time,2022-02-14,2024-02-14,EMP00014,2022-02-14,Inactive,12,Yes,15.0
ENRX14E838L,EMP00621,PLN9078,Unpaid Leave,UL-PLAN-07,Paid,Per-Incident,2020-03-12,2021-03-12,EMP00014,2020-03-12,Active,12,Yes,10.0
ENR8G7YQTX2,EMP00621,PLN5824,Bereavement Leave,BL-PLAN-08,Paid,One-Time,2021-07-21,2024-07-20,EMP00001,2021-07-21,Active,30,No,5.0
ENRHL08C1J2,EMP00621,PLN9952,Paternity Leave,PL-PLAN-05,Statutory,Monthly,2021-01-07,2024-01-07,EMP00001,2021-01-07,Inactive,25,Yes,
ENR9R9BJTZC,EMP00621,PLN4949,Maternity Leave,ML-PLAN-04,Paid,Monthly,2020-12-10,2023-12-10,EMP00044,2020-12-10,Active,15,No,10.0
ENR7WPQGFAQ,EMP00622,PLN1461,Unpaid Leave,UL-PLAN-07,Paid,One-Time,2022-10-19,2025-10-18,EMP00007,2022-10-19,Inactive,12,Yes,0.0
ENRZJ6350YD,EMP00622,PLN4980,Maternity Leave,ML-PLAN-04,Unpaid,Monthly,2020-10-11,2023-10-11,EMP00018,2020-10-11,Terminated,30,Yes,5.0
ENRMJSEJNGX,EMP00622,PLN5168,Paternity Leave,PL-PLAN-05,Paid,One-Time,2023-10-05,2025-10-04,EMP00019,2023-10-05,Inactive,18,Yes,
ENRJ4PRHI8F,EMP00623,PLN5115,Sick Leave,SL-PLAN-02,Paid,Monthly,2023-08-30,2025-08-29,EMP00006,2023-08-30,Pending,18,Yes,0.0
ENRL2HRN31R,EMP00623,PLN9458,Maternity Leave,ML-PLAN-04,Paid,Per-Incident,2022-08-15,2025-08-14,EMP00033,2022-08-15,Terminated,25,Yes,
ENRRIIL9M5W,EMP00623,PLN5629,Casual Leave,CL-PLAN-03,Unpaid,Monthly,2022-10-14,2024-10-13,EMP00050,2022-10-14,Inactive,30,No,
ENRR7XWGN6U,EMP00623,PLN6396,Unpaid Leave,UL-PLAN-07,Unpaid,Monthly,2022-11-12,2023-11-12,EMP00043,2022-11-12,Inactive,25,Yes,0.0
ENR6T94FFVO,EMP00624,PLN9799,Sick Leave,SL-PLAN-02,Statutory,Annual,2020-03-31,2023-03-31,EMP00033,2020-03-31,Terminated,15,Yes,15.0
ENRODCPYQJL,EMP00624,PLN3257,Compensatory Off,CO-PLAN-06,Statutory,Per-Incident,2023-01-05,2026-01-04,EMP00015,2023-01-05,Inactive,15,Yes,0.0
ENRMZT9DK3A,EMP00625,,Casual Leave,CL-PLAN-03,Unpaid,Monthly,NOT-A-DATE,2023-09-18,EMP00011,2021-09-18,Pending,30,Yes,5.0
ENRLIYKNXI4,EMP00625,,Bereavement Leave,BL-PLAN-08,Unpaid,One-Time,NOT-A-DATE,2021-04-15,EMP00024,2020-04-15,Terminated,15,Yes,0.0
ENRJKL3XW67,EMP00626,PLN7815,Maternity Leave,ML-PLAN-04,Unpaid,Monthly,2020-07-08,2023-07-08,EMP00035,2020-07-08,Inactive,12,No,5.0
ENRG8HYFVRU,EMP00626,PLN4462,Sick Leave,SL-PLAN-02,Paid,Annual,2021-06-21,2023-06-21,EMP00024,2021-06-21,Terminated,25,Yes,10.0
ENRC2GTQE1B,EMP00626,PLN5932,Unpaid Leave,UL-PLAN-07,Statutory,One-Time,2020-03-13,2022-03-13,EMP00011,2020-03-13,Active,20,Yes,
ENRR9DJEJDG,EMP00627,PLN1598,Casual Leave,CL-PLAN-03,Statutory,Annual,2021-04-29,2022-04-29,EMP00048,2021-04-29,Terminated,21,Yes,15.0
ENRP2ZZ026I,EMP00627,PLN9591,Compensatory Off,CO-PLAN-06,Unpaid,Monthly,2021-04-02,2024-04-01,EMP00003,2021-04-02,Pending,20,Yes,15.0
ENR7M1FWL7M,EMP00627,PLN3110,Maternity Leave,ML-PLAN-04,Unpaid,Monthly,2021-04-07,2022-04-07,EMP00030,2021-04-07,Terminated,20,Yes,10.0
ENRXYKSADQS,EMP00627,PLN9304,Annual Leave,AL-PLAN-01,Unpaid,One-Time,2023-09-24,2024-09-23,EMP00009,2023-09-24,Active,21,Yes,15.0
ENRCNS0PP2S,EMP00628,PLN3499,Casual Leave,CL-PLAN-03,Unpaid,Annual,2021-09-06,2022-09-06,EMP00045,2021-09-06,Inactive,21,Yes,10.0
ENR4TCSQXD6,EMP00628,PLN3221,Annual Leave,AL-PLAN-01,Unpaid,Monthly,2020-01-20,2023-01-19,EMP00040,2020-01-20,Pending,25,Yes,0.0
ENR1WQPPRN1,EMP00629,PLN1201,Paternity Leave,PL-PLAN-05,Paid,One-Time,2022-11-23,2023-11-23,EMP00003,2022-11-23,Pending,10,Yes,5.0
ENRB8APTO9M,EMP00629,PLN2066,Casual Leave,CL-PLAN-03,Paid,Monthly,2022-09-29,2024-09-28,EMP00023,2022-09-29,Terminated,10,No,0.0
ENRZLE5HS85,EMP00629,PLN7997,Sick Leave,SL-PLAN-02,Statutory,Annual,2021-07-08,2022-07-08,EMP00011,2021-07-08,Inactive,25,Yes,15.0
ENRGEW7HKQM,EMP00629,PLN3768,Unpaid Leave,UL-PLAN-07,Unpaid,Annual,2020-10-12,2023-10-12,EMP00002,2020-10-12,Pending,10,No,15.0
ENR3YY5160E,EMP00630,PLN7314,Sick Leave,SL-PLAN-02,Paid,Monthly,2021-09-21,2023-09-21,EMP00015,2021-09-21,Inactive,12,Yes,0.0
ENRUQL26JX6,EMP00630,PLN4728,Casual Leave,CL-PLAN-03,Paid,Annual,2021-10-06,2022-10-06,EMP00008,2021-10-06,Inactive,10,No,10.0
ENRAGJQIHMI,EMP00630,PLN7130,Bereavement Leave,BL-PLAN-08,Statutory,Annual,2022-04-16,2024-04-15,EMP00009,2022-04-16,Active,10,Yes,5.0
ENR682HZH1O,,PLN7779,Paternity Leave,PL-PLAN-05,Unpaid,Annual,2022-03-03,2022-02-01,EMP00040,2022-03-03,Terminated,-5,Yes,15.0
ENRFBZ3WKWZ,,PLN9742,Unpaid Leave,UL-PLAN-07,Paid,One-Time,2022-09-11,2022-08-12,EMP00003,2022-09-11,Terminated,-5,No,15.0
ENR3QFRKDE3,,PLN1185,Casual Leave,CL-PLAN-03,Unpaid,One-Time,2021-10-06,2021-09-06,EMP00036,2021-10-06,Active,-5,No,0.0
ENR8DAPWLC5,,PLN1782,Sick Leave,SL-PLAN-02,Statutory,Monthly,2021-05-10,2021-04-10,EMP00039,2021-05-10,Terminated,-5,Yes,10.0
ENR3I6O9PKD,EMP00632,PLN8816,Maternity Leave,ML-PLAN-04,Unpaid,Monthly,2022-09-18,2024-09-17,EMP00041,2022-09-18,Inactive,25,No,
ENRP0T0BOBW,EMP00632,PLN4003,Annual Leave,AL-PLAN-01,Unpaid,Per-Incident,2020-03-17,2021-03-17,EMP00031,2020-03-17,Inactive,12,Yes,5.0
ENRMV7UE1CV,EMP00632,PLN4463,Unpaid Leave,UL-PLAN-07,Paid,One-Time,2023-01-05,2025-01-04,EMP00016,2023-01-05,Inactive,18,Yes,
ENR3K5JGUGS,EMP00633,,Maternity Leave,ML-PLAN-04,Unpaid,Monthly,2020-12-12,2023-12-12,EMP00029,2020-12-12,Terminated,12,Yes,10.0
ENRSPMPD60D,EMP00633,,Casual Leave,CL-PLAN-03,Statutory,One-Time,2021-07-20,2024-07-19,EMP00009,2021-07-20,Inactive,12,Yes,
ENRCQVB5TGF,EMP00633,,Unpaid Leave,UL-PLAN-07,Unpaid,Per-Incident,2023-09-29,2025-09-28,EMP00008,2023-09-29,Active,18,Yes,15.0
ENR6NU9WJM4,EMP00634,PLN3725,Casual Leave,CL-PLAN-03,Statutory,Monthly,2022-06-27,2023-06-27,EMP00002,2022-06-27,Terminated,30,Yes,10.0
ENRMX6FJPGX,EMP00634,PLN7508,Paternity Leave,PL-PLAN-05,Unpaid,One-Time,2021-02-28,2023-02-28,EMP00016,2021-02-28,Inactive,10,Yes,15.0
ENRB2890FIM,EMP00635,PLN5819,Bereavement Leave,BL-PLAN-08,Paid,Annual,2022-10-05,2023-10-05,EMP00046,2022-10-05,Inactive,25,Yes,15.0
ENRZK5PZSYH,EMP00635,PLN8585,Unpaid Leave,UL-PLAN-07,Statutory,Annual,2022-01-18,2024-01-18,EMP00043,2022-01-18,Terminated,20,Yes,15.0
ENRL03RB2Z3,EMP00635,PLN4605,Compensatory Off,CO-PLAN-06,Paid,Annual,2020-06-27,2023-06-27,EMP00011,2020-06-27,Active,18,Yes,15.0
ENR4OE93NEA,EMP00636,PLN8874,Bereavement Leave,BL-PLAN-08,Unpaid,One-Time,2022-09-26,2023-09-26,EMP00007,2022-09-26,Inactive,12,No,10.0
ENR9YI4NWO5,EMP00636,PLN1923,Casual Leave,CL-PLAN-03,Unpaid,Per-Incident,2020-12-25,2022-12-25,EMP00035,2020-12-25,Terminated,18,No,0.0
ENR9Q4AH37A,EMP00636,PLN4797,Unpaid Leave,UL-PLAN-07,Paid,Monthly,2022-11-23,2024-11-22,EMP00017,2022-11-23,Inactive,30,Yes,0.0
ENR9CF6UYO3,EMP00637,PLN5559,Unpaid Leave,UL-PLAN-07,Paid,Per-Incident,NOT-A-DATE,2022-07-15,EMP00011,2021-07-15,Active,12,Yes,5.0
ENR06FS52E5,EMP00637,PLN5516,Casual Leave,CL-PLAN-03,Paid,One-Time,NOT-A-DATE,2023-04-03,EMP00012,2021-04-03,Active,15,Yes,0.0
ENREE466X5X,EMP00637,PLN3921,Maternity Leave,ML-PLAN-04,Paid,Per-Incident,NOT-A-DATE,2024-09-05,EMP00004,2021-09-06,Active,10,Yes,
ENRJ6UXT7SY,EMP00638,PLN4061,Annual Leave,AL-PLAN-01,Unpaid,Annual,2022-11-01,2023-11-01,EMP00017,2022-11-01,Terminated,21,Yes,15.0
ENR4S1PYQ6Y,EMP00638,PLN5647,Compensatory Off,CO-PLAN-06,Statutory,Per-Incident,2023-10-14,2025-10-13,EMP00028,2023-10-14,Inactive,12,Yes,15.0
ENRVA7X5Y7Z,EMP00638,PLN9624,Paternity Leave,PL-PLAN-05,Paid,One-Time,2021-07-03,2023-07-03,EMP00020,2021-07-03,Pending,30,Yes,0.0
ENRV2AE2CFX,EMP00638,PLN9919,Casual Leave,CL-PLAN-03,Unpaid,Annual,2021-09-16,2023-09-16,EMP00022,2021-09-16,Inactive,25,Yes,
ENRJXAXZTHI,EMP00639,PLN5943,Compensatory Off,INVALID_PLAN_XXX,Statutory,Per-Incident,2021-07-14,2024-07-13,EMP00039,2021-07-14,Pending,21,Yes,10.0
ENR43BFS2RV,EMP00639,PLN2168,Unpaid Leave,INVALID_PLAN_XXX,Statutory,Monthly,2020-01-31,2021-01-30,EMP00025,2020-01-31,Terminated,12,Yes,5.0
ENRQXYBR5UN,EMP00639,PLN9751,Casual Leave,INVALID_PLAN_XXX,Statutory,Monthly,2022-11-01,2024-10-31,EMP00024,2022-11-01,Active,15,Yes,10.0
ENRGO2WRECY,EMP00640,PLN1977,Maternity Leave,ML-PLAN-04,Unpaid,Per-Incident,2022-12-02,2023-12-02,EMP00043,2022-12-02,Inactive,10,No,10.0
ENRIT39M4O4,EMP00640,PLN4555,Casual Leave,CL-PLAN-03,Unpaid,Annual,2020-06-08,2022-06-08,EMP00039,2020-06-08,Active,18,Yes,15.0
ENRU62WLVI4,EMP00640,PLN2504,Unpaid Leave,UL-PLAN-07,Statutory,Monthly,2021-07-11,2024-07-10,EMP00041,2021-07-11,Pending,30,Yes,0.0
ENREDIHYL1B,EMP00641,,Paternity Leave,PL-PLAN-05,Unpaid,Annual,2020-04-05,2023-04-05,EMP00048,2035-01-01,Terminated,18,No,15.0
ENR8YLWXUKI,EMP00641,,Casual Leave,CL-PLAN-03,Paid,Per-Incident,2021-10-23,2024-10-22,EMP00014,2035-01-01,Active,25,No,15.0
ENRC1C0Q89T,EMP00642,PLN3188,Compensatory Off,CO-PLAN-06,Unpaid,Per-Incident,2020-12-20,2023-12-20,EMP00015,2020-12-20,Active,12,No,10.0
ENR13OF3PN7,EMP00642,PLN4347,Casual Leave,CL-PLAN-03,Statutory,Monthly,2020-04-09,2023-04-09,EMP00030,2020-04-09,Active,18,Yes,10.0
ENRCKKA4O13,EMP00643,PLN9262,Annual Leave,AL-PLAN-01,Statutory,Per-Incident,2021-11-04,2024-11-03,EMP00043,2021-11-04,Inactive,15,Yes,15.0
ENRFMFCEQD5,EMP00643,PLN4405,Bereavement Leave,BL-PLAN-08,Statutory,Per-Incident,2021-12-17,2023-12-17,EMP00004,2021-12-17,Active,12,Yes,5.0
ENRJU2R8J8Z,EMP00644,PLN8434,Maternity Leave,ML-PLAN-04,Statutory,One-Time,2021-11-19,2024-11-18,EMP00037,2021-11-19,Inactive,15,Yes,
ENRW1AMZLRH,EMP00644,PLN4852,Casual Leave,CL-PLAN-03,Unpaid,One-Time,2021-05-26,2024-05-25,EMP00031,2021-05-26,Terminated,30,No,15.0
ENRUJDA7CNM,EMP00644,PLN5599,Compensatory Off,CO-PLAN-06,Unpaid,Annual,2023-05-22,2026-05-21,EMP00026,2023-05-22,Terminated,25,No,15.0
ENR1UJJZ9B5,EMP00645,PLN8610,Casual Leave,CL-PLAN-03,Statutory,Monthly,2022-08-23,2024-08-22,EMP00022,2022-08-23,Pending,25,No,15.0
ENR6PE6R3QE,EMP00645,PLN7536,Sick Leave,SL-PLAN-02,Statutory,One-Time,2021-02-10,2022-02-10,EMP00014,2021-02-10,Inactive,10,Yes,5.0
ENR69ZKNJVK,EMP00645,PLN5931,Unpaid Leave,UL-PLAN-07,Statutory,Per-Incident,2023-05-19,2026-05-18,EMP00031,2023-05-19,Inactive,12,Yes,0.0
ENRROFZFR4E,EMP00646,PLN2332,Annual Leave,AL-PLAN-01,Statutory,Monthly,2021-02-26,2024-02-26,EMP00017,2021-02-26,Terminated,30,Yes,15.0
ENRBPJIXD4C,EMP00646,PLN7552,Compensatory Off,CO-PLAN-06,Paid,Monthly,2022-12-17,2023-12-17,EMP00030,2022-12-17,Inactive,25,No,10.0
ENRI3U7866A,EMP00646,PLN1682,Paternity Leave,PL-PLAN-05,Statutory,Per-Incident,2021-10-22,2022-10-22,EMP00027,2021-10-22,Inactive,21,Yes,
ENR5BSO8LJM,EMP00647,PLN6946,Compensatory Off,CO-PLAN-06,Unpaid,Annual,2023-07-25,2024-07-24,EMP00002,2023-07-25,Terminated,12,Yes,15.0
ENRMF9NEQPH,EMP00647,PLN6944,Maternity Leave,ML-PLAN-04,Paid,Per-Incident,2021-02-28,2022-02-28,EMP00006,2021-02-28,Terminated,15,Yes,
ENR2G0BV2KM,EMP00647,PLN9542,Sick Leave,SL-PLAN-02,Unpaid,Annual,2023-02-08,2025-02-07,EMP00030,2023-02-08,Active,21,Yes,10.0
ENRECMJAAW1,EMP00648,PLN9904,Bereavement Leave,BL-PLAN-08,Unpaid,One-Time,2021-05-14,2023-05-14,EMP00044,2021-05-14,Terminated,20,Yes,5.0
ENRZHV86SYO,EMP00648,PLN3789,Unpaid Leave,UL-PLAN-07,Statutory,One-Time,2023-08-21,2024-08-20,EMP00026,2023-08-21,Pending,21,Yes,10.0
ENRU11NQFYV,EMP00648,PLN4807,Casual Leave,CL-PLAN-03,Unpaid,Per-Incident,2022-03-11,2023-03-11,EMP00020,2022-03-11,Pending,18,Yes,15.0
ENRE1SRP9OU,EMP00648,PLN5472,Compensatory Off,CO-PLAN-06,Statutory,One-Time,2023-06-03,2024-06-02,EMP00011,2023-06-03,Inactive,15,Yes,15.0
ENRY0JIZMA6,EMP00649,,Annual Leave,AL-PLAN-01,Unpaid,Monthly,NOT-A-DATE,2022-09-21,EMP00017,2022-10-21,Active,12,Yes,10.0
ENRU5CI0UZR,EMP00649,,Unpaid Leave,UL-PLAN-07,Statutory,One-Time,NOT-A-DATE,2022-02-20,EMP00036,2022-03-22,Active,21,Yes,
ENRN2CMRDC2,EMP00649,,Maternity Leave,ML-PLAN-04,Unpaid,Per-Incident,NOT-A-DATE,2022-05-21,EMP00039,2022-06-20,Inactive,18,Yes,0.0
ENRACWDDSQQ,EMP00650,PLN2336,Unpaid Leave,UL-PLAN-07,Unpaid,Per-Incident,2020-07-31,2022-07-31,EMP00016,2020-07-31,Pending,21,No,5.0
ENRP9BP5AAK,EMP00650,PLN9883,Sick Leave,SL-PLAN-02,Unpaid,Annual,2023-08-05,2026-08-04,EMP00050,2023-08-05,Active,30,Yes,15.0
ENRUV4EK6BC,EMP00651,PLN8200,Casual Leave,CL-PLAN-03,Statutory,One-Time,2022-05-31,2023-05-31,EMP00003,2022-05-31,Terminated,20,Yes,0.0
ENRPQ1W53TB,EMP00651,PLN1908,Sick Leave,SL-PLAN-02,Statutory,Annual,2022-12-26,2023-12-26,EMP00036,2022-12-26,Terminated,21,Yes,10.0
ENRMBRN44OB,EMP00651,PLN8851,Compensatory Off,CO-PLAN-06,Statutory,One-Time,2021-12-14,2022-12-14,EMP00049,2021-12-14,Terminated,12,Yes,0.0
ENRH2R5AG09,EMP00652,PLN5884,Casual Leave,CL-PLAN-03,Paid,Annual,2021-06-04,2024-06-03,EMP00025,2021-06-04,Inactive,21,No,15.0
ENR6QYDLZXH,EMP00652,PLN7944,Unpaid Leave,UL-PLAN-07,Statutory,Annual,2022-03-30,2024-03-29,EMP00039,2022-03-30,Pending,15,Yes,10.0
ENRY8I1X8V4,EMP00652,PLN2373,Annual Leave,AL-PLAN-01,Paid,Per-Incident,2022-12-15,2024-12-14,EMP00002,2022-12-15,Active,12,Yes,10.0
ENR969UZY6M,EMP00653,PLN2851,Maternity Leave,ML-PLAN-04,Unpaid,One-Time,2021-07-08,2024-07-07,EMP00008,2021-07-08,Terminated,10,Yes,0.0
ENR42HO9SU3,EMP00653,PLN8409,Sick Leave,SL-PLAN-02,Unpaid,One-Time,2020-08-11,2023-08-11,EMP00010,2020-08-11,Active,12,No,0.0
ENR95K0G1U6,EMP00653,PLN4133,Casual Leave,CL-PLAN-03,Paid,Monthly,2023-11-01,2025-10-31,EMP00044,2023-11-01,Active,30,Yes,5.0
ENRHCKAKVMJ,EMP00653,PLN5007,Annual Leave,AL-PLAN-01,Unpaid,Per-Incident,2023-01-18,2024-01-18,EMP00043,2023-01-18,Terminated,18,No,
ENRZKNBMGKN,EMP00654,PLN9482,Annual Leave,AL-PLAN-01,Paid,Annual,2021-02-16,2023-02-16,EMP00045,2021-02-16,Pending,30,Yes,5.0
ENRLILI6ENG,EMP00654,PLN3009,Bereavement Leave,BL-PLAN-08,Statutory,Monthly,2021-05-18,2024-05-17,EMP00036,2021-05-18,Active,30,No,
ENRWDB3HOM5,EMP00655,PLN9503,Casual Leave,CL-PLAN-03,Statutory,Annual,2021-02-06,2023-02-06,EMP00047,2021-02-06,Active,20,Yes,
ENRO4I4Q652,EMP00655,PLN3708,Annual Leave,AL-PLAN-01,Unpaid,Per-Incident,2020-04-11,2022-04-11,EMP00018,2020-04-11,Terminated,15,Yes,15.0
ENRVEYJUO4Z,EMP00656,PLN9646,Annual Leave,AL-PLAN-01,Paid,Monthly,2020-11-23,2021-11-23,EMP00030,2020-11-23,Terminated,20,No,15.0
ENR9YJ4B4DF,EMP00656,PLN1300,Bereavement Leave,BL-PLAN-08,Statutory,Per-Incident,2023-09-12,2024-09-11,EMP00016,2023-09-12,Terminated,21,Yes,0.0
ENRSAXF5QXY,EMP00657,,Bereavement Leave,BL-PLAN-08,Statutory,Annual,2022-01-26,2025-01-25,EMP00001,2022-01-26,Inactive,25,Yes,15.0
ENR33R2MSEX,EMP00657,,Sick Leave,SL-PLAN-02,Unpaid,Per-Incident,2020-06-14,2021-06-14,EMP00045,2020-06-14,Terminated,10,No,5.0
ENRU9X247T6,EMP00657,,Maternity Leave,ML-PLAN-04,Paid,Annual,2021-01-31,2022-01-31,EMP00005,2021-01-31,Active,21,Yes,10.0
ENR3O5FBCO5,EMP00657,,Paternity Leave,PL-PLAN-05,Statutory,Per-Incident,2022-01-07,2023-01-07,EMP00014,2022-01-07,Terminated,18,Yes,5.0
ENRSDKYN7T9,EMP00658,PLN1399,Compensatory Off,CO-PLAN-06,Paid,Per-Incident,2023-01-26,2026-01-25,EMP00013,2023-01-26,Active,20,No,10.0
ENR2ZHB6RFX,EMP00658,PLN5991,Casual Leave,CL-PLAN-03,Statutory,One-Time,2022-11-09,2024-11-08,EMP00028,2022-11-09,Active,10,Yes,0.0
ENRT2H5I35T,EMP00658,PLN4431,Bereavement Leave,BL-PLAN-08,Unpaid,Monthly,2021-12-25,2023-12-25,EMP00034,2021-12-25,Pending,30,No,15.0
ENR193EZTJR,EMP00659,PLN4032,Maternity Leave,ML-PLAN-04,Paid,Annual,2023-11-14,2026-11-13,EMP00021,2023-11-14,Pending,15,No,0.0
ENRLKD2487E,EMP00659,PLN5472,Bereavement Leave,BL-PLAN-08,Unpaid,Monthly,2020-12-28,2023-12-28,EMP00017,2020-12-28,Inactive,15,Yes,5.0
ENR1N71JLXE,EMP00659,PLN8005,Annual Leave,AL-PLAN-01,Statutory,One-Time,2021-03-27,2024-03-26,EMP00030,2021-03-27,Inactive,12,Yes,5.0
ENRR4XLBWQG,EMP00660,PLN8303,Compensatory Off,CO-PLAN-06,Unpaid,Monthly,2021-07-22,2023-07-22,EMP00024,2021-07-22,Pending,15,No,0.0
ENR8MEYBK38,EMP00660,PLN4757,Unpaid Leave,UL-PLAN-07,Paid,Annual,2021-01-07,2024-01-07,EMP00029,2021-01-07,Inactive,12,Yes,15.0
ENRRZG6GDHR,EMP00660,PLN5288,Paternity Leave,PL-PLAN-05,Statutory,Annual,2021-10-22,2022-10-22,EMP00010,2021-10-22,Terminated,18,No,10.0
ENRURGE9ST0,EMP00661,PLN9184,Annual Leave,INVALID_PLAN_XXX,Unpaid,Per-Incident,NOT-A-DATE,2022-04-18,EMP00006,2020-04-18,Terminated,-5,Yes,
ENRN48GCHZQ,EMP00661,PLN7782,Casual Leave,INVALID_PLAN_XXX,Unpaid,Monthly,NOT-A-DATE,2023-02-28,EMP00021,2021-02-28,Active,-5,Yes,0.0
ENRLZ0BHGOH,EMP00661,PLN8136,Bereavement Leave,INVALID_PLAN_XXX,Unpaid,Monthly,NOT-A-DATE,2024-03-17,EMP00023,2021-03-18,Active,-5,Yes,15.0
ENR3OOJ9CQI,EMP00661,PLN4498,Sick Leave,INVALID_PLAN_XXX,Paid,Monthly,NOT-A-DATE,2023-09-26,EMP00010,2020-09-26,Terminated,-5,Yes,
ENR3K4FBR8Z,EMP00662,PLN1216,Casual Leave,CL-PLAN-03,Statutory,Per-Incident,2022-12-15,2024-12-14,EMP00021,2022-12-15,Inactive,30,Yes,10.0
ENRLH1HJYGQ,EMP00662,PLN9663,Sick Leave,SL-PLAN-02,Statutory,One-Time,2021-06-16,2024-06-15,EMP00009,2021-06-16,Inactive,20,Yes,5.0
ENRFPP2BJT4,EMP00662,PLN3845,Paternity Leave,PL-PLAN-05,Unpaid,Monthly,2021-10-18,2024-10-17,EMP00027,2021-10-18,Inactive,10,No,0.0
ENRRV8BSMY4,EMP00663,PLN2813,Bereavement Leave,BL-PLAN-08,Unpaid,Annual,2021-01-16,2022-01-16,EMP00039,2021-01-16,Pending,15,No,0.0
ENRRZEGD2PE,EMP00663,PLN8602,Sick Leave,SL-PLAN-02,Paid,Annual,2022-06-14,2024-06-13,EMP00044,2022-06-14,Pending,30,No,0.0
ENR2JA5BTBG,EMP00663,PLN4605,Annual Leave,AL-PLAN-01,Unpaid,Annual,2023-09-07,2026-09-06,EMP00010,2023-09-07,Pending,20,Yes,10.0
ENRFWCZE6R0,EMP00664,PLN4567,Paternity Leave,PL-PLAN-05,Unpaid,Per-Incident,2020-06-12,2022-06-12,EMP00011,2020-06-12,Terminated,20,Yes,10.0
ENRQHOTK0RH,EMP00664,PLN6233,Unpaid Leave,UL-PLAN-07,Unpaid,Per-Incident,2020-06-18,2023-06-18,EMP00033,2020-06-18,Inactive,18,Yes,0.0
ENRAFLUX3OY,EMP00664,PLN2319,Maternity Leave,ML-PLAN-04,Paid,Annual,2022-06-09,2025-06-08,EMP00035,2022-06-09,Pending,18,Yes,10.0
ENRQTHK3GCP,EMP00665,,Bereavement Leave,BL-PLAN-08,Paid,Annual,2022-01-16,2023-01-16,EMP00013,2022-01-16,Active,20,Yes,0.0
ENR5Z5PAZIJ,EMP00665,,Annual Leave,AL-PLAN-01,Statutory,Per-Incident,2020-10-05,2023-10-05,EMP00006,2020-10-05,Pending,12,Yes,10.0
ENRKK3O6HXV,,PLN5517,Unpaid Leave,UL-PLAN-07,Paid,Per-Incident,2023-12-09,2026-12-08,EMP00040,2023-12-09,Active,15,No,5.0
ENRHGC69KXY,,PLN6423,Maternity Leave,ML-PLAN-04,Paid,Per-Incident,2023-05-11,2025-05-10,EMP00018,2023-05-11,Pending,21,No,0.0
ENRKLD2IBC1,,PLN4058,Annual Leave,AL-PLAN-01,Unpaid,One-Time,2020-09-29,2022-09-29,EMP00038,2020-09-29,Active,18,Yes,0.0
ENR1NRLT5WR,,PLN9906,Compensatory Off,CO-PLAN-06,Unpaid,One-Time,2021-12-12,2023-12-12,EMP00043,2021-12-12,Active,12,Yes,10.0
ENR9PR5WS3J,EMP00667,PLN6022,Sick Leave,SL-PLAN-02,Unpaid,One-Time,2022-05-25,2022-04-25,EMP00011,2022-05-25,Active,18,Yes,0.0
ENRSYNC5TZZ,EMP00667,PLN3276,Bereavement Leave,BL-PLAN-08,Statutory,One-Time,2020-02-06,2020-01-07,EMP00042,2020-02-06,Terminated,18,No,
ENR91O7TI38,EMP00668,PLN2769,Unpaid Leave,UL-PLAN-07,Paid,Per-Incident,2020-10-06,2023-10-06,EMP00026,2020-10-06,Active,18,Yes,5.0
ENR4GVHQFYO,EMP00668,PLN5178,Maternity Leave,ML-PLAN-04,Unpaid,One-Time,2023-12-01,2024-11-30,EMP00029,2023-12-01,Active,25,Yes,5.0
ENR9NWLF8D8,EMP00669,PLN8240,Bereavement Leave,BL-PLAN-08,Unpaid,Monthly,2022-05-23,2023-05-23,EMP00042,2022-05-23,Inactive,18,No,5.0
ENR4UZRWXQ8,EMP00669,PLN3761,Annual Leave,AL-PLAN-01,Paid,Per-Incident,2021-04-15,2023-04-15,EMP00048,2021-04-15,Active,20,No,0.0
ENRMNFSA3DA,EMP00669,PLN8600,Compensatory Off,CO-PLAN-06,Unpaid,Annual,2023-02-15,2026-02-14,EMP00047,2023-02-15,Active,15,Yes,15.0
ENR768CMQ82,EMP00670,PLN5094,Maternity Leave,ML-PLAN-04,Unpaid,Annual,2023-06-25,2025-06-24,EMP00017,2023-06-25,Pending,15,Yes,0.0
ENRAYFMUZT8,EMP00670,PLN1221,Unpaid Leave,UL-PLAN-07,Unpaid,Per-Incident,2021-07-26,2024-07-25,EMP00001,2021-07-26,Inactive,10,Yes,
ENR4KR9TURF,EMP00670,PLN3454,Casual Leave,CL-PLAN-03,Statutory,Annual,2020-06-26,2022-06-26,EMP00044,2020-06-26,Inactive,21,No,
ENRVXCTFL87,EMP00670,PLN5393,Annual Leave,AL-PLAN-01,Unpaid,Monthly,2023-08-03,2025-08-02,EMP00018,2023-08-03,Pending,21,Yes,15.0
ENR63ZXJF5J,EMP00671,PLN9394,Casual Leave,CL-PLAN-03,Paid,Annual,2022-05-01,2024-04-30,EMP00032,2022-05-01,Terminated,18,No,10.0
ENRB9S3N8R8,EMP00671,PLN8926,Bereavement Leave,BL-PLAN-08,Statutory,One-Time,2020-10-20,2023-10-20,EMP00043,2020-10-20,Terminated,12,No,
ENRMJFK5TTM,EMP00671,PLN4539,Paternity Leave,PL-PLAN-05,Statutory,Annual,2021-01-28,2023-01-28,EMP00038,2021-01-28,Inactive,18,No,15.0
ENR009VV4O0,EMP00671,PLN7581,Sick Leave,SL-PLAN-02,Unpaid,Per-Incident,2023-04-19,2024-04-18,EMP00025,2023-04-19,Pending,15,Yes,
ENRMYSZ1C7H,EMP00672,PLN3431,Compensatory Off,CO-PLAN-06,Statutory,One-Time,2020-04-23,2022-04-23,EMP00011,2020-04-23,Terminated,20,Yes,5.0
ENR307NQZM5,EMP00672,PLN6469,Maternity Leave,ML-PLAN-04,Statutory,Monthly,2021-05-21,2022-05-21,EMP00025,2021-05-21,Terminated,20,No,
ENRQFYKBL21,EMP00672,PLN6577,Unpaid Leave,UL-PLAN-07,Unpaid,Annual,2020-03-31,2023-03-31,EMP00007,2020-03-31,Terminated,21,No,15.0
ENRDQ4UZG4D,EMP00672,PLN7769,Bereavement Leave,BL-PLAN-08,Paid,One-Time,2021-08-26,2024-08-25,EMP00041,2021-08-26,Pending,30,Yes,15.0
ENR8FJUKX8U,EMP00673,,Unpaid Leave,UL-PLAN-07,Statutory,Monthly,NOT-A-DATE,2023-07-21,EMP00011,2022-07-21,Active,30,Yes,5.0
ENR10U1Q3EY,EMP00673,,Casual Leave,CL-PLAN-03,Unpaid,Per-Incident,NOT-A-DATE,2025-10-05,EMP00012,2022-10-06,Inactive,18,Yes,
ENRJK5C5IH4,EMP00673,,Maternity Leave,ML-PLAN-04,Unpaid,Annual,NOT-A-DATE,2021-10-04,EMP00029,2020-10-04,Inactive,12,Yes,5.0
ENR73W55H5I,EMP00674,PLN6253,Casual Leave,CL-PLAN-03,Unpaid,Monthly,2022-05-09,2023-05-09,EMP00025,2022-05-09,Terminated,12,No,15.0
ENRTZVG93J9,EMP00674,PLN5743,Maternity Leave,ML-PLAN-04,Paid,Per-Incident,2021-08-25,2023-08-25,EMP00011,2021-08-25,Pending,15,Yes,5.0
ENRTJAFV2BF,EMP00674,PLN9723,Compensatory Off,CO-PLAN-06,Unpaid,Per-Incident,2021-12-11,2023-12-11,EMP00050,2021-12-11,Pending,12,Yes,
ENRZFBRNPT1,EMP00674,PLN8806,Bereavement Leave,BL-PLAN-08,Paid,One-Time,2021-10-12,2024-10-11,EMP00006,2021-10-12,Pending,21,Yes,0.0
ENRLYIW45BI,EMP00675,PLN7430,Sick Leave,SL-PLAN-02,Unpaid,Annual,2021-10-10,2024-10-09,EMP00042,2021-10-10,Active,21,Yes,10.0
ENR7U0Z8SKA,EMP00675,PLN8828,Paternity Leave,PL-PLAN-05,Unpaid,Annual,2020-03-14,2021-03-14,EMP00026,2020-03-14,Active,15,No,0.0
ENRSLJPLOZ4,EMP00676,PLN1335,Unpaid Leave,UL-PLAN-07,Statutory,Per-Incident,2021-08-12,2024-08-11,EMP00034,2021-08-12,Terminated,25,Yes,10.0
ENRLMGL5VSI,EMP00676,PLN8723,Casual Leave,CL-PLAN-03,Unpaid,Annual,2023-10-05,2024-10-04,EMP00009,2023-10-05,Active,12,Yes,5.0
ENROQROSSWL,EMP00676,PLN3541,Annual Leave,AL-PLAN-01,Statutory,One-Time,2022-12-23,2025-12-22,EMP00025,2022-12-23,Inactive,12,Yes,5.0
ENRJ3G2B99F,EMP00676,PLN2600,Maternity Leave,ML-PLAN-04,Unpaid,One-Time,2022-04-06,2025-04-05,EMP00019,2022-04-06,Terminated,10,No,10.0
ENR04ZX56PQ,EMP00677,PLN9041,Casual Leave,CL-PLAN-03,Statutory,Monthly,2022-09-05,2025-09-04,EMP00038,2022-09-05,Pending,15,No,
ENR5WW5XP7Y,EMP00677,PLN2297,Unpaid Leave,UL-PLAN-07,Unpaid,Annual,2023-09-12,2024-09-11,EMP00040,2023-09-12,Pending,15,Yes,
ENRYGTU3PLE,EMP00677,PLN5126,Paternity Leave,PL-PLAN-05,Statutory,Annual,2021-11-06,2022-11-06,EMP00041,2021-11-06,Terminated,12,Yes,0.0
ENRARL2FC33,EMP00677,PLN6151,Sick Leave,SL-PLAN-02,Statutory,One-Time,2023-04-01,2025-03-31,EMP00035,2023-04-01,Inactive,10,Yes,15.0
ENR06FDKHF1,EMP00678,PLN6178,Paternity Leave,PL-PLAN-05,Statutory,One-Time,2021-12-15,2024-12-14,EMP00001,2021-12-15,Pending,21,Yes,10.0
ENR3CECC12J,EMP00678,PLN8597,Casual Leave,CL-PLAN-03,Unpaid,Annual,2023-05-12,2024-05-11,EMP00011,2023-05-12,Terminated,15,Yes,5.0
ENRL4FWH1VB,EMP00678,PLN9368,Annual Leave,AL-PLAN-01,Unpaid,Annual,2021-09-13,2022-09-13,EMP00035,2021-09-13,Inactive,25,No,0.0
ENR93ISOXSU,EMP00678,PLN7210,Maternity Leave,ML-PLAN-04,Statutory,Annual,2020-12-14,2022-12-14,EMP00032,2020-12-14,Active,20,Yes,0.0
ENRW9K14OCE,EMP00679,PLN4475,Paternity Leave,PL-PLAN-05,Unpaid,Per-Incident,2021-10-12,2023-10-12,EMP00034,2021-10-12,Inactive,20,Yes,0.0
ENRWMY71CSO,EMP00679,PLN4309,Bereavement Leave,BL-PLAN-08,Unpaid,Annual,2020-02-21,2022-02-20,EMP00027,2020-02-21,Terminated,12,Yes,0.0
ENR6PJTMIB6,EMP00680,PLN1322,Annual Leave,AL-PLAN-01,Paid,Annual,2022-07-19,2023-07-19,EMP00008,2022-07-19,Terminated,25,Yes,10.0
ENRRNTG0G0M,EMP00680,PLN7110,Maternity Leave,ML-PLAN-04,Unpaid,Per-Incident,2021-09-13,2022-09-13,EMP00006,2021-09-13,Terminated,25,Yes,0.0
ENRPW5XXU69,EMP00680,PLN4927,Unpaid Leave,UL-PLAN-07,Statutory,One-Time,2021-06-14,2022-06-14,EMP00018,2021-06-14,Active,30,Yes,0.0
ENREBSZ6XGX,EMP00680,PLN6810,Bereavement Leave,BL-PLAN-08,Paid,Per-Incident,2020-03-11,2021-03-11,EMP00022,2020-03-11,Active,15,Yes,0.0
ENRE8RDXUD9,EMP00681,,Maternity Leave,ML-PLAN-04,Unpaid,Annual,2021-06-05,2024-06-04,EMP00038,2035-01-01,Active,25,Yes,
ENRQU8YP1JV,EMP00681,,Annual Leave,AL-PLAN-01,Unpaid,Annual,2021-10-29,2024-10-28,EMP00036,2035-01-01,Terminated,30,Yes,15.0
ENROV32DXCS,EMP00681,,Casual Leave,CL-PLAN-03,Unpaid,One-Time,2021-10-21,2023-10-21,EMP00036,2035-01-01,Inactive,18,Yes,10.0
ENRUMAZCK7A,EMP00682,PLN2534,Compensatory Off,CO-PLAN-06,Unpaid,One-Time,2022-01-01,2023-01-01,EMP00006,2022-01-01,Terminated,10,Yes,15.0
ENRXPMCSZVE,EMP00682,PLN2906,Maternity Leave,ML-PLAN-04,Unpaid,Annual,2023-03-17,2025-03-16,EMP00029,2023-03-17,Pending,18,Yes,15.0
ENRJ0SOGT83,EMP00682,PLN1457,Bereavement Leave,BL-PLAN-08,Statutory,One-Time,2022-12-09,2024-12-08,EMP00021,2022-12-09,Terminated,30,Yes,0.0
ENRVBPMK2WA,EMP00683,PLN1466,Casual Leave,INVALID_PLAN_XXX,Paid,One-Time,2023-04-24,2024-04-23,EMP00017,2023-04-24,Inactive,25,Yes,5.0
ENRG9US38ON,EMP00683,PLN5773,Compensatory Off,INVALID_PLAN_XXX,Paid,Per-Incident,2021-09-27,2023-09-27,EMP00037,2021-09-27,Terminated,20,No,15.0
ENRUG4LNAIF,EMP00684,PLN1087,Annual Leave,AL-PLAN-01,Unpaid,One-Time,2020-03-24,2022-03-24,EMP00019,2020-03-24,Inactive,18,No,15.0
ENRL0QVOV0Y,EMP00684,PLN4738,Unpaid Leave,UL-PLAN-07,Statutory,Annual,2021-06-03,2022-06-03,EMP00045,2021-06-03,Terminated,20,Yes,5.0
ENRJ1E89ON4,EMP00685,PLN1651,Paternity Leave,PL-PLAN-05,Unpaid,One-Time,NOT-A-DATE,2022-05-31,EMP00045,2022-06-30,Pending,21,Yes,15.0
ENRU0932GCV,EMP00685,PLN8124,Maternity Leave,ML-PLAN-04,Paid,Per-Incident,NOT-A-DATE,2022-07-01,EMP00039,2022-07-31,Terminated,18,Yes,0.0
ENRT9QQPEY0,EMP00685,PLN1384,Bereavement Leave,BL-PLAN-08,Statutory,Per-Incident,NOT-A-DATE,2023-01-17,EMP00003,2023-02-16,Active,15,Yes,0.0
ENR37TV4ZWI,EMP00686,PLN3621,Bereavement Leave,BL-PLAN-08,Unpaid,Monthly,2022-04-01,2024-03-31,EMP00047,2022-04-01,Inactive,12,Yes,
ENRSYE29SHE,EMP00686,PLN8831,Maternity Leave,ML-PLAN-04,Paid,Per-Incident,2023-07-30,2026-07-29,EMP00025,2023-07-30,Active,18,Yes,15.0
ENRRF10R3MD,EMP00686,PLN7941,Compensatory Off,CO-PLAN-06,Statutory,Monthly,2022-10-27,2023-10-27,EMP00026,2022-10-27,Terminated,15,Yes,10.0
ENR0BV6EGP8,EMP00686,PLN1047,Casual Leave,CL-PLAN-03,Paid,Monthly,2021-09-28,2024-09-27,EMP00020,2021-09-28,Active,25,Yes,
ENR0EUKHYK2,EMP00687,PLN9912,Sick Leave,SL-PLAN-02,Paid,Monthly,2023-07-25,2026-07-24,EMP00028,2023-07-25,Pending,10,No,0.0
ENRFAN6SGMA,EMP00687,PLN8911,Annual Leave,AL-PLAN-01,Statutory,Per-Incident,2021-07-10,2024-07-09,EMP00037,2021-07-10,Inactive,30,Yes,0.0
ENRYTU2WU7W,EMP00687,PLN4328,Bereavement Leave,BL-PLAN-08,Unpaid,Per-Incident,2023-05-03,2025-05-02,EMP00018,2023-05-03,Pending,10,Yes,5.0
ENRMFGNHC48,EMP00687,PLN8850,Casual Leave,CL-PLAN-03,Paid,One-Time,2022-10-14,2023-10-14,EMP00047,2022-10-14,Inactive,25,Yes,10.0
ENR0GGO60NA,EMP00688,PLN6828,Casual Leave,CL-PLAN-03,Unpaid,Monthly,2020-11-29,2021-11-29,EMP00033,2020-11-29,Inactive,21,Yes,
ENRJO4L3T3R,EMP00688,PLN3285,Sick Leave,SL-PLAN-02,Statutory,Monthly,2021-10-09,2024-10-08,EMP00002,2021-10-09,Terminated,10,No,15.0
ENREKSSS8WP,EMP00688,PLN3236,Paternity Leave,PL-PLAN-05,Unpaid,Per-Incident,2020-04-27,2022-04-27,EMP00014,2020-04-27,Terminated,25,Yes,5.0
ENRWNJED8YR,EMP00689,,Bereavement Leave,BL-PLAN-08,Statutory,Monthly,2022-08-30,2025-08-29,EMP00044,2022-08-30,Inactive,21,No,10.0
ENR3WLY60JS,EMP00689,,Casual Leave,CL-PLAN-03,Paid,One-Time,2023-07-30,2024-07-29,EMP00014,2023-07-30,Terminated,10,No,0.0
ENRO7E1THFN,EMP00689,,Compensatory Off,CO-PLAN-06,Statutory,One-Time,2020-05-02,2021-05-02,EMP00036,2020-05-02,Inactive,18,Yes,10.0
ENRCFA5O1UC,EMP00690,PLN6360,Annual Leave,AL-PLAN-01,Paid,Per-Incident,2020-06-30,2023-06-30,EMP00001,2020-06-30,Inactive,18,Yes,15.0
ENRQBS0UZGA,EMP00690,PLN1864,Paternity Leave,PL-PLAN-05,Unpaid,Per-Incident,2021-08-04,2023-08-04,EMP00010,2021-08-04,Inactive,10,Yes,
ENRXKU21S30,EMP00690,PLN8363,Maternity Leave,ML-PLAN-04,Statutory,Per-Incident,2020-08-30,2022-08-30,EMP00019,2020-08-30,Active,18,Yes,5.0
ENRDOF0XRM7,EMP00691,PLN7776,Compensatory Off,CO-PLAN-06,Statutory,Annual,2020-06-28,2022-06-28,EMP00030,2020-06-28,Pending,-5,No,10.0
ENR93JGRISO,EMP00691,PLN6285,Sick Leave,SL-PLAN-02,Statutory,One-Time,2022-08-08,2024-08-07,EMP00015,2022-08-08,Terminated,-5,Yes,0.0
ENRVTOITVL5,EMP00692,PLN1075,Maternity Leave,ML-PLAN-04,Paid,Annual,2020-05-11,2023-05-11,EMP00041,2020-05-11,Active,30,No,
ENREOKUHMIX,EMP00692,PLN3805,Unpaid Leave,UL-PLAN-07,Statutory,Monthly,2023-10-27,2024-10-26,EMP00016,2023-10-27,Inactive,30,No,
ENRKKUMM1SP,EMP00692,PLN5715,Annual Leave,AL-PLAN-01,Statutory,Per-Incident,2022-09-30,2023-09-30,EMP00042,2022-09-30,Terminated,20,Yes,
ENRR825T1XQ,EMP00692,PLN6589,Casual Leave,CL-PLAN-03,Unpaid,Monthly,2021-01-06,2024-01-06,EMP00036,2021-01-06,Active,30,Yes,15.0
ENRSLRQPZGN,EMP00693,PLN3876,Bereavement Leave,BL-PLAN-08,Statutory,Per-Incident,2021-08-30,2024-08-29,EMP00040,2021-08-30,Terminated,15,Yes,
ENRD7NVJ0S8,EMP00693,PLN2662,Annual Leave,AL-PLAN-01,Statutory,Monthly,2021-04-29,2023-04-29,EMP00011,2021-04-29,Active,18,No,10.0
ENRE6AH8MGZ,EMP00694,PLN6990,Sick Leave,SL-PLAN-02,Paid,Annual,2022-06-18,2025-06-17,EMP00004,2022-06-18,Terminated,20,No,10.0
ENRYV4ZZW9H,EMP00694,PLN6512,Bereavement Leave,BL-PLAN-08,Unpaid,Monthly,2023-01-20,2025-01-19,EMP00023,2023-01-20,Active,12,Yes,10.0
ENRB62DH1V0,EMP00695,PLN8734,Bereavement Leave,BL-PLAN-08,Unpaid,Monthly,2023-07-12,2024-07-11,EMP00025,2023-07-12,Active,20,Yes,15.0
ENRZV34KPA1,EMP00695,PLN6829,Unpaid Leave,UL-PLAN-07,Statutory,Monthly,2020-04-01,2022-04-01,EMP00001,2020-04-01,Active,18,Yes,
ENRR3FY9VP9,EMP00696,PLN9114,Maternity Leave,ML-PLAN-04,Unpaid,Annual,2022-01-23,2024-01-23,EMP00010,2022-01-23,Inactive,30,Yes,
ENREZHPI9Z4,EMP00696,PLN4114,Annual Leave,AL-PLAN-01,Statutory,One-Time,2020-10-13,2023-10-13,EMP00022,2020-10-13,Active,21,No,10.0
ENRYQ2ZODML,EMP00697,,Annual Leave,AL-PLAN-01,Paid,Per-Incident,NOT-A-DATE,2021-03-22,EMP00011,2020-03-22,Terminated,21,Yes,0.0
ENR5D4S6T0W,EMP00697,,Sick Leave,SL-PLAN-02,Unpaid,Annual,NOT-A-DATE,2023-11-19,EMP00042,2021-11-19,Active,20,Yes,
ENR6INA3W18,EMP00698,PLN5531,Maternity Leave,ML-PLAN-04,Unpaid,One-Time,2023-01-03,2025-01-02,EMP00029,2023-01-03,Inactive,12,Yes,
ENRFVFKXZ8U,EMP00698,PLN2805,Casual Leave,CL-PLAN-03,Statutory,Annual,2020-04-30,2021-04-30,EMP00023,2020-04-30,Inactive,21,Yes,10.0
ENRQ7KVUV3O,EMP00699,PLN2929,Casual Leave,CL-PLAN-03,Unpaid,Per-Incident,2022-12-17,2023-12-17,EMP00005,2022-12-17,Pending,30,Yes,
ENR0PJ2YA34,EMP00699,PLN4181,Bereavement Leave,BL-PLAN-08,Paid,Per-Incident,2023-05-12,2024-05-11,EMP00012,2023-05-12,Pending,10,Yes,0.0
ENREP3T8PDK,EMP00699,PLN5163,Unpaid Leave,UL-PLAN-07,Unpaid,Per-Incident,2022-01-02,2025-01-01,EMP00018,2022-01-02,Active,20,Yes,10.0
ENRA3H0YNYH,EMP00699,PLN2621,Sick Leave,SL-PLAN-02,Statutory,Monthly,2022-07-27,2023-07-27,EMP00049,2022-07-27,Inactive,25,No,10.0
ENRRIYTRFJL,EMP00700,PLN9467,Unpaid Leave,UL-PLAN-07,Paid,One-Time,2023-08-09,2024-08-08,EMP00004,2023-08-09,Active,18,Yes,
ENRLT118O0C,EMP00700,PLN6793,Paternity Leave,PL-PLAN-05,Unpaid,One-Time,2023-04-16,2026-04-15,EMP00028,2023-04-16,Terminated,30,Yes,
ENR6NBC6B7S,EMP00700,PLN6740,Annual Leave,AL-PLAN-01,Statutory,One-Time,2020-01-17,2023-01-16,EMP00048,2020-01-17,Inactive,25,No,0.0
ENRW1TFJJXJ,EMP00700,PLN3802,Maternity Leave,ML-PLAN-04,Statutory,Annual,2023-08-03,2026-08-02,EMP00025,2023-08-03,Pending,30,Yes,10.0
ENRI25S2SES,,PLN1495,Sick Leave,SL-PLAN-02,Paid,One-Time,2020-08-21,2023-08-21,EMP00009,2020-08-21,Terminated,10,Yes,15.0
ENR1OHMIPR5,,PLN9966,Bereavement Leave,BL-PLAN-08,Unpaid,Per-Incident,2023-03-13,2024-03-12,EMP00050,2023-03-13,Pending,18,Yes,15.0
ENRWD90U91J,,PLN6751,Maternity Leave,ML-PLAN-04,Statutory,Monthly,2021-04-21,2024-04-20,EMP00037,2021-04-21,Active,12,Yes,10.0
ENR3LB9K9DU,EMP00702,PLN5545,Sick Leave,SL-PLAN-02,Unpaid,Annual,2022-10-07,2024-10-06,EMP00012,2022-10-07,Active,25,Yes,15.0
ENRT5B9XFFZ,EMP00702,PLN1797,Bereavement Leave,BL-PLAN-08,Statutory,Per-Incident,2021-04-17,2024-04-16,EMP00028,2021-04-17,Active,21,Yes,10.0
ENRBDSBX9KE,EMP00702,PLN7110,Compensatory Off,CO-PLAN-06,Statutory,Annual,2020-04-23,2023-04-23,EMP00018,2020-04-23,Pending,21,Yes,0.0
ENRNY3O9GH6,EMP00703,PLN5535,Annual Leave,AL-PLAN-01,Unpaid,Monthly,2023-05-14,2023-04-14,EMP00032,2023-05-14,Pending,20,Yes,0.0
ENRT6EI6AFN,EMP00703,PLN9688,Casual Leave,CL-PLAN-03,Statutory,Per-Incident,2023-07-19,2023-06-19,EMP00037,2023-07-19,Terminated,30,No,5.0
ENR1L6PDGSB,EMP00703,PLN7325,Paternity Leave,PL-PLAN-05,Paid,Per-Incident,2021-07-05,2021-06-05,EMP00017,2021-07-05,Active,10,Yes,0.0
ENR8CHJ2QYM,EMP00703,PLN5727,Unpaid Leave,UL-PLAN-07,Statutory,Annual,2020-04-17,2020-03-18,EMP00045,2020-04-17,Terminated,10,No,
ENRA9I8CHTF,EMP00704,PLN3942,Maternity Leave,ML-PLAN-04,Paid,One-Time,2022-02-26,2025-02-25,EMP00043,2022-02-26,Pending,10,Yes,0.0
ENRTGHAOEMO,EMP00704,PLN9424,Compensatory Off,CO-PLAN-06,Paid,Per-Incident,2023-09-17,2024-09-16,EMP00050,2023-09-17,Pending,25,Yes,0.0
ENRJK1JB94X,EMP00704,PLN1881,Paternity Leave,PL-PLAN-05,Paid,Annual,2022-08-02,2025-08-01,EMP00047,2022-08-02,Active,25,Yes,0.0
ENRBLVDL661,EMP00705,,Compensatory Off,INVALID_PLAN_XXX,Statutory,Annual,2020-05-01,2021-05-01,EMP00015,2020-05-01,Active,15,Yes,0.0
ENRDVAWTXLZ,EMP00705,,Casual Leave,INVALID_PLAN_XXX,Statutory,Annual,2022-02-18,2023-02-18,EMP00022,2022-02-18,Terminated,18,Yes,10.0
ENRD9HBL5ZK,EMP00705,,Paternity Leave,INVALID_PLAN_XXX,Statutory,Monthly,2022-11-15,2024-11-14,EMP00020,2022-11-15,Pending,12,Yes,10.0
ENRMN86ZZK4,EMP00706,PLN2124,Unpaid Leave,UL-PLAN-07,Paid,Per-Incident,2023-05-20,2026-05-19,EMP00007,2023-05-20,Inactive,10,Yes,0.0
ENRTW6ET932,EMP00706,PLN9319,Paternity Leave,PL-PLAN-05,Unpaid,One-Time,2022-10-10,2024-10-09,EMP00018,2022-10-10,Pending,12,Yes,
ENRU94EZ3NG,EMP00707,PLN6321,Compensatory Off,CO-PLAN-06,Unpaid,Annual,2022-11-24,2023-11-24,EMP00001,2022-11-24,Inactive,25,Yes,
ENR507VL3QF,EMP00707,PLN2501,Unpaid Leave,UL-PLAN-07,Unpaid,One-Time,2022-10-10,2025-10-09,EMP00038,2022-10-10,Active,25,Yes,0.0
ENR5BO4EF3X,EMP00708,PLN6246,Casual Leave,CL-PLAN-03,Unpaid,One-Time,2023-06-02,2026-06-01,EMP00026,2023-06-02,Active,10,Yes,10.0
ENR78G850WY,EMP00708,PLN1223,Annual Leave,AL-PLAN-01,Statutory,Annual,2022-08-22,2024-08-21,EMP00030,2022-08-22,Terminated,21,Yes,15.0
ENRJAZH31Z8,EMP00709,PLN1046,Maternity Leave,ML-PLAN-04,Statutory,Per-Incident,NOT-A-DATE,2022-07-04,EMP00032,2021-07-04,Terminated,15,Yes,5.0
ENR4CWR51K0,EMP00709,PLN3335,Sick Leave,SL-PLAN-02,Statutory,One-Time,NOT-A-DATE,2025-09-24,EMP00046,2022-09-25,Inactive,15,No,15.0
ENR2ONBG93W,EMP00709,PLN8989,Bereavement Leave,BL-PLAN-08,Paid,Per-Incident,NOT-A-DATE,2022-03-14,EMP00048,2021-03-14,Active,30,No,0.0
ENRQGBI7GTM,EMP00710,PLN7683,Casual Leave,CL-PLAN-03,Statutory,Annual,2022-07-12,2025-07-11,EMP00013,2022-07-12,Inactive,25,Yes,15.0
ENRXB3L2E7A,EMP00710,PLN9707,Paternity Leave,PL-PLAN-05,Paid,Monthly,2021-06-26,2023-06-26,EMP00019,2021-06-26,Active,10,Yes,0.0
ENRC65JZ94V,EMP00710,PLN3060,Compensatory Off,CO-PLAN-06,Paid,Monthly,2020-01-23,2023-01-22,EMP00016,2020-01-23,Active,30,Yes,
ENR59VDAW9H,EMP00711,PLN9581,Compensatory Off,CO-PLAN-06,Unpaid,Monthly,2021-07-18,2023-07-18,EMP00029,2021-07-18,Inactive,20,Yes,5.0
ENRSGI2051F,EMP00711,PLN8707,Casual Leave,CL-PLAN-03,Unpaid,One-Time,2022-03-22,2024-03-21,EMP00020,2022-03-22,Terminated,15,No,
ENRDW36XONQ,EMP00712,PLN8506,Annual Leave,AL-PLAN-01,Unpaid,Monthly,2020-03-02,2021-03-02,EMP00006,2020-03-02,Terminated,21,No,5.0
ENRG3CT7XHN,EMP00712,PLN6821,Casual Leave,CL-PLAN-03,Unpaid,Monthly,2021-04-17,2022-04-17,EMP00043,2021-04-17,Inactive,20,Yes,0.0
ENRBU56LTJI,EMP00713,,Compensatory Off,CO-PLAN-06,Paid,One-Time,2020-03-04,2023-03-04,EMP00016,2020-03-04,Pending,15,Yes,10.0
ENR2RRQPAM0,EMP00713,,Unpaid Leave,UL-PLAN-07,Statutory,Monthly,2022-10-17,2024-10-16,EMP00022,2022-10-17,Pending,18,Yes,0.0
ENRYRP768TE,EMP00713,,Paternity Leave,PL-PLAN-05,Statutory,Monthly,2022-02-16,2024-02-16,EMP00023,2022-02-16,Pending,21,Yes,15.0
ENRQN5EP9V2,EMP00713,,Sick Leave,SL-PLAN-02,Paid,Monthly,2022-06-30,2024-06-29,EMP00039,2022-06-30,Active,18,Yes,15.0
ENRHOA4XYW1,EMP00714,PLN9248,Sick Leave,SL-PLAN-02,Unpaid,One-Time,2022-09-01,2024-08-31,EMP00018,2022-09-01,Inactive,18,No,10.0
ENRLW3OJMC5,EMP00714,PLN2483,Maternity Leave,ML-PLAN-04,Paid,One-Time,2022-04-26,2023-04-26,EMP00012,2022-04-26,Inactive,12,Yes,10.0
ENRQCGNREYH,EMP00714,PLN8807,Compensatory Off,CO-PLAN-06,Statutory,One-Time,2022-07-30,2025-07-29,EMP00027,2022-07-30,Pending,18,Yes,15.0
ENRFRPNY7XM,EMP00714,PLN8361,Bereavement Leave,BL-PLAN-08,Statutory,Per-Incident,2022-11-09,2025-11-08,EMP00043,2022-11-09,Inactive,30,No,5.0
ENR4J8EYPT7,EMP00715,PLN7857,Sick Leave,SL-PLAN-02,Paid,One-Time,2021-06-22,2022-06-22,EMP00016,2021-06-22,Terminated,21,Yes,
ENRX6AL1ZVX,EMP00715,PLN1280,Unpaid Leave,UL-PLAN-07,Unpaid,Per-Incident,2021-01-15,2022-01-15,EMP00044,2021-01-15,Pending,12,No,5.0
ENRVESQBVPC,EMP00715,PLN8952,Compensatory Off,CO-PLAN-06,Paid,Per-Incident,2022-11-28,2025-11-27,EMP00006,2022-11-28,Pending,12,No,
ENRMCVR2L88,EMP00716,PLN9841,Unpaid Leave,UL-PLAN-07,Paid,One-Time,2021-08-25,2024-08-24,EMP00012,2021-08-25,Pending,12,Yes,15.0
ENRTUKMJY2H,EMP00716,PLN2753,Paternity Leave,PL-PLAN-05,Unpaid,Per-Incident,2022-05-22,2025-05-21,EMP00035,2022-05-22,Pending,30,Yes,15.0
ENRIZSDLDPC,EMP00717,PLN9667,Sick Leave,SL-PLAN-02,Paid,One-Time,2021-12-12,2023-12-12,EMP00031,2021-12-12,Inactive,21,Yes,0.0
ENR5ZP8Y88H,EMP00717,PLN3267,Compensatory Off,CO-PLAN-06,Paid,Per-Incident,2020-08-26,2021-08-26,EMP00018,2020-08-26,Terminated,30,Yes,
ENRLUTTT8B0,EMP00718,PLN2900,Sick Leave,SL-PLAN-02,Paid,Annual,2022-02-17,2023-02-17,EMP00012,2022-02-17,Inactive,18,Yes,10.0
ENREQ4TDGAC,EMP00718,PLN4794,Casual Leave,CL-PLAN-03,Unpaid,Per-Incident,2020-11-08,2023-11-08,EMP00037,2020-11-08,Active,21,No,15.0
ENR9N6TB55C,EMP00719,PLN9181,Compensatory Off,CO-PLAN-06,Paid,Annual,2021-04-22,2023-04-22,EMP00041,2021-04-22,Inactive,18,Yes,10.0
ENRZSTH6CXT,EMP00719,PLN1343,Bereavement Leave,BL-PLAN-08,Paid,Per-Incident,2020-05-27,2022-05-27,EMP00027,2020-05-27,Terminated,21,Yes,10.0
ENRA18JQRY2,EMP00720,PLN1688,Maternity Leave,ML-PLAN-04,Statutory,One-Time,2021-03-15,2024-03-14,EMP00031,2021-03-15,Terminated,20,Yes,5.0
ENRKVZKUIET,EMP00720,PLN4660,Annual Leave,AL-PLAN-01,Paid,Annual,2022-09-18,2023-09-18,EMP00018,2022-09-18,Inactive,12,Yes,5.0
ENRPJJG4EK0,EMP00720,PLN2369,Unpaid Leave,UL-PLAN-07,Paid,One-Time,2020-10-22,2023-10-22,EMP00047,2020-10-22,Inactive,12,Yes,0.0
ENR77O96VKG,EMP00720,PLN6256,Bereavement Leave,BL-PLAN-08,Paid,Per-Incident,2021-08-11,2022-08-11,EMP00010,2021-08-11,Terminated,12,Yes,0.0
ENRISCHTAIB,EMP00721,,Sick Leave,SL-PLAN-02,Unpaid,Annual,NOT-A-DATE,2022-01-19,EMP00029,2035-01-01,Inactive,-5,Yes,15.0
ENR1783D94M,EMP00721,,Unpaid Leave,UL-PLAN-07,Unpaid,Per-Incident,NOT-A-DATE,2020-12-09,EMP00007,2035-01-01,Inactive,-5,Yes,10.0
ENRE56MIUJ8,EMP00721,,Casual Leave,CL-PLAN-03,Statutory,Monthly,NOT-A-DATE,2020-09-01,EMP00004,2035-01-01,Pending,-5,No,10.0
ENRBLZDXSN2,EMP00722,PLN3515,Sick Leave,SL-PLAN-02,Unpaid,One-Time,2023-07-16,2025-07-15,EMP00011,2023-07-16,Terminated,21,Yes,10.0
ENRTFT3FY1T,EMP00722,PLN6525,Maternity Leave,ML-PLAN-04,Unpaid,Per-Incident,2022-07-25,2025-07-24,EMP00043,2022-07-25,Pending,18,Yes,10.0
ENRWZNE9B9K,EMP00722,PLN6458,Paternity Leave,PL-PLAN-05,Unpaid,Annual,2021-03-22,2023-03-22,EMP00042,2021-03-22,Active,15,No,
ENRMGSJQS9X,EMP00722,PLN8463,Annual Leave,AL-PLAN-01,Unpaid,Annual,2020-05-08,2022-05-08,EMP00004,2020-05-08,Inactive,15,Yes,
ENRION0TV00,EMP00723,PLN2910,Maternity Leave,ML-PLAN-04,Paid,Per-Incident,2020-12-22,2023-12-22,EMP00041,2020-12-22,Active,20,Yes,
ENR93I9W4UV,EMP00723,PLN1075,Compensatory Off,CO-PLAN-06,Statutory,Monthly,2021-02-12,2022-02-12,EMP00033,2021-02-12,Active,12,Yes,
ENRHN51YIAR,EMP00723,PLN4888,Bereavement Leave,BL-PLAN-08,Statutory,Per-Incident,2022-05-26,2023-05-26,EMP00037,2022-05-26,Active,21,Yes,
ENR9P3DQILI,EMP00723,PLN3616,Casual Leave,CL-PLAN-03,Statutory,Per-Incident,2023-07-04,2026-07-03,EMP00011,2023-07-04,Terminated,25,Yes,0.0
ENR5O3YZ8FI,EMP00724,PLN4251,Sick Leave,SL-PLAN-02,Unpaid,Per-Incident,2023-03-30,2025-03-29,EMP00043,2023-03-30,Active,10,Yes,
ENRJLXH6010,EMP00724,PLN5945,Bereavement Leave,BL-PLAN-08,Unpaid,Per-Incident,2023-02-17,2024-02-17,EMP00009,2023-02-17,Inactive,18,No,5.0
ENR5EDLABPC,EMP00725,PLN1585,Unpaid Leave,UL-PLAN-07,Statutory,One-Time,2022-09-13,2025-09-12,EMP00009,2022-09-13,Active,20,Yes,15.0
ENRSNLWI499,EMP00725,PLN2947,Maternity Leave,ML-PLAN-04,Paid,Monthly,2022-09-13,2023-09-13,EMP00045,2022-09-13,Active,25,Yes,5.0
ENR0PTG88M1,EMP00726,PLN7591,Casual Leave,CL-PLAN-03,Statutory,Per-Incident,2023-06-12,2024-06-11,EMP00013,2023-06-12,Active,18,Yes,15.0
ENRKXD460BZ,EMP00726,PLN5475,Maternity Leave,ML-PLAN-04,Statutory,Monthly,2022-12-18,2023-12-18,EMP00034,2022-12-18,Terminated,10,Yes,5.0
ENRNAW6GX24,EMP00727,PLN3045,Sick Leave,INVALID_PLAN_XXX,Statutory,Annual,2021-05-06,2023-05-06,EMP00005,2021-05-06,Terminated,15,Yes,5.0
ENRIMYGSY8R,EMP00727,PLN4760,Casual Leave,INVALID_PLAN_XXX,Unpaid,Monthly,2023-09-11,2026-09-10,EMP00041,2023-09-11,Active,25,Yes,
ENRG10G0XZJ,EMP00727,PLN1124,Compensatory Off,INVALID_PLAN_XXX,Statutory,Per-Incident,2020-09-07,2021-09-07,EMP00050,2020-09-07,Terminated,12,Yes,15.0
ENRHXXSHKSR,EMP00728,PLN8562,Annual Leave,AL-PLAN-01,Paid,One-Time,2022-08-10,2024-08-09,EMP00011,2022-08-10,Inactive,18,Yes,15.0
ENR0L8EPMDA,EMP00728,PLN7433,Compensatory Off,CO-PLAN-06,Paid,Monthly,2020-05-27,2023-05-27,EMP00041,2020-05-27,Pending,30,Yes,15.0
ENRGRLPCE5Q,EMP00729,,Paternity Leave,PL-PLAN-05,Unpaid,Annual,2023-01-21,2025-01-20,EMP00037,2023-01-21,Terminated,12,Yes,
ENR98JR4ZWO,EMP00729,,Bereavement Leave,BL-PLAN-08,Unpaid,Annual,2021-06-22,2024-06-21,EMP00037,2021-06-22,Pending,30,Yes,0.0
ENR75ZN2O9L,EMP00729,,Maternity Leave,ML-PLAN-04,Paid,Per-Incident,2020-11-01,2023-11-01,EMP00022,2020-11-01,Pending,18,Yes,10.0
ENRIJVEVAYY,EMP00730,PLN7704,Compensatory Off,CO-PLAN-06,Paid,One-Time,2022-12-09,2025-12-08,EMP00003,2022-12-09,Pending,25,Yes,0.0
ENRG76XPFFL,EMP00730,PLN7335,Maternity Leave,ML-PLAN-04,Statutory,One-Time,2023-07-22,2025-07-21,EMP00037,2023-07-22,Active,15,No,10.0
ENRIG9LNZN4,EMP00730,PLN2302,Paternity Leave,PL-PLAN-05,Paid,Monthly,2020-06-28,2023-06-28,EMP00036,2020-06-28,Terminated,21,Yes,
ENR9OTY848B,EMP00730,PLN1031,Bereavement Leave,BL-PLAN-08,Statutory,One-Time,2023-12-01,2025-11-30,EMP00011,2023-12-01,Pending,20,Yes,0.0
ENR7MZK20WD,EMP00731,PLN9884,Unpaid Leave,UL-PLAN-07,Statutory,Annual,2021-09-09,2022-09-09,EMP00048,2021-09-09,Terminated,30,Yes,10.0
ENRVLPEXNDY,EMP00731,PLN4389,Compensatory Off,CO-PLAN-06,Paid,One-Time,2022-02-21,2023-02-21,EMP00021,2022-02-21,Pending,10,No,10.0
ENR5R72N40U,EMP00731,PLN4684,Annual Leave,AL-PLAN-01,Unpaid,Per-Incident,2020-06-11,2022-06-11,EMP00021,2020-06-11,Active,12,Yes,15.0
ENR0Q5FWHRU,EMP00731,PLN6511,Sick Leave,SL-PLAN-02,Unpaid,One-Time,2021-09-03,2024-09-02,EMP00044,2021-09-03,Inactive,21,Yes,5.0
ENRSK105INS,EMP00732,PLN8510,Paternity Leave,PL-PLAN-05,Unpaid,Annual,2023-02-19,2025-02-18,EMP00050,2023-02-19,Pending,30,No,15.0
ENR4MBD3IMF,EMP00732,PLN7037,Compensatory Off,CO-PLAN-06,Statutory,One-Time,2023-12-13,2025-12-12,EMP00047,2023-12-13,Inactive,15,Yes,0.0
ENRWTRO1QIZ,EMP00732,PLN3050,Annual Leave,AL-PLAN-01,Unpaid,Monthly,2020-01-16,2022-01-15,EMP00022,2020-01-16,Inactive,12,Yes,0.0
ENRXR4SWXSP,EMP00732,PLN2885,Bereavement Leave,BL-PLAN-08,Statutory,Annual,2023-03-13,2026-03-12,EMP00016,2023-03-13,Pending,15,No,10.0
ENRP0RN2GXB,EMP00733,PLN6959,Annual Leave,AL-PLAN-01,Statutory,One-Time,NOT-A-DATE,2025-01-22,EMP00021,2023-01-23,Pending,18,Yes,0.0
ENRG9YKDGFC,EMP00733,PLN7676,Sick Leave,SL-PLAN-02,Unpaid,Per-Incident,NOT-A-DATE,2023-08-13,EMP00012,2020-08-13,Terminated,12,No,
ENRIK1YOA2F,EMP00733,PLN2778,Casual Leave,CL-PLAN-03,Unpaid,Monthly,NOT-A-DATE,2022-05-06,EMP00033,2021-05-06,Pending,25,Yes,5.0
ENRN1O1ZS0J,EMP00733,PLN1184,Unpaid Leave,UL-PLAN-07,Unpaid,Monthly,NOT-A-DATE,2023-12-30,EMP00045,2021-12-30,Inactive,12,Yes,10.0
ENRLSK2MSW5,EMP00734,PLN2911,Maternity Leave,ML-PLAN-04,Paid,One-Time,2021-09-27,2024-09-26,EMP00009,2021-09-27,Inactive,25,Yes,
ENR7T40C3QF,EMP00734,PLN3106,Compensatory Off,CO-PLAN-06,Unpaid,Annual,2023-05-09,2024-05-08,EMP00042,2023-05-09,Active,25,Yes,5.0
ENRTEM0WMOD,EMP00735,PLN7734,Paternity Leave,PL-PLAN-05,Statutory,Per-Incident,2022-04-06,2023-04-06,EMP00031,2022-04-06,Active,10,No,5.0
ENRPWY2US2N,EMP00735,PLN8337,Bereavement Leave,BL-PLAN-08,Statutory,Monthly,2020-01-18,2021-01-17,EMP00047,2020-01-18,Inactive,30,No,0.0
ENRRPGVQ12V,EMP00735,PLN9607,Casual Leave,CL-PLAN-03,Paid,Monthly,2022-10-21,2023-10-21,EMP00043,2022-10-21,Active,21,Yes,15.0
ENRW0RTXJ0L,,PLN5600,Casual Leave,CL-PLAN-03,Statutory,Annual,2020-01-09,2022-01-08,EMP00025,2020-01-09,Pending,12,Yes,10.0
ENRBC1YLOAG,,PLN5633,Bereavement Leave,BL-PLAN-08,Unpaid,Annual,2023-09-20,2024-09-19,EMP00010,2023-09-20,Pending,18,Yes,5.0
ENRA285FLSK,EMP00737,,Bereavement Leave,BL-PLAN-08,Paid,Per-Incident,2021-08-27,2022-08-27,EMP00049,2021-08-27,Terminated,25,Yes,10.0
ENRDT4X3QMX,EMP00737,,Annual Leave,AL-PLAN-01,Statutory,One-Time,2022-01-27,2025-01-26,EMP00028,2022-01-27,Inactive,30,Yes,5.0
ENRKHDHVTIH,EMP00737,,Maternity Leave,ML-PLAN-04,Statutory,Monthly,2021-08-26,2024-08-25,EMP00004,2021-08-26,Pending,10,Yes,
ENRD63R1Z6K,EMP00737,,Sick Leave,SL-PLAN-02,Paid,Per-Incident,2022-08-29,2023-08-29,EMP00030,2022-08-29,Terminated,15,Yes,15.0
ENR786JXJSI,EMP00738,PLN1494,Bereavement Leave,BL-PLAN-08,Unpaid,One-Time,2020-12-12,2021-12-12,EMP00048,2020-12-12,Active,21,Yes,
ENRCG8TLYTU,EMP00738,PLN2094,Unpaid Leave,UL-PLAN-07,Statutory,One-Time,2023-12-06,2026-12-05,EMP00036,2023-12-06,Inactive,30,Yes,
ENR36ACLONX,EMP00739,PLN8594,Unpaid Leave,UL-PLAN-07,Paid,Per-Incident,2020-04-04,2020-03-05,EMP00004,2020-04-04,Pending,21,Yes,
ENRSFND10K5,EMP00739,PLN6699,Bereavement Leave,BL-PLAN-08,Unpaid,One-Time,2021-12-05,2021-11-05,EMP00011,2021-12-05,Pending,12,Yes,10.0
ENR2Y1NMWPA,EMP00739,PLN8542,Annual Leave,AL-PLAN-01,Statutory,Per-Incident,2022-03-25,2022-02-23,EMP00024,2022-03-25,Terminated,15,No,0.0
ENRS6LBZJEN,EMP00740,PLN7583,Compensatory Off,CO-PLAN-06,Paid,Per-Incident,2020-08-13,2022-08-13,EMP00042,2020-08-13,Inactive,10,Yes,10.0
ENRWY3PYXR3,EMP00740,PLN2848,Unpaid Leave,UL-PLAN-07,Unpaid,Annual,2023-10-27,2024-10-26,EMP00024,2023-10-27,Pending,30,No,15.0
ENR633SR0JK,EMP00741,PLN9383,Casual Leave,CL-PLAN-03,Unpaid,Annual,2021-02-21,2022-02-21,EMP00022,2021-02-21,Inactive,10,No,
ENRL8EWMQHB,EMP00741,PLN3088,Bereavement Leave,BL-PLAN-08,Unpaid,One-Time,2020-06-21,2023-06-21,EMP00007,2020-06-21,Active,15,Yes,5.0
ENRENJBGF6O,EMP00741,PLN7385,Compensatory Off,CO-PLAN-06,Statutory,Per-Incident,2023-04-24,2025-04-23,EMP00004,2023-04-24,Pending,18,Yes,10.0
ENRL5J4SO8R,EMP00741,PLN3611,Annual Leave,AL-PLAN-01,Statutory,One-Time,2023-08-15,2024-08-14,EMP00026,2023-08-15,Inactive,18,Yes,0.0
ENR98SCOJNT,EMP00742,PLN1803,Unpaid Leave,UL-PLAN-07,Statutory,Annual,2023-08-10,2024-08-09,EMP00001,2023-08-10,Inactive,21,Yes,
ENRBSR3H2NW,EMP00742,PLN3179,Paternity Leave,PL-PLAN-05,Paid,Per-Incident,2022-07-02,2024-07-01,EMP00030,2022-07-02,Terminated,18,No,5.0
ENRGPMAGQLH,EMP00742,PLN8640,Bereavement Leave,BL-PLAN-08,Unpaid,Annual,2020-09-16,2021-09-16,EMP00049,2020-09-16,Terminated,25,Yes,5.0
ENRPEYO3AFC,EMP00743,PLN8750,Bereavement Leave,BL-PLAN-08,Statutory,Monthly,2022-05-30,2025-05-29,EMP00020,2022-05-30,Active,30,Yes,5.0
ENRANRHX2XD,EMP00743,PLN4143,Casual Leave,CL-PLAN-03,Paid,Annual,2021-07-01,2022-07-01,EMP00040,2021-07-01,Inactive,15,Yes,
ENR4GXYL9VO,EMP00744,PLN2797,Compensatory Off,CO-PLAN-06,Paid,Per-Incident,2021-10-14,2024-10-13,EMP00009,2021-10-14,Active,10,Yes,0.0
ENRD8FSBB5G,EMP00744,PLN6280,Sick Leave,SL-PLAN-02,Statutory,Monthly,2023-10-24,2024-10-23,EMP00001,2023-10-24,Terminated,10,Yes,5.0
ENRQJXA4RMS,EMP00745,,Bereavement Leave,BL-PLAN-08,Statutory,Monthly,NOT-A-DATE,2021-10-25,EMP00041,2020-10-25,Inactive,21,Yes,5.0
ENRFZ4H973Q,EMP00745,,Annual Leave,AL-PLAN-01,Statutory,Per-Incident,NOT-A-DATE,2024-08-15,EMP00046,2022-08-16,Inactive,21,No,5.0
ENRW9D0DVLC,EMP00745,,Casual Leave,CL-PLAN-03,Unpaid,Monthly,NOT-A-DATE,2026-02-28,EMP00048,2023-03-01,Active,21,Yes,
ENR8JRIVQLL,EMP00745,,Paternity Leave,PL-PLAN-05,Statutory,Annual,NOT-A-DATE,2022-06-10,EMP00036,2021-06-10,Inactive,10,Yes,10.0
ENR7428UDKX,EMP00746,PLN1250,Annual Leave,AL-PLAN-01,Paid,Annual,2020-09-04,2021-09-04,EMP00032,2020-09-04,Active,12,Yes,0.0
ENRKOZWTO3K,EMP00746,PLN8987,Bereavement Leave,BL-PLAN-08,Unpaid,Per-Incident,2022-05-16,2025-05-15,EMP00010,2022-05-16,Terminated,12,Yes,10.0
ENRS3S6GOY3,EMP00747,PLN7480,Annual Leave,AL-PLAN-01,Unpaid,One-Time,2023-12-16,2026-12-15,EMP00016,2023-12-16,Active,30,Yes,15.0
ENRTT08B1JW,EMP00747,PLN2997,Unpaid Leave,UL-PLAN-07,Paid,Monthly,2022-12-15,2023-12-15,EMP00014,2022-12-15,Terminated,18,No,
ENRSFJR9PXC,EMP00748,PLN6260,Compensatory Off,CO-PLAN-06,Paid,Annual,2021-05-25,2023-05-25,EMP00013,2021-05-25,Inactive,15,No,10.0
ENRE3QQYREI,EMP00748,PLN5174,Bereavement Leave,BL-PLAN-08,Unpaid,Annual,2022-12-28,2024-12-27,EMP00038,2022-12-28,Pending,18,Yes,10.0
ENRNT05DPWO,EMP00748,PLN3298,Maternity Leave,ML-PLAN-04,Paid,One-Time,2021-11-09,2022-11-09,EMP00031,2021-11-09,Inactive,20,Yes,10.0
ENROA2GWHJ5,EMP00748,PLN6753,Annual Leave,AL-PLAN-01,Paid,Monthly,2021-11-05,2024-11-04,EMP00018,2021-11-05,Inactive,15,No,10.0
ENR1J98W2IV,EMP00749,PLN3555,Annual Leave,INVALID_PLAN_XXX,Statutory,One-Time,2020-07-13,2021-07-13,EMP00036,2020-07-13,Inactive,15,Yes,
ENRDZ81BTDV,EMP00749,PLN9400,Maternity Leave,INVALID_PLAN_XXX,Statutory,Monthly,2022-09-27,2023-09-27,EMP00041,2022-09-27,Pending,25,Yes,15.0
ENRWWOJ492L,EMP00749,PLN5571,Bereavement Leave,INVALID_PLAN_XXX,Paid,Per-Incident,2021-07-23,2024-07-22,EMP00013,2021-07-23,Pending,20,Yes,15.0
ENRLEFFIQD3,EMP00750,PLN1274,Sick Leave,SL-PLAN-02,Statutory,One-Time,2021-07-29,2024-07-28,EMP00011,2021-07-29,Inactive,15,No,
ENRV90ANCGM,EMP00750,PLN9263,Bereavement Leave,BL-PLAN-08,Statutory,Annual,2023-08-08,2024-08-07,EMP00030,2023-08-08,Inactive,25,Yes,15.0
ENR756VBX5X,EMP00750,PLN1673,Compensatory Off,CO-PLAN-06,Statutory,Monthly,2023-10-11,2025-10-10,EMP00044,2023-10-11,Active,30,Yes,5.0
ENR66XPESPQ,EMP00750,PLN7185,Paternity Leave,PL-PLAN-05,Statutory,Monthly,2021-06-13,2024-06-12,EMP00012,2021-06-13,Pending,10,Yes,15.0
ENRI8TMPCGD,EMP00751,PLN2927,Unpaid Leave,UL-PLAN-07,Statutory,Per-Incident,2023-08-06,2025-08-05,EMP00021,2023-08-06,Terminated,-5,No,15.0
ENR640CYBGD,EMP00751,PLN2284,Compensatory Off,CO-PLAN-06,Unpaid,Annual,2022-04-12,2024-04-11,EMP00004,2022-04-12,Terminated,-5,Yes,5.0
ENRN2OTOJFD,EMP00751,PLN4703,Bereavement Leave,BL-PLAN-08,Unpaid,Per-Incident,2022-08-08,2025-08-07,EMP00015,2022-08-08,Pending,-5,Yes,
ENRYND818EU,EMP00752,PLN3300,Sick Leave,SL-PLAN-02,Paid,Annual,2021-11-29,2024-11-28,EMP00016,2021-11-29,Inactive,30,Yes,5.0
ENRHOQA2VN2,EMP00752,PLN6280,Unpaid Leave,UL-PLAN-07,Statutory,Monthly,2022-04-04,2024-04-03,EMP00040,2022-04-04,Active,10,Yes,10.0
ENRE5LMD7SG,EMP00753,,Casual Leave,CL-PLAN-03,Unpaid,One-Time,2021-09-10,2023-09-10,EMP00031,2021-09-10,Pending,21,Yes,15.0
ENRAS4IIUS6,EMP00753,,Maternity Leave,ML-PLAN-04,Unpaid,Monthly,2023-12-10,2026-12-09,EMP00043,2023-12-10,Terminated,21,No,
ENROGSM2ZP3,EMP00754,PLN2859,Unpaid Leave,UL-PLAN-07,Unpaid,Per-Incident,2020-01-25,2022-01-24,EMP00008,2020-01-25,Active,18,Yes,5.0
ENR42MAI3Q7,EMP00754,PLN6476,Paternity Leave,PL-PLAN-05,Unpaid,Annual,2022-05-08,2025-05-07,EMP00020,2022-05-08,Terminated,15,Yes,15.0
ENRRG11EK7J,EMP00754,PLN7251,Sick Leave,SL-PLAN-02,Paid,Monthly,2023-08-30,2026-08-29,EMP00022,2023-08-30,Active,30,Yes,5.0
ENRBLW8WBS6,EMP00754,PLN9980,Compensatory Off,CO-PLAN-06,Statutory,Annual,2021-07-20,2022-07-20,EMP00048,2021-07-20,Terminated,21,Yes,10.0
ENR68RS0S0W,EMP00755,PLN3125,Casual Leave,CL-PLAN-03,Statutory,Annual,2022-06-02,2025-06-01,EMP00040,2022-06-02,Terminated,25,Yes,
ENRJGL67VHP,EMP00755,PLN1396,Maternity Leave,ML-PLAN-04,Unpaid,One-Time,2023-03-01,2025-02-28,EMP00041,2023-03-01,Active,18,Yes,0.0
ENR1C2Y4MQZ,EMP00755,PLN4861,Annual Leave,AL-PLAN-01,Statutory,Monthly,2020-02-19,2022-02-18,EMP00044,2020-02-19,Terminated,12,Yes,
ENRTUNN3IQH,EMP00755,PLN7345,Compensatory Off,CO-PLAN-06,Paid,Annual,2022-12-10,2024-12-09,EMP00004,2022-12-10,Pending,25,No,5.0
ENRX9G7Q94D,EMP00756,PLN5292,Unpaid Leave,UL-PLAN-07,Statutory,Per-Incident,2023-04-21,2025-04-20,EMP00048,2023-04-21,Terminated,21,Yes,15.0
ENREQCO7QUK,EMP00756,PLN4519,Paternity Leave,PL-PLAN-05,Unpaid,One-Time,2020-02-27,2023-02-26,EMP00028,2020-02-27,Active,20,No,
ENRTD6R041A,EMP00756,PLN8311,Maternity Leave,ML-PLAN-04,Unpaid,One-Time,2022-03-25,2025-03-24,EMP00006,2022-03-25,Pending,12,No,5.0
ENRQLOK9D6O,EMP00757,PLN6701,Bereavement Leave,BL-PLAN-08,Statutory,Per-Incident,NOT-A-DATE,2021-07-24,EMP00022,2021-08-23,Active,25,Yes,5.0
ENRHOTJYILX,EMP00757,PLN5719,Annual Leave,AL-PLAN-01,Paid,Annual,NOT-A-DATE,2022-06-12,EMP00009,2022-07-12,Terminated,12,No,5.0
ENRBDFIX4WI,EMP00757,PLN2992,Maternity Leave,ML-PLAN-04,Unpaid,Per-Incident,NOT-A-DATE,2021-10-19,EMP00012,2021-11-18,Active,25,Yes,10.0
ENR52DI0G6Y,EMP00757,PLN3175,Sick Leave,SL-PLAN-02,Paid,Per-Incident,NOT-A-DATE,2020-01-11,EMP00008,2020-02-10,Pending,20,Yes,
ENR0Q1JURPE,EMP00758,PLN9443,Unpaid Leave,UL-PLAN-07,Unpaid,Monthly,2023-07-14,2025-07-13,EMP00002,2023-07-14,Pending,18,Yes,0.0
ENR7839XBB8,EMP00758,PLN8713,Casual Leave,CL-PLAN-03,Paid,Annual,2022-03-23,2023-03-23,EMP00043,2022-03-23,Active,10,Yes,10.0
ENRAH2PTIMV,EMP00759,PLN7791,Unpaid Leave,UL-PLAN-07,Paid,One-Time,2023-08-09,2026-08-08,EMP00004,2023-08-09,Active,30,No,0.0
ENRR1OV5P93,EMP00759,PLN6795,Annual Leave,AL-PLAN-01,Statutory,Monthly,2022-03-01,2023-03-01,EMP00047,2022-03-01,Inactive,10,Yes,15.0
ENRPI7ENDFT,EMP00760,PLN9766,Unpaid Leave,UL-PLAN-07,Unpaid,Per-Incident,2022-08-02,2023-08-02,EMP00022,2022-08-02,Terminated,30,Yes,5.0
ENRPNKIOBEL,EMP00760,PLN7246,Bereavement Leave,BL-PLAN-08,Unpaid,Per-Incident,2020-04-21,2023-04-21,EMP00015,2020-04-21,Pending,15,Yes,5.0
ENR1UJWMCTX,EMP00760,PLN6474,Paternity Leave,PL-PLAN-05,Paid,One-Time,2023-11-28,2025-11-27,EMP00040,2023-11-28,Active,21,Yes,0.0
ENRO1P6TA2D,EMP00761,,Annual Leave,AL-PLAN-01,Unpaid,Annual,2022-09-12,2025-09-11,EMP00042,2035-01-01,Terminated,20,Yes,15.0
ENRU3AWBDPM,EMP00761,,Bereavement Leave,BL-PLAN-08,Paid,One-Time,2021-10-09,2022-10-09,EMP00027,2035-01-01,Active,15,No,15.0
ENRRG2EGLM9,EMP00761,,Casual Leave,CL-PLAN-03,Unpaid,Per-Incident,2021-01-26,2024-01-26,EMP00011,2035-01-01,Terminated,25,Yes,
ENR1EH4ZVAC,EMP00761,,Maternity Leave,ML-PLAN-04,Statutory,Per-Incident,2021-04-16,2023-04-16,EMP00020,2035-01-01,Terminated,25,Yes,5.0
ENR87RTC5KS,EMP00762,PLN8422,Unpaid Leave,UL-PLAN-07,Paid,Per-Incident,2020-12-09,2021-12-09,EMP00022,2020-12-09,Active,30,Yes,5.0
ENRAUFUIFM2,EMP00762,PLN9477,Maternity Leave,ML-PLAN-04,Paid,One-Time,2023-02-23,2026-02-22,EMP00026,2023-02-23,Active,30,Yes,0.0
ENRAZBJ8TVD,EMP00763,PLN2737,Casual Leave,CL-PLAN-03,Statutory,Per-Incident,2022-06-25,2024-06-24,EMP00019,2022-06-25,Pending,15,Yes,10.0
ENRHO6FAA03,EMP00763,PLN3254,Paternity Leave,PL-PLAN-05,Unpaid,Per-Incident,2023-06-07,2024-06-06,EMP00042,2023-06-07,Pending,18,Yes,5.0
ENR8Z6DXB0X,EMP00763,PLN2227,Bereavement Leave,BL-PLAN-08,Unpaid,Annual,2022-05-28,2025-05-27,EMP00011,2022-05-28,Inactive,21,No,10.0
ENR7N0MCW0B,EMP00763,PLN7600,Unpaid Leave,UL-PLAN-07,Paid,One-Time,2021-03-11,2022-03-11,EMP00034,2021-03-11,Pending,12,Yes,15.0
ENR3GU6I8EW,EMP00764,PLN7897,Bereavement Leave,BL-PLAN-08,Unpaid,Per-Incident,2023-10-08,2025-10-07,EMP00013,2023-10-08,Active,30,Yes,10.0
ENR35NK75ZC,EMP00764,PLN2707,Compensatory Off,CO-PLAN-06,Unpaid,Per-Incident,2021-04-28,2024-04-27,EMP00018,2021-04-28,Pending,20,Yes,5.0
ENR7271KTUQ,EMP00764,PLN7587,Unpaid Leave,UL-PLAN-07,Unpaid,Monthly,2021-11-22,2024-11-21,EMP00037,2021-11-22,Active,30,Yes,10.0
ENRL7S4PVUD,EMP00765,PLN2980,Casual Leave,CL-PLAN-03,Unpaid,Monthly,2022-12-30,2025-12-29,EMP00035,2022-12-30,Pending,12,Yes,
ENRK5RHAOAM,EMP00765,PLN7012,Annual Leave,AL-PLAN-01,Unpaid,Per-Incident,2022-02-26,2024-02-26,EMP00040,2022-02-26,Inactive,15,No,15.0
ENRC1O8XZ0L,EMP00765,PLN3256,Sick Leave,SL-PLAN-02,Statutory,Monthly,2023-09-27,2026-09-26,EMP00034,2023-09-27,Terminated,12,Yes,
ENR3H3V9TP7,EMP00766,PLN3706,Bereavement Leave,BL-PLAN-08,Unpaid,One-Time,2020-04-25,2023-04-25,EMP00007,2020-04-25,Active,30,No,
ENRR85YV77F,EMP00766,PLN5065,Annual Leave,AL-PLAN-01,Statutory,Monthly,2020-02-12,2023-02-11,EMP00050,2020-02-12,Pending,15,Yes,10.0
ENR0NLD3K14,EMP00766,PLN9246,Maternity Leave,ML-PLAN-04,Statutory,Per-Incident,2020-12-13,2022-12-13,EMP00021,2020-12-13,Terminated,30,No,5.0
ENR4ZDGPJFQ,EMP00767,PLN6935,Annual Leave,AL-PLAN-01,Paid,Monthly,2022-12-25,2023-12-25,EMP00005,2022-12-25,Terminated,25,Yes,
ENR8EH33TNL,EMP00767,PLN9586,Casual Leave,CL-PLAN-03,Statutory,Per-Incident,2020-12-13,2022-12-13,EMP00011,2020-12-13,Active,25,Yes,5.0
ENRO8W9PA1L,EMP00767,PLN5409,Compensatory Off,CO-PLAN-06,Paid,Per-Incident,2020-08-10,2023-08-10,EMP00043,2020-08-10,Active,20,No,
ENREN2CNFEV,EMP00768,PLN5537,Maternity Leave,ML-PLAN-04,Unpaid,Monthly,2020-05-23,2023-05-23,EMP00026,2020-05-23,Inactive,25,Yes,0.0
ENR1D3D2659,EMP00768,PLN9696,Paternity Leave,PL-PLAN-05,Paid,Per-Incident,2021-08-30,2024-08-29,EMP00002,2021-08-30,Pending,25,Yes,10.0
ENRID15S4GO,EMP00769,,Sick Leave,SL-PLAN-02,Paid,Per-Incident,NOT-A-DATE,2025-03-16,EMP00002,2022-03-17,Inactive,25,Yes,0.0
ENR04G2HTSC,EMP00769,,Maternity Leave,ML-PLAN-04,Paid,Monthly,NOT-A-DATE,2023-03-31,EMP00044,2020-03-31,Pending,15,No,5.0
ENRD932X368,EMP00770,PLN4340,Paternity Leave,PL-PLAN-05,Unpaid,Per-Incident,2021-07-19,2022-07-19,EMP00030,2021-07-19,Pending,12,Yes,
ENRZA97JG9J,EMP00770,PLN7181,Casual Leave,CL-PLAN-03,Statutory,Annual,2020-08-19,2021-08-19,EMP00006,2020-08-19,Terminated,21,Yes,15.0
ENRM5PRNIA6,EMP00770,PLN1458,Compensatory Off,CO-PLAN-06,Unpaid,Per-Incident,2020-09-01,2022-09-01,EMP00039,2020-09-01,Pending,10,No,5.0
ENR27Q98A65,EMP00770,PLN5090,Bereavement Leave,BL-PLAN-08,Unpaid,Monthly,2022-01-18,2023-01-18,EMP00016,2022-01-18,Terminated,15,Yes,5.0
ENRLN3UBT1I,,PLN1650,Compensatory Off,INVALID_PLAN_XXX,Statutory,One-Time,2022-09-24,2023-09-24,EMP00010,2022-09-24,Pending,18,No,15.0
ENRJE966347,,PLN8720,Bereavement Leave,INVALID_PLAN_XXX,Unpaid,Per-Incident,2022-03-04,2024-03-03,EMP00041,2022-03-04,Pending,20,No,0.0
ENRSJ4CBE9Q,,PLN8963,Annual Leave,INVALID_PLAN_XXX,Paid,One-Time,2020-02-17,2022-02-16,EMP00018,2020-02-17,Inactive,25,Yes,15.0
ENR2U5B9Z8F,,PLN9046,Paternity Leave,INVALID_PLAN_XXX,Statutory,Monthly,2021-08-06,2022-08-06,EMP00003,2021-08-06,Terminated,10,Yes,5.0
ENRNYQ0RSV6,EMP00772,PLN9626,Casual Leave,CL-PLAN-03,Unpaid,Annual,2022-05-19,2025-05-18,EMP00040,2022-05-19,Terminated,30,Yes,15.0
ENRT4EYRWLU,EMP00772,PLN1344,Bereavement Leave,BL-PLAN-08,Statutory,One-Time,2022-10-19,2023-10-19,EMP00038,2022-10-19,Inactive,30,No,15.0
ENRCW6W6X1X,EMP00773,PLN9220,Compensatory Off,CO-PLAN-06,Unpaid,Per-Incident,2020-06-08,2023-06-08,EMP00012,2020-06-08,Pending,18,Yes,10.0
ENROQCHZ8F7,EMP00773,PLN4005,Annual Leave,AL-PLAN-01,Unpaid,One-Time,2021-06-21,2022-06-21,EMP00048,2021-06-21,Terminated,25,Yes,10.0
ENR8JC7S6FL,EMP00774,PLN8479,Annual Leave,AL-PLAN-01,Paid,Annual,2020-01-18,2023-01-17,EMP00019,2020-01-18,Active,21,Yes,15.0
ENRILVUXHD5,EMP00774,PLN5947,Compensatory Off,CO-PLAN-06,Statutory,Monthly,2023-02-28,2025-02-27,EMP00027,2023-02-28,Active,10,No,15.0
ENRL1X9AY0E,EMP00775,PLN6512,Paternity Leave,PL-PLAN-05,Paid,One-Time,2024-01-01,2023-12-02,EMP00034,2024-01-01,Terminated,25,Yes,0.0
ENRDGQRHBWD,EMP00775,PLN7065,Unpaid Leave,UL-PLAN-07,Statutory,Per-Incident,2021-12-02,2021-11-02,EMP00045,2021-12-02,Active,21,Yes,10.0
ENRP5V5W1J6,EMP00776,PLN4072,Casual Leave,CL-PLAN-03,Paid,One-Time,2022-04-26,2023-04-26,EMP00050,2022-04-26,Terminated,18,Yes,15.0
ENRBNBSPXA5,EMP00776,PLN7698,Sick Leave,SL-PLAN-02,Statutory,Per-Incident,2020-09-10,2021-09-10,EMP00016,2020-09-10,Terminated,20,Yes,
ENRVX3K2VKK,EMP00776,PLN1418,Compensatory Off,CO-PLAN-06,Unpaid,One-Time,2023-04-18,2026-04-17,EMP00013,2023-04-18,Terminated,18,Yes,0.0
ENR29C7EMS8,EMP00776,PLN3303,Bereavement Leave,BL-PLAN-08,Paid,One-Time,2020-03-27,2022-03-27,EMP00027,2020-03-27,Terminated,20,No,15.0
ENR9P24TGGS,EMP00777,,Compensatory Off,CO-PLAN-06,Unpaid,Per-Incident,2020-10-23,2022-10-23,EMP00038,2020-10-23,Inactive,20,Yes,5.0
ENRG4IAK6LQ,EMP00777,,Sick Leave,SL-PLAN-02,Unpaid,Annual,2022-03-05,2023-03-05,EMP00041,2022-03-05,Active,20,Yes,
ENRVJXG5E6I,EMP00778,PLN6252,Sick Leave,SL-PLAN-02,Unpaid,Per-Incident,2020-03-03,2022-03-03,EMP00041,2020-03-03,Active,25,Yes,0.0
ENRX836UZXQ,EMP00778,PLN2372,Paternity Leave,PL-PLAN-05,Unpaid,One-Time,2021-01-02,2023-01-02,EMP00019,2021-01-02,Active,21,Yes,5.0
ENRMLIUJX8T,EMP00778,PLN4172,Unpaid Leave,UL-PLAN-07,Statutory,Monthly,2021-01-26,2022-01-26,EMP00049,2021-01-26,Terminated,18,No,5.0
ENRF538PM4G,EMP00778,PLN7647,Bereavement Leave,BL-PLAN-08,Paid,Monthly,2021-01-29,2022-01-29,EMP00025,2021-01-29,Terminated,18,Yes,15.0
ENRZGNNZD66,EMP00779,PLN6676,Compensatory Off,CO-PLAN-06,Unpaid,Per-Incident,2022-09-28,2024-09-27,EMP00009,2022-09-28,Terminated,15,Yes,10.0
ENR4H70QYKD,EMP00779,PLN7231,Sick Leave,SL-PLAN-02,Unpaid,Monthly,2020-06-28,2022-06-28,EMP00003,2020-06-28,Inactive,20,Yes,5.0
ENRWIWJHX2F,EMP00779,PLN4282,Casual Leave,CL-PLAN-03,Unpaid,Per-Incident,2021-05-02,2022-05-02,EMP00022,2021-05-02,Inactive,18,Yes,10.0
ENR6FD1TPJ9,EMP00780,PLN8866,Annual Leave,AL-PLAN-01,Statutory,Monthly,2023-05-10,2024-05-09,EMP00016,2023-05-10,Active,12,Yes,10.0
ENR8DU9WYJJ,EMP00780,PLN8460,Maternity Leave,ML-PLAN-04,Unpaid,Annual,2023-10-02,2026-10-01,EMP00027,2023-10-02,Pending,15,Yes,
ENRQNJ2EJKJ,EMP00781,PLN3119,Unpaid Leave,UL-PLAN-07,Paid,One-Time,NOT-A-DATE,2022-05-07,EMP00049,2021-05-07,Active,-5,No,5.0
ENR0B7IDP6K,EMP00781,PLN3880,Casual Leave,CL-PLAN-03,Paid,One-Time,NOT-A-DATE,2022-12-09,EMP00008,2020-12-09,Pending,-5,No,10.0
ENR6RJQ855C,EMP00782,PLN1784,Compensatory Off,CO-PLAN-06,Statutory,Annual,2023-10-26,2025-10-25,EMP00023,2023-10-26,Pending,18,Yes,0.0
ENRM8D895KF,EMP00782,PLN8007,Casual Leave,CL-PLAN-03,Paid,Monthly,2023-12-11,2026-12-10,EMP00009,2023-12-11,Pending,18,Yes,5.0
ENRJFR2J9JD,EMP00782,PLN1559,Unpaid Leave,UL-PLAN-07,Unpaid,Annual,2022-01-21,2023-01-21,EMP00039,2022-01-21,Active,30,Yes,10.0
ENRPA02OY5S,EMP00782,PLN8305,Sick Leave,SL-PLAN-02,Unpaid,Monthly,2021-05-09,2024-05-08,EMP00029,2021-05-09,Inactive,15,No,5.0
ENRTBH6QGGB,EMP00783,PLN5618,Casual Leave,CL-PLAN-03,Paid,One-Time,2021-11-29,2024-11-28,EMP00018,2021-11-29,Active,30,No,10.0
ENRE39VRMP2,EMP00783,PLN2365,Maternity Leave,ML-PLAN-04,Statutory,Per-Incident,2021-07-07,2022-07-07,EMP00018,2021-07-07,Inactive,20,Yes,
ENRZWLUGRTJ,EMP00784,PLN4132,Paternity Leave,PL-PLAN-05,Statutory,Monthly,2022-10-24,2023-10-24,EMP00031,2022-10-24,Terminated,18,No,0.0
ENR3UVTS10N,EMP00784,PLN2704,Sick Leave,SL-PLAN-02,Paid,Monthly,2020-03-12,2021-03-12,EMP00030,2020-03-12,Pending,15,Yes,
ENR49CIHM3B,EMP00784,PLN9442,Compensatory Off,CO-PLAN-06,Paid,One-Time,2020-05-02,2023-05-02,EMP00019,2020-05-02,Inactive,12,Yes,15.0
ENRN44ZSNPM,EMP00785,,Maternity Leave,ML-PLAN-04,Paid,Annual,2022-07-25,2024-07-24,EMP00045,2022-07-25,Terminated,20,Yes,10.0
ENRB2OU4N2O,EMP00785,,Casual Leave,CL-PLAN-03,Statutory,One-Time,2023-05-25,2024-05-24,EMP00034,2023-05-25,Inactive,10,Yes,10.0
ENRAYI0ZRV2,EMP00785,,Bereavement Leave,BL-PLAN-08,Unpaid,Monthly,2020-06-27,2022-06-27,EMP00025,2020-06-27,Pending,30,No,15.0
ENRZBFY8XGN,EMP00786,PLN9049,Unpaid Leave,UL-PLAN-07,Paid,Annual,2021-12-20,2024-12-19,EMP00050,2021-12-20,Inactive,25,No,0.0
ENRDVPU649J,EMP00786,PLN9581,Annual Leave,AL-PLAN-01,Paid,Annual,2020-12-25,2021-12-25,EMP00047,2020-12-25,Terminated,25,No,
ENRU2Y91LOD,EMP00786,PLN4960,Casual Leave,CL-PLAN-03,Statutory,Annual,2021-01-28,2024-01-28,EMP00034,2021-01-28,Active,21,Yes,0.0
ENR8PUVDW8T,EMP00786,PLN3938,Maternity Leave,ML-PLAN-04,Statutory,One-Time,2023-01-19,2026-01-18,EMP00028,2023-01-19,Active,25,Yes,
ENRJEXYYQVJ,EMP00787,PLN1036,Bereavement Leave,BL-PLAN-08,Unpaid,Annual,2022-03-25,2024-03-24,EMP00042,2022-03-25,Inactive,21,Yes,
ENRZ3DGM2C5,EMP00787,PLN5934,Unpaid Leave,UL-PLAN-07,Statutory,Annual,2022-09-17,2023-09-17,EMP00002,2022-09-17,Terminated,25,Yes,5.0
ENRNB91UDCQ,EMP00787,PLN4877,Maternity Leave,ML-PLAN-04,Unpaid,Per-Incident,2020-07-29,2021-07-29,EMP00024,2020-07-29,Inactive,20,Yes,10.0
ENRCZL58S8U,EMP00787,PLN5481,Annual Leave,AL-PLAN-01,Paid,Annual,2021-02-04,2024-02-04,EMP00043,2021-02-04,Pending,30,Yes,
ENRHJ1U7L65,EMP00788,PLN3238,Annual Leave,AL-PLAN-01,Unpaid,One-Time,2021-01-08,2023-01-08,EMP00035,2021-01-08,Inactive,12,No,15.0
ENRDBKSXP6O,EMP00788,PLN5022,Unpaid Leave,UL-PLAN-07,Unpaid,Annual,2020-01-26,2021-01-25,EMP00018,2020-01-26,Terminated,25,Yes,
ENRZAPAFARU,EMP00788,PLN8149,Casual Leave,CL-PLAN-03,Unpaid,One-Time,2023-07-16,2025-07-15,EMP00004,2023-07-16,Pending,21,Yes,15.0
ENR4DLXQ5MB,EMP00789,PLN7755,Annual Leave,AL-PLAN-01,Statutory,Monthly,2022-03-13,2023-03-13,EMP00020,2022-03-13,Inactive,10,Yes,
ENRWY3O0VYT,EMP00789,PLN9661,Compensatory Off,CO-PLAN-06,Statutory,Monthly,2020-10-11,2022-10-11,EMP00042,2020-10-11,Pending,25,Yes,10.0
ENR2YGLVIX5,EMP00789,PLN2124,Sick Leave,SL-PLAN-02,Paid,Annual,2022-12-10,2024-12-09,EMP00012,2022-12-10,Inactive,21,Yes,5.0
ENRPDA3G48C,EMP00790,PLN2944,Annual Leave,AL-PLAN-01,Statutory,Annual,2022-05-19,2023-05-19,EMP00046,2022-05-19,Pending,21,No,0.0
ENRUHGRKIS8,EMP00790,PLN6076,Maternity Leave,ML-PLAN-04,Statutory,Per-Incident,2022-01-18,2023-01-18,EMP00029,2022-01-18,Inactive,12,No,5.0
ENRDJMUITAY,EMP00791,PLN8619,Maternity Leave,ML-PLAN-04,Statutory,Annual,2021-08-16,2022-08-16,EMP00039,2021-08-16,Active,25,Yes,0.0
ENRSSO5CPCL,EMP00791,PLN4370,Unpaid Leave,UL-PLAN-07,Unpaid,Monthly,2021-11-05,2023-11-05,EMP00035,2021-11-05,Active,21,Yes,10.0
ENR2LPSMO12,EMP00791,PLN9211,Compensatory Off,CO-PLAN-06,Unpaid,Monthly,2022-02-09,2025-02-08,EMP00003,2022-02-09,Terminated,25,No,15.0
ENRGVYF8SSR,EMP00792,PLN7054,Paternity Leave,PL-PLAN-05,Statutory,One-Time,2021-11-26,2023-11-26,EMP00004,2021-11-26,Terminated,25,Yes,10.0
ENRQ7W83PT3,EMP00792,PLN4200,Sick Leave,SL-PLAN-02,Statutory,Monthly,2022-11-05,2023-11-05,EMP00012,2022-11-05,Active,15,Yes,
ENREXF1DS3P,EMP00792,PLN6089,Unpaid Leave,UL-PLAN-07,Paid,Per-Incident,2022-08-13,2023-08-13,EMP00009,2022-08-13,Pending,25,Yes,10.0
ENRXE6PHQGJ,EMP00792,PLN5861,Bereavement Leave,BL-PLAN-08,Unpaid,Monthly,2020-10-10,2022-10-10,EMP00023,2020-10-10,Terminated,30,Yes,10.0
ENRLWIE4KAM,EMP00793,,Paternity Leave,INVALID_PLAN_XXX,Statutory,Per-Incident,NOT-A-DATE,2023-06-05,EMP00001,2023-07-05,Terminated,10,No,15.0
ENRG1HA166Z,EMP00793,,Compensatory Off,INVALID_PLAN_XXX,Paid,One-Time,NOT-A-DATE,2021-05-07,EMP00024,2021-06-06,Pending,25,Yes,
ENRJOKGKEY7,EMP00793,,Unpaid Leave,INVALID_PLAN_XXX,Paid,Per-Incident,NOT-A-DATE,2021-08-01,EMP00032,2021-08-31,Terminated,21,Yes,0.0
ENRYDLUP4ZE,EMP00794,PLN6702,Maternity Leave,ML-PLAN-04,Statutory,One-Time,2023-03-29,2025-03-28,EMP00004,2023-03-29,Pending,10,Yes,10.0
ENRA69L7WAK,EMP00794,PLN9245,Sick Leave,SL-PLAN-02,Paid,One-Time,2022-09-27,2025-09-26,EMP00017,2022-09-27,Active,12,Yes,15.0
ENR1KG5WOZ3,EMP00794,PLN3217,Annual Leave,AL-PLAN-01,Statutory,Per-Incident,2020-04-14,2023-04-14,EMP00019,2020-04-14,Pending,18,Yes,15.0
ENRS1DYVT2R,EMP00795,PLN6488,Compensatory Off,CO-PLAN-06,Paid,One-Time,2021-12-07,2023-12-07,EMP00019,2021-12-07,Pending,25,Yes,
ENRM6M5BAHS,EMP00795,PLN7556,Maternity Leave,ML-PLAN-04,Unpaid,One-Time,2021-10-05,2023-10-05,EMP00006,2021-10-05,Terminated,30,No,10.0
ENRG4QEFP3A,EMP00795,PLN8939,Bereavement Leave,BL-PLAN-08,Statutory,Per-Incident,2020-05-04,2023-05-04,EMP00029,2020-05-04,Active,18,Yes,
ENRHJTP1LH1,EMP00796,PLN3893,Sick Leave,SL-PLAN-02,Unpaid,Annual,2020-04-11,2022-04-11,EMP00023,2020-04-11,Active,20,Yes,5.0
ENR7U3M06A6,EMP00796,PLN7178,Paternity Leave,PL-PLAN-05,Unpaid,Annual,2022-04-24,2025-04-23,EMP00034,2022-04-24,Inactive,12,No,5.0
ENRGZZSLGR9,EMP00796,PLN9375,Casual Leave,CL-PLAN-03,Unpaid,Annual,2022-09-22,2024-09-21,EMP00041,2022-09-22,Pending,20,Yes,
ENRMU2BDQIO,EMP00796,PLN1019,Annual Leave,AL-PLAN-01,Unpaid,One-Time,2021-11-09,2024-11-08,EMP00001,2021-11-09,Terminated,21,Yes,15.0
ENRLKQO9TY5,EMP00797,PLN3453,Sick Leave,SL-PLAN-02,Paid,One-Time,2020-11-04,2023-11-04,EMP00041,2020-11-04,Active,10,Yes,15.0
ENRR8QGIHIG,EMP00797,PLN9428,Paternity Leave,PL-PLAN-05,Unpaid,Annual,2021-03-08,2023-03-08,EMP00041,2021-03-08,Terminated,30,Yes,10.0
ENRR1M9VIFD,EMP00797,PLN6480,Compensatory Off,CO-PLAN-06,Statutory,Per-Incident,2023-07-18,2025-07-17,EMP00026,2023-07-18,Pending,21,No,15.0
ENRBV7NBNAU,EMP00797,PLN9130,Bereavement Leave,BL-PLAN-08,Unpaid,Per-Incident,2020-12-08,2023-12-08,EMP00039,2020-12-08,Pending,15,Yes,5.0
ENRJJJRBQNI,EMP00798,PLN5788,Bereavement Leave,BL-PLAN-08,Unpaid,One-Time,2021-05-05,2023-05-05,EMP00008,2021-05-05,Inactive,25,No,5.0
ENRSXRYTH53,EMP00798,PLN4263,Casual Leave,CL-PLAN-03,Unpaid,Per-Incident,2020-02-25,2021-02-24,EMP00022,2020-02-25,Inactive,18,Yes,15.0
ENR5OZVOKLP,EMP00798,PLN4972,Annual Leave,AL-PLAN-01,Paid,Monthly,2022-09-18,2024-09-17,EMP00017,2022-09-18,Inactive,20,Yes,0.0
ENRONJ7KR3D,EMP00799,PLN1588,Compensatory Off,CO-PLAN-06,Statutory,One-Time,2020-05-15,2023-05-15,EMP00020,2020-05-15,Pending,15,Yes,10.0
ENR6D33P2DK,EMP00799,PLN6706,Sick Leave,SL-PLAN-02,Paid,Annual,2021-12-20,2024-12-19,EMP00015,2021-12-20,Inactive,20,Yes,0.0
ENRYPRRWU2Y,EMP00799,PLN1170,Unpaid Leave,UL-PLAN-07,Paid,Per-Incident,2022-04-24,2024-04-23,EMP00043,2022-04-24,Terminated,15,No,0.0
ENRSFCMW44U,EMP00800,PLN8436,Casual Leave,CL-PLAN-03,Unpaid,Annual,2020-04-27,2022-04-27,EMP00040,2020-04-27,Terminated,10,Yes,
ENRT36NLJHZ,EMP00800,PLN7646,Bereavement Leave,BL-PLAN-08,Paid,Annual,2020-07-21,2021-07-21,EMP00041,2020-07-21,Active,30,Yes,0.0
ENRI1JNYT7R,,,Unpaid Leave,INVALID_PLAN_XXX,Statutory,Monthly,NOT-A-DATE,2020-12-02,EMP00024,2035-01-01,Pending,-5,No,15.0
ENR2JL565ZO,EMP00004,PLN3930,Paternity Leave,PL-PLAN-05,Unpaid,Per-Incident,2022-03-19,2024-03-18,EMP00014,2022-03-19,Terminated,30,Yes,5.0
ENRZOUILURD,EMP00007,PLN1484,Casual Leave,CL-PLAN-03,Paid,One-Time,2021-04-09,2024-04-08,EMP00004,2021-04-09,Terminated,18,Yes,10.0
ENRL3YGWL8H,EMP00012,PLN7627,Sick Leave,SL-PLAN-02,Unpaid,Annual,2021-06-12,2024-06-11,EMP00029,2021-06-12,Terminated,30,Yes,5.0
ENROO5NFFQJ,EMP00015,PLN8886,Compensatory Off,CO-PLAN-06,Statutory,Per-Incident,2021-06-07,2023-06-07,EMP00047,2021-06-07,Inactive,21,No,
ENRB9QCKMJL,EMP00019,PLN4917,Annual Leave,AL-PLAN-01,Paid,Monthly,2020-05-06,2020-04-06,EMP00017,2020-05-06,Pending,12,Yes,
ENRRVPX7OVS,EMP00023,PLN8968,Unpaid Leave,INVALID_PLAN_XXX,Paid,Annual,2022-11-14,2023-11-14,EMP00030,2022-11-14,Terminated,18,Yes,10.0
ENRPAS26N6N,EMP00027,PLN4756,Annual Leave,AL-PLAN-01,Statutory,Annual,2023-11-12,2024-11-11,EMP00023,2023-11-12,Inactive,15,Yes,0.0
ENR5HGWFT7H,EMP00031,PLN6649,Annual Leave,AL-PLAN-01,Paid,Per-Incident,2022-08-01,2023-08-01,EMP00012,2022-08-01,Active,-5,Yes,10.0
ENR60JGH10P,EMP00035,PLN4075,Casual Leave,CL-PLAN-03,Unpaid,Per-Incident,2020-01-17,2022-01-16,EMP00016,2020-01-17,Pending,21,Yes,5.0
ENRB222SFMY,EMP00037,PLN5000,Annual Leave,AL-PLAN-01,Paid,One-Time,NOT-A-DATE,2023-02-23,EMP00002,2023-03-25,Active,21,Yes,0.0
ENR1UESIK88,EMP00040,PLN3811,Compensatory Off,CO-PLAN-06,Unpaid,Monthly,2020-10-25,2022-10-25,EMP00049,2020-10-25,Pending,30,Yes,0.0
ENRXJDGDGUA,EMP00044,PLN1095,Paternity Leave,PL-PLAN-05,Paid,Annual,2021-03-24,2022-03-24,EMP00024,2021-03-24,Active,25,Yes,
ENRW7VR25AR,EMP00048,PLN4236,Casual Leave,CL-PLAN-03,Unpaid,One-Time,2023-03-23,2026-03-22,EMP00008,2023-03-23,Active,10,Yes,15.0
ENRQ8KKS76K,EMP00051,PLN5861,Paternity Leave,PL-PLAN-05,Paid,One-Time,2023-10-07,2024-10-06,EMP00022,2023-10-07,Active,10,Yes,5.0
