order_id,customer_id,product_name,category,quantity,unit_price,discount_pct,order_amount,order_date,delivery_date,order_status,shipping_city,shipping_country
ORD100000,CUST_GHOST_3,,Laptops,0,1299,1.8,-2182.32,2030-01-01,2022-12-02,Cancelled,Chennai,India
ORD100001,CUST00642,MacBook Air M3,Laptops,4,1099,0.15,3736.6,2024-12-10,2024-12-18,Shipped,Tokyo,Japan
ORD100002,CUST00304,Apple Watch Ultra,Wearables,4,799,0.12,2812.48,2022-08-29,2022-09-05,Processing,Tokyo,Japan
ORD100003,CUST00381,Sony WH-1000XM5,Audio,5,349,0.1,1570.5,2025-02-28,2025-03-11,Shipped,Hyderabad,India
ORD100004,CUST00823,AirPods Pro 2,Audio,5,249,0.21,983.55,2025-06-11,2025-06-23,Processing,Birmingham,UK
ORD100005,CUST00216,DJI Mini 4 Pro,Drones,3,759,0.14,1958.22,2023-11-08,2023-11-20,Shipped,Pune,India
ORD100006,CUST00427,Fitbit Charge 6,Wearables,4,149,0.0,596.0,2023-01-03,2023-01-06,Cancelled,Bengaluru,India
ORD100007,CUST00205,Laptop Pro 15,Laptops,3,1299,0.21,3078.63,2022-07-12,2022-07-21,Cancelled,New York,USA
ORD100008,CUST00609,ThinkPad X1,Laptops,1,1199,0.19,971.19,2022-11-17,2022-11-19,Processing,Toronto,Canada
ORD100009,CUST00015,Apple Watch Ultra,Wearables,2,799,0.1,1438.2,2023-01-30,2023-02-04,Processing,Houston,USA
ORD100010,CUST00786,Garmin Fenix 7,Wearables,3,699,0.11,1866.33,2024-04-05,2024-04-10,Returned,Dubai,UAE
ORD100011,CUST00106,iPhone 15 Pro,Phones,1,999,0.18,-819.18,2023-03-20,2023-03-25,Shipped,Jaipur,India
ORD100012,CUST00535,Garmin Fenix 7,Wearables,1,699,0.04,671.04,2025-04-17,2025-04-28,Cancelled,New York,USA
ORD100013,CUST00827,Garmin Fenix 7,Wearables,5,699,0.18,2865.9,2025-06-15,2025-06-26,Cancelled,Kolkata,India
ORD100014,CUST00222,Samsung Galaxy S24,Phones,1,799,0.24,607.24,2022-07-07,2022-07-20,Returned,Hyderabad,India
ORD100015,CUST_GHOST_0,iPad Pro 12.9,Tablets,2,1099,0.14,1890.28,2023-10-25,2023-10-27,Delivered,Hyderabad,India
ORD100016,CUST00484,Fitbit Charge 6,Wearables,4,149,0.13,518.52,2023-11-01,2023-11-06,Returned,Osaka,Japan
ORD100017,CUST00387,ThinkPad X1,Laptops,2,1199,0.17,1990.34,2024-02-29,2024-03-12,Cancelled,Los Angeles,USA
ORD100018,CUST00081,AirPods Pro 2,Audio,5,249,0.1,1120.5,2025-05-24,2025-06-07,Shipped,Pune,India
ORD100019,CUST00574,Sony WH-1000XM5,Audio,0,349,0.25,523.5,2024-06-23,2024-07-01,Processing,Sydney,Australia
ORD100020,CUST00668,ThinkPad X1,Laptops,5,1199,0.27,4376.35,2023-12-15,2023-12-18,Delivered,Los Angeles,USA
ORD100021,CUST00219,Sony A7 IV Camera,Cameras,3,2499,0.22,5847.66,2025-06-17,2025-06-26,Shipped,Chicago,USA
ORD100022,CUST00011,Mechanical Keyboard,Accessories,2,149,0.28,-214.56,2023-02-06,2023-02-14,Processing,Birmingham,UK
ORD100023,CUST00337,,Phones,1,999,0.18,819.18,2022-07-12,2022-07-18,Processing,Birmingham,UK
ORD100024,CUST00663,Laptop Pro 15,Laptops,5,1299,0.08,5975.4,2023-07-18,2023-07-29,Cancelled,Chicago,USA
ORD100025,CUST00059,MacBook Air M3,Laptops,3,1099,0.08,3033.24,2025-03-17,2025-03-31,Delivered,Melbourne,Australia
ORD100026,CUST00503,Canon EOS R6,Cameras,5,2499,0.19,10120.95,2022-12-22,2022-12-30,Returned,Chennai,India
ORD100027,CUST00731,MacBook Air M3,Laptops,3,1099,0.01,3264.03,2022-11-10,2022-11-22,Shipped,Hyderabad,India
ORD100028,CUST00123,Dell XPS 13,Laptops,4,999,0.25,2997.0,2022-04-25,2022-05-03,Delivered,New York,USA
ORD100029,CUST00874,ThinkPad X1,Laptops,5,1199,0.08,5515.4,2030-01-01,2023-02-13,Returned,Tokyo,Japan
ORD100030,CUST_GHOST_10,Laptop Pro 15,Laptops,3,1299,0.25,2922.75,2022-12-13,2022-12-23,Processing,Birmingham,UK
ORD100031,CUST00684,Laptop Pro 15,Laptops,4,1299,0.12,4572.48,2022-05-06,2022-05-08,Shipped,Osaka,Japan
ORD100032,CUST00086,Fitbit Charge 6,Wearables,2,149,0.22,232.44,2022-12-20,2022-12-28,Delivered,Jaipur,India
ORD100033,CUST00420,DJI Mini 4 Pro,Drones,2,759,0.21,-1199.22,2022-12-21,2023-01-01,Delivered,Surat,India
ORD100034,CUST00350,Sony WH-1000XM5,Audio,5,349,0.11,1553.05,2024-08-12,2024-08-22,Delivered,Abu Dhabi,UAE
ORD100035,CUST00093,Sony A7 IV Camera,Cameras,1,2499,0.03,2424.03,2023-01-09,2023-01-04,Delivered,Pune,India
ORD100036,CUST00021,Logitech MX Keys,Accessories,5,89,0.19,360.45,2022-12-13,2022-12-26,Delivered,Kolkata,India
ORD100037,CUST00742,Mechanical Keyboard,Accessories,4,149,0.02,584.08,2023-05-21,2023-05-26,Shipped,Tokyo,Japan
ORD100038,CUST00723,iPad Pro 12.9,Tablets,0,1099,0.02,3231.06,2023-08-11,2023-08-14,Processing,Hyderabad,India
ORD100039,CUST00856,Garmin Fenix 7,Wearables,3,699,0.12,1845.36,2023-01-21,2023-01-26,Shipped,Pune,India
ORD100040,CUST00271,AirPods Pro 2,Audio,3,249,1.8,590.13,2022-07-09,2022-07-17,Processing,Abu Dhabi,UAE
ORD100041,CUST00536,Mechanical Keyboard,Accessories,3,149,0.23,344.19,2024-07-09,2024-07-23,Shipped,Delhi,India
ORD100042,CUST00583,Garmin Fenix 7,Wearables,4,699,0.05,2656.2,2023-03-08,2023-03-20,Cancelled,Los Angeles,USA
ORD100043,CUST00516,AirPods Pro 2,Audio,2,249,0.1,448.2,2025-02-03,2025-02-17,Processing,Bengaluru,India
ORD100044,CUST00479,Fitbit Charge 6,Wearables,2,149,0.08,-274.16,2023-06-19,2023-06-20,Delivered,Birmingham,UK
ORD100045,CUST_GHOST_18,Samsung Galaxy S24,Phones,4,799,0.04,3068.16,2023-10-24,2023-10-30,Returned,Chicago,USA
ORD100046,CUST00108,,Wearables,1,699,0.1,629.1,2024-01-05,2024-01-19,Delivered,Pune,India
ORD100047,CUST00664,LG 4K Monitor,Monitors,4,449,0.1,1616.4,2022-07-25,2022-07-28,Processing,Surat,India
ORD100048,CUST00771,Samsung Galaxy S24,Phones,4,799,0.16,2684.64,2022-02-14,2022-02-22,Returned,London,UK
ORD100049,CUST00749,Garmin Fenix 7,Wearables,5,699,0.21,2761.05,2024-03-28,2024-04-05,Shipped,Jaipur,India
ORD100050,CUST00695,Mechanical Keyboard,Accessories,5,149,0.1,670.5,2024-04-01,2024-04-06,Delivered,Ahmedabad,India
ORD100051,CUST00793,Fitbit Charge 6,Wearables,1,149,0.13,129.63,2023-07-06,2023-07-16,Cancelled,Abu Dhabi,UAE
ORD100052,CUST00308,Laptop Pro 15,Laptops,2,1299,0.15,2208.3,2025-05-07,2025-05-19,Returned,Kolkata,India
ORD100053,CUST00342,Garmin Fenix 7,Wearables,2,699,0.04,1342.08,2022-04-21,2022-04-23,Processing,Osaka,Japan
ORD100054,CUST00170,iPad Pro 12.9,Tablets,3,1099,0.14,2835.42,2024-08-01,2024-08-02,Shipped,Kolkata,India
ORD100055,CUST00190,Samsung Galaxy S24,Phones,3,799,0.09,-2181.27,2023-04-29,2023-05-13,Shipped,Houston,USA
ORD100056,CUST00569,Dell XPS 13,Laptops,2,999,0.05,1898.1,2024-02-06,2024-02-07,Cancelled,Pune,India
ORD100057,CUST00704,Mechanical Keyboard,Accessories,0,149,0.14,128.14,2024-03-18,2024-03-30,Shipped,Manchester,UK
ORD100058,CUST00782,Dell UltraSharp 27,Monitors,4,399,0.21,1260.84,2030-01-01,2022-07-23,Shipped,New York,USA
ORD100059,CUST00290,iPad Pro 12.9,Tablets,4,1099,0.23,3384.92,2024-05-19,2024-05-29,Cancelled,Dubai,UAE
ORD100060,CUST_GHOST_18,Dell XPS 13,Laptops,3,999,0.15,2547.45,2022-02-25,2022-03-01,Returned,Pune,India
ORD100061,CUST00514,Pixel 8 Pro,Phones,3,699,0.11,1866.33,2022-01-04,2022-01-14,Returned,Osaka,Japan
ORD100062,CUST00142,Dell UltraSharp 27,Monitors,1,399,0.19,323.19,2024-10-20,2024-10-24,Delivered,Kolkata,India
ORD100063,CUST00394,AirPods Pro 2,Audio,4,249,0.03,966.12,2023-01-04,2023-01-11,Shipped,Surat,India
ORD100064,CUST00493,AirPods Pro 2,Audio,4,249,0.2,796.8,2022-03-13,2022-03-18,Cancelled,Pune,India
ORD100065,CUST00855,Samsung Galaxy S24,Phones,4,799,0.2,2556.8,2022-08-06,2022-08-14,Delivered,Los Angeles,USA
ORD100066,CUST00013,ThinkPad X1,Laptops,4,1199,0.24,-3644.96,2022-11-26,2022-12-02,Shipped,Abu Dhabi,UAE
ORD100067,CUST00012,Fitbit Charge 6,Wearables,4,149,0.21,470.84,2024-09-22,2024-10-03,Cancelled,Houston,USA
ORD100068,CUST00760,MacBook Air M3,Laptops,3,1099,0.13,2868.39,2022-08-26,2022-09-05,Cancelled,Birmingham,UK
ORD100069,CUST00865,,Accessories,4,149,0.21,470.84,2024-12-31,2025-01-06,Delivered,Pune,India
ORD100070,CUST00892,LG 4K Monitor,Monitors,5,449,0.23,1728.65,2022-06-13,2022-06-08,Delivered,New York,USA
ORD100071,CUST00833,Garmin Fenix 7,Wearables,3,699,0.06,1971.18,2025-06-12,2025-06-24,Cancelled,Houston,USA
ORD100072,CUST00125,MacBook Air M3,Laptops,4,1099,0.08,4044.32,2024-09-29,2024-10-07,Processing,Delhi,India
ORD100073,CUST00346,DJI Mini 4 Pro,Drones,3,759,0.08,2094.84,2023-08-30,2023-09-12,Delivered,Dubai,UAE
ORD100074,CUST00428,Sony WH-1000XM5,Audio,2,349,0.09,635.18,2022-02-05,2022-02-13,Processing,Surat,India
ORD100075,CUST_GHOST_1,MacBook Air M3,Laptops,5,1099,0.03,5330.15,2024-12-24,2025-01-05,Cancelled,Ahmedabad,India
ORD100076,CUST00130,Samsung Galaxy S24,Phones,0,799,0.16,671.16,2022-10-24,2022-11-04,Cancelled,Houston,USA
ORD100077,CUST00706,Sony WH-1000XM5,Audio,3,349,0.29,-743.37,2025-06-18,2025-06-22,Returned,Abu Dhabi,UAE
ORD100078,CUST00382,Sony A7 IV Camera,Cameras,1,2499,0.02,2449.02,2022-03-20,2022-03-23,Returned,Tokyo,Japan
ORD100079,CUST00743,ThinkPad X1,Laptops,4,1199,0.15,4076.6,2022-06-11,2022-06-17,Processing,Houston,USA
ORD100080,CUST00765,Dell UltraSharp 27,Monitors,1,399,1.8,375.06,2023-06-11,2023-06-23,Delivered,Houston,USA
ORD100081,CUST00311,ThinkPad X1,Laptops,2,1199,0.17,1990.34,2025-06-14,2025-06-23,Returned,Ahmedabad,India
ORD100082,CUST00221,MacBook Air M3,Laptops,3,1099,0.17,2736.51,2024-06-13,2024-06-18,Shipped,Jaipur,India
ORD100083,CUST00186,Fitbit Charge 6,Wearables,1,149,0.18,122.18,2023-08-07,2023-08-12,Delivered,Houston,USA
ORD100084,CUST00673,iPhone 15 Pro,Phones,1,999,0.23,769.23,2022-09-23,2022-09-28,Processing,London,UK
ORD100085,CUST00231,DJI Mini 4 Pro,Drones,3,759,0.03,2208.69,2022-02-07,2022-02-19,Processing,Ahmedabad,India
ORD100086,CUST00730,Dell XPS 13,Laptops,5,999,0.09,4545.45,2025-06-01,2025-06-15,Cancelled,Abu Dhabi,UAE
ORD100087,CUST00399,LG 4K Monitor,Monitors,5,449,0.1,2020.5,2030-01-01,2024-09-10,Delivered,New York,USA
ORD100088,CUST00456,Logitech MX Keys,Accessories,3,89,0.1,-240.3,2022-11-07,2022-11-15,Cancelled,Kolkata,India
ORD100089,CUST00262,Apple Watch Ultra,Wearables,2,799,0.2,1278.4,2024-04-05,2024-04-06,Returned,Bengaluru,India
ORD100090,CUST_GHOST_2,Canon EOS R6,Cameras,5,2499,0.3,8746.5,2023-03-02,2023-03-14,Returned,Los Angeles,USA
ORD100091,CUST00463,AirPods Pro 2,Audio,3,249,0.23,575.19,2024-08-15,2024-08-16,Shipped,Singapore,Singapore
ORD100092,CUST00579,,Wearables,2,699,0.19,1132.38,2024-06-02,2024-06-09,Delivered,Osaka,Japan
ORD100093,CUST00241,AirPods Pro 2,Audio,5,249,0.22,971.1,2024-02-08,2024-02-17,Shipped,Chicago,USA
ORD100094,CUST00224,DJI Mini 4 Pro,Drones,1,759,0.03,736.23,2023-03-09,2023-03-11,Returned,Surat,India
ORD100095,CUST00753,Samsung Galaxy S24,Phones,0,799,0.23,1230.46,2024-04-01,2024-04-10,Cancelled,Los Angeles,USA
ORD100096,CUST00286,iPhone 15 Pro,Phones,4,999,0.27,2917.08,2023-10-17,2023-10-30,Processing,Toronto,Canada
ORD100097,CUST00546,ThinkPad X1,Laptops,3,1199,0.15,3057.45,2024-03-14,2024-03-18,Cancelled,Manchester,UK
ORD100098,CUST00461,Sony A7 IV Camera,Cameras,3,2499,0.25,5622.75,2022-11-18,2022-12-02,Shipped,Chicago,USA
ORD100099,CUST00343,AirPods Pro 2,Audio,1,249,0.16,-209.16,2024-08-08,2024-08-19,Shipped,Sydney,Australia
ORD100100,CUST00429,ThinkPad X1,Laptops,4,1199,0.17,3980.68,2024-05-06,2024-05-13,Shipped,Toronto,Canada
ORD100101,CUST00625,Laptop Pro 15,Laptops,5,1299,0.07,6040.35,2025-06-23,2025-07-02,Delivered,Singapore,Singapore
ORD100102,CUST00333,Garmin Fenix 7,Wearables,4,699,0.28,2013.12,2025-06-02,2025-06-06,Shipped,Abu Dhabi,UAE
ORD100103,CUST00024,Canon EOS R6,Cameras,1,2499,0.29,1774.29,2025-05-16,2025-05-29,Cancelled,Dubai,UAE
ORD100104,CUST00166,Fitbit Charge 6,Wearables,2,149,0.26,220.52,2024-07-26,2024-08-01,Shipped,Pune,India
ORD100105,CUST_GHOST_9,Canon EOS R6,Cameras,2,2499,0.1,4498.2,2022-05-13,2022-05-08,Shipped,Abu Dhabi,UAE
ORD100106,CUST00618,Sony A7 IV Camera,Cameras,4,2499,0.07,9296.28,2024-06-27,2024-07-01,Shipped,London,UK
ORD100107,CUST00858,Fitbit Charge 6,Wearables,1,149,0.24,113.24,2023-11-10,2023-11-24,Shipped,Ahmedabad,India
ORD100108,CUST00034,Sony A7 IV Camera,Cameras,1,2499,0.0,2499.0,2024-04-12,2024-04-26,Returned,Manchester,UK
ORD100109,CUST00267,Dell UltraSharp 27,Monitors,1,399,0.23,307.23,2025-01-05,2025-01-07,Returned,Toronto,Canada
ORD100110,CUST00848,Apple Watch Ultra,Wearables,1,799,0.13,-695.13,2022-05-03,2022-05-08,Cancelled,Tokyo,Japan
ORD100111,CUST00524,MacBook Air M3,Laptops,3,1099,0.12,2901.36,2024-06-20,2024-06-27,Delivered,Chennai,India
ORD100112,CUST00594,iPad Pro 12.9,Tablets,3,1099,0.23,2538.69,2022-08-17,2022-08-29,Shipped,Los Angeles,USA
ORD100113,CUST00249,LG 4K Monitor,Monitors,3,449,0.04,1293.12,2024-09-15,2024-09-19,Processing,Chennai,India
ORD100114,CUST00727,Logitech MX Keys,Accessories,0,89,0.14,76.54,2024-10-03,2024-10-16,Shipped,Osaka,Japan
ORD100115,CUST00456,,Audio,3,349,0.09,952.77,2023-11-09,2023-11-22,Cancelled,Melbourne,Australia
ORD100116,CUST00037,Sony WH-1000XM5,Audio,5,349,0.08,1605.4,2030-01-01,2022-10-17,Returned,Surat,India
ORD100117,CUST00578,Laptop Pro 15,Laptops,2,1299,0.26,1922.52,2024-01-13,2024-01-25,Processing,Surat,India
ORD100118,CUST00487,Samsung Galaxy S24,Phones,5,799,0.19,3235.95,2024-06-19,2024-06-30,Processing,Hyderabad,India
ORD100119,CUST00880,iPad Pro 12.9,Tablets,2,1099,0.18,1802.36,2024-02-26,2024-03-02,Shipped,Mumbai,India
ORD100120,CUST_GHOST_18,iPhone 15 Pro,Phones,5,999,1.8,4545.45,2022-01-25,2022-01-30,Processing,Tokyo,Japan
ORD100121,CUST00634,Fitbit Charge 6,Wearables,5,149,0.12,-655.6,2022-12-15,2022-12-21,Shipped,Abu Dhabi,UAE
ORD100122,CUST00388,Fitbit Charge 6,Wearables,3,149,0.16,375.48,2024-09-20,2024-10-01,Shipped,Birmingham,UK
ORD100123,CUST00389,Canon EOS R6,Cameras,2,2499,0.15,4248.3,2022-01-30,2022-02-10,Delivered,New York,USA
ORD100124,CUST00154,Pixel 8 Pro,Phones,3,699,0.06,1971.18,2023-07-24,2023-08-03,Delivered,Toronto,Canada
ORD100125,CUST00584,iPhone 15 Pro,Phones,3,999,0.15,2547.45,2022-01-25,2022-02-08,Returned,Ahmedabad,India
ORD100126,CUST00409,iPhone 15 Pro,Phones,3,999,0.2,2397.6,2022-07-22,2022-07-28,Returned,Bengaluru,India
ORD100127,CUST00867,Sony WH-1000XM5,Audio,5,349,0.29,1238.95,2025-01-06,2025-01-20,Delivered,Delhi,India
ORD100128,CUST00251,Sony A7 IV Camera,Cameras,5,2499,0.16,10495.8,2023-06-09,2023-06-22,Shipped,Melbourne,Australia
ORD100129,CUST00468,Pixel 8 Pro,Phones,2,699,0.21,1104.42,2022-12-30,2022-12-31,Returned,Jaipur,India
ORD100130,CUST00195,Apple Watch Ultra,Wearables,3,799,0.03,2325.09,2022-05-11,2022-05-14,Returned,Surat,India
ORD100131,CUST00600,MacBook Air M3,Laptops,2,1099,0.07,2044.14,2025-04-05,2025-04-13,Cancelled,Chennai,India
ORD100132,CUST00650,Apple Watch Ultra,Wearables,1,799,0.1,-719.1,2022-05-30,2022-06-03,Cancelled,Chennai,India
ORD100133,CUST00103,Sony A7 IV Camera,Cameras,0,2499,0.14,2149.14,2025-01-15,2025-01-25,Shipped,Singapore,Singapore
ORD100134,CUST00596,Canon EOS R6,Cameras,3,2499,0.17,6222.51,2024-05-30,2024-06-13,Delivered,Tokyo,Japan
ORD100135,CUST_GHOST_19,Sony A7 IV Camera,Cameras,2,2499,0.18,4098.36,2024-07-23,2024-07-24,Processing,Osaka,Japan
ORD100136,CUST00647,LG 4K Monitor,Monitors,5,449,0.08,2065.4,2022-12-28,2023-01-03,Returned,Manchester,UK
ORD100137,CUST00307,Fitbit Charge 6,Wearables,3,149,0.29,317.37,2023-06-26,2023-07-10,Returned,Ahmedabad,India
ORD100138,CUST00516,,Accessories,3,89,0.2,213.6,2023-09-25,2023-10-06,Cancelled,Chennai,India
ORD100139,CUST00522,Samsung Galaxy S24,Phones,4,799,0.0,3196.0,2024-08-21,2024-08-29,Shipped,Pune,India
ORD100140,CUST00097,Dell XPS 13,Laptops,4,999,0.2,3196.8,2024-06-26,2024-06-21,Returned,Pune,India
ORD100141,CUST00219,iPhone 15 Pro,Phones,1,999,0.23,769.23,2023-09-22,2023-10-01,Processing,New York,USA
ORD100142,CUST00308,Fitbit Charge 6,Wearables,4,149,0.03,578.12,2025-06-02,2025-06-06,Returned,Sydney,Australia
ORD100143,CUST00785,iPad Pro 12.9,Tablets,3,1099,0.05,-3132.15,2024-03-22,2024-04-04,Shipped,Pune,India
ORD100144,CUST00529,DJI Mini 4 Pro,Drones,2,759,0.1,1366.2,2024-08-28,2024-09-08,Returned,Houston,USA
ORD100145,CUST00484,Sony WH-1000XM5,Audio,2,349,0.28,502.56,2030-01-01,2023-09-20,Shipped,Surat,India
ORD100146,CUST00323,Logitech MX Keys,Accessories,3,89,0.25,200.25,2024-07-10,2024-07-15,Cancelled,Abu Dhabi,UAE
ORD100147,CUST00414,Dell UltraSharp 27,Monitors,4,399,0.0,1596.0,2022-04-24,2022-05-01,Processing,Toronto,Canada
ORD100148,CUST00020,iPad Pro 12.9,Tablets,4,1099,0.23,3384.92,2023-02-19,2023-02-23,Processing,Surat,India
ORD100149,CUST00810,Mechanical Keyboard,Accessories,1,149,0.1,134.1,2024-02-23,2024-02-29,Returned,Dubai,UAE
ORD100150,CUST_GHOST_14,iPhone 15 Pro,Phones,2,999,0.19,1618.38,2023-07-16,2023-07-18,Delivered,Ahmedabad,India
ORD100151,CUST00739,Samsung Galaxy S24,Phones,3,799,0.22,1869.66,2025-04-29,2025-05-07,Delivered,Osaka,Japan
ORD100152,CUST00622,Dell UltraSharp 27,Monitors,0,399,0.07,1484.28,2025-04-15,2025-04-22,Delivered,Chennai,India
ORD100153,CUST00379,MacBook Air M3,Laptops,3,1099,0.08,3033.24,2024-06-16,2024-06-21,Delivered,Manchester,UK
ORD100154,CUST00794,iPad Pro 12.9,Tablets,1,1099,0.1,-989.1,2024-04-27,2024-05-11,Shipped,Hyderabad,India
ORD100155,CUST00576,Garmin Fenix 7,Wearables,3,699,0.17,1740.51,2022-06-30,2022-07-08,Shipped,New York,USA
ORD100156,CUST00267,Garmin Fenix 7,Wearables,5,699,0.23,2691.15,2025-02-14,2025-02-23,Processing,Melbourne,Australia
ORD100157,CUST00070,Laptop Pro 15,Laptops,2,1299,0.23,2000.46,2023-10-05,2023-10-19,Processing,Osaka,Japan
ORD100158,CUST00480,Sony A7 IV Camera,Cameras,2,2499,0.06,4698.12,2023-04-12,2023-04-20,Processing,New York,USA
ORD100159,CUST00766,iPhone 15 Pro,Phones,3,999,0.08,2757.24,2022-02-17,2022-02-20,Delivered,Toronto,Canada
ORD100160,CUST00499,LG 4K Monitor,Monitors,4,449,1.8,1580.48,2022-04-09,2022-04-23,Returned,Delhi,India
ORD100161,CUST00448,,Wearables,3,149,0.0,447.0,2022-03-07,2022-03-16,Processing,Dubai,UAE
ORD100162,CUST00650,Canon EOS R6,Cameras,3,2499,0.17,6222.51,2022-05-18,2022-05-30,Delivered,Abu Dhabi,UAE
ORD100163,CUST00545,Dell XPS 13,Laptops,5,999,0.23,3846.15,2022-11-21,2022-12-04,Returned,Bengaluru,India
ORD100164,CUST00196,Garmin Fenix 7,Wearables,4,699,0.18,2292.72,2022-05-30,2022-06-12,Cancelled,Jaipur,India
ORD100165,CUST_GHOST_4,Sony A7 IV Camera,Cameras,4,2499,0.27,-7297.08,2023-11-08,2023-11-10,Shipped,Toronto,Canada
ORD100166,CUST00800,Garmin Fenix 7,Wearables,3,699,0.14,1803.42,2024-06-04,2024-06-05,Cancelled,Abu Dhabi,UAE
ORD100167,CUST00400,AirPods Pro 2,Audio,1,249,0.19,201.69,2022-02-08,2022-02-09,Shipped,New York,USA
ORD100168,CUST00229,LG 4K Monitor,Monitors,2,449,0.08,826.16,2025-04-11,2025-04-22,Processing,Dubai,UAE
ORD100169,CUST00589,Sony A7 IV Camera,Cameras,2,2499,0.23,3848.46,2023-12-28,2024-01-09,Returned,Hyderabad,India
ORD100170,CUST00186,iPhone 15 Pro,Phones,2,999,0.06,1878.12,2022-07-26,2022-07-27,Returned,Singapore,Singapore
ORD100171,CUST00071,MacBook Air M3,Laptops,0,1099,0.16,1846.32,2023-11-02,2023-11-16,Processing,Ahmedabad,India
ORD100172,CUST00435,iPhone 15 Pro,Phones,2,999,0.09,1818.18,2023-07-10,2023-07-14,Shipped,Osaka,Japan
ORD100173,CUST00451,Mechanical Keyboard,Accessories,1,149,0.04,143.04,2022-09-10,2022-09-24,Cancelled,Mumbai,India
ORD100174,CUST00458,Sony A7 IV Camera,Cameras,2,2499,0.11,4448.22,2030-01-01,2024-06-24,Shipped,Kolkata,India
ORD100175,CUST00096,Dell UltraSharp 27,Monitors,5,399,0.24,1516.2,2022-12-25,2022-12-20,Returned,Tokyo,Japan
ORD100176,CUST00215,Fitbit Charge 6,Wearables,1,149,0.05,-141.55,2022-09-04,2022-09-12,Returned,Los Angeles,USA
ORD100177,CUST00093,Logitech MX Keys,Accessories,4,89,0.06,334.64,2024-11-04,2024-11-10,Cancelled,Jaipur,India
ORD100178,CUST00017,Fitbit Charge 6,Wearables,1,149,0.28,107.28,2022-01-15,2022-01-22,Cancelled,Chicago,USA
ORD100179,CUST00318,ThinkPad X1,Laptops,3,1199,0.11,3201.33,2022-05-14,2022-05-21,Processing,Ahmedabad,India
ORD100180,CUST_GHOST_0,Dell XPS 13,Laptops,4,999,0.26,2957.04,2023-07-17,2023-07-29,Processing,Delhi,India
ORD100181,CUST00010,iPad Pro 12.9,Tablets,2,1099,0.05,2088.1,2022-09-20,2022-09-29,Shipped,Hyderabad,India
ORD100182,CUST00822,Canon EOS R6,Cameras,1,2499,0.02,2449.02,2023-03-06,2023-03-20,Processing,Los Angeles,USA
ORD100183,CUST00430,DJI Mini 4 Pro,Drones,4,759,0.25,2277.0,2022-12-20,2022-12-23,Returned,Hyderabad,India
ORD100184,CUST00113,,Phones,3,799,0.26,1773.78,2022-11-29,2022-11-30,Cancelled,Kolkata,India
ORD100185,CUST00862,AirPods Pro 2,Audio,4,249,0.19,806.76,2023-06-28,2023-07-08,Processing,Mumbai,India
ORD100186,CUST00482,Laptop Pro 15,Laptops,3,1299,0.01,3858.03,2022-03-12,2022-03-24,Shipped,Houston,USA
ORD100187,CUST00613,MacBook Air M3,Laptops,5,1099,0.11,-4890.55,2024-12-11,2024-12-14,Shipped,Chennai,India
ORD100188,CUST00095,Laptop Pro 15,Laptops,3,1299,0.27,2844.81,2024-05-09,2024-05-11,Delivered,Manchester,UK
ORD100189,CUST00550,Sony A7 IV Camera,Cameras,4,2499,0.26,7397.04,2024-06-20,2024-06-23,Returned,Toronto,Canada
ORD100190,CUST00264,Laptop Pro 15,Laptops,0,1299,0.14,3351.42,2022-09-20,2022-09-26,Returned,Los Angeles,USA
ORD100191,CUST00767,DJI Mini 4 Pro,Drones,1,759,0.14,652.74,2025-03-15,2025-03-19,Shipped,Ahmedabad,India
ORD100192,CUST00147,Fitbit Charge 6,Wearables,2,149,0.24,226.48,2023-04-07,2023-04-18,Delivered,Tokyo,Japan
ORD100193,CUST00630,ThinkPad X1,Laptops,4,1199,0.08,4412.32,2022-08-04,2022-08-08,Shipped,Jaipur,India
ORD100194,CUST00474,Samsung Galaxy S24,Phones,3,799,0.1,2157.3,2025-04-24,2025-05-03,Returned,Abu Dhabi,UAE
ORD100195,CUST_GHOST_11,Sony WH-1000XM5,Audio,2,349,0.1,628.2,2022-10-25,2022-11-04,Delivered,Tokyo,Japan
ORD100196,CUST00187,Dell UltraSharp 27,Monitors,1,399,0.24,303.24,2022-01-30,2022-02-02,Delivered,Ahmedabad,India
ORD100197,CUST00586,Samsung Galaxy S24,Phones,4,799,0.1,2876.4,2024-09-11,2024-09-19,Processing,Kolkata,India
ORD100198,CUST00220,Garmin Fenix 7,Wearables,4,699,0.14,-2404.56,2024-07-17,2024-07-27,Processing,Dubai,UAE
ORD100199,CUST00672,Sony A7 IV Camera,Cameras,1,2499,0.22,1949.22,2024-11-19,2024-11-25,Processing,Pune,India
ORD100200,CUST00500,Sony WH-1000XM5,Audio,3,349,1.8,795.72,2025-01-29,2025-02-06,Delivered,Sydney,Australia
ORD100201,CUST00801,Logitech MX Keys,Accessories,5,89,0.08,409.4,2024-01-19,2024-01-26,Delivered,Dubai,UAE
ORD100202,CUST00469,iPad Pro 12.9,Tablets,1,1099,0.07,1022.07,2022-08-16,2022-08-18,Returned,Melbourne,Australia
ORD100203,CUST00315,AirPods Pro 2,Audio,2,249,0.26,368.52,2030-01-01,2024-07-22,Returned,Bengaluru,India
ORD100204,CUST00524,Fitbit Charge 6,Wearables,2,149,0.12,262.24,2023-02-04,2023-02-07,Shipped,Osaka,Japan
ORD100205,CUST00363,Laptop Pro 15,Laptops,2,1299,0.22,2026.44,2024-12-12,2024-12-22,Shipped,Abu Dhabi,UAE
ORD100206,CUST00546,Fitbit Charge 6,Wearables,5,149,0.01,737.55,2024-01-13,2024-01-22,Shipped,Melbourne,Australia
ORD100207,CUST00103,,Wearables,2,149,0.11,265.22,2022-12-06,2022-12-17,Returned,Ahmedabad,India
ORD100208,CUST00625,iPad Pro 12.9,Tablets,5,1099,0.28,3956.4,2024-05-18,2024-06-01,Shipped,Jaipur,India
ORD100209,CUST00535,MacBook Air M3,Laptops,0,1099,0.09,-4000.36,2024-05-12,2024-05-20,Cancelled,New York,USA
ORD100210,CUST_GHOST_8,iPad Pro 12.9,Tablets,3,1099,0.0,3297.0,2025-02-12,2025-02-07,Processing,Kolkata,India
ORD100211,CUST00061,DJI Mini 4 Pro,Drones,5,759,0.29,2694.45,2024-04-20,2024-04-23,Shipped,Manchester,UK
ORD100212,CUST00164,Samsung Galaxy S24,Phones,2,799,0.12,1406.24,2024-05-08,2024-05-15,Returned,Kolkata,India
ORD100213,CUST00283,Pixel 8 Pro,Phones,3,699,0.02,2055.06,2022-10-15,2022-10-22,Delivered,Tokyo,Japan
ORD100214,CUST00146,Garmin Fenix 7,Wearables,2,699,0.06,1314.12,2023-07-19,2023-08-01,Processing,Mumbai,India
ORD100215,CUST00106,ThinkPad X1,Laptops,5,1199,0.09,5455.45,2025-05-10,2025-05-18,Shipped,Sydney,Australia
ORD100216,CUST00555,Sony A7 IV Camera,Cameras,3,2499,0.25,5622.75,2025-06-03,2025-06-11,Shipped,Bengaluru,India
ORD100217,CUST00042,Logitech MX Keys,Accessories,3,89,0.28,192.24,2024-02-21,2024-03-06,Processing,Chennai,India
ORD100218,CUST00898,Sony A7 IV Camera,Cameras,4,2499,0.18,8196.72,2024-09-24,2024-10-07,Processing,Ahmedabad,India
ORD100219,CUST00750,Fitbit Charge 6,Wearables,1,149,0.03,144.53,2025-05-20,2025-05-30,Processing,Ahmedabad,India
ORD100220,CUST00654,Canon EOS R6,Cameras,4,2499,0.13,-8696.52,2022-08-04,2022-08-18,Processing,Tokyo,Japan
ORD100221,CUST00337,Sony WH-1000XM5,Audio,3,349,0.19,848.07,2024-05-09,2024-05-20,Processing,Los Angeles,USA
ORD100222,CUST00826,Dell XPS 13,Laptops,1,999,0.03,969.03,2024-09-21,2024-09-25,Returned,Manchester,UK
ORD100223,CUST00273,Pixel 8 Pro,Phones,5,699,0.13,3040.65,2022-08-01,2022-08-14,Cancelled,Dubai,UAE
ORD100224,CUST00532,DJI Mini 4 Pro,Drones,5,759,0.11,3377.55,2024-02-23,2024-02-24,Returned,Chennai,India
ORD100225,CUST_GHOST_3,Garmin Fenix 7,Wearables,1,699,0.17,580.17,2023-05-04,2023-05-10,Returned,Sydney,Australia
ORD100226,CUST00736,DJI Mini 4 Pro,Drones,4,759,0.24,2307.36,2022-03-23,2022-03-29,Cancelled,London,UK
ORD100227,CUST00409,Garmin Fenix 7,Wearables,5,699,0.01,3460.05,2024-06-03,2024-06-14,Delivered,Kolkata,India
ORD100228,CUST00337,Garmin Fenix 7,Wearables,0,699,0.01,1384.02,2022-07-22,2022-07-27,Cancelled,Mumbai,India
ORD100229,CUST00700,Sony A7 IV Camera,Cameras,3,2499,0.11,6672.33,2023-12-06,2023-12-12,Shipped,Jaipur,India
ORD100230,CUST00716,,Cameras,1,2499,0.1,2249.1,2023-06-23,2023-07-06,Shipped,Kolkata,India
ORD100231,CUST00759,Apple Watch Ultra,Wearables,5,799,0.19,-3235.95,2024-04-01,2024-04-14,Processing,Osaka,Japan
ORD100232,CUST00342,Samsung Galaxy S24,Phones,4,799,0.26,2365.04,2030-01-01,2024-01-01,Returned,Tokyo,Japan
ORD100233,CUST00104,Pixel 8 Pro,Phones,3,699,0.25,1572.75,2022-07-05,2022-07-16,Cancelled,New York,USA
ORD100234,CUST00775,DJI Mini 4 Pro,Drones,4,759,0.19,2459.16,2024-02-23,2024-02-27,Processing,Melbourne,Australia
ORD100235,CUST00449,Canon EOS R6,Cameras,3,2499,0.1,6747.3,2024-01-11,2024-01-24,Shipped,Pune,India
ORD100236,CUST00596,Logitech MX Keys,Accessories,1,89,0.03,86.33,2023-09-28,2023-10-07,Returned,Surat,India
ORD100237,CUST00634,Apple Watch Ultra,Wearables,5,799,0.05,3795.25,2022-06-05,2022-06-09,Delivered,Bengaluru,India
ORD100238,CUST00150,DJI Mini 4 Pro,Drones,4,759,0.26,2246.64,2023-11-28,2023-12-07,Processing,Chicago,USA
ORD100239,CUST00754,iPad Pro 12.9,Tablets,4,1099,0.03,4264.12,2023-08-25,2023-09-04,Returned,Bengaluru,India
ORD100240,CUST_GHOST_1,Logitech MX Keys,Accessories,2,89,1.8,154.86,2023-05-19,2023-05-28,Shipped,Sydney,Australia
ORD100241,CUST00854,Sony WH-1000XM5,Audio,1,349,0.15,296.65,2023-03-25,2023-03-29,Shipped,London,UK
ORD100242,CUST00250,iPhone 15 Pro,Phones,2,999,0.0,-1998.0,2022-02-12,2022-02-26,Returned,Manchester,UK
ORD100243,CUST00582,Sony A7 IV Camera,Cameras,4,2499,0.17,8296.68,2023-01-29,2023-02-05,Shipped,Birmingham,UK
ORD100244,CUST00397,Garmin Fenix 7,Wearables,4,699,0.19,2264.76,2023-06-20,2023-07-02,Processing,Jaipur,India
ORD100245,CUST00241,LG 4K Monitor,Monitors,3,449,0.11,1198.83,2023-10-18,2023-10-13,Processing,Bengaluru,India
ORD100246,CUST00720,iPad Pro 12.9,Tablets,3,1099,0.26,2439.78,2023-05-21,2023-06-03,Returned,Abu Dhabi,UAE
ORD100247,CUST00804,iPad Pro 12.9,Tablets,0,1099,0.29,780.29,2024-11-05,2024-11-17,Cancelled,Dubai,UAE
ORD100248,CUST00619,Logitech MX Keys,Accessories,1,89,0.24,67.64,2023-04-12,2023-04-24,Processing,Melbourne,Australia
ORD100249,CUST00589,Apple Watch Ultra,Wearables,2,799,0.14,1374.28,2022-04-19,2022-04-27,Returned,London,UK
ORD100250,CUST00176,Canon EOS R6,Cameras,5,2499,0.13,10870.65,2022-02-15,2022-02-24,Cancelled,Dubai,UAE
ORD100251,CUST00724,MacBook Air M3,Laptops,3,1099,0.14,2835.42,2022-10-30,2022-11-01,Processing,Bengaluru,India
ORD100252,CUST00746,Sony WH-1000XM5,Audio,5,349,0.08,1605.4,2022-02-26,2022-03-10,Returned,Manchester,UK
ORD100253,CUST00221,,Monitors,2,449,0.3,-628.6,2024-07-14,2024-07-19,Returned,Melbourne,Australia
ORD100254,CUST00818,AirPods Pro 2,Audio,3,249,0.07,694.71,2024-11-06,2024-11-13,Shipped,Osaka,Japan
ORD100255,CUST_GHOST_0,Apple Watch Ultra,Wearables,5,799,0.09,3635.45,2025-06-02,2025-06-03,Processing,Abu Dhabi,UAE
ORD100256,CUST00543,ThinkPad X1,Laptops,1,1199,0.18,983.18,2024-04-27,2024-05-09,Shipped,Tokyo,Japan
ORD100257,CUST00793,iPhone 15 Pro,Phones,2,999,0.29,1418.58,2023-01-03,2023-01-17,Shipped,Mumbai,India
ORD100258,CUST00097,Canon EOS R6,Cameras,1,2499,0.1,2249.1,2024-04-06,2024-04-16,Cancelled,Houston,USA
ORD100259,CUST00352,Dell UltraSharp 27,Monitors,4,399,0.04,1532.16,2023-01-10,2023-01-12,Processing,Los Angeles,USA
ORD100260,CUST00512,Samsung Galaxy S24,Phones,4,799,0.26,2365.04,2022-07-05,2022-07-08,Processing,Chicago,USA
ORD100261,CUST00663,iPhone 15 Pro,Phones,2,999,0.11,1778.22,2030-01-01,2022-06-23,Cancelled,Osaka,Japan
ORD100262,CUST00621,ThinkPad X1,Laptops,5,1199,0.08,5515.4,2022-05-05,2022-05-14,Delivered,Sydney,Australia
ORD100263,CUST00542,Mechanical Keyboard,Accessories,1,149,0.05,141.55,2022-01-26,2022-01-27,Processing,Chicago,USA
ORD100264,CUST00582,AirPods Pro 2,Audio,1,249,0.24,-189.24,2025-02-27,2025-03-05,Delivered,Pune,India
ORD100265,CUST00549,iPhone 15 Pro,Phones,5,999,0.15,4245.75,2023-03-24,2023-03-30,Delivered,Sydney,Australia
ORD100266,CUST00182,iPad Pro 12.9,Tablets,0,1099,0.11,4890.55,2024-06-21,2024-07-03,Shipped,Birmingham,UK
ORD100267,CUST00040,iPad Pro 12.9,Tablets,4,1099,0.01,4352.04,2025-01-05,2025-01-18,Delivered,Surat,India
ORD100268,CUST00185,AirPods Pro 2,Audio,1,249,0.1,224.1,2025-04-23,2025-05-02,Shipped,Chennai,India
ORD100269,CUST00628,Canon EOS R6,Cameras,2,2499,0.18,4098.36,2023-11-22,2023-11-30,Returned,Chicago,USA
ORD100270,CUST_GHOST_2,Sony A7 IV Camera,Cameras,1,2499,0.2,1999.2,2023-11-24,2023-11-28,Processing,Hyderabad,India
ORD100271,CUST00414,Pixel 8 Pro,Phones,4,699,0.06,2628.24,2022-03-27,2022-04-02,Delivered,Manchester,UK
ORD100272,CUST00094,Garmin Fenix 7,Wearables,1,699,0.25,524.25,2023-10-19,2023-10-28,Returned,Abu Dhabi,UAE
ORD100273,CUST00560,Apple Watch Ultra,Wearables,5,799,0.12,3515.6,2023-02-16,2023-02-21,Processing,Hyderabad,India
ORD100274,CUST00642,Sony A7 IV Camera,Cameras,2,2499,0.09,4548.18,2024-05-23,2024-05-30,Cancelled,Chicago,USA
ORD100275,CUST00107,Dell XPS 13,Laptops,4,999,0.01,-3956.04,2023-10-21,2023-10-30,Cancelled,Singapore,Singapore
ORD100276,CUST00806,,Monitors,3,399,0.15,1017.45,2023-08-12,2023-08-25,Delivered,Birmingham,UK
ORD100277,CUST00315,MacBook Air M3,Laptops,2,1099,0.28,1582.56,2025-04-18,2025-04-30,Returned,Dubai,UAE
ORD100278,CUST00548,Samsung Galaxy S24,Phones,3,799,0.22,1869.66,2022-02-27,2022-02-28,Processing,Chicago,USA
ORD100279,CUST00054,iPhone 15 Pro,Phones,3,999,0.29,2127.87,2024-06-07,2024-06-19,Returned,Birmingham,UK
ORD100280,CUST00716,Samsung Galaxy S24,Phones,5,799,1.8,3555.55,2022-04-02,2022-03-28,Delivered,London,UK
ORD100281,CUST00075,Samsung Galaxy S24,Phones,2,799,0.21,1262.42,2023-02-21,2023-03-01,Shipped,Abu Dhabi,UAE
ORD100282,CUST00391,DJI Mini 4 Pro,Drones,1,759,0.01,751.41,2023-02-26,2023-03-10,Delivered,Surat,India
ORD100283,CUST00852,Laptop Pro 15,Laptops,2,1299,0.2,2078.4,2023-11-09,2023-11-12,Cancelled,Ahmedabad,India
ORD100284,CUST00146,Mechanical Keyboard,Accessories,4,149,0.01,590.04,2025-05-11,2025-05-15,Returned,Sydney,Australia
ORD100285,CUST_GHOST_9,Sony WH-1000XM5,Audio,0,349,0.2,1116.8,2023-02-24,2023-03-07,Processing,Houston,USA
ORD100286,CUST00387,Laptop Pro 15,Laptops,4,1299,0.25,-3897.0,2023-07-24,2023-08-07,Shipped,Osaka,Japan
ORD100287,CUST00642,Canon EOS R6,Cameras,3,2499,0.18,6147.54,2024-03-20,2024-03-21,Cancelled,Hyderabad,India
ORD100288,CUST00119,Pixel 8 Pro,Phones,1,699,0.19,566.19,2022-11-22,2022-12-05,Cancelled,Bengaluru,India
ORD100289,CUST00758,Samsung Galaxy S24,Phones,5,799,0.1,3595.5,2023-06-10,2023-06-21,Cancelled,Surat,India
ORD100290,CUST00584,Apple Watch Ultra,Wearables,3,799,0.09,2181.27,2030-01-01,2023-06-22,Delivered,Chicago,USA
ORD100291,CUST00510,iPhone 15 Pro,Phones,1,999,0.17,829.17,2023-02-16,2023-02-19,Returned,Delhi,India
ORD100292,CUST00235,Canon EOS R6,Cameras,4,2499,0.03,9696.12,2022-03-19,2022-04-02,Cancelled,Pune,India
ORD100293,CUST00631,Dell XPS 13,Laptops,1,999,0.07,929.07,2024-01-30,2024-02-07,Shipped,London,UK
ORD100294,CUST00516,DJI Mini 4 Pro,Drones,1,759,0.2,607.2,2023-01-23,2023-02-05,Shipped,Tokyo,Japan
ORD100295,CUST00157,Logitech MX Keys,Accessories,1,89,0.17,73.87,2023-12-01,2023-12-15,Processing,Pune,India
ORD100296,CUST00660,Mechanical Keyboard,Accessories,4,149,0.06,560.24,2022-04-26,2022-05-03,Cancelled,Hyderabad,India
ORD100297,CUST00189,AirPods Pro 2,Audio,5,249,0.02,-1220.1,2023-02-03,2023-02-09,Cancelled,Mumbai,India
ORD100298,CUST00617,Sony A7 IV Camera,Cameras,1,2499,0.25,1874.25,2024-12-18,2024-12-23,Returned,Pune,India
ORD100299,CUST00059,,Tablets,5,1099,0.29,3901.45,2022-08-17,2022-08-28,Delivered,Houston,USA
ORD100300,CUST_GHOST_5,Fitbit Charge 6,Wearables,5,149,0.01,737.55,2023-10-21,2023-10-27,Delivered,Hyderabad,India
ORD100301,CUST00004,ThinkPad X1,Laptops,2,1199,0.0,2398.0,2025-02-26,2025-02-27,Cancelled,Osaka,Japan
ORD100302,CUST00781,Garmin Fenix 7,Wearables,1,699,0.26,517.26,2022-03-14,2022-03-24,Returned,Bengaluru,India
ORD100303,CUST00661,Laptop Pro 15,Laptops,4,1299,0.28,3741.12,2024-03-01,2024-03-06,Returned,Chicago,USA
ORD100304,CUST00628,Sony A7 IV Camera,Cameras,0,2499,0.2,3998.4,2023-05-28,2023-06-03,Cancelled,Manchester,UK
ORD100305,CUST00369,iPad Pro 12.9,Tablets,4,1099,0.16,3692.64,2023-04-04,2023-04-07,Processing,Toronto,Canada
ORD100306,CUST00165,Samsung Galaxy S24,Phones,4,799,0.3,2237.2,2024-01-24,2024-02-05,Delivered,Houston,USA
ORD100307,CUST00421,AirPods Pro 2,Audio,2,249,0.01,493.02,2025-01-13,2025-01-27,Shipped,Chicago,USA
ORD100308,CUST00416,iPad Pro 12.9,Tablets,3,1099,0.06,-3099.18,2024-05-12,2024-05-19,Cancelled,Tokyo,Japan
ORD100309,CUST00475,Sony A7 IV Camera,Cameras,4,2499,0.29,7097.16,2024-01-15,2024-01-21,Processing,Sydney,Australia
ORD100310,CUST00211,Dell UltraSharp 27,Monitors,2,399,0.22,622.44,2023-05-19,2023-05-23,Shipped,Abu Dhabi,UAE
ORD100311,CUST00475,iPhone 15 Pro,Phones,5,999,0.11,4445.55,2025-01-27,2025-02-10,Cancelled,Los Angeles,USA
ORD100312,CUST00482,AirPods Pro 2,Audio,2,249,0.12,438.24,2022-08-11,2022-08-20,Cancelled,Surat,India
ORD100313,CUST00223,DJI Mini 4 Pro,Drones,4,759,0.02,2975.28,2023-11-23,2023-12-02,Shipped,Sydney,Australia
ORD100314,CUST00454,Dell UltraSharp 27,Monitors,5,399,0.13,1735.65,2022-02-18,2022-03-02,Shipped,Chicago,USA
ORD100315,CUST_GHOST_18,Garmin Fenix 7,Wearables,2,699,0.08,1286.16,2022-11-16,2022-11-11,Cancelled,Abu Dhabi,UAE
ORD100316,CUST00480,iPhone 15 Pro,Phones,2,999,0.12,1758.24,2023-05-19,2023-06-02,Shipped,Osaka,Japan
ORD100317,CUST00782,Canon EOS R6,Cameras,3,2499,0.18,6147.54,2025-06-08,2025-06-17,Delivered,Sydney,Australia
ORD100318,CUST00009,ThinkPad X1,Laptops,1,1199,0.03,1163.03,2022-04-19,2022-04-25,Delivered,New York,USA
ORD100319,CUST00219,Mechanical Keyboard,Accessories,2,149,0.22,-232.44,2030-01-01,2023-10-06,Delivered,Los Angeles,USA
ORD100320,CUST00849,DJI Mini 4 Pro,Drones,3,759,1.8,1867.14,2024-07-03,2024-07-11,Processing,Melbourne,Australia
ORD100321,CUST00822,Samsung Galaxy S24,Phones,3,799,0.09,2181.27,2025-02-24,2025-02-27,Shipped,Pune,India
ORD100322,CUST00634,,Monitors,1,449,0.16,377.16,2024-04-19,2024-04-22,Returned,Dubai,UAE
ORD100323,CUST00256,Canon EOS R6,Cameras,0,2499,0.21,5922.63,2022-08-21,2022-09-01,Shipped,London,UK
ORD100324,CUST00391,ThinkPad X1,Laptops,1,1199,0.04,1151.04,2024-08-26,2024-09-02,Cancelled,Pune,India
ORD100325,CUST00838,Laptop Pro 15,Laptops,5,1299,0.21,5131.05,2024-01-13,2024-01-21,Returned,Abu Dhabi,UAE
ORD100326,CUST00504,Samsung Galaxy S24,Phones,4,799,0.27,2333.08,2025-03-06,2025-03-12,Processing,Bengaluru,India
ORD100327,CUST00640,Mechanical Keyboard,Accessories,1,149,0.05,141.55,2023-09-07,2023-09-18,Cancelled,Hyderabad,India
ORD100328,CUST00329,ThinkPad X1,Laptops,2,1199,0.29,1702.58,2023-08-22,2023-09-03,Delivered,Los Angeles,USA
ORD100329,CUST00605,DJI Mini 4 Pro,Drones,4,759,0.0,3036.0,2024-05-05,2024-05-08,Processing,Jaipur,India
ORD100330,CUST_GHOST_16,iPhone 15 Pro,Phones,5,999,0.08,-4595.4,2022-02-18,2022-02-26,Processing,Pune,India
ORD100331,CUST00270,MacBook Air M3,Laptops,2,1099,0.21,1736.42,2024-07-08,2024-07-15,Processing,Delhi,India
ORD100332,CUST00341,Sony WH-1000XM5,Audio,4,349,0.2,1116.8,2025-02-03,2025-02-04,Shipped,Singapore,Singapore
ORD100333,CUST00390,Laptop Pro 15,Laptops,5,1299,0.01,6430.05,2023-02-13,2023-02-21,Cancelled,Chicago,USA
ORD100334,CUST00344,MacBook Air M3,Laptops,3,1099,0.21,2604.63,2024-01-22,2024-02-04,Returned,Houston,USA
ORD100335,CUST00355,LG 4K Monitor,Monitors,3,449,0.04,1293.12,2023-06-20,2023-06-29,Shipped,Manchester,UK
ORD100336,CUST00461,AirPods Pro 2,Audio,3,249,0.02,732.06,2022-06-23,2022-07-06,Processing,Birmingham,UK
ORD100337,CUST00826,ThinkPad X1,Laptops,1,1199,0.24,911.24,2022-08-08,2022-08-12,Delivered,Pune,India
ORD100338,CUST00821,Mechanical Keyboard,Accessories,1,149,0.05,141.55,2023-05-01,2023-05-14,Delivered,Bengaluru,India
ORD100339,CUST00350,Laptop Pro 15,Laptops,1,1299,0.22,1013.22,2025-06-18,2025-06-20,Shipped,Abu Dhabi,UAE
ORD100340,CUST00109,Sony A7 IV Camera,Cameras,3,2499,0.24,5697.72,2025-06-08,2025-06-10,Delivered,Melbourne,Australia
ORD100341,CUST00084,iPad Pro 12.9,Tablets,2,1099,0.28,-1582.56,2023-01-16,2023-01-18,Delivered,Mumbai,India
ORD100342,CUST00735,LG 4K Monitor,Monitors,0,449,0.06,844.12,2022-06-12,2022-06-19,Processing,Toronto,Canada
ORD100343,CUST00203,Fitbit Charge 6,Wearables,2,149,0.14,256.28,2024-10-11,2024-10-21,Shipped,Manchester,UK
ORD100344,CUST00063,AirPods Pro 2,Audio,5,249,0.26,921.3,2024-06-25,2024-06-28,Returned,Mumbai,India
ORD100345,CUST_GHOST_8,,Laptops,2,999,0.29,1418.58,2022-10-22,2022-10-31,Returned,Kolkata,India
ORD100346,CUST00869,ThinkPad X1,Laptops,1,1199,0.06,1127.06,2023-10-21,2023-11-03,Shipped,Pune,India
ORD100347,CUST00423,Dell UltraSharp 27,Monitors,5,399,0.09,1815.45,2024-11-03,2024-11-14,Processing,Kolkata,India
ORD100348,CUST00754,LG 4K Monitor,Monitors,3,449,0.25,1010.25,2030-01-01,2023-05-18,Delivered,Toronto,Canada
ORD100349,CUST00067,Sony WH-1000XM5,Audio,3,349,0.23,806.19,2022-05-07,2022-05-09,Cancelled,Los Angeles,USA
ORD100350,CUST00441,MacBook Air M3,Laptops,5,1099,0.23,4231.15,2022-06-13,2022-06-08,Cancelled,Mumbai,India
ORD100351,CUST00371,Dell XPS 13,Laptops,3,999,0.18,2457.54,2025-05-25,2025-06-05,Delivered,Abu Dhabi,UAE
ORD100352,CUST00761,Sony WH-1000XM5,Audio,3,349,0.14,-900.42,2024-09-10,2024-09-16,Cancelled,Surat,India
ORD100353,CUST00763,Canon EOS R6,Cameras,3,2499,0.16,6297.48,2023-01-25,2023-01-29,Returned,Pune,India
ORD100354,CUST00473,MacBook Air M3,Laptops,3,1099,0.12,2901.36,2023-10-27,2023-11-09,Cancelled,London,UK
ORD100355,CUST00756,Sony A7 IV Camera,Cameras,4,2499,0.05,9496.2,2024-02-29,2024-03-07,Delivered,Hyderabad,India
ORD100356,CUST00648,Logitech MX Keys,Accessories,4,89,0.3,249.2,2022-11-02,2022-11-09,Processing,Mumbai,India
ORD100357,CUST00189,LG 4K Monitor,Monitors,2,449,0.05,853.1,2023-03-21,2023-03-23,Delivered,Chicago,USA
ORD100358,CUST00203,Canon EOS R6,Cameras,2,2499,0.08,4598.16,2022-02-14,2022-02-22,Cancelled,Pune,India
ORD100359,CUST00195,AirPods Pro 2,Audio,5,249,0.08,1145.4,2024-09-23,2024-10-03,Cancelled,Houston,USA
ORD100360,CUST_GHOST_1,LG 4K Monitor,Monitors,2,449,1.8,763.3,2023-12-25,2023-12-27,Delivered,New York,USA
ORD100361,CUST00241,Canon EOS R6,Cameras,0,2499,0.09,11370.45,2024-11-28,2024-12-06,Shipped,Houston,USA
ORD100362,CUST00647,Canon EOS R6,Cameras,1,2499,0.29,1774.29,2022-11-21,2022-11-27,Processing,Sydney,Australia
ORD100363,CUST00614,DJI Mini 4 Pro,Drones,4,759,0.18,-2489.52,2022-09-23,2022-10-02,Processing,New York,USA
ORD100364,CUST00485,Mechanical Keyboard,Accessories,2,149,0.11,265.22,2022-05-10,2022-05-11,Cancelled,Los Angeles,USA
ORD100365,CUST00335,LG 4K Monitor,Monitors,2,449,0.06,844.12,2023-04-24,2023-05-08,Processing,Toronto,Canada
ORD100366,CUST00592,Canon EOS R6,Cameras,3,2499,0.17,6222.51,2023-11-10,2023-11-22,Shipped,Hyderabad,India
ORD100367,CUST00235,Logitech MX Keys,Accessories,5,89,0.29,315.95,2025-04-29,2025-05-09,Shipped,Ahmedabad,India
ORD100368,CUST00020,,Cameras,5,2499,0.14,10745.7,2023-10-04,2023-10-13,Delivered,Chicago,USA
ORD100369,CUST00542,iPad Pro 12.9,Tablets,5,1099,0.1,4945.5,2024-10-02,2024-10-10,Returned,Tokyo,Japan
ORD100370,CUST00797,Sony WH-1000XM5,Audio,1,349,0.13,303.63,2023-01-31,2023-02-13,Processing,Melbourne,Australia
ORD100371,CUST00061,iPad Pro 12.9,Tablets,3,1099,0.25,2472.75,2024-08-28,2024-09-01,Shipped,Toronto,Canada
ORD100372,CUST00636,Laptop Pro 15,Laptops,3,1299,0.11,3468.33,2024-09-15,2024-09-24,Shipped,Jaipur,India
ORD100373,CUST00620,Logitech MX Keys,Accessories,4,89,0.3,249.2,2025-01-03,2025-01-07,Shipped,Singapore,Singapore
ORD100374,CUST00063,DJI Mini 4 Pro,Drones,1,759,0.09,-690.69,2023-02-04,2023-02-13,Returned,Surat,India
ORD100375,CUST_GHOST_0,Pixel 8 Pro,Phones,4,699,0.13,2432.52,2023-09-03,2023-09-08,Shipped,Hyderabad,India
ORD100376,CUST00660,AirPods Pro 2,Audio,1,249,0.01,246.51,2024-05-13,2024-05-15,Processing,London,UK
ORD100377,CUST00569,iPad Pro 12.9,Tablets,4,1099,0.19,3560.76,2030-01-01,2022-11-28,Cancelled,Osaka,Japan
ORD100378,CUST00467,Logitech MX Keys,Accessories,1,89,0.28,64.08,2023-07-20,2023-07-24,Returned,London,UK
ORD100379,CUST00331,AirPods Pro 2,Audio,2,249,0.18,408.36,2022-02-04,2022-02-06,Delivered,New York,USA
ORD100380,CUST00323,Apple Watch Ultra,Wearables,0,799,0.11,2844.44,2024-02-08,2024-02-17,Delivered,Toronto,Canada
ORD100381,CUST00335,LG 4K Monitor,Monitors,3,449,0.12,1185.36,2025-06-09,2025-06-23,Delivered,Toronto,Canada
ORD100382,CUST00583,AirPods Pro 2,Audio,3,249,0.17,620.01,2022-03-22,2022-03-31,Delivered,Tokyo,Japan
ORD100383,CUST00070,iPad Pro 12.9,Tablets,4,1099,0.02,4308.08,2022-10-14,2022-10-17,Delivered,Birmingham,UK
ORD100384,CUST00369,Samsung Galaxy S24,Phones,2,799,0.03,1550.06,2024-01-02,2024-01-08,Delivered,Houston,USA
ORD100385,CUST00559,Logitech MX Keys,Accessories,1,89,0.15,-75.65,2022-05-08,2022-05-03,Cancelled,Toronto,Canada
ORD100386,CUST00092,Dell UltraSharp 27,Monitors,2,399,0.16,670.32,2023-03-01,2023-03-09,Shipped,Chennai,India
ORD100387,CUST00661,Sony WH-1000XM5,Audio,2,349,0.07,649.14,2025-02-16,2025-02-17,Delivered,Toronto,Canada
ORD100388,CUST00225,Pixel 8 Pro,Phones,4,699,0.01,2768.04,2023-04-22,2023-04-25,Shipped,Birmingham,UK
ORD100389,CUST00650,Logitech MX Keys,Accessories,3,89,0.12,234.96,2024-03-21,2024-03-22,Returned,Osaka,Japan
ORD100390,CUST_GHOST_13,AirPods Pro 2,Audio,4,249,0.01,986.04,2025-01-31,2025-02-02,Delivered,Kolkata,India
ORD100391,CUST00597,,Wearables,1,699,0.06,657.06,2024-10-03,2024-10-04,Processing,Melbourne,Australia
ORD100392,CUST00522,Dell XPS 13,Laptops,5,999,0.26,3696.3,2022-12-03,2022-12-10,Shipped,Hyderabad,India
ORD100393,CUST00763,Apple Watch Ultra,Wearables,1,799,0.27,583.27,2025-06-29,2025-07-04,Processing,Dubai,UAE
ORD100394,CUST00855,Mechanical Keyboard,Accessories,5,149,0.12,655.6,2023-02-17,2023-03-02,Returned,Jaipur,India
ORD100395,CUST00267,Logitech MX Keys,Accessories,2,89,0.1,160.2,2024-03-15,2024-03-17,Processing,London,UK
ORD100396,CUST00668,Laptop Pro 15,Laptops,4,1299,0.18,-4260.72,2024-11-14,2024-11-27,Cancelled,Kolkata,India
ORD100397,CUST00824,Samsung Galaxy S24,Phones,1,799,0.01,791.01,2022-08-07,2022-08-19,Shipped,Kolkata,India
ORD100398,CUST00691,Garmin Fenix 7,Wearables,3,699,0.25,1572.75,2023-03-15,2023-03-25,Processing,Los Angeles,USA
ORD100399,CUST00236,Sony A7 IV Camera,Cameras,0,2499,0.19,2024.19,2025-03-06,2025-03-20,Processing,Kolkata,India
ORD100400,CUST00222,Fitbit Charge 6,Wearables,1,149,1.8,135.59,2023-01-06,2023-01-20,Processing,Kolkata,India
ORD100401,CUST00469,Canon EOS R6,Cameras,4,2499,0.22,7796.88,2024-03-11,2024-03-21,Shipped,Manchester,UK
ORD100402,CUST00815,Canon EOS R6,Cameras,5,2499,0.18,10245.9,2023-05-24,2023-05-26,Returned,Chennai,India
ORD100403,CUST00878,Laptop Pro 15,Laptops,1,1299,0.19,1052.19,2022-01-23,2022-01-28,Delivered,Surat,India
ORD100404,CUST00164,Sony A7 IV Camera,Cameras,4,2499,0.22,7796.88,2022-07-19,2022-07-20,Processing,Kolkata,India
ORD100405,CUST_GHOST_11,iPhone 15 Pro,Phones,4,999,0.22,3116.88,2022-06-05,2022-06-10,Cancelled,Toronto,Canada
ORD100406,CUST00123,Laptop Pro 15,Laptops,3,1299,0.23,3000.69,2030-01-01,2023-09-14,Processing,London,UK
ORD100407,CUST00763,iPhone 15 Pro,Phones,1,999,0.28,-719.28,2022-03-04,2022-03-12,Shipped,Mumbai,India
ORD100408,CUST00467,ThinkPad X1,Laptops,1,1199,0.22,935.22,2025-04-02,2025-04-14,Returned,Jaipur,India
ORD100409,CUST00492,Sony WH-1000XM5,Audio,1,349,0.21,275.71,2022-05-10,2022-05-22,Shipped,Kolkata,India
ORD100410,CUST00031,Dell XPS 13,Laptops,4,999,0.2,3196.8,2022-03-18,2022-03-26,Cancelled,London,UK
ORD100411,CUST00591,LG 4K Monitor,Monitors,2,449,0.29,637.58,2022-04-01,2022-04-12,Delivered,Osaka,Japan
ORD100412,CUST00208,Sony WH-1000XM5,Audio,3,349,0.22,816.66,2023-07-02,2023-07-03,Processing,Kolkata,India
ORD100413,CUST00666,Pixel 8 Pro,Phones,4,699,0.24,2124.96,2022-04-01,2022-04-15,Returned,Houston,USA
ORD100414,CUST00733,,Wearables,4,799,0.24,2428.96,2022-04-07,2022-04-12,Processing,Bengaluru,India
ORD100415,CUST00484,DJI Mini 4 Pro,Drones,3,759,0.14,1958.22,2025-01-20,2025-01-23,Processing,Sydney,Australia
ORD100416,CUST00329,Mechanical Keyboard,Accessories,5,149,0.16,625.8,2023-12-12,2023-12-19,Shipped,Abu Dhabi,UAE
ORD100417,CUST00356,Dell UltraSharp 27,Monitors,3,399,0.14,1029.42,2023-08-22,2023-08-25,Cancelled,Sydney,Australia
ORD100418,CUST00443,Apple Watch Ultra,Wearables,0,799,0.11,-2844.44,2022-06-27,2022-07-07,Processing,Hyderabad,India
ORD100419,CUST00462,Logitech MX Keys,Accessories,3,89,0.19,216.27,2025-01-09,2025-01-23,Shipped,Delhi,India
ORD100420,CUST_GHOST_4,Logitech MX Keys,Accessories,5,89,0.28,320.4,2025-05-11,2025-05-06,Returned,Toronto,Canada
ORD100421,CUST00836,Samsung Galaxy S24,Phones,5,799,0.04,3835.2,2023-02-26,2023-03-12,Cancelled,Bengaluru,India
ORD100422,CUST00558,LG 4K Monitor,Monitors,1,449,0.3,314.3,2022-03-27,2022-04-05,Delivered,Abu Dhabi,UAE
ORD100423,CUST00681,Laptop Pro 15,Laptops,3,1299,0.28,2805.84,2022-12-04,2022-12-16,Shipped,Sydney,Australia
ORD100424,CUST00750,Logitech MX Keys,Accessories,4,89,0.04,341.76,2024-02-04,2024-02-13,Cancelled,Birmingham,UK
ORD100425,CUST00768,Dell UltraSharp 27,Monitors,2,399,0.17,662.34,2024-04-15,2024-04-27,Delivered,Ahmedabad,India
ORD100426,CUST00772,Sony A7 IV Camera,Cameras,2,2499,0.25,3748.5,2023-01-21,2023-02-02,Delivered,Birmingham,UK
ORD100427,CUST00074,ThinkPad X1,Laptops,4,1199,0.04,4604.16,2023-09-20,2023-09-24,Cancelled,Surat,India
ORD100428,CUST00835,iPhone 15 Pro,Phones,5,999,0.19,4045.95,2023-01-27,2023-01-28,Delivered,Mumbai,India
ORD100429,CUST00848,AirPods Pro 2,Audio,1,249,0.06,-234.06,2022-05-27,2022-05-29,Processing,London,UK
ORD100430,CUST00678,ThinkPad X1,Laptops,4,1199,0.28,3453.12,2024-04-05,2024-04-06,Returned,Surat,India
ORD100431,CUST00312,Logitech MX Keys,Accessories,4,89,0.11,316.84,2024-05-27,2024-06-06,Returned,Manchester,UK
ORD100432,CUST00504,DJI Mini 4 Pro,Drones,5,759,0.01,3757.05,2022-03-06,2022-03-14,Processing,Los Angeles,USA
ORD100433,CUST00882,Laptop Pro 15,Laptops,3,1299,0.21,3078.63,2024-02-25,2024-03-09,Returned,Osaka,Japan
ORD100434,CUST00636,ThinkPad X1,Laptops,4,1199,0.21,3788.84,2023-12-20,2023-12-31,Cancelled,Mumbai,India
ORD100435,CUST_GHOST_2,Dell UltraSharp 27,Monitors,1,399,0.29,283.29,2030-01-01,2024-09-04,Returned,Bengaluru,India
ORD100436,CUST00733,Dell XPS 13,Laptops,2,999,0.22,1558.44,2022-07-12,2022-07-20,Cancelled,Tokyo,Japan
ORD100437,CUST00481,,Accessories,0,89,0.18,145.96,2022-03-12,2022-03-18,Processing,Dubai,UAE
ORD100438,CUST00098,Sony A7 IV Camera,Cameras,2,2499,0.18,4098.36,2022-01-22,2022-02-02,Shipped,Abu Dhabi,UAE
ORD100439,CUST00515,Laptop Pro 15,Laptops,5,1299,0.13,5650.65,2023-01-07,2023-01-15,Processing,Melbourne,Australia
ORD100440,CUST00549,Garmin Fenix 7,Wearables,4,699,1.8,-2124.96,2022-04-10,2022-04-15,Returned,Chennai,India
ORD100441,CUST00463,Fitbit Charge 6,Wearables,4,149,0.05,566.2,2023-08-24,2023-09-07,Shipped,Delhi,India
ORD100442,CUST00113,AirPods Pro 2,Audio,5,249,0.1,1120.5,2022-11-14,2022-11-28,Delivered,Kolkata,India
ORD100443,CUST00397,Canon EOS R6,Cameras,4,2499,0.07,9296.28,2022-12-28,2023-01-10,Cancelled,Delhi,India
ORD100444,CUST00887,AirPods Pro 2,Audio,2,249,0.07,463.14,2025-04-10,2025-04-24,Cancelled,Ahmedabad,India
ORD100445,CUST00143,Sony A7 IV Camera,Cameras,1,2499,0.03,2424.03,2022-09-28,2022-10-10,Returned,Abu Dhabi,UAE
ORD100446,CUST00814,Laptop Pro 15,Laptops,4,1299,0.15,4416.6,2024-05-30,2024-05-31,Returned,Melbourne,Australia
ORD100447,CUST00486,Mechanical Keyboard,Accessories,5,149,0.03,722.65,2022-03-10,2022-03-15,Cancelled,Dubai,UAE
ORD100448,CUST00270,LG 4K Monitor,Monitors,1,449,0.02,440.02,2024-01-03,2024-01-11,Cancelled,Birmingham,UK
ORD100449,CUST00166,Pixel 8 Pro,Phones,2,699,0.04,1342.08,2022-06-26,2022-07-06,Shipped,Sydney,Australia
ORD100450,CUST_GHOST_17,iPhone 15 Pro,Phones,4,999,0.2,3196.8,2024-02-04,2024-02-13,Processing,Manchester,UK
ORD100451,CUST00119,Dell XPS 13,Laptops,2,999,0.17,-1658.34,2025-02-20,2025-02-21,Shipped,Kolkata,India
ORD100452,CUST00719,iPad Pro 12.9,Tablets,3,1099,0.04,3165.12,2024-03-11,2024-03-12,Processing,Delhi,India
ORD100453,CUST00682,Fitbit Charge 6,Wearables,1,149,0.03,144.53,2023-06-29,2023-07-09,Returned,Mumbai,India
ORD100454,CUST00250,AirPods Pro 2,Audio,2,249,0.1,448.2,2024-09-10,2024-09-23,Shipped,Kolkata,India
ORD100455,CUST00102,Canon EOS R6,Cameras,4,2499,0.14,8596.56,2022-12-20,2022-12-15,Returned,Toronto,Canada
ORD100456,CUST00131,Apple Watch Ultra,Wearables,0,799,0.04,767.04,2024-11-10,2024-11-13,Delivered,Manchester,UK
ORD100457,CUST00253,Fitbit Charge 6,Wearables,1,149,0.17,123.67,2024-04-26,2024-05-10,Processing,Ahmedabad,India
ORD100458,CUST00443,Sony WH-1000XM5,Audio,4,349,0.02,1368.08,2022-03-29,2022-04-12,Processing,Osaka,Japan
ORD100459,CUST00744,Dell UltraSharp 27,Monitors,1,399,0.06,375.06,2024-02-05,2024-02-12,Cancelled,Singapore,Singapore
ORD100460,CUST00810,,Phones,2,699,0.14,1202.28,2024-11-09,2024-11-16,Shipped,Ahmedabad,India
ORD100461,CUST00792,DJI Mini 4 Pro,Drones,5,759,0.09,3453.45,2022-06-03,2022-06-10,Returned,Mumbai,India
ORD100462,CUST00722,LG 4K Monitor,Monitors,1,449,0.17,-372.67,2022-10-26,2022-11-08,Delivered,Los Angeles,USA
ORD100463,CUST00666,Sony WH-1000XM5,Audio,4,349,0.08,1284.32,2023-12-01,2023-12-06,Returned,Singapore,Singapore
ORD100464,CUST00482,Logitech MX Keys,Accessories,3,89,0.26,197.58,2030-01-01,2024-11-21,Cancelled,Osaka,Japan
ORD100465,CUST_GHOST_19,Garmin Fenix 7,Wearables,5,699,0.28,2516.4,2025-05-12,2025-05-23,Returned,Hyderabad,India
ORD100466,CUST00502,Canon EOS R6,Cameras,3,2499,0.03,7272.09,2023-12-03,2023-12-12,Returned,Singapore,Singapore
ORD100467,CUST00278,Dell XPS 13,Laptops,3,999,0.19,2427.57,2023-08-15,2023-08-25,Returned,Ahmedabad,India
ORD100468,CUST00580,Logitech MX Keys,Accessories,3,89,0.27,194.91,2023-01-27,2023-02-02,Processing,Kolkata,India
ORD100469,CUST00286,Logitech MX Keys,Accessories,5,89,0.2,356.0,2023-06-25,2023-07-05,Cancelled,Sydney,Australia
ORD100470,CUST00143,iPhone 15 Pro,Phones,5,999,0.27,3646.35,2023-08-28,2023-09-01,Processing,Melbourne,Australia
ORD100471,CUST00818,Apple Watch Ultra,Wearables,5,799,0.1,3595.5,2024-08-05,2024-08-15,Returned,Pune,India
ORD100472,CUST00211,ThinkPad X1,Laptops,3,1199,0.19,2913.57,2025-05-09,2025-05-22,Processing,Pune,India
ORD100473,CUST00496,Canon EOS R6,Cameras,3,2499,0.07,-6972.21,2023-07-09,2023-07-19,Cancelled,Dubai,UAE
ORD100474,CUST00074,Logitech MX Keys,Accessories,2,89,0.08,163.76,2023-06-02,2023-06-04,Cancelled,Dubai,UAE
ORD100475,CUST00832,Dell UltraSharp 27,Monitors,0,399,0.02,391.02,2023-06-06,2023-06-14,Cancelled,Dubai,UAE
ORD100476,CUST00431,Garmin Fenix 7,Wearables,3,699,0.15,1782.45,2023-02-12,2023-02-17,Delivered,Houston,USA
ORD100477,CUST00448,Canon EOS R6,Cameras,5,2499,0.03,12120.15,2024-03-03,2024-03-09,Delivered,Hyderabad,India
ORD100478,CUST00821,Samsung Galaxy S24,Phones,1,799,0.11,711.11,2022-04-22,2022-04-23,Delivered,Jaipur,India
ORD100479,CUST00131,ThinkPad X1,Laptops,5,1199,0.16,5035.8,2022-07-16,2022-07-28,Cancelled,Kolkata,India
ORD100480,CUST_GHOST_3,MacBook Air M3,Laptops,5,1099,1.8,5385.1,2023-11-23,2023-12-03,Processing,Surat,India
ORD100481,CUST00634,LG 4K Monitor,Monitors,2,449,0.07,835.14,2025-05-21,2025-05-31,Processing,Dubai,UAE
ORD100482,CUST00567,Mechanical Keyboard,Accessories,2,149,0.05,283.1,2025-04-11,2025-04-17,Shipped,Pune,India
ORD100483,CUST00018,,Monitors,2,399,0.16,670.32,2022-11-25,2022-11-27,Returned,Tokyo,Japan
ORD100484,CUST00128,DJI Mini 4 Pro,Drones,3,759,0.24,-1730.52,2022-07-15,2022-07-19,Cancelled,Ahmedabad,India
ORD100485,CUST00178,Pixel 8 Pro,Phones,4,699,0.18,2292.72,2023-03-28,2023-04-02,Delivered,Mumbai,India
ORD100486,CUST00882,Pixel 8 Pro,Phones,3,699,0.13,1824.39,2025-05-13,2025-05-27,Cancelled,London,UK
ORD100487,CUST00084,iPhone 15 Pro,Phones,2,999,0.03,1938.06,2024-04-16,2024-04-28,Cancelled,London,UK
ORD100488,CUST00769,iPad Pro 12.9,Tablets,4,1099,0.26,3253.04,2024-02-18,2024-02-19,Returned,Osaka,Japan
ORD100489,CUST00504,Sony WH-1000XM5,Audio,2,349,0.26,516.52,2024-06-13,2024-06-26,Returned,New York,USA
ORD100490,CUST00631,Logitech MX Keys,Accessories,1,89,0.15,75.65,2024-03-05,2024-02-29,Cancelled,Singapore,Singapore
ORD100491,CUST00080,iPhone 15 Pro,Phones,3,999,0.04,2877.12,2025-05-15,2025-05-29,Cancelled,Pune,India
ORD100492,CUST00362,Dell UltraSharp 27,Monitors,2,399,0.07,742.14,2024-04-09,2024-04-14,Shipped,Melbourne,Australia
ORD100493,CUST00899,AirPods Pro 2,Audio,2,249,0.11,443.22,2030-01-01,2024-08-20,Returned,Ahmedabad,India
ORD100494,CUST00023,Dell XPS 13,Laptops,0,999,0.21,3156.84,2024-03-07,2024-03-17,Processing,Los Angeles,USA
ORD100495,CUST_GHOST_14,Dell UltraSharp 27,Monitors,1,399,0.15,-339.15,2024-05-18,2024-05-20,Cancelled,Jaipur,India
ORD100496,CUST00267,Mechanical Keyboard,Accessories,2,149,0.08,274.16,2024-09-07,2024-09-10,Shipped,Ahmedabad,India
ORD100497,CUST00830,Garmin Fenix 7,Wearables,5,699,0.18,2865.9,2023-02-05,2023-02-19,Delivered,Chicago,USA
ORD100498,CUST00093,Mechanical Keyboard,Accessories,1,149,0.23,114.73,2022-11-22,2022-11-24,Returned,Melbourne,Australia
ORD100499,CUST00538,Apple Watch Ultra,Wearables,1,799,0.08,735.08,2023-06-07,2023-06-15,Shipped,Surat,India
ORD100500,CUST00191,iPad Pro 12.9,Tablets,4,1099,0.08,4044.32,2023-04-15,2023-04-22,Processing,Pune,India
ORD100501,CUST00095,Fitbit Charge 6,Wearables,1,149,0.07,138.57,2025-06-25,2025-06-26,Returned,Toronto,Canada
ORD100502,CUST00434,Samsung Galaxy S24,Phones,3,799,0.16,2013.48,2022-12-10,2022-12-14,Delivered,Kolkata,India
ORD100503,CUST00104,DJI Mini 4 Pro,Drones,1,759,0.02,743.82,2023-07-06,2023-07-20,Shipped,Dubai,UAE
ORD100504,CUST00378,ThinkPad X1,Laptops,4,1199,0.17,3980.68,2023-01-02,2023-01-05,Returned,Pune,India
ORD100505,CUST00176,Pixel 8 Pro,Phones,1,699,0.1,629.1,2023-07-12,2023-07-21,Delivered,Birmingham,UK
ORD100506,CUST00172,,Wearables,1,149,0.12,-131.12,2022-04-10,2022-04-18,Shipped,Hyderabad,India
ORD100507,CUST00588,Pixel 8 Pro,Phones,5,699,0.25,2621.25,2023-07-26,2023-08-03,Shipped,London,UK
ORD100508,CUST00166,Samsung Galaxy S24,Phones,1,799,0.21,631.21,2025-05-26,2025-06-08,Delivered,Bengaluru,India
ORD100509,CUST00472,Dell UltraSharp 27,Monitors,2,399,0.0,798.0,2024-12-19,2025-01-01,Cancelled,Sydney,Australia
ORD100510,CUST_GHOST_12,Dell UltraSharp 27,Monitors,5,399,0.16,1675.8,2024-12-11,2024-12-19,Returned,Los Angeles,USA
ORD100511,CUST00768,DJI Mini 4 Pro,Drones,5,759,0.22,2960.1,2024-04-09,2024-04-22,Processing,Birmingham,UK
ORD100512,CUST00512,LG 4K Monitor,Monitors,2,449,0.15,763.3,2022-09-16,2022-09-29,Delivered,Kolkata,India
ORD100513,CUST00863,Dell XPS 13,Laptops,0,999,0.3,3496.5,2023-09-04,2023-09-06,Returned,Houston,USA
ORD100514,CUST00025,Dell UltraSharp 27,Monitors,4,399,0.09,1452.36,2023-10-07,2023-10-15,Shipped,Osaka,Japan
ORD100515,CUST00654,Laptop Pro 15,Laptops,2,1299,0.13,2260.26,2022-10-29,2022-11-06,Returned,Osaka,Japan
ORD100516,CUST00146,iPad Pro 12.9,Tablets,3,1099,0.12,2901.36,2022-02-03,2022-02-07,Cancelled,Jaipur,India
ORD100517,CUST00477,Canon EOS R6,Cameras,4,2499,0.14,-8596.56,2024-01-31,2024-02-04,Cancelled,Hyderabad,India
ORD100518,CUST00150,LG 4K Monitor,Monitors,1,449,0.07,417.57,2022-07-27,2022-08-01,Processing,Delhi,India
ORD100519,CUST00670,Mechanical Keyboard,Accessories,4,149,0.27,435.08,2024-06-06,2024-06-08,Returned,Surat,India
ORD100520,CUST00042,Mechanical Keyboard,Accessories,5,149,1.8,618.35,2024-09-08,2024-09-10,Processing,New York,USA
ORD100521,CUST00170,iPhone 15 Pro,Phones,3,999,0.28,2157.84,2022-01-23,2022-01-25,Shipped,Tokyo,Japan
ORD100522,CUST00522,Apple Watch Ultra,Wearables,3,799,0.02,2349.06,2030-01-01,2023-04-04,Returned,Los Angeles,USA
ORD100523,CUST00818,Laptop Pro 15,Laptops,4,1299,0.12,4572.48,2025-06-09,2025-06-17,Processing,Singapore,Singapore
ORD100524,CUST00821,Logitech MX Keys,Accessories,3,89,0.11,237.63,2024-11-24,2024-12-04,Delivered,London,UK
ORD100525,CUST_GHOST_1,Canon EOS R6,Cameras,4,2499,0.23,7696.92,2025-01-27,2025-01-22,Returned,Birmingham,UK
ORD100526,CUST00387,Dell XPS 13,Laptops,2,999,0.28,1438.56,2023-11-08,2023-11-19,Cancelled,Tokyo,Japan
ORD100527,CUST00202,Sony WH-1000XM5,Audio,2,349,0.04,670.08,2022-07-10,2022-07-20,Cancelled,Jaipur,India
ORD100528,CUST00311,Dell UltraSharp 27,Monitors,2,399,0.01,-790.02,2022-01-25,2022-01-28,Shipped,Houston,USA
ORD100529,CUST00846,,Wearables,2,699,0.13,1216.26,2022-11-07,2022-11-14,Returned,Abu Dhabi,UAE
ORD100530,CUST00068,Sony WH-1000XM5,Audio,2,349,0.0,698.0,2022-12-01,2022-12-15,Delivered,Jaipur,India
ORD100531,CUST00170,Canon EOS R6,Cameras,1,2499,0.07,2324.07,2024-10-07,2024-10-09,Delivered,Sydney,Australia
ORD100532,CUST00382,Sony A7 IV Camera,Cameras,0,2499,0.19,6072.57,2024-08-18,2024-08-23,Returned,Dubai,UAE
ORD100533,CUST00335,Apple Watch Ultra,Wearables,3,799,0.19,1941.57,2024-12-14,2024-12-17,Returned,Birmingham,UK
ORD100534,CUST00252,Sony WH-1000XM5,Audio,5,349,0.23,1343.65,2023-04-09,2023-04-23,Delivered,Houston,USA
ORD100535,CUST00522,Canon EOS R6,Cameras,3,2499,0.1,6747.3,2023-09-08,2023-09-16,Cancelled,Delhi,India
ORD100536,CUST00264,Garmin Fenix 7,Wearables,3,699,0.24,1593.72,2022-08-07,2022-08-21,Shipped,Dubai,UAE
ORD100537,CUST00255,Pixel 8 Pro,Phones,2,699,0.26,1034.52,2024-08-08,2024-08-11,Delivered,Melbourne,Australia
ORD100538,CUST00761,Apple Watch Ultra,Wearables,5,799,0.11,3555.55,2024-03-29,2024-04-05,Returned,New York,USA
ORD100539,CUST00639,AirPods Pro 2,Audio,1,249,0.07,-231.57,2024-09-12,2024-09-23,Delivered,Osaka,Japan
ORD100540,CUST_GHOST_13,Logitech MX Keys,Accessories,1,89,0.13,77.43,2022-11-12,2022-11-19,Cancelled,Mumbai,India
ORD100541,CUST00242,Logitech MX Keys,Accessories,3,89,0.04,256.32,2024-09-23,2024-10-01,Cancelled,Abu Dhabi,UAE
ORD100542,CUST00241,iPhone 15 Pro,Phones,4,999,0.13,3476.52,2023-08-10,2023-08-14,Returned,Pune,India
ORD100543,CUST00608,Logitech MX Keys,Accessories,2,89,0.18,145.96,2024-02-11,2024-02-25,Delivered,Chennai,India
ORD100544,CUST00009,Dell XPS 13,Laptops,1,999,0.24,759.24,2022-11-04,2022-11-13,Cancelled,Manchester,UK
ORD100545,CUST00003,Dell XPS 13,Laptops,2,999,0.3,1398.6,2024-08-23,2024-08-26,Delivered,Hyderabad,India
ORD100546,CUST00847,AirPods Pro 2,Audio,3,249,0.2,597.6,2024-01-02,2024-01-13,Returned,Bengaluru,India
ORD100547,CUST00339,MacBook Air M3,Laptops,2,1099,0.27,1604.54,2022-07-24,2022-07-25,Returned,Bengaluru,India
ORD100548,CUST00197,MacBook Air M3,Laptops,5,1099,0.0,5495.0,2022-12-15,2022-12-22,Cancelled,Chennai,India
ORD100549,CUST00857,Sony WH-1000XM5,Audio,5,349,0.09,1587.95,2024-12-13,2024-12-15,Returned,Surat,India
ORD100550,CUST00873,iPad Pro 12.9,Tablets,1,1099,0.14,-945.14,2023-06-17,2023-06-20,Returned,Chennai,India
ORD100551,CUST00291,Canon EOS R6,Cameras,0,2499,0.07,11620.35,2030-01-01,2022-03-14,Processing,Sydney,Australia
ORD100552,CUST00368,,Phones,4,799,0.24,2428.96,2024-11-08,2024-11-13,Processing,Toronto,Canada
ORD100553,CUST00241,Dell UltraSharp 27,Monitors,4,399,0.24,1212.96,2023-09-26,2023-10-07,Processing,Kolkata,India
ORD100554,CUST00159,Pixel 8 Pro,Phones,4,699,0.04,2684.16,2022-03-17,2022-03-19,Delivered,Abu Dhabi,UAE
ORD100555,CUST_GHOST_14,ThinkPad X1,Laptops,2,1199,0.03,2326.06,2022-09-16,2022-09-19,Delivered,Surat,India
ORD100556,CUST00736,Logitech MX Keys,Accessories,3,89,0.17,221.61,2024-09-13,2024-09-20,Cancelled,Chennai,India
ORD100557,CUST00727,Apple Watch Ultra,Wearables,5,799,0.09,3635.45,2023-03-06,2023-03-14,Delivered,Los Angeles,USA
ORD100558,CUST00068,Samsung Galaxy S24,Phones,4,799,0.06,3004.24,2022-04-11,2022-04-12,Processing,Chicago,USA
ORD100559,CUST00408,Samsung Galaxy S24,Phones,4,799,0.14,2748.56,2023-10-25,2023-11-02,Shipped,New York,USA
ORD100560,CUST00770,LG 4K Monitor,Monitors,3,449,1.8,956.37,2025-03-06,2025-03-01,Shipped,Mumbai,India
ORD100561,CUST00499,Samsung Galaxy S24,Phones,3,799,0.12,-2109.36,2023-11-17,2023-11-20,Delivered,Hyderabad,India
ORD100562,CUST00285,Pixel 8 Pro,Phones,5,699,0.18,2865.9,2023-02-19,2023-03-03,Shipped,Houston,USA
ORD100563,CUST00729,MacBook Air M3,Laptops,1,1099,0.19,890.19,2023-12-04,2023-12-17,Returned,Los Angeles,USA
ORD100564,CUST00791,Logitech MX Keys,Accessories,1,89,0.03,86.33,2024-10-23,2024-10-27,Shipped,Hyderabad,India
ORD100565,CUST00401,Logitech MX Keys,Accessories,5,89,0.08,409.4,2024-12-18,2024-12-28,Returned,Singapore,Singapore
ORD100566,CUST00749,iPhone 15 Pro,Phones,4,999,0.23,3076.92,2022-03-22,2022-03-30,Returned,Dubai,UAE
ORD100567,CUST00468,AirPods Pro 2,Audio,5,249,0.3,871.5,2022-04-02,2022-04-07,Processing,Mumbai,India
ORD100568,CUST00811,LG 4K Monitor,Monitors,5,449,0.19,1818.45,2022-05-09,2022-05-17,Cancelled,London,UK
ORD100569,CUST00323,DJI Mini 4 Pro,Drones,5,759,0.07,3529.35,2025-04-25,2025-04-29,Cancelled,Jaipur,India
ORD100570,CUST_GHOST_18,AirPods Pro 2,Audio,0,249,0.25,186.75,2023-06-05,2023-06-12,Processing,Mumbai,India
ORD100571,CUST00842,Fitbit Charge 6,Wearables,2,149,0.01,295.02,2024-07-09,2024-07-13,Cancelled,Mumbai,India
ORD100572,CUST00822,LG 4K Monitor,Monitors,1,449,0.29,-318.79,2023-07-15,2023-07-24,Returned,Houston,USA
ORD100573,CUST00751,Laptop Pro 15,Laptops,5,1299,0.26,4806.3,2023-09-20,2023-10-03,Returned,Sydney,Australia
ORD100574,CUST00219,MacBook Air M3,Laptops,4,1099,0.3,3077.2,2024-12-29,2025-01-09,Returned,Surat,India
ORD100575,CUST00399,,Laptops,2,1199,0.28,1726.56,2025-02-22,2025-03-06,Processing,Pune,India
ORD100576,CUST00440,Apple Watch Ultra,Wearables,2,799,0.0,1598.0,2022-06-13,2022-06-19,Shipped,Manchester,UK
ORD100577,CUST00768,Laptop Pro 15,Laptops,1,1299,0.04,1247.04,2023-06-13,2023-06-16,Processing,Sydney,Australia
ORD100578,CUST00437,Sony WH-1000XM5,Audio,4,349,0.05,1326.2,2023-02-22,2023-03-06,Shipped,Los Angeles,USA
ORD100579,CUST00556,ThinkPad X1,Laptops,3,1199,0.09,3273.27,2025-01-28,2025-02-08,Delivered,Bengaluru,India
ORD100580,CUST00004,iPad Pro 12.9,Tablets,1,1099,0.26,813.26,2030-01-01,2023-05-08,Processing,Pune,India
ORD100581,CUST00513,ThinkPad X1,Laptops,4,1199,0.1,4316.4,2024-12-30,2025-01-07,Returned,Chennai,India
ORD100582,CUST00086,Canon EOS R6,Cameras,5,2499,0.08,11495.4,2023-12-31,2024-01-13,Delivered,Los Angeles,USA
ORD100583,CUST00559,Samsung Galaxy S24,Phones,4,799,0.24,-2428.96,2023-05-28,2023-06-09,Delivered,Singapore,Singapore
ORD100584,CUST00351,Dell XPS 13,Laptops,1,999,0.05,949.05,2022-11-25,2022-12-04,Returned,Kolkata,India
ORD100585,CUST_GHOST_12,Canon EOS R6,Cameras,3,2499,0.01,7422.03,2024-06-04,2024-06-06,Returned,Osaka,Japan
ORD100586,CUST00636,Dell UltraSharp 27,Monitors,2,399,0.05,758.1,2024-09-17,2024-09-30,Returned,Tokyo,Japan
ORD100587,CUST00800,Dell XPS 13,Laptops,2,999,0.25,1498.5,2024-10-09,2024-10-18,Cancelled,Chicago,USA
ORD100588,CUST00043,Logitech MX Keys,Accessories,3,89,0.06,250.98,2022-03-16,2022-03-24,Shipped,Mumbai,India
ORD100589,CUST00681,Garmin Fenix 7,Wearables,0,699,0.01,2076.03,2024-02-02,2024-02-13,Processing,Houston,USA
ORD100590,CUST00088,Laptop Pro 15,Laptops,3,1299,0.26,2883.78,2022-10-02,2022-10-16,Delivered,Singapore,Singapore
ORD100591,CUST00608,Fitbit Charge 6,Wearables,5,149,0.23,573.65,2022-10-06,2022-10-14,Cancelled,Dubai,UAE
ORD100592,CUST00831,Apple Watch Ultra,Wearables,3,799,0.04,2301.12,2022-03-08,2022-03-21,Processing,Ahmedabad,India
ORD100593,CUST00301,AirPods Pro 2,Audio,5,249,0.25,933.75,2022-03-21,2022-04-04,Delivered,Delhi,India
ORD100594,CUST00836,AirPods Pro 2,Audio,2,249,0.21,-393.42,2024-02-17,2024-02-20,Processing,New York,USA
ORD100595,CUST00373,LG 4K Monitor,Monitors,1,449,0.29,318.79,2022-06-03,2022-05-29,Processing,Tokyo,Japan
ORD100596,CUST00292,AirPods Pro 2,Audio,4,249,0.01,986.04,2023-11-03,2023-11-06,Delivered,Hyderabad,India
ORD100597,CUST00103,Fitbit Charge 6,Wearables,5,149,0.18,610.9,2024-01-13,2024-01-15,Delivered,Jaipur,India
ORD100598,CUST00188,,Accessories,3,89,0.27,194.91,2025-03-26,2025-03-30,Returned,Bengaluru,India
ORD100599,CUST00862,Pixel 8 Pro,Phones,1,699,0.08,643.08,2025-01-31,2025-02-13,Returned,Bengaluru,India
ORD100600,CUST_GHOST_17,Apple Watch Ultra,Wearables,5,799,1.8,2956.3,2023-09-01,2023-09-10,Processing,Chennai,India
ORD100601,CUST00900,Dell UltraSharp 27,Monitors,1,399,0.09,363.09,2024-05-10,2024-05-12,Processing,Jaipur,India
ORD100602,CUST00603,MacBook Air M3,Laptops,2,1099,0.02,2154.04,2022-01-09,2022-01-11,Cancelled,Delhi,India
ORD100603,CUST00110,Canon EOS R6,Cameras,3,2499,0.12,6597.36,2023-06-26,2023-06-29,Returned,Dubai,UAE
ORD100604,CUST00190,Pixel 8 Pro,Phones,1,699,0.1,629.1,2025-03-11,2025-03-23,Delivered,Toronto,Canada
ORD100605,CUST00726,Laptop Pro 15,Laptops,4,1299,0.07,-4832.28,2022-09-17,2022-09-20,Returned,Ahmedabad,India
ORD100606,CUST00897,LG 4K Monitor,Monitors,1,449,0.2,359.2,2023-07-14,2023-07-24,Shipped,Manchester,UK
ORD100607,CUST00217,Apple Watch Ultra,Wearables,2,799,0.02,1566.04,2025-06-09,2025-06-20,Cancelled,Kolkata,India
ORD100608,CUST00415,Fitbit Charge 6,Wearables,0,149,0.1,402.3,2025-04-24,2025-05-01,Returned,Surat,India
ORD100609,CUST00128,Sony WH-1000XM5,Audio,2,349,0.18,572.36,2030-01-01,2024-05-15,Returned,Manchester,UK
ORD100610,CUST00196,Laptop Pro 15,Laptops,1,1299,0.12,1143.12,2023-06-03,2023-06-15,Shipped,Abu Dhabi,UAE
ORD100611,CUST00688,Samsung Galaxy S24,Phones,5,799,0.04,3835.2,2023-05-25,2023-05-28,Delivered,Ahmedabad,India
ORD100612,CUST00701,Pixel 8 Pro,Phones,1,699,0.22,545.22,2024-03-19,2024-03-22,Shipped,Jaipur,India
ORD100613,CUST00216,ThinkPad X1,Laptops,5,1199,0.0,5995.0,2022-08-15,2022-08-29,Delivered,Houston,USA
ORD100614,CUST00148,ThinkPad X1,Laptops,3,1199,0.06,3381.18,2022-10-29,2022-11-10,Delivered,Los Angeles,USA
ORD100615,CUST_GHOST_16,Logitech MX Keys,Accessories,4,89,0.11,316.84,2023-07-18,2023-07-26,Shipped,Toronto,Canada
ORD100616,CUST00193,iPad Pro 12.9,Tablets,2,1099,0.12,-1934.24,2023-05-13,2023-05-21,Cancelled,Jaipur,India
ORD100617,CUST00444,LG 4K Monitor,Monitors,1,449,0.08,413.08,2024-08-07,2024-08-10,Delivered,Delhi,India
ORD100618,CUST00424,Sony A7 IV Camera,Cameras,5,2499,0.09,11370.45,2022-08-15,2022-08-20,Shipped,Surat,India
ORD100619,CUST00015,Sony WH-1000XM5,Audio,2,349,0.13,607.26,2024-08-27,2024-09-09,Returned,Bengaluru,India
ORD100620,CUST00660,Garmin Fenix 7,Wearables,4,699,0.1,2516.4,2023-04-05,2023-04-13,Shipped,Melbourne,Australia
ORD100621,CUST00277,,Audio,4,349,0.29,991.16,2022-11-25,2022-12-03,Shipped,London,UK
ORD100622,CUST00661,iPad Pro 12.9,Tablets,1,1099,0.23,846.23,2024-09-22,2024-09-29,Shipped,Dubai,UAE
ORD100623,CUST00739,Fitbit Charge 6,Wearables,2,149,0.03,289.06,2024-01-30,2024-02-08,Processing,Melbourne,Australia
ORD100624,CUST00529,ThinkPad X1,Laptops,3,1199,0.26,2661.78,2023-09-28,2023-10-10,Cancelled,Mumbai,India
ORD100625,CUST00110,Dell XPS 13,Laptops,5,999,0.29,3546.45,2023-05-10,2023-05-15,Processing,Ahmedabad,India
ORD100626,CUST00543,Apple Watch Ultra,Wearables,5,799,0.17,3315.85,2023-01-10,2023-01-21,Cancelled,Birmingham,UK
ORD100627,CUST00336,Laptop Pro 15,Laptops,0,1299,0.29,-1844.58,2025-02-08,2025-02-15,Returned,New York,USA
ORD100628,CUST00112,Laptop Pro 15,Laptops,4,1299,0.06,4884.24,2023-09-20,2023-10-02,Cancelled,Jaipur,India
ORD100629,CUST00412,Sony WH-1000XM5,Audio,5,349,0.06,1640.3,2025-05-17,2025-05-27,Returned,Los Angeles,USA
ORD100630,CUST_GHOST_6,ThinkPad X1,Laptops,4,1199,0.14,4124.56,2023-05-17,2023-05-12,Delivered,New York,USA
ORD100631,CUST00546,Mechanical Keyboard,Accessories,4,149,0.23,458.92,2023-11-14,2023-11-22,Shipped,Houston,USA
ORD100632,CUST00106,Apple Watch Ultra,Wearables,1,799,0.21,631.21,2025-03-03,2025-03-06,Shipped,Houston,USA
ORD100633,CUST00548,MacBook Air M3,Laptops,2,1099,0.14,1890.28,2022-05-29,2022-05-31,Returned,London,UK
ORD100634,CUST00224,iPad Pro 12.9,Tablets,2,1099,0.22,1714.44,2024-01-30,2024-02-01,Delivered,Jaipur,India
ORD100635,CUST00288,Laptop Pro 15,Laptops,5,1299,0.12,5715.6,2025-04-20,2025-04-28,Shipped,Bengaluru,India
ORD100636,CUST00096,Logitech MX Keys,Accessories,2,89,0.18,145.96,2023-05-28,2023-06-10,Returned,Dubai,UAE
ORD100637,CUST00284,Pixel 8 Pro,Phones,1,699,0.14,601.14,2025-01-13,2025-01-16,Delivered,Manchester,UK
ORD100638,CUST00103,iPhone 15 Pro,Phones,4,999,0.27,-2917.08,2030-01-01,2022-07-10,Returned,Ahmedabad,India
ORD100639,CUST00714,Garmin Fenix 7,Wearables,3,699,0.0,2097.0,2023-12-16,2023-12-22,Cancelled,Dubai,UAE
ORD100640,CUST00643,Samsung Galaxy S24,Phones,1,799,1.8,623.22,2025-03-16,2025-03-17,Processing,Kolkata,India
ORD100641,CUST00047,Samsung Galaxy S24,Phones,2,799,0.07,1486.14,2023-01-03,2023-01-07,Shipped,Kolkata,India
ORD100642,CUST00678,iPad Pro 12.9,Tablets,3,1099,0.14,2835.42,2024-07-09,2024-07-13,Returned,Hyderabad,India
ORD100643,CUST00742,MacBook Air M3,Laptops,1,1099,0.22,857.22,2023-02-23,2023-03-01,Processing,Sydney,Australia
ORD100644,CUST00854,,Monitors,2,449,0.21,709.42,2022-11-22,2022-11-30,Cancelled,Mumbai,India
ORD100645,CUST_GHOST_5,Samsung Galaxy S24,Phones,3,799,0.01,2373.03,2024-05-10,2024-05-12,Delivered,Osaka,Japan
ORD100646,CUST00426,Samsung Galaxy S24,Phones,0,799,0.02,1566.04,2022-08-11,2022-08-18,Shipped,Melbourne,Australia
ORD100647,CUST00731,Samsung Galaxy S24,Phones,3,799,0.21,1893.63,2025-02-10,2025-02-21,Returned,Abu Dhabi,UAE
ORD100648,CUST00162,Garmin Fenix 7,Wearables,3,699,0.27,1530.81,2025-05-02,2025-05-11,Returned,Kolkata,India
ORD100649,CUST00857,Sony A7 IV Camera,Cameras,4,2499,0.05,-9496.2,2024-06-30,2024-07-05,Processing,Jaipur,India
ORD100650,CUST00818,DJI Mini 4 Pro,Drones,2,759,0.28,1092.96,2022-02-11,2022-02-15,Cancelled,Surat,India
ORD100651,CUST00094,Dell UltraSharp 27,Monitors,5,399,0.14,1715.7,2025-04-05,2025-04-07,Shipped,Delhi,India
ORD100652,CUST00116,Pixel 8 Pro,Phones,5,699,0.28,2516.4,2025-02-21,2025-03-01,Cancelled,Toronto,Canada
ORD100653,CUST00185,Garmin Fenix 7,Wearables,2,699,0.02,1370.04,2025-01-08,2025-01-12,Shipped,Ahmedabad,India
ORD100654,CUST00557,MacBook Air M3,Laptops,5,1099,0.26,4066.3,2022-06-01,2022-06-05,Returned,Dubai,UAE
ORD100655,CUST00096,Dell XPS 13,Laptops,3,999,0.16,2517.48,2023-06-16,2023-06-21,Processing,Dubai,UAE
ORD100656,CUST00503,iPad Pro 12.9,Tablets,2,1099,0.01,2176.02,2023-02-25,2023-02-28,Shipped,Melbourne,Australia
ORD100657,CUST00453,Dell XPS 13,Laptops,5,999,0.04,4795.2,2022-05-27,2022-06-03,Returned,Bengaluru,India
ORD100658,CUST00283,Logitech MX Keys,Accessories,4,89,0.05,338.2,2023-11-23,2023-11-24,Delivered,Osaka,Japan
ORD100659,CUST00708,Laptop Pro 15,Laptops,1,1299,0.23,1000.23,2022-02-19,2022-03-05,Delivered,Bengaluru,India
ORD100660,CUST_GHOST_18,Logitech MX Keys,Accessories,2,89,0.23,-137.06,2022-06-16,2022-06-18,Shipped,Manchester,UK
ORD100661,CUST00552,ThinkPad X1,Laptops,4,1199,0.24,3644.96,2024-01-31,2024-02-01,Returned,Mumbai,India
ORD100662,CUST00689,iPad Pro 12.9,Tablets,3,1099,0.09,3000.27,2022-08-24,2022-09-06,Returned,Toronto,Canada
ORD100663,CUST00088,AirPods Pro 2,Audio,3,249,0.08,687.24,2025-01-22,2025-02-05,Shipped,Singapore,Singapore
ORD100664,CUST00503,Garmin Fenix 7,Wearables,5,699,0.14,3005.7,2024-12-05,2024-12-18,Delivered,Hyderabad,India
ORD100665,CUST00808,Samsung Galaxy S24,Phones,0,799,0.15,2037.45,2022-03-28,2022-03-23,Cancelled,Manchester,UK
ORD100666,CUST00027,MacBook Air M3,Laptops,5,1099,0.13,4780.65,2022-04-01,2022-04-11,Delivered,Mumbai,India
ORD100667,CUST00652,,Audio,2,349,0.11,621.22,2030-01-01,2023-12-03,Processing,Tokyo,Japan
ORD100668,CUST00415,Fitbit Charge 6,Wearables,3,149,0.16,375.48,2024-02-13,2024-02-23,Delivered,Ahmedabad,India
ORD100669,CUST00524,LG 4K Monitor,Monitors,2,449,0.24,682.48,2023-04-12,2023-04-18,Processing,Sydney,Australia
ORD100670,CUST00175,MacBook Air M3,Laptops,3,1099,0.09,3000.27,2025-03-27,2025-04-03,Delivered,Dubai,UAE
ORD100671,CUST00213,MacBook Air M3,Laptops,4,1099,0.02,-4308.08,2023-05-08,2023-05-15,Returned,Singapore,Singapore
ORD100672,CUST00806,Apple Watch Ultra,Wearables,4,799,0.19,2588.76,2022-02-04,2022-02-17,Returned,Osaka,Japan
ORD100673,CUST00063,Fitbit Charge 6,Wearables,2,149,0.04,286.08,2023-07-03,2023-07-16,Delivered,Chennai,India
ORD100674,CUST00128,Dell UltraSharp 27,Monitors,3,399,0.25,897.75,2025-02-12,2025-02-21,Delivered,Jaipur,India
ORD100675,CUST_GHOST_15,Sony WH-1000XM5,Audio,2,349,0.16,586.32,2024-10-17,2024-10-21,Returned,Kolkata,India
ORD100676,CUST00066,Dell UltraSharp 27,Monitors,2,399,0.16,670.32,2024-03-29,2024-04-03,Shipped,Hyderabad,India
ORD100677,CUST00634,Dell XPS 13,Laptops,2,999,0.21,1578.42,2023-08-28,2023-09-09,Shipped,Birmingham,UK
ORD100678,CUST00163,Garmin Fenix 7,Wearables,3,699,0.12,1845.36,2022-02-12,2022-02-16,Cancelled,Osaka,Japan
ORD100679,CUST00866,iPad Pro 12.9,Tablets,3,1099,0.22,2571.66,2024-12-18,2024-12-25,Shipped,Chennai,India
ORD100680,CUST00895,AirPods Pro 2,Audio,3,249,1.8,732.06,2022-03-25,2022-04-08,Cancelled,Surat,India
ORD100681,CUST00769,Dell UltraSharp 27,Monitors,2,399,0.11,710.22,2024-02-05,2024-02-18,Processing,Delhi,India
ORD100682,CUST00739,Samsung Galaxy S24,Phones,4,799,0.24,-2428.96,2024-01-26,2024-02-01,Returned,Sydney,Australia
ORD100683,CUST00887,Samsung Galaxy S24,Phones,3,799,0.06,2253.18,2022-02-17,2022-02-28,Delivered,Manchester,UK
ORD100684,CUST00287,Dell UltraSharp 27,Monitors,0,399,0.12,1053.36,2023-08-19,2023-08-28,Returned,Birmingham,UK
ORD100685,CUST00749,Fitbit Charge 6,Wearables,1,149,0.23,114.73,2022-08-12,2022-08-18,Shipped,Dubai,UAE
ORD100686,CUST00283,Fitbit Charge 6,Wearables,5,149,0.05,707.75,2023-11-11,2023-11-23,Shipped,London,UK
ORD100687,CUST00349,DJI Mini 4 Pro,Drones,1,759,0.2,607.2,2022-03-18,2022-03-23,Delivered,Surat,India
ORD100688,CUST00214,Pixel 8 Pro,Phones,2,699,0.27,1020.54,2023-12-29,2024-01-02,Returned,Jaipur,India
ORD100689,CUST00126,Garmin Fenix 7,Wearables,3,699,0.27,1530.81,2024-03-19,2024-03-31,Shipped,Hyderabad,India
ORD100690,CUST_GHOST_19,,Laptops,1,1199,0.03,1163.03,2024-07-20,2024-07-29,Cancelled,Tokyo,Japan
ORD100691,CUST00204,ThinkPad X1,Laptops,5,1199,0.01,5935.05,2023-05-09,2023-05-19,Delivered,Toronto,Canada
ORD100692,CUST00415,iPhone 15 Pro,Phones,4,999,0.07,3716.28,2023-10-24,2023-10-28,Delivered,Houston,USA
ORD100693,CUST00769,MacBook Air M3,Laptops,1,1099,0.29,-780.29,2025-06-07,2025-06-20,Returned,Manchester,UK
ORD100694,CUST00513,Logitech MX Keys,Accessories,4,89,0.03,345.32,2024-04-13,2024-04-26,Returned,Tokyo,Japan
ORD100695,CUST00190,Fitbit Charge 6,Wearables,1,149,0.0,149.0,2023-03-04,2023-03-18,Delivered,Mumbai,India
ORD100696,CUST00425,Garmin Fenix 7,Wearables,1,699,0.1,629.1,2030-01-01,2022-08-27,Shipped,Singapore,Singapore
ORD100697,CUST00387,Fitbit Charge 6,Wearables,1,149,0.07,138.57,2023-11-15,2023-11-23,Cancelled,Jaipur,India
ORD100698,CUST00743,AirPods Pro 2,Audio,5,249,0.04,1195.2,2024-04-30,2024-05-01,Returned,Sydney,Australia
ORD100699,CUST00812,iPhone 15 Pro,Phones,4,999,0.11,3556.44,2023-12-10,2023-12-13,Delivered,Bengaluru,India
ORD100700,CUST00127,AirPods Pro 2,Audio,5,249,0.02,1220.1,2024-12-13,2024-12-08,Returned,Surat,India
ORD100701,CUST00237,ThinkPad X1,Laptops,5,1199,0.09,5455.45,2024-03-24,2024-04-02,Cancelled,New York,USA
ORD100702,CUST00418,Laptop Pro 15,Laptops,5,1299,0.04,6235.2,2023-02-03,2023-02-06,Shipped,Kolkata,India
ORD100703,CUST00076,DJI Mini 4 Pro,Drones,0,759,0.15,3225.75,2023-05-07,2023-05-15,Processing,New York,USA
ORD100704,CUST00262,Logitech MX Keys,Accessories,4,89,0.02,-348.88,2022-03-16,2022-03-28,Processing,Hyderabad,India
ORD100705,CUST_GHOST_1,Fitbit Charge 6,Wearables,5,149,0.12,655.6,2024-01-22,2024-02-02,Delivered,Osaka,Japan
ORD100706,CUST00405,Logitech MX Keys,Accessories,2,89,0.15,151.3,2024-05-27,2024-06-03,Delivered,Birmingham,UK
ORD100707,CUST00437,ThinkPad X1,Laptops,1,1199,0.22,935.22,2022-02-06,2022-02-07,Shipped,Delhi,India
ORD100708,CUST00408,Fitbit Charge 6,Wearables,2,149,0.11,265.22,2025-05-29,2025-05-31,Delivered,Chicago,USA
ORD100709,CUST00764,iPad Pro 12.9,Tablets,4,1099,0.02,4308.08,2023-03-12,2023-03-14,Shipped,Osaka,Japan
ORD100710,CUST00365,iPhone 15 Pro,Phones,3,999,0.27,2187.81,2022-04-17,2022-05-01,Cancelled,Birmingham,UK
ORD100711,CUST00112,Apple Watch Ultra,Wearables,2,799,0.13,1390.26,2024-09-21,2024-10-02,Cancelled,Houston,USA
ORD100712,CUST00538,Apple Watch Ultra,Wearables,2,799,0.19,1294.38,2023-06-25,2023-06-30,Delivered,Chennai,India
ORD100713,CUST00006,,Phones,3,699,0.27,1530.81,2024-12-16,2024-12-24,Shipped,New York,USA
ORD100714,CUST00684,AirPods Pro 2,Audio,2,249,0.14,428.28,2025-01-31,2025-02-12,Returned,Hyderabad,India
ORD100715,CUST00661,LG 4K Monitor,Monitors,1,449,0.06,-422.06,2024-02-06,2024-02-16,Delivered,Delhi,India
ORD100716,CUST00711,ThinkPad X1,Laptops,3,1199,0.14,3093.42,2022-02-06,2022-02-16,Delivered,Birmingham,UK
ORD100717,CUST00067,Mechanical Keyboard,Accessories,5,149,0.17,618.35,2023-08-16,2023-08-21,Returned,Pune,India
ORD100718,CUST00597,Laptop Pro 15,Laptops,4,1299,0.3,3637.2,2022-12-06,2022-12-13,Returned,Melbourne,Australia
ORD100719,CUST00431,Garmin Fenix 7,Wearables,5,699,0.28,2516.4,2025-03-18,2025-03-31,Cancelled,Osaka,Japan
ORD100720,CUST_GHOST_19,AirPods Pro 2,Audio,5,249,1.8,1008.45,2024-07-23,2024-07-25,Returned,Surat,India
ORD100721,CUST00594,iPad Pro 12.9,Tablets,5,1099,0.24,4176.2,2024-02-26,2024-03-08,Returned,Ahmedabad,India
ORD100722,CUST00302,iPad Pro 12.9,Tablets,0,1099,0.17,2736.51,2022-02-13,2022-02-26,Returned,Surat,India
ORD100723,CUST00878,Garmin Fenix 7,Wearables,5,699,0.24,2656.2,2023-02-03,2023-02-06,Shipped,Chennai,India
ORD100724,CUST00145,Samsung Galaxy S24,Phones,2,799,0.09,1454.18,2024-05-30,2024-06-06,Returned,Dubai,UAE
ORD100725,CUST00024,MacBook Air M3,Laptops,4,1099,0.19,3560.76,2030-01-01,2025-02-24,Shipped,Chicago,USA
ORD100726,CUST00032,ThinkPad X1,Laptops,4,1199,0.23,-3692.92,2024-06-24,2024-06-27,Shipped,Surat,India
ORD100727,CUST00226,Apple Watch Ultra,Wearables,2,799,0.16,1342.32,2023-10-30,2023-11-10,Returned,Los Angeles,USA
ORD100728,CUST00575,Pixel 8 Pro,Phones,5,699,0.04,3355.2,2022-02-05,2022-02-19,Processing,Mumbai,India
ORD100729,CUST00121,Mechanical Keyboard,Accessories,4,149,0.27,435.08,2022-10-19,2022-10-31,Returned,Singapore,Singapore
ORD100730,CUST00824,LG 4K Monitor,Monitors,3,449,0.01,1333.53,2022-10-29,2022-11-05,Returned,Osaka,Japan
ORD100731,CUST00445,Mechanical Keyboard,Accessories,5,149,0.2,596.0,2023-06-29,2023-07-01,Returned,Chicago,USA
ORD100732,CUST00646,Garmin Fenix 7,Wearables,4,699,0.1,2516.4,2022-05-30,2022-06-13,Shipped,Mumbai,India
ORD100733,CUST00101,Apple Watch Ultra,Wearables,4,799,0.24,2428.96,2022-10-26,2022-11-08,Shipped,Birmingham,UK
ORD100734,CUST00769,Logitech MX Keys,Accessories,5,89,0.1,400.5,2022-09-04,2022-09-09,Shipped,Osaka,Japan
ORD100735,CUST_GHOST_7,Sony WH-1000XM5,Audio,4,349,0.16,1172.64,2025-04-18,2025-04-13,Processing,Birmingham,UK
ORD100736,CUST00853,,Audio,1,349,0.26,258.26,2022-12-03,2022-12-11,Shipped,Mumbai,India
ORD100737,CUST00401,Laptop Pro 15,Laptops,5,1299,0.13,-5650.65,2024-03-08,2024-03-10,Delivered,Chennai,India
ORD100738,CUST00084,Dell UltraSharp 27,Monitors,5,399,0.06,1875.3,2023-01-31,2023-02-14,Returned,New York,USA
ORD100739,CUST00385,Laptop Pro 15,Laptops,1,1299,0.28,935.28,2024-12-16,2024-12-17,Returned,Toronto,Canada
ORD100740,CUST00622,Sony WH-1000XM5,Audio,1,349,0.09,317.59,2022-05-30,2022-06-13,Processing,Delhi,India
ORD100741,CUST00884,Sony A7 IV Camera,Cameras,0,2499,0.23,7696.92,2024-12-04,2024-12-08,Returned,London,UK
ORD100742,CUST00378,LG 4K Monitor,Monitors,2,449,0.02,880.04,2023-03-28,2023-04-08,Processing,Jaipur,India
ORD100743,CUST00614,Laptop Pro 15,Laptops,4,1299,0.13,4520.52,2023-07-31,2023-08-07,Shipped,Delhi,India
ORD100744,CUST00782,Sony A7 IV Camera,Cameras,2,2499,0.22,3898.44,2024-04-23,2024-05-04,Shipped,Singapore,Singapore
ORD100745,CUST00818,iPad Pro 12.9,Tablets,3,1099,0.01,3264.03,2022-07-08,2022-07-20,Cancelled,Tokyo,Japan
ORD100746,CUST00165,Canon EOS R6,Cameras,4,2499,0.28,7197.12,2025-03-03,2025-03-15,Returned,Bengaluru,India
ORD100747,CUST00537,Sony WH-1000XM5,Audio,1,349,0.12,307.12,2024-12-28,2025-01-02,Delivered,Kolkata,India
ORD100748,CUST00092,iPhone 15 Pro,Phones,2,999,0.14,-1718.28,2022-09-29,2022-10-05,Processing,Melbourne,Australia
ORD100749,CUST00411,Samsung Galaxy S24,Phones,2,799,0.1,1438.2,2022-08-11,2022-08-19,Returned,Bengaluru,India
ORD100750,CUST_GHOST_5,Sony A7 IV Camera,Cameras,1,2499,0.06,2349.06,2022-07-28,2022-07-30,Returned,Pune,India
ORD100751,CUST00769,Laptop Pro 15,Laptops,4,1299,0.03,5040.12,2024-05-14,2024-05-18,Returned,Sydney,Australia
ORD100752,CUST00560,Logitech MX Keys,Accessories,2,89,0.14,153.08,2025-03-20,2025-03-26,Cancelled,Chennai,India
ORD100753,CUST00684,iPhone 15 Pro,Phones,2,999,0.13,1738.26,2025-01-21,2025-01-26,Processing,Jaipur,India
ORD100754,CUST00173,Garmin Fenix 7,Wearables,1,699,0.22,545.22,2030-01-01,2025-04-06,Delivered,Hyderabad,India
ORD100755,CUST00838,Dell UltraSharp 27,Monitors,3,399,0.15,1017.45,2022-07-13,2022-07-20,Processing,Surat,India
ORD100756,CUST00699,MacBook Air M3,Laptops,2,1099,0.14,1890.28,2023-05-28,2023-06-11,Delivered,Chicago,USA
ORD100757,CUST00146,Canon EOS R6,Cameras,5,2499,0.03,12120.15,2024-08-06,2024-08-18,Cancelled,Sydney,Australia
ORD100758,CUST00077,Fitbit Charge 6,Wearables,2,149,0.27,217.54,2022-01-29,2022-02-12,Shipped,Toronto,Canada
ORD100759,CUST00604,,Laptops,4,999,0.27,-2917.08,2025-01-03,2025-01-17,Shipped,Chennai,India
ORD100760,CUST00430,iPhone 15 Pro,Phones,0,999,1.8,2517.48,2022-12-18,2022-12-28,Returned,New York,USA
ORD100761,CUST00777,Canon EOS R6,Cameras,5,2499,0.13,10870.65,2024-05-22,2024-06-05,Shipped,Dubai,UAE
ORD100762,CUST00182,Pixel 8 Pro,Phones,1,699,0.25,524.25,2025-01-18,2025-01-29,Processing,Houston,USA
ORD100763,CUST00769,Laptop Pro 15,Laptops,3,1299,0.07,3624.21,2024-07-09,2024-07-21,Delivered,Manchester,UK
ORD100764,CUST00439,Garmin Fenix 7,Wearables,5,699,0.22,2726.1,2024-04-04,2024-04-15,Delivered,London,UK
ORD100765,CUST_GHOST_15,Canon EOS R6,Cameras,1,2499,0.12,2199.12,2023-04-29,2023-05-06,Returned,Osaka,Japan
ORD100766,CUST00003,iPad Pro 12.9,Tablets,1,1099,0.11,978.11,2024-02-10,2024-02-19,Shipped,Bengaluru,India
ORD100767,CUST00358,Samsung Galaxy S24,Phones,2,799,0.07,1486.14,2023-11-03,2023-11-14,Shipped,Bengaluru,India
ORD100768,CUST00344,Dell UltraSharp 27,Monitors,3,399,0.0,1197.0,2025-01-09,2025-01-17,Delivered,Sydney,Australia
ORD100769,CUST00751,Sony WH-1000XM5,Audio,4,349,0.17,1158.68,2022-05-30,2022-06-08,Shipped,Bengaluru,India
ORD100770,CUST00408,Garmin Fenix 7,Wearables,2,699,0.1,-1258.2,2024-07-24,2024-07-19,Returned,Delhi,India
ORD100771,CUST00699,Apple Watch Ultra,Wearables,5,799,0.16,3355.8,2023-07-04,2023-07-08,Cancelled,Singapore,Singapore
ORD100772,CUST00560,DJI Mini 4 Pro,Drones,5,759,0.09,3453.45,2022-02-03,2022-02-06,Shipped,Delhi,India
ORD100773,CUST00709,Logitech MX Keys,Accessories,1,89,0.29,63.19,2023-04-16,2023-04-27,Returned,Houston,USA
ORD100774,CUST00299,DJI Mini 4 Pro,Drones,3,759,0.15,1935.45,2022-09-24,2022-09-29,Returned,New York,USA
ORD100775,CUST00068,DJI Mini 4 Pro,Drones,5,759,0.17,3149.85,2022-06-22,2022-06-27,Processing,London,UK
ORD100776,CUST00830,Apple Watch Ultra,Wearables,5,799,0.14,3435.7,2022-03-15,2022-03-27,Cancelled,Bengaluru,India
ORD100777,CUST00558,Mechanical Keyboard,Accessories,2,149,0.07,277.14,2024-04-02,2024-04-10,Cancelled,Manchester,UK
ORD100778,CUST00673,iPhone 15 Pro,Phones,5,999,0.23,3846.15,2023-01-18,2023-01-19,Returned,London,UK
ORD100779,CUST00629,Sony WH-1000XM5,Audio,0,349,0.23,1074.92,2022-05-11,2022-05-23,Cancelled,Manchester,UK
ORD100780,CUST_GHOST_17,DJI Mini 4 Pro,Drones,5,759,0.15,3225.75,2022-11-04,2022-11-18,Returned,Abu Dhabi,UAE
ORD100781,CUST00866,LG 4K Monitor,Monitors,5,449,0.15,-1908.25,2022-11-12,2022-11-26,Shipped,New York,USA
ORD100782,CUST00768,,Wearables,5,149,0.06,700.3,2022-03-20,2022-04-02,Returned,New York,USA
ORD100783,CUST00191,Fitbit Charge 6,Wearables,1,149,0.12,131.12,2030-01-01,2023-05-08,Delivered,Melbourne,Australia
ORD100784,CUST00889,Sony WH-1000XM5,Audio,1,349,0.2,279.2,2024-01-09,2024-01-22,Cancelled,Chicago,USA
ORD100785,CUST00583,DJI Mini 4 Pro,Drones,3,759,0.21,1798.83,2022-03-20,2022-03-21,Delivered,Pune,India
ORD100786,CUST00765,Sony WH-1000XM5,Audio,5,349,0.05,1657.75,2023-12-03,2023-12-17,Processing,Jaipur,India
ORD100787,CUST00403,Sony WH-1000XM5,Audio,2,349,0.28,502.56,2024-08-01,2024-08-11,Cancelled,Kolkata,India
ORD100788,CUST00627,iPad Pro 12.9,Tablets,3,1099,0.25,2472.75,2023-08-26,2023-08-29,Shipped,Toronto,Canada
ORD100789,CUST00868,iPad Pro 12.9,Tablets,5,1099,0.22,4286.1,2023-07-06,2023-07-19,Cancelled,Ahmedabad,India
ORD100790,CUST00587,iPhone 15 Pro,Phones,5,999,0.29,3546.45,2022-07-31,2022-08-06,Cancelled,Pune,India
ORD100791,CUST00336,Sony WH-1000XM5,Audio,1,349,0.21,275.71,2023-01-18,2023-01-27,Processing,Tokyo,Japan
ORD100792,CUST00352,Canon EOS R6,Cameras,2,2499,0.27,-3648.54,2024-03-07,2024-03-10,Returned,Pune,India
ORD100793,CUST00712,Dell UltraSharp 27,Monitors,5,399,0.07,1855.35,2023-04-01,2023-04-07,Returned,Singapore,Singapore
ORD100794,CUST00517,Mechanical Keyboard,Accessories,1,149,0.07,138.57,2022-08-06,2022-08-15,Cancelled,Los Angeles,USA
ORD100795,CUST_GHOST_15,Mechanical Keyboard,Accessories,1,149,0.29,105.79,2024-11-28,2024-12-03,Cancelled,Dubai,UAE
ORD100796,CUST00775,Logitech MX Keys,Accessories,1,89,0.18,72.98,2024-09-25,2024-10-08,Processing,Jaipur,India
ORD100797,CUST00644,Pixel 8 Pro,Phones,1,699,0.06,657.06,2025-06-30,2025-07-02,Returned,Abu Dhabi,UAE
ORD100798,CUST00614,Dell XPS 13,Laptops,0,999,0.27,729.27,2024-09-18,2024-09-21,Delivered,Kolkata,India
ORD100799,CUST00276,Fitbit Charge 6,Wearables,3,149,0.17,371.01,2022-03-19,2022-03-21,Processing,Kolkata,India
ORD100800,CUST00301,Dell UltraSharp 27,Monitors,3,399,1.8,1161.09,2024-07-18,2024-07-20,Processing,New York,USA
ORD100801,CUST00178,iPhone 15 Pro,Phones,1,999,0.06,939.06,2024-01-20,2024-01-30,Shipped,Houston,USA
ORD100802,CUST00818,Canon EOS R6,Cameras,5,2499,0.03,12120.15,2024-05-22,2024-05-30,Processing,Delhi,India
ORD100803,CUST00867,Laptop Pro 15,Laptops,5,1299,0.08,-5975.4,2022-11-03,2022-11-15,Delivered,Surat,India
ORD100804,CUST00182,Dell XPS 13,Laptops,1,999,0.23,769.23,2024-07-24,2024-07-31,Returned,Birmingham,UK
ORD100805,CUST00575,,Laptops,5,1199,0.16,5035.8,2022-05-04,2022-04-29,Shipped,Osaka,Japan
ORD100806,CUST00133,Canon EOS R6,Cameras,1,2499,0.08,2299.08,2023-04-27,2023-05-11,Returned,Birmingham,UK
ORD100807,CUST00141,Apple Watch Ultra,Wearables,3,799,0.12,2109.36,2023-11-09,2023-11-18,Cancelled,Houston,USA
ORD100808,CUST00598,MacBook Air M3,Laptops,3,1099,0.26,2439.78,2024-11-03,2024-11-10,Cancelled,Dubai,UAE
ORD100809,CUST00172,Sony A7 IV Camera,Cameras,3,2499,0.09,6822.27,2022-10-11,2022-10-19,Processing,Birmingham,UK
ORD100810,CUST_GHOST_10,Logitech MX Keys,Accessories,3,89,0.16,224.28,2025-04-19,2025-04-26,Processing,New York,USA
ORD100811,CUST00132,DJI Mini 4 Pro,Drones,3,759,0.05,2163.15,2023-09-16,2023-09-26,Delivered,Bengaluru,India
ORD100812,CUST00872,LG 4K Monitor,Monitors,3,449,0.01,1333.53,2030-01-01,2022-01-14,Delivered,Hyderabad,India
ORD100813,CUST00601,AirPods Pro 2,Audio,3,249,0.19,605.07,2023-04-21,2023-04-23,Shipped,Hyderabad,India
ORD100814,CUST00071,ThinkPad X1,Laptops,3,1199,0.26,-2661.78,2023-03-03,2023-03-04,Processing,New York,USA
ORD100815,CUST00649,Canon EOS R6,Cameras,1,2499,0.16,2099.16,2024-05-21,2024-05-30,Shipped,Sydney,Australia
ORD100816,CUST00872,ThinkPad X1,Laptops,3,1199,0.09,3273.27,2024-11-30,2024-12-09,Returned,Chicago,USA
ORD100817,CUST00734,Dell UltraSharp 27,Monitors,0,399,0.19,1615.95,2024-10-01,2024-10-04,Cancelled,Melbourne,Australia
ORD100818,CUST00653,Pixel 8 Pro,Phones,4,699,0.13,2432.52,2024-06-22,2024-07-04,Processing,Toronto,Canada
ORD100819,CUST00133,LG 4K Monitor,Monitors,2,449,0.22,700.44,2024-01-21,2024-02-04,Returned,Tokyo,Japan
ORD100820,CUST00072,Samsung Galaxy S24,Phones,3,799,0.09,2181.27,2024-12-12,2024-12-16,Shipped,Melbourne,Australia
ORD100821,CUST00195,Apple Watch Ultra,Wearables,1,799,0.22,623.22,2022-05-09,2022-05-12,Shipped,Singapore,Singapore
ORD100822,CUST00640,iPad Pro 12.9,Tablets,1,1099,0.19,890.19,2022-07-09,2022-07-10,Cancelled,Tokyo,Japan
ORD100823,CUST00426,Laptop Pro 15,Laptops,1,1299,0.16,1091.16,2023-06-22,2023-06-30,Shipped,Kolkata,India
ORD100824,CUST00546,Apple Watch Ultra,Wearables,4,799,0.1,2876.4,2022-12-05,2022-12-18,Cancelled,Chicago,USA
ORD100825,CUST_GHOST_5,Fitbit Charge 6,Wearables,1,149,0.2,-119.2,2023-01-06,2023-01-12,Cancelled,London,UK
ORD100826,CUST00372,Logitech MX Keys,Accessories,3,89,0.22,208.26,2025-02-25,2025-03-08,Processing,Manchester,UK
ORD100827,CUST00585,iPad Pro 12.9,Tablets,4,1099,0.05,4176.2,2022-03-08,2022-03-14,Shipped,Singapore,Singapore
ORD100828,CUST00876,,Laptops,5,999,0.25,3746.25,2024-07-17,2024-07-24,Returned,Ahmedabad,India
ORD100829,CUST00890,ThinkPad X1,Laptops,4,1199,0.02,4700.08,2023-01-08,2023-01-20,Cancelled,Chennai,India
ORD100830,CUST00704,Canon EOS R6,Cameras,2,2499,0.02,4898.04,2023-03-17,2023-03-21,Cancelled,Melbourne,Australia
ORD100831,CUST00191,iPhone 15 Pro,Phones,5,999,0.2,3996.0,2022-03-01,2022-03-07,Shipped,Pune,India
ORD100832,CUST00630,iPad Pro 12.9,Tablets,5,1099,0.29,3901.45,2023-03-15,2023-03-27,Cancelled,Pune,India
ORD100833,CUST00674,ThinkPad X1,Laptops,4,1199,0.24,3644.96,2025-04-13,2025-04-15,Processing,Ahmedabad,India
ORD100834,CUST00171,Apple Watch Ultra,Wearables,5,799,0.04,3835.2,2023-10-28,2023-11-08,Processing,Melbourne,Australia
ORD100835,CUST00554,Pixel 8 Pro,Phones,5,699,0.26,2586.3,2023-02-21,2023-02-27,Returned,Surat,India
ORD100836,CUST00743,Sony WH-1000XM5,Audio,0,349,0.04,-1340.16,2024-08-06,2024-08-18,Cancelled,Ahmedabad,India
ORD100837,CUST00021,Samsung Galaxy S24,Phones,4,799,0.09,2908.36,2025-03-15,2025-03-21,Processing,Jaipur,India
ORD100838,CUST00743,Garmin Fenix 7,Wearables,4,699,0.18,2292.72,2022-08-27,2022-08-30,Cancelled,Singapore,Singapore
ORD100839,CUST00585,Garmin Fenix 7,Wearables,4,699,0.0,2796.0,2022-12-24,2023-01-01,Delivered,Pune,India
ORD100840,CUST_GHOST_19,MacBook Air M3,Laptops,3,1099,1.8,3066.21,2024-08-17,2024-08-12,Returned,Manchester,UK
ORD100841,CUST00838,ThinkPad X1,Laptops,2,1199,0.15,2038.3,2030-01-01,2023-11-04,Returned,Dubai,UAE
ORD100842,CUST00029,Fitbit Charge 6,Wearables,2,149,0.04,286.08,2022-07-21,2022-07-24,Processing,Chicago,USA
ORD100843,CUST00039,MacBook Air M3,Laptops,5,1099,0.06,5165.3,2022-04-02,2022-04-07,Returned,Manchester,UK
ORD100844,CUST00519,DJI Mini 4 Pro,Drones,4,759,0.16,2550.24,2025-03-11,2025-03-19,Processing,Sydney,Australia
ORD100845,CUST00366,iPhone 15 Pro,Phones,3,999,0.2,2397.6,2023-01-14,2023-01-18,Returned,Chicago,USA
ORD100846,CUST00285,MacBook Air M3,Laptops,1,1099,0.06,1033.06,2023-09-11,2023-09-15,Cancelled,Toronto,Canada
ORD100847,CUST00588,Dell XPS 13,Laptops,5,999,0.26,-3696.3,2023-10-19,2023-10-21,Cancelled,Bengaluru,India
ORD100848,CUST00893,Mechanical Keyboard,Accessories,2,149,0.29,211.58,2025-03-14,2025-03-28,Delivered,Mumbai,India
ORD100849,CUST00748,iPad Pro 12.9,Tablets,5,1099,0.05,5220.25,2025-04-16,2025-04-28,Processing,Sydney,Australia
ORD100850,CUST00490,Laptop Pro 15,Laptops,1,1299,0.09,1182.09,2023-07-22,2023-08-02,Returned,Kolkata,India
ORD100851,CUST00006,,Laptops,5,1099,0.25,4121.25,2025-03-26,2025-04-02,Cancelled,Bengaluru,India
ORD100852,CUST00624,iPhone 15 Pro,Phones,5,999,0.15,4245.75,2022-08-24,2022-08-27,Cancelled,Delhi,India
ORD100853,CUST00162,iPad Pro 12.9,Tablets,2,1099,0.03,2132.06,2022-08-30,2022-09-13,Cancelled,Houston,USA
ORD100854,CUST00621,Sony A7 IV Camera,Cameras,2,2499,0.02,4898.04,2022-07-02,2022-07-04,Delivered,Chicago,USA
ORD100855,CUST_GHOST_5,Dell UltraSharp 27,Monitors,0,399,0.04,383.04,2022-03-27,2022-03-29,Returned,Tokyo,Japan
ORD100856,CUST00352,MacBook Air M3,Laptops,4,1099,0.04,4220.16,2024-12-19,2025-01-01,Cancelled,Ahmedabad,India
ORD100857,CUST00220,iPhone 15 Pro,Phones,5,999,0.22,3896.1,2022-03-17,2022-03-22,Returned,Kolkata,India
ORD100858,CUST00550,LG 4K Monitor,Monitors,4,449,0.1,-1616.4,2022-01-28,2022-02-08,Shipped,London,UK
ORD100859,CUST00783,AirPods Pro 2,Audio,5,249,0.03,1207.65,2023-08-01,2023-08-04,Delivered,Bengaluru,India
ORD100860,CUST00700,AirPods Pro 2,Audio,1,249,0.24,189.24,2024-03-19,2024-03-30,Returned,Hyderabad,India
ORD100861,CUST00335,Logitech MX Keys,Accessories,1,89,0.17,73.87,2022-10-03,2022-10-06,Returned,Surat,India
ORD100862,CUST00843,Dell UltraSharp 27,Monitors,2,399,0.01,790.02,2025-04-26,2025-04-30,Processing,Los Angeles,USA
ORD100863,CUST00754,Dell UltraSharp 27,Monitors,1,399,0.24,303.24,2022-01-03,2022-01-16,Shipped,Melbourne,Australia
ORD100864,CUST00798,Garmin Fenix 7,Wearables,5,699,0.1,3145.5,2025-04-09,2025-04-17,Delivered,Osaka,Japan
ORD100865,CUST00122,ThinkPad X1,Laptops,2,1199,0.29,1702.58,2022-10-18,2022-10-23,Shipped,Houston,USA
ORD100866,CUST00376,Mechanical Keyboard,Accessories,5,149,0.1,670.5,2024-03-04,2024-03-09,Shipped,Kolkata,India
ORD100867,CUST00761,Laptop Pro 15,Laptops,3,1299,0.28,2805.84,2022-11-16,2022-11-17,Shipped,Manchester,UK
ORD100868,CUST00629,MacBook Air M3,Laptops,4,1099,0.04,4220.16,2022-11-28,2022-12-06,Shipped,Dubai,UAE
ORD100869,CUST00614,Canon EOS R6,Cameras,3,2499,0.02,-7347.06,2025-06-22,2025-06-23,Cancelled,Tokyo,Japan
ORD100870,CUST_GHOST_18,Dell XPS 13,Laptops,4,999,0.13,3476.52,2030-01-01,2022-02-22,Shipped,Hyderabad,India
ORD100871,CUST00110,iPad Pro 12.9,Tablets,3,1099,0.16,2769.48,2023-12-03,2023-12-09,Processing,Pune,India
ORD100872,CUST00888,Laptop Pro 15,Laptops,2,1299,0.21,2052.42,2023-08-08,2023-08-09,Shipped,Delhi,India
ORD100873,CUST00416,ThinkPad X1,Laptops,1,1199,0.18,983.18,2024-10-13,2024-10-23,Cancelled,Los Angeles,USA
ORD100874,CUST00380,,Monitors,0,449,0.19,1091.07,2024-06-25,2024-07-05,Processing,Los Angeles,USA
ORD100875,CUST00253,AirPods Pro 2,Audio,4,249,0.25,747.0,2023-05-30,2023-05-25,Delivered,Hyderabad,India
ORD100876,CUST00114,Sony WH-1000XM5,Audio,4,349,0.13,1214.52,2022-04-01,2022-04-10,Delivered,Osaka,Japan
ORD100877,CUST00213,ThinkPad X1,Laptops,5,1199,0.04,5755.2,2022-02-24,2022-03-09,Cancelled,Dubai,UAE
ORD100878,CUST00283,Pixel 8 Pro,Phones,1,699,0.13,608.13,2022-07-04,2022-07-12,Shipped,Houston,USA
ORD100879,CUST00530,Fitbit Charge 6,Wearables,1,149,0.16,125.16,2022-07-19,2022-08-01,Processing,London,UK
ORD100880,CUST00890,ThinkPad X1,Laptops,2,1199,1.8,-1966.36,2022-08-10,2022-08-16,Delivered,London,UK
ORD100881,CUST00419,Dell XPS 13,Laptops,2,999,0.15,1698.3,2024-07-16,2024-07-18,Shipped,Delhi,India
ORD100882,CUST00049,Sony A7 IV Camera,Cameras,2,2499,0.1,4498.2,2023-08-13,2023-08-19,Returned,Jaipur,India
ORD100883,CUST00411,Canon EOS R6,Cameras,3,2499,0.06,7047.18,2022-12-25,2022-12-27,Shipped,Mumbai,India
ORD100884,CUST00358,Laptop Pro 15,Laptops,5,1299,0.13,5650.65,2024-12-24,2025-01-07,Returned,Sydney,Australia
ORD100885,CUST_GHOST_13,Mechanical Keyboard,Accessories,4,149,0.13,518.52,2025-05-05,2025-05-10,Cancelled,Mumbai,India
ORD100886,CUST00342,iPhone 15 Pro,Phones,1,999,0.17,829.17,2023-02-12,2023-02-23,Shipped,Singapore,Singapore
ORD100887,CUST00451,Dell UltraSharp 27,Monitors,2,399,0.25,598.5,2023-06-05,2023-06-19,Cancelled,Chicago,USA
ORD100888,CUST00600,LG 4K Monitor,Monitors,2,449,0.02,880.04,2022-05-12,2022-05-21,Shipped,Hyderabad,India
ORD100889,CUST00273,Canon EOS R6,Cameras,1,2499,0.01,2474.01,2024-04-05,2024-04-12,Cancelled,Chennai,India
ORD100890,CUST00026,AirPods Pro 2,Audio,3,249,0.19,605.07,2022-05-19,2022-06-01,Delivered,Delhi,India
ORD100891,CUST00479,Sony A7 IV Camera,Cameras,5,2499,0.15,-10620.75,2022-09-12,2022-09-17,Delivered,Mumbai,India
ORD100892,CUST00787,Sony WH-1000XM5,Audio,5,349,0.07,1622.85,2025-02-04,2025-02-06,Returned,Osaka,Japan
ORD100893,CUST00256,Sony WH-1000XM5,Audio,0,349,0.0,1745.0,2022-05-15,2022-05-21,Shipped,Delhi,India
ORD100894,CUST00039,Sony WH-1000XM5,Audio,5,349,0.18,1430.9,2025-04-22,2025-04-27,Returned,Manchester,UK
ORD100895,CUST00505,Dell UltraSharp 27,Monitors,5,399,0.16,1675.8,2023-04-04,2023-04-15,Delivered,Kolkata,India
ORD100896,CUST00124,Sony A7 IV Camera,Cameras,5,2499,0.13,10870.65,2024-04-29,2024-05-06,Returned,Dubai,UAE
ORD100897,CUST00392,,Audio,1,249,0.12,219.12,2022-07-23,2022-07-26,Shipped,Manchester,UK
ORD100898,CUST00585,AirPods Pro 2,Audio,1,249,0.15,211.65,2023-06-30,2023-07-04,Shipped,Pune,India
ORD100899,CUST00755,Logitech MX Keys,Accessories,4,89,0.05,338.2,2030-01-01,2024-12-02,Returned,Singapore,Singapore
ORD100900,CUST_GHOST_3,AirPods Pro 2,Audio,5,249,0.17,1033.35,2025-06-04,2025-06-12,Delivered,Bengaluru,India
ORD100901,CUST00869,Sony WH-1000XM5,Audio,2,349,0.27,509.54,2022-10-13,2022-10-14,Shipped,London,UK
ORD100902,CUST00554,MacBook Air M3,Laptops,5,1099,0.14,-4725.7,2022-12-18,2022-12-20,Delivered,Houston,USA
ORD100903,CUST00676,MacBook Air M3,Laptops,2,1099,0.2,1758.4,2022-02-26,2022-03-09,Processing,Chennai,India
ORD100904,CUST00701,Apple Watch Ultra,Wearables,1,799,0.07,743.07,2025-06-13,2025-06-23,Returned,Singapore,Singapore
ORD100905,CUST00151,Fitbit Charge 6,Wearables,5,149,0.13,648.15,2022-08-18,2022-08-20,Cancelled,Mumbai,India
ORD100906,CUST00297,Apple Watch Ultra,Wearables,5,799,0.19,3235.95,2024-11-06,2024-11-07,Delivered,Dubai,UAE
ORD100907,CUST00142,Dell UltraSharp 27,Monitors,3,399,0.09,1089.27,2022-11-26,2022-12-09,Delivered,London,UK
ORD100908,CUST00239,Mechanical Keyboard,Accessories,5,149,0.15,633.25,2025-03-15,2025-03-23,Returned,Los Angeles,USA
ORD100909,CUST00064,Sony A7 IV Camera,Cameras,1,2499,0.16,2099.16,2022-02-22,2022-02-27,Returned,Delhi,India
ORD100910,CUST00683,LG 4K Monitor,Monitors,4,449,0.1,1616.4,2022-07-11,2022-07-06,Shipped,Kolkata,India
ORD100911,CUST00610,Dell UltraSharp 27,Monitors,5,399,0.03,1935.15,2024-04-05,2024-04-07,Delivered,Pune,India
ORD100912,CUST00605,Fitbit Charge 6,Wearables,0,149,0.2,476.8,2023-07-08,2023-07-21,Shipped,Singapore,Singapore
ORD100913,CUST00155,LG 4K Monitor,Monitors,5,449,0.27,-1638.85,2024-08-06,2024-08-18,Cancelled,Abu Dhabi,UAE
ORD100914,CUST00603,Canon EOS R6,Cameras,1,2499,0.08,2299.08,2023-12-28,2024-01-01,Delivered,Jaipur,India
ORD100915,CUST_GHOST_11,Dell XPS 13,Laptops,5,999,0.13,4345.65,2024-05-24,2024-05-25,Cancelled,Dubai,UAE
ORD100916,CUST00691,Pixel 8 Pro,Phones,2,699,0.15,1188.3,2025-02-06,2025-02-15,Shipped,New York,USA
ORD100917,CUST00472,Dell UltraSharp 27,Monitors,3,399,0.03,1161.09,2025-04-04,2025-04-17,Cancelled,Pune,India
ORD100918,CUST00432,AirPods Pro 2,Audio,1,249,0.27,181.77,2023-08-03,2023-08-17,Returned,Chicago,USA
ORD100919,CUST00272,Dell UltraSharp 27,Monitors,5,399,0.07,1855.35,2025-06-06,2025-06-13,Delivered,Jaipur,India
ORD100920,CUST00067,,Cameras,5,2499,1.8,11370.45,2024-06-28,2024-06-29,Shipped,Dubai,UAE
ORD100921,CUST00164,Logitech MX Keys,Accessories,1,89,0.12,78.32,2023-12-30,2024-01-09,Shipped,Toronto,Canada
ORD100922,CUST00129,LG 4K Monitor,Monitors,3,449,0.16,1131.48,2022-01-01,2022-01-10,Returned,Osaka,Japan
ORD100923,CUST00546,Pixel 8 Pro,Phones,3,699,0.16,1761.48,2024-10-24,2024-10-28,Returned,Delhi,India
ORD100924,CUST00405,LG 4K Monitor,Monitors,2,449,0.3,-628.6,2024-09-09,2024-09-12,Returned,London,UK
ORD100925,CUST00023,DJI Mini 4 Pro,Drones,5,759,0.02,3719.1,2025-06-30,2025-07-14,Delivered,Bengaluru,India
ORD100926,CUST00850,AirPods Pro 2,Audio,1,249,0.06,234.06,2022-08-20,2022-08-30,Shipped,Los Angeles,USA
ORD100927,CUST00895,DJI Mini 4 Pro,Drones,2,759,0.3,1062.6,2023-02-23,2023-03-07,Cancelled,Chennai,India
ORD100928,CUST00418,Pixel 8 Pro,Phones,2,699,0.14,1202.28,2030-01-01,2022-01-07,Shipped,Ahmedabad,India
ORD100929,CUST00524,MacBook Air M3,Laptops,3,1099,0.1,2967.3,2022-07-13,2022-07-20,Processing,Osaka,Japan
ORD100930,CUST_GHOST_8,Laptop Pro 15,Laptops,2,1299,0.11,2312.22,2023-09-11,2023-09-19,Shipped,Jaipur,India
ORD100931,CUST00326,ThinkPad X1,Laptops,0,1199,0.03,5815.15,2022-03-06,2022-03-20,Shipped,Melbourne,Australia
ORD100932,CUST00581,AirPods Pro 2,Audio,3,249,0.01,739.53,2024-05-02,2024-05-09,Delivered,Manchester,UK
ORD100933,CUST00130,Canon EOS R6,Cameras,1,2499,0.23,1924.23,2023-06-14,2023-06-24,Returned,Abu Dhabi,UAE
ORD100934,CUST00747,Apple Watch Ultra,Wearables,1,799,0.16,671.16,2022-01-06,2022-01-20,Cancelled,London,UK
ORD100935,CUST00082,Apple Watch Ultra,Wearables,2,799,0.03,-1550.06,2024-06-25,2024-06-30,Cancelled,Birmingham,UK
ORD100936,CUST00638,ThinkPad X1,Laptops,2,1199,0.25,1798.5,2023-01-14,2023-01-21,Cancelled,Jaipur,India
ORD100937,CUST00552,Apple Watch Ultra,Wearables,4,799,0.18,2620.72,2025-06-18,2025-07-01,Shipped,Melbourne,Australia
ORD100938,CUST00563,Garmin Fenix 7,Wearables,4,699,0.21,2208.84,2024-06-20,2024-06-25,Returned,Chicago,USA
ORD100939,CUST00888,Garmin Fenix 7,Wearables,3,699,0.21,1656.63,2022-07-04,2022-07-10,Processing,Abu Dhabi,UAE
ORD100940,CUST00051,Sony WH-1000XM5,Audio,3,349,0.24,795.72,2022-08-15,2022-08-17,Returned,Hyderabad,India
ORD100941,CUST00704,DJI Mini 4 Pro,Drones,2,759,0.02,1487.64,2024-09-05,2024-09-11,Shipped,Melbourne,Australia
ORD100942,CUST00073,Dell UltraSharp 27,Monitors,1,399,0.11,355.11,2024-08-29,2024-08-31,Cancelled,Sydney,Australia
ORD100943,CUST00551,,Laptops,2,1099,0.25,1648.5,2025-02-11,2025-02-24,Cancelled,Kolkata,India
ORD100944,CUST00727,LG 4K Monitor,Monitors,3,449,0.07,1252.71,2022-09-15,2022-09-17,Returned,Abu Dhabi,UAE
ORD100945,CUST_GHOST_1,Sony WH-1000XM5,Audio,3,349,0.11,931.83,2024-02-16,2024-02-11,Delivered,Delhi,India
ORD100946,CUST00587,Laptop Pro 15,Laptops,5,1299,0.2,-5196.0,2023-09-09,2023-09-22,Shipped,Surat,India
ORD100947,CUST00049,Fitbit Charge 6,Wearables,5,149,0.08,685.4,2023-08-24,2023-08-31,Cancelled,Sydney,Australia
ORD100948,CUST00442,Sony WH-1000XM5,Audio,5,349,0.18,1430.9,2024-10-15,2024-10-22,Delivered,New York,USA
ORD100949,CUST00840,LG 4K Monitor,Monitors,3,449,0.05,1279.65,2023-09-29,2023-10-05,Cancelled,Los Angeles,USA
ORD100950,CUST00030,Canon EOS R6,Cameras,0,2499,0.1,8996.4,2025-03-15,2025-03-23,Processing,Osaka,Japan
ORD100951,CUST00519,Logitech MX Keys,Accessories,2,89,0.06,167.32,2025-05-31,2025-06-01,Cancelled,Hyderabad,India
ORD100952,CUST00415,Pixel 8 Pro,Phones,3,699,0.08,1929.24,2024-02-20,2024-03-04,Shipped,Toronto,Canada
ORD100953,CUST00297,Samsung Galaxy S24,Phones,4,799,0.1,2876.4,2022-04-21,2022-04-23,Cancelled,Toronto,Canada
ORD100954,CUST00235,Logitech MX Keys,Accessories,5,89,0.18,364.9,2022-04-20,2022-04-21,Cancelled,Pune,India
ORD100955,CUST00302,Samsung Galaxy S24,Phones,1,799,0.05,759.05,2023-01-06,2023-01-19,Cancelled,Houston,USA
ORD100956,CUST00138,Canon EOS R6,Cameras,4,2499,0.09,9096.36,2023-10-10,2023-10-20,Delivered,Chicago,USA
ORD100957,CUST00288,Laptop Pro 15,Laptops,1,1299,0.02,-1273.02,2030-01-01,2022-07-26,Processing,Birmingham,UK
ORD100958,CUST00655,Sony WH-1000XM5,Audio,5,349,0.24,1326.2,2024-03-06,2024-03-07,Delivered,Osaka,Japan
ORD100959,CUST00603,Apple Watch Ultra,Wearables,1,799,0.03,775.03,2024-11-23,2024-11-30,Cancelled,Melbourne,Australia
ORD100960,CUST_GHOST_2,Canon EOS R6,Cameras,5,2499,1.8,11995.2,2022-12-21,2022-12-31,Returned,Los Angeles,USA
ORD100961,CUST00280,Sony A7 IV Camera,Cameras,1,2499,0.28,1799.28,2024-07-02,2024-07-05,Cancelled,Jaipur,India
ORD100962,CUST00748,Samsung Galaxy S24,Phones,4,799,0.02,3132.08,2022-08-16,2022-08-19,Delivered,Kolkata,India
ORD100963,CUST00778,Fitbit Charge 6,Wearables,3,149,0.07,415.71,2024-09-07,2024-09-13,Shipped,Houston,USA
ORD100964,CUST00888,Mechanical Keyboard,Accessories,5,149,0.22,581.1,2024-12-26,2024-12-27,Cancelled,Dubai,UAE
ORD100965,CUST00272,Mechanical Keyboard,Accessories,2,149,0.11,265.22,2024-11-18,2024-11-21,Processing,Hyderabad,India
ORD100966,CUST00239,,Laptops,5,1199,0.21,4736.05,2024-10-28,2024-11-03,Processing,Los Angeles,USA
ORD100967,CUST00440,Sony WH-1000XM5,Audio,1,349,0.01,345.51,2023-06-06,2023-06-11,Processing,Surat,India
ORD100968,CUST00891,Sony A7 IV Camera,Cameras,3,2499,0.22,-5847.66,2023-02-08,2023-02-22,Delivered,Chennai,India
ORD100969,CUST00731,iPad Pro 12.9,Tablets,0,1099,0.05,2088.1,2024-07-05,2024-07-10,Returned,Singapore,Singapore
ORD100970,CUST00087,Canon EOS R6,Cameras,5,2499,0.22,9746.1,2024-07-12,2024-07-20,Cancelled,Osaka,Japan
ORD100971,CUST00661,iPhone 15 Pro,Phones,2,999,0.2,1598.4,2022-12-07,2022-12-15,Shipped,Mumbai,India
ORD100972,CUST00702,iPhone 15 Pro,Phones,5,999,0.16,4195.8,2022-12-14,2022-12-28,Delivered,Manchester,UK
ORD100973,CUST00063,Mechanical Keyboard,Accessories,1,149,0.2,119.2,2022-05-18,2022-05-28,Cancelled,Ahmedabad,India
ORD100974,CUST00651,MacBook Air M3,Laptops,3,1099,0.1,2967.3,2023-02-03,2023-02-04,Cancelled,Singapore,Singapore
ORD100975,CUST_GHOST_16,Pixel 8 Pro,Phones,3,699,0.22,1635.66,2022-10-24,2022-10-29,Returned,Ahmedabad,India
ORD100976,CUST00013,Logitech MX Keys,Accessories,2,89,0.26,131.72,2022-03-15,2022-03-29,Delivered,Birmingham,UK
ORD100977,CUST00518,Dell XPS 13,Laptops,4,999,0.13,3476.52,2023-08-10,2023-08-19,Delivered,Houston,USA
ORD100978,CUST00261,Mechanical Keyboard,Accessories,2,149,0.08,274.16,2024-01-07,2024-01-12,Processing,Houston,USA
ORD100979,CUST00548,MacBook Air M3,Laptops,5,1099,0.06,-5165.3,2024-01-11,2024-01-23,Delivered,Manchester,UK
ORD100980,CUST00722,DJI Mini 4 Pro,Drones,5,759,0.07,3529.35,2025-02-05,2025-01-31,Delivered,Toronto,Canada
ORD100981,CUST00127,Logitech MX Keys,Accessories,2,89,0.19,144.18,2022-10-29,2022-11-07,Cancelled,Birmingham,UK
ORD100982,CUST00753,Fitbit Charge 6,Wearables,3,149,0.26,330.78,2024-03-01,2024-03-14,Returned,Abu Dhabi,UAE
ORD100983,CUST00541,Garmin Fenix 7,Wearables,4,699,0.3,1957.2,2024-11-19,2024-12-02,Shipped,Osaka,Japan
ORD100984,CUST00323,DJI Mini 4 Pro,Drones,1,759,0.09,690.69,2024-09-12,2024-09-22,Shipped,Manchester,UK
ORD100985,CUST00698,ThinkPad X1,Laptops,3,1199,0.25,2697.75,2022-10-09,2022-10-14,Cancelled,Ahmedabad,India
ORD100986,CUST00613,MacBook Air M3,Laptops,1,1099,0.26,813.26,2030-01-01,2025-01-23,Cancelled,Melbourne,Australia
ORD100987,CUST00209,Sony WH-1000XM5,Audio,2,349,0.08,642.16,2025-02-14,2025-02-25,Shipped,Abu Dhabi,UAE
ORD100988,CUST00244,Sony A7 IV Camera,Cameras,0,2499,0.16,4198.32,2025-03-09,2025-03-22,Delivered,Hyderabad,India
ORD100989,CUST00402,,Laptops,5,1199,0.15,5095.75,2022-11-18,2022-11-28,Shipped,Pune,India
ORD100990,CUST_GHOST_18,Fitbit Charge 6,Wearables,5,149,0.28,-536.4,2025-02-14,2025-02-18,Shipped,Hyderabad,India
ORD100991,CUST00016,ThinkPad X1,Laptops,1,1199,0.24,911.24,2023-01-15,2023-01-19,Shipped,Mumbai,India
ORD100992,CUST00396,Laptop Pro 15,Laptops,1,1299,0.21,1026.21,2024-08-02,2024-08-09,Cancelled,Chennai,India
ORD100993,CUST00647,MacBook Air M3,Laptops,1,1099,0.15,934.15,2025-05-07,2025-05-18,Returned,Sydney,Australia
ORD100994,CUST00561,Canon EOS R6,Cameras,4,2499,0.04,9596.16,2022-06-21,2022-07-05,Processing,Kolkata,India
ORD100995,CUST00296,Mechanical Keyboard,Accessories,4,149,0.24,452.96,2022-05-07,2022-05-19,Shipped,Dubai,UAE
ORD100996,CUST00657,AirPods Pro 2,Audio,3,249,0.19,605.07,2022-06-24,2022-07-04,Returned,Osaka,Japan
ORD100997,CUST00802,MacBook Air M3,Laptops,4,1099,0.08,4044.32,2025-02-01,2025-02-12,Shipped,Kolkata,India
ORD100998,CUST00603,Logitech MX Keys,Accessories,3,89,0.12,234.96,2023-10-10,2023-10-24,Delivered,Delhi,India
ORD100999,CUST00018,Laptop Pro 15,Laptops,2,1299,0.22,2026.44,2024-07-25,2024-08-08,Cancelled,Pune,India
ORD101000,CUST00286,Laptop Pro 15,Laptops,3,1299,1.8,2922.75,2023-11-06,2023-11-18,Returned,Chicago,USA
ORD101001,CUST00706,Sony A7 IV Camera,Cameras,1,2499,0.1,-2249.1,2022-04-05,2022-04-12,Cancelled,Sydney,Australia
ORD101002,CUST00076,Dell UltraSharp 27,Monitors,4,399,0.08,1468.32,2022-01-27,2022-02-07,Cancelled,Los Angeles,USA
ORD101003,CUST00721,AirPods Pro 2,Audio,1,249,0.21,196.71,2023-04-06,2023-04-11,Delivered,London,UK
ORD101004,CUST00629,Apple Watch Ultra,Wearables,3,799,0.03,2325.09,2025-04-26,2025-05-01,Returned,Manchester,UK
ORD101005,CUST_GHOST_11,MacBook Air M3,Laptops,5,1099,0.18,4505.9,2025-02-24,2025-03-09,Shipped,Houston,USA
ORD101006,CUST00568,LG 4K Monitor,Monitors,5,449,0.06,2110.3,2022-10-16,2022-10-23,Returned,Tokyo,Japan
ORD101007,CUST00164,Garmin Fenix 7,Wearables,0,699,0.19,2830.95,2024-03-06,2024-03-16,Cancelled,Mumbai,India
ORD101008,CUST00572,Fitbit Charge 6,Wearables,2,149,0.16,250.32,2025-02-11,2025-02-20,Returned,Chennai,India
ORD101009,CUST00677,Canon EOS R6,Cameras,5,2499,0.3,8746.5,2024-09-20,2024-10-03,Returned,Bengaluru,India
ORD101010,CUST00606,Mechanical Keyboard,Accessories,1,149,0.11,132.61,2024-05-28,2024-05-31,Processing,London,UK
ORD101011,CUST00387,Dell XPS 13,Laptops,5,999,0.14,4295.7,2022-02-17,2022-03-01,Returned,Ahmedabad,India
ORD101012,CUST00136,,Tablets,1,1099,0.28,-791.28,2024-06-02,2024-06-14,Processing,London,UK
ORD101013,CUST00894,Fitbit Charge 6,Wearables,5,149,0.17,618.35,2023-01-18,2023-01-25,Delivered,Surat,India
ORD101014,CUST00780,Dell XPS 13,Laptops,5,999,0.26,3696.3,2025-03-16,2025-03-22,Shipped,Bengaluru,India
ORD101015,CUST00322,Sony A7 IV Camera,Cameras,3,2499,0.1,6747.3,2030-01-01,2022-08-25,Cancelled,London,UK
ORD101016,CUST00142,AirPods Pro 2,Audio,1,249,0.2,199.2,2024-09-26,2024-10-01,Cancelled,Singapore,Singapore
ORD101017,CUST00690,Samsung Galaxy S24,Phones,1,799,0.03,775.03,2025-02-03,2025-02-06,Processing,Bengaluru,India
ORD101018,CUST00142,DJI Mini 4 Pro,Drones,5,759,0.12,3339.6,2024-06-11,2024-06-16,Shipped,Pune,India
ORD101019,CUST00343,iPad Pro 12.9,Tablets,5,1099,0.28,3956.4,2024-11-15,2024-11-25,Delivered,London,UK
ORD101020,CUST_GHOST_11,MacBook Air M3,Laptops,3,1099,0.22,2571.66,2023-06-30,2023-07-03,Delivered,Dubai,UAE
ORD101021,CUST00854,Mechanical Keyboard,Accessories,3,149,0.11,397.83,2022-04-03,2022-04-09,Cancelled,Osaka,Japan
ORD101022,CUST00592,Fitbit Charge 6,Wearables,2,149,0.0,298.0,2022-10-17,2022-10-20,Processing,Manchester,UK
ORD101023,CUST00752,Laptop Pro 15,Laptops,5,1299,0.01,-6430.05,2022-04-12,2022-04-14,Cancelled,Ahmedabad,India
ORD101024,CUST00055,Logitech MX Keys,Accessories,4,89,0.08,327.52,2024-07-29,2024-08-01,Shipped,Hyderabad,India
ORD101025,CUST00516,Sony WH-1000XM5,Audio,4,349,0.3,977.2,2022-11-30,2022-12-09,Returned,New York,USA
ORD101026,CUST00498,Sony WH-1000XM5,Audio,0,349,0.02,342.02,2024-12-01,2024-12-12,Returned,Pune,India
ORD101027,CUST00247,Samsung Galaxy S24,Phones,3,799,0.22,1869.66,2022-07-04,2022-07-07,Cancelled,Bengaluru,India
ORD101028,CUST00814,Dell UltraSharp 27,Monitors,5,399,0.28,1436.4,2024-02-04,2024-02-05,Cancelled,Bengaluru,India
ORD101029,CUST00657,MacBook Air M3,Laptops,3,1099,0.28,2373.84,2022-05-01,2022-05-03,Delivered,Abu Dhabi,UAE
ORD101030,CUST00865,Mechanical Keyboard,Accessories,1,149,0.18,122.18,2024-08-07,2024-08-20,Delivered,Sydney,Australia
ORD101031,CUST00083,Dell XPS 13,Laptops,3,999,0.06,2817.18,2022-03-31,2022-04-12,Processing,Ahmedabad,India
ORD101032,CUST00140,Sony A7 IV Camera,Cameras,1,2499,0.25,1874.25,2023-02-13,2023-02-14,Delivered,London,UK
ORD101033,CUST00697,Dell XPS 13,Laptops,4,999,0.18,3276.72,2022-01-31,2022-02-01,Cancelled,Jaipur,India
ORD101034,CUST00320,Dell XPS 13,Laptops,5,999,0.17,-4145.85,2025-02-24,2025-03-08,Processing,Melbourne,Australia
ORD101035,CUST_GHOST_4,,Audio,2,249,0.24,378.48,2025-03-08,2025-03-17,Cancelled,Houston,USA
ORD101036,CUST00886,Garmin Fenix 7,Wearables,5,699,0.17,2900.85,2024-04-24,2024-04-30,Shipped,Singapore,Singapore
ORD101037,CUST00785,Sony WH-1000XM5,Audio,3,349,0.29,743.37,2022-08-25,2022-09-01,Delivered,Singapore,Singapore
ORD101038,CUST00208,Fitbit Charge 6,Wearables,2,149,0.29,211.58,2023-09-29,2023-10-12,Returned,Bengaluru,India
ORD101039,CUST00341,iPhone 15 Pro,Phones,1,999,0.01,989.01,2022-04-03,2022-04-06,Processing,Osaka,Japan
ORD101040,CUST00702,Apple Watch Ultra,Wearables,5,799,1.8,3515.6,2023-01-11,2023-01-13,Cancelled,Surat,India
ORD101041,CUST00537,iPhone 15 Pro,Phones,3,999,0.13,2607.39,2023-05-11,2023-05-17,Shipped,Houston,USA
ORD101042,CUST00280,Fitbit Charge 6,Wearables,1,149,0.12,131.12,2025-01-22,2025-01-29,Delivered,Tokyo,Japan
ORD101043,CUST00562,LG 4K Monitor,Monitors,4,449,0.06,1688.24,2023-03-25,2023-04-06,Processing,Surat,India
ORD101044,CUST00311,Apple Watch Ultra,Wearables,5,799,0.06,3755.3,2030-01-01,2023-01-04,Shipped,Chicago,USA
ORD101045,CUST00554,AirPods Pro 2,Audio,0,249,0.27,-727.08,2022-04-08,2022-04-14,Processing,Delhi,India
ORD101046,CUST00722,Sony A7 IV Camera,Cameras,4,2499,0.28,7197.12,2022-04-13,2022-04-20,Processing,London,UK
ORD101047,CUST00373,DJI Mini 4 Pro,Drones,3,759,0.11,2026.53,2024-03-24,2024-03-27,Shipped,Abu Dhabi,UAE
ORD101048,CUST00554,Samsung Galaxy S24,Phones,1,799,0.18,655.18,2023-11-14,2023-11-27,Processing,Chennai,India
ORD101049,CUST00317,MacBook Air M3,Laptops,4,1099,0.19,3560.76,2022-02-26,2022-03-09,Returned,Chennai,India
ORD101050,CUST_GHOST_3,Pixel 8 Pro,Phones,1,699,0.29,496.29,2024-08-05,2024-07-31,Returned,Chicago,USA
ORD101051,CUST00020,ThinkPad X1,Laptops,5,1199,0.3,4196.5,2022-10-19,2022-10-25,Processing,Melbourne,Australia
ORD101052,CUST00720,Sony A7 IV Camera,Cameras,4,2499,0.02,9796.08,2022-12-29,2023-01-01,Delivered,Chicago,USA
ORD101053,CUST00323,DJI Mini 4 Pro,Drones,3,759,0.28,1639.44,2023-07-03,2023-07-15,Delivered,Sydney,Australia
ORD101054,CUST00683,Samsung Galaxy S24,Phones,1,799,0.27,583.27,2022-10-04,2022-10-07,Cancelled,New York,USA
ORD101055,CUST00061,Garmin Fenix 7,Wearables,3,699,0.26,1551.78,2022-01-22,2022-01-25,Cancelled,Osaka,Japan
ORD101056,CUST00346,MacBook Air M3,Laptops,1,1099,0.1,-989.1,2023-03-16,2023-03-30,Shipped,Los Angeles,USA
ORD101057,CUST00633,Garmin Fenix 7,Wearables,3,699,0.13,1824.39,2023-11-27,2023-11-28,Cancelled,Surat,India
ORD101058,CUST00454,,Laptops,4,1099,0.03,4264.12,2023-01-27,2023-02-10,Shipped,London,UK
ORD101059,CUST00363,DJI Mini 4 Pro,Drones,5,759,0.01,3757.05,2025-04-23,2025-05-04,Processing,Toronto,Canada
ORD101060,CUST00850,Laptop Pro 15,Laptops,2,1299,0.2,2078.4,2022-05-15,2022-05-16,Delivered,Chicago,USA
ORD101061,CUST00312,AirPods Pro 2,Audio,5,249,0.06,1170.3,2022-01-25,2022-01-29,Returned,Chennai,India
ORD101062,CUST00033,Laptop Pro 15,Laptops,3,1299,0.1,3507.3,2023-03-16,2023-03-23,Delivered,Birmingham,UK
ORD101063,CUST00556,DJI Mini 4 Pro,Drones,3,759,0.02,2231.46,2023-09-07,2023-09-18,Returned,Chennai,India
ORD101064,CUST00632,Pixel 8 Pro,Phones,0,699,0.26,1551.78,2022-12-23,2023-01-01,Processing,Los Angeles,USA
ORD101065,CUST_GHOST_10,Pixel 8 Pro,Phones,3,699,0.21,1656.63,2022-10-28,2022-10-29,Processing,Chicago,USA
ORD101066,CUST00499,Dell XPS 13,Laptops,1,999,0.02,979.02,2025-03-12,2025-03-22,Delivered,Toronto,Canada
ORD101067,CUST00845,Laptop Pro 15,Laptops,4,1299,0.17,-4312.68,2025-01-26,2025-01-27,Delivered,Dubai,UAE
ORD101068,CUST00046,Dell UltraSharp 27,Monitors,4,399,0.14,1372.56,2023-05-10,2023-05-18,Returned,Jaipur,India
ORD101069,CUST00584,iPad Pro 12.9,Tablets,2,1099,0.2,1758.4,2023-08-15,2023-08-20,Returned,Melbourne,Australia
ORD101070,CUST00403,Mechanical Keyboard,Accessories,2,149,0.01,295.02,2024-10-02,2024-10-10,Cancelled,Osaka,Japan
ORD101071,CUST00224,Samsung Galaxy S24,Phones,3,799,0.1,2157.3,2022-11-26,2022-12-07,Processing,Mumbai,India
ORD101072,CUST00389,Dell XPS 13,Laptops,4,999,0.06,3756.24,2023-10-04,2023-10-09,Shipped,Chicago,USA
ORD101073,CUST00551,Samsung Galaxy S24,Phones,3,799,0.03,2325.09,2030-01-01,2023-06-09,Returned,Delhi,India
ORD101074,CUST00154,Samsung Galaxy S24,Phones,5,799,0.21,3156.05,2023-03-25,2023-04-07,Shipped,Surat,India
ORD101075,CUST00755,Logitech MX Keys,Accessories,1,89,0.02,87.22,2022-03-07,2022-03-17,Delivered,Toronto,Canada
ORD101076,CUST00006,LG 4K Monitor,Monitors,1,449,0.11,399.61,2025-01-12,2025-01-21,Cancelled,Birmingham,UK
ORD101077,CUST00120,Sony WH-1000XM5,Audio,2,349,0.0,698.0,2022-07-01,2022-07-08,Cancelled,London,UK
ORD101078,CUST00007,Pixel 8 Pro,Phones,2,699,0.18,-1146.36,2023-07-31,2023-08-11,Processing,London,UK
ORD101079,CUST00557,Logitech MX Keys,Accessories,5,89,0.17,369.35,2024-07-12,2024-07-18,Returned,Pune,India
ORD101080,CUST_GHOST_18,Dell XPS 13,Laptops,2,999,1.8,1638.36,2024-05-17,2024-05-22,Shipped,Chicago,USA
ORD101081,CUST00247,,Laptops,2,1099,0.29,1560.58,2024-05-08,2024-05-19,Shipped,Mumbai,India
ORD101082,CUST00534,iPad Pro 12.9,Tablets,4,1099,0.11,3912.44,2023-01-18,2023-01-20,Processing,London,UK
ORD101083,CUST00130,Sony A7 IV Camera,Cameras,0,2499,0.21,1974.21,2022-01-03,2022-01-11,Delivered,Bengaluru,India
ORD101084,CUST00770,Mechanical Keyboard,Accessories,2,149,0.07,277.14,2025-02-01,2025-02-02,Shipped,Kolkata,India
ORD101085,CUST00815,LG 4K Monitor,Monitors,2,449,0.03,871.06,2025-05-30,2025-05-25,Shipped,Bengaluru,India
ORD101086,CUST00535,Mechanical Keyboard,Accessories,5,149,0.24,566.2,2025-03-19,2025-03-27,Delivered,Sydney,Australia
ORD101087,CUST00109,Mechanical Keyboard,Accessories,5,149,0.03,722.65,2022-08-18,2022-08-27,Cancelled,Kolkata,India
ORD101088,CUST00564,Apple Watch Ultra,Wearables,3,799,0.1,2157.3,2022-06-17,2022-06-29,Returned,New York,USA
ORD101089,CUST00482,Garmin Fenix 7,Wearables,4,699,0.21,-2208.84,2022-12-09,2022-12-21,Delivered,Chicago,USA
ORD101090,CUST00052,Apple Watch Ultra,Wearables,5,799,0.01,3955.05,2023-11-27,2023-12-01,Cancelled,Dubai,UAE
ORD101091,CUST00385,DJI Mini 4 Pro,Drones,2,759,0.02,1487.64,2025-05-31,2025-06-03,Returned,Abu Dhabi,UAE
ORD101092,CUST00283,Canon EOS R6,Cameras,2,2499,0.24,3798.48,2023-11-11,2023-11-16,Delivered,Sydney,Australia
ORD101093,CUST00740,ThinkPad X1,Laptops,5,1199,0.04,5755.2,2024-09-03,2024-09-06,Delivered,Delhi,India
ORD101094,CUST00302,Samsung Galaxy S24,Phones,5,799,0.06,3755.3,2025-01-04,2025-01-07,Shipped,Hyderabad,India
ORD101095,CUST_GHOST_8,iPad Pro 12.9,Tablets,1,1099,0.08,1011.08,2023-07-25,2023-08-02,Processing,Toronto,Canada
ORD101096,CUST00881,iPhone 15 Pro,Phones,2,999,0.28,1438.56,2024-12-10,2024-12-22,Delivered,Bengaluru,India
ORD101097,CUST00728,LG 4K Monitor,Monitors,3,449,0.17,1118.01,2023-02-06,2023-02-18,Delivered,Sydney,Australia
ORD101098,CUST00650,iPad Pro 12.9,Tablets,1,1099,0.04,1055.04,2023-03-02,2023-03-03,Processing,Melbourne,Australia
ORD101099,CUST00134,iPad Pro 12.9,Tablets,2,1099,0.26,1626.52,2024-06-17,2024-06-25,Processing,Hyderabad,India
ORD101100,CUST00199,ThinkPad X1,Laptops,2,1199,0.11,-2134.22,2022-03-26,2022-04-08,Shipped,Birmingham,UK
ORD101101,CUST00049,Dell XPS 13,Laptops,4,999,0.1,3596.4,2024-04-13,2024-04-18,Cancelled,Kolkata,India
ORD101102,CUST00813,Laptop Pro 15,Laptops,0,1299,0.1,1169.1,2030-01-01,2025-05-07,Cancelled,London,UK
ORD101103,CUST00599,Sony A7 IV Camera,Cameras,3,2499,0.12,6597.36,2022-07-16,2022-07-26,Returned,Ahmedabad,India
ORD101104,CUST00668,,Tablets,1,1099,0.21,868.21,2022-11-28,2022-12-08,Delivered,Houston,USA
ORD101105,CUST00886,Dell XPS 13,Laptops,4,999,0.09,3636.36,2025-05-30,2025-05-31,Shipped,Abu Dhabi,UAE
ORD101106,CUST00805,Fitbit Charge 6,Wearables,2,149,0.04,286.08,2022-03-01,2022-03-06,Shipped,Tokyo,Japan
ORD101107,CUST00397,Apple Watch Ultra,Wearables,3,799,0.02,2349.06,2024-03-13,2024-03-16,Shipped,Abu Dhabi,UAE
ORD101108,CUST00430,Dell XPS 13,Laptops,2,999,0.28,1438.56,2024-09-24,2024-09-25,Returned,Delhi,India
ORD101109,CUST00378,Mechanical Keyboard,Accessories,4,149,0.17,494.68,2024-05-05,2024-05-19,Cancelled,London,UK
ORD101110,CUST_GHOST_12,MacBook Air M3,Laptops,4,1099,0.07,4088.28,2022-11-10,2022-11-12,Returned,Birmingham,UK
ORD101111,CUST00311,Dell UltraSharp 27,Monitors,3,399,0.11,-1065.33,2025-04-05,2025-04-10,Processing,Surat,India
ORD101112,CUST00401,MacBook Air M3,Laptops,4,1099,0.29,3121.16,2023-02-07,2023-02-18,Processing,Singapore,Singapore
ORD101113,CUST00353,iPhone 15 Pro,Phones,2,999,0.17,1658.34,2022-01-18,2022-01-23,Returned,Chicago,USA
ORD101114,CUST00867,Samsung Galaxy S24,Phones,4,799,0.06,3004.24,2022-12-12,2022-12-19,Shipped,Houston,USA
ORD101115,CUST00151,ThinkPad X1,Laptops,1,1199,0.09,1091.09,2023-06-08,2023-06-12,Cancelled,Sydney,Australia
ORD101116,CUST00569,iPad Pro 12.9,Tablets,3,1099,0.28,2373.84,2023-10-19,2023-10-24,Shipped,Chennai,India
ORD101117,CUST00041,Fitbit Charge 6,Wearables,5,149,0.19,603.45,2024-12-29,2025-01-10,Cancelled,Singapore,Singapore
ORD101118,CUST00418,DJI Mini 4 Pro,Drones,1,759,0.22,592.02,2022-10-30,2022-11-10,Shipped,Tokyo,Japan
ORD101119,CUST00585,AirPods Pro 2,Audio,1,249,0.2,199.2,2024-02-18,2024-02-23,Shipped,Kolkata,India
ORD101120,CUST00138,Apple Watch Ultra,Wearables,3,799,1.8,1821.72,2023-07-31,2023-07-26,Shipped,Los Angeles,USA
ORD101121,CUST00231,MacBook Air M3,Laptops,0,1099,0.16,2769.48,2023-05-18,2023-05-23,Shipped,Delhi,India
ORD101122,CUST00855,Pixel 8 Pro,Phones,1,699,0.02,-685.02,2024-01-20,2024-02-03,Returned,Manchester,UK
ORD101123,CUST00737,Dell UltraSharp 27,Monitors,1,399,0.11,355.11,2023-07-01,2023-07-07,Cancelled,Osaka,Japan
ORD101124,CUST00512,Dell UltraSharp 27,Monitors,5,399,0.2,1596.0,2023-11-09,2023-11-22,Cancelled,Chicago,USA
ORD101125,CUST_GHOST_10,Garmin Fenix 7,Wearables,3,699,0.22,1635.66,2023-02-13,2023-02-19,Shipped,Houston,USA
ORD101126,CUST00878,Mechanical Keyboard,Accessories,5,149,0.14,640.7,2023-07-09,2023-07-16,Cancelled,Tokyo,Japan
ORD101127,CUST00827,,Drones,5,759,0.11,3377.55,2022-05-11,2022-05-18,Shipped,Jaipur,India
ORD101128,CUST00293,iPad Pro 12.9,Tablets,1,1099,0.05,1044.05,2024-01-28,2024-01-29,Returned,Melbourne,Australia
ORD101129,CUST00859,Laptop Pro 15,Laptops,5,1299,0.1,5845.5,2025-06-20,2025-06-25,Returned,Bengaluru,India
ORD101130,CUST00611,Logitech MX Keys,Accessories,2,89,0.23,137.06,2022-10-20,2022-10-26,Processing,Abu Dhabi,UAE
ORD101131,CUST00458,Dell UltraSharp 27,Monitors,4,399,0.09,1452.36,2030-01-01,2023-01-10,Shipped,Mumbai,India
ORD101132,CUST00377,Sony A7 IV Camera,Cameras,3,2499,0.04,7197.12,2025-04-20,2025-04-22,Processing,Pune,India
ORD101133,CUST00293,Dell UltraSharp 27,Monitors,1,399,0.28,-287.28,2022-04-18,2022-04-29,Processing,Toronto,Canada
ORD101134,CUST00812,Apple Watch Ultra,Wearables,5,799,0.06,3755.3,2022-11-19,2022-11-26,Delivered,Surat,India
ORD101135,CUST00830,Logitech MX Keys,Accessories,3,89,0.06,250.98,2022-04-25,2022-05-03,Returned,Houston,USA
ORD101136,CUST00698,Pixel 8 Pro,Phones,4,699,0.07,2600.28,2022-02-07,2022-02-08,Returned,Toronto,Canada
ORD101137,CUST00842,ThinkPad X1,Laptops,4,1199,0.28,3453.12,2023-12-31,2024-01-03,Shipped,Chennai,India
ORD101138,CUST00458,Dell XPS 13,Laptops,3,999,0.22,2337.66,2022-07-09,2022-07-18,Processing,New York,USA
ORD101139,CUST00674,Samsung Galaxy S24,Phones,2,799,0.11,1422.22,2023-07-27,2023-08-08,Shipped,Houston,USA
ORD101140,CUST_GHOST_15,Fitbit Charge 6,Wearables,0,149,0.08,548.32,2022-04-10,2022-04-12,Cancelled,Kolkata,India
ORD101141,CUST00421,Samsung Galaxy S24,Phones,1,799,0.21,631.21,2023-12-01,2023-12-13,Shipped,Ahmedabad,India
ORD101142,CUST00592,Sony A7 IV Camera,Cameras,4,2499,0.14,8596.56,2024-05-30,2024-06-06,Processing,Houston,USA
ORD101143,CUST00115,iPhone 15 Pro,Phones,2,999,0.14,1718.28,2023-07-25,2023-07-26,Delivered,Osaka,Japan
ORD101144,CUST00550,Mechanical Keyboard,Accessories,2,149,0.24,-226.48,2022-05-09,2022-05-10,Processing,New York,USA
ORD101145,CUST00156,Fitbit Charge 6,Wearables,1,149,0.01,147.51,2024-09-17,2024-10-01,Shipped,Tokyo,Japan
ORD101146,CUST00328,iPad Pro 12.9,Tablets,1,1099,0.09,1000.09,2024-08-06,2024-08-17,Shipped,Chennai,India
ORD101147,CUST00233,LG 4K Monitor,Monitors,1,449,0.18,368.18,2025-03-20,2025-04-01,Delivered,Osaka,Japan
ORD101148,CUST00643,iPhone 15 Pro,Phones,4,999,0.16,3356.64,2022-06-27,2022-07-05,Shipped,Delhi,India
ORD101149,CUST00638,iPhone 15 Pro,Phones,1,999,0.06,939.06,2023-12-10,2023-12-16,Shipped,Birmingham,UK
ORD101150,CUST00028,,Monitors,2,399,0.27,582.54,2025-05-15,2025-05-26,Shipped,Abu Dhabi,UAE
ORD101151,CUST00737,Canon EOS R6,Cameras,2,2499,0.1,4498.2,2024-02-04,2024-02-14,Processing,Sydney,Australia
ORD101152,CUST00155,iPhone 15 Pro,Phones,2,999,0.04,1918.08,2024-06-25,2024-06-29,Returned,Kolkata,India
ORD101153,CUST00002,Fitbit Charge 6,Wearables,5,149,0.18,610.9,2023-08-12,2023-08-18,Cancelled,Melbourne,Australia
ORD101154,CUST00233,Pixel 8 Pro,Phones,3,699,0.07,1950.21,2024-05-16,2024-05-23,Delivered,Birmingham,UK
ORD101155,CUST_GHOST_2,Mechanical Keyboard,Accessories,1,149,0.14,-128.14,2022-04-11,2022-04-06,Cancelled,Delhi,India
ORD101156,CUST00510,Fitbit Charge 6,Wearables,2,149,0.12,262.24,2022-09-05,2022-09-18,Returned,Pune,India
ORD101157,CUST00015,iPhone 15 Pro,Phones,4,999,0.01,3956.04,2024-10-03,2024-10-05,Shipped,Chicago,USA
ORD101158,CUST00844,ThinkPad X1,Laptops,3,1199,0.19,2913.57,2025-02-07,2025-02-11,Returned,Sydney,Australia
ORD101159,CUST00880,Apple Watch Ultra,Wearables,0,799,0.21,1262.42,2024-10-06,2024-10-17,Cancelled,Melbourne,Australia
ORD101160,CUST00799,Sony WH-1000XM5,Audio,5,349,1.8,1291.3,2030-01-01,2024-04-12,Shipped,New York,USA
ORD101161,CUST00215,Sony A7 IV Camera,Cameras,3,2499,0.04,7197.12,2023-03-20,2023-04-01,Shipped,Hyderabad,India
ORD101162,CUST00109,Samsung Galaxy S24,Phones,5,799,0.01,3955.05,2025-05-29,2025-06-03,Processing,Hyderabad,India
ORD101163,CUST00879,Mechanical Keyboard,Accessories,5,149,0.3,521.5,2025-03-05,2025-03-08,Shipped,Pune,India
ORD101164,CUST00188,Mechanical Keyboard,Accessories,4,149,0.02,584.08,2025-06-19,2025-06-25,Shipped,Los Angeles,USA
ORD101165,CUST00651,MacBook Air M3,Laptops,4,1099,0.07,4088.28,2024-09-07,2024-09-21,Shipped,Bengaluru,India
ORD101166,CUST00407,ThinkPad X1,Laptops,5,1199,0.02,-5875.1,2024-10-04,2024-10-09,Delivered,Ahmedabad,India
ORD101167,CUST00235,Laptop Pro 15,Laptops,4,1299,0.2,4156.8,2025-02-18,2025-02-23,Delivered,Toronto,Canada
ORD101168,CUST00676,Apple Watch Ultra,Wearables,3,799,0.04,2301.12,2022-05-27,2022-05-31,Cancelled,Pune,India
ORD101169,CUST00294,Dell UltraSharp 27,Monitors,1,399,0.15,339.15,2024-03-28,2024-04-01,Returned,Tokyo,Japan
ORD101170,CUST_GHOST_10,Canon EOS R6,Cameras,3,2499,0.12,6597.36,2023-07-21,2023-08-03,Cancelled,Delhi,India
ORD101171,CUST00075,Mechanical Keyboard,Accessories,3,149,0.08,411.24,2022-12-23,2023-01-03,Delivered,Los Angeles,USA
ORD101172,CUST00275,Dell XPS 13,Laptops,4,999,0.29,2837.16,2022-05-28,2022-05-30,Returned,Osaka,Japan
ORD101173,CUST00018,,Accessories,3,89,0.13,232.29,2025-03-12,2025-03-23,Delivered,Abu Dhabi,UAE
ORD101174,CUST00606,Dell UltraSharp 27,Monitors,5,399,0.3,1396.5,2023-10-20,2023-10-28,Returned,Manchester,UK
ORD101175,CUST00823,Mechanical Keyboard,Accessories,2,149,0.02,292.04,2022-01-02,2022-01-15,Shipped,Mumbai,India
ORD101176,CUST00163,Sony WH-1000XM5,Audio,2,349,0.13,607.26,2022-01-31,2022-02-02,Returned,Toronto,Canada
ORD101177,CUST00678,Canon EOS R6,Cameras,1,2499,0.04,-2399.04,2022-07-03,2022-07-06,Processing,Bengaluru,India
ORD101178,CUST00734,iPhone 15 Pro,Phones,0,999,0.07,4645.35,2024-05-30,2024-06-09,Cancelled,London,UK
ORD101179,CUST00416,Apple Watch Ultra,Wearables,5,799,0.19,3235.95,2022-03-16,2022-03-26,Returned,Manchester,UK
ORD101180,CUST00503,iPhone 15 Pro,Phones,1,999,0.05,949.05,2024-09-17,2024-09-21,Delivered,Singapore,Singapore
ORD101181,CUST00399,Samsung Galaxy S24,Phones,2,799,0.13,1390.26,2022-02-27,2022-03-07,Processing,Melbourne,Australia
ORD101182,CUST00487,Garmin Fenix 7,Wearables,5,699,0.16,2935.8,2025-01-20,2025-01-27,Processing,Ahmedabad,India
ORD101183,CUST00716,iPhone 15 Pro,Phones,5,999,0.27,3646.35,2023-09-25,2023-09-29,Delivered,Singapore,Singapore
ORD101184,CUST00193,Dell XPS 13,Laptops,4,999,0.1,3596.4,2022-03-05,2022-03-14,Returned,Toronto,Canada
ORD101185,CUST_GHOST_4,Logitech MX Keys,Accessories,2,89,0.07,165.54,2022-04-04,2022-04-07,Delivered,Abu Dhabi,UAE
ORD101186,CUST00794,Dell XPS 13,Laptops,3,999,0.25,2247.75,2023-12-16,2023-12-24,Cancelled,Jaipur,India
ORD101187,CUST00819,AirPods Pro 2,Audio,5,249,0.19,1008.45,2023-08-05,2023-08-13,Delivered,Melbourne,Australia
ORD101188,CUST00575,MacBook Air M3,Laptops,1,1099,0.04,-1055.04,2024-08-08,2024-08-15,Processing,Surat,India
ORD101189,CUST00305,Apple Watch Ultra,Wearables,4,799,0.15,2716.6,2030-01-01,2025-03-26,Returned,London,UK
ORD101190,CUST00207,AirPods Pro 2,Audio,1,249,0.13,216.63,2024-02-29,2024-02-24,Cancelled,Melbourne,Australia
ORD101191,CUST00034,MacBook Air M3,Laptops,3,1099,0.26,2439.78,2022-02-17,2022-02-24,Shipped,Los Angeles,USA
ORD101192,CUST00039,Logitech MX Keys,Accessories,2,89,0.14,153.08,2025-04-20,2025-05-02,Cancelled,Jaipur,India
ORD101193,CUST00476,Garmin Fenix 7,Wearables,4,699,0.18,2292.72,2024-06-22,2024-06-24,Delivered,Toronto,Canada
ORD101194,CUST00713,Garmin Fenix 7,Wearables,3,699,0.04,2013.12,2024-02-18,2024-02-22,Processing,Kolkata,India
ORD101195,CUST00737,MacBook Air M3,Laptops,3,1099,0.18,2703.54,2022-01-17,2022-01-20,Processing,Los Angeles,USA
ORD101196,CUST00474,,Laptops,2,1199,0.16,2014.32,2024-04-26,2024-05-07,Shipped,Houston,USA
ORD101197,CUST00874,AirPods Pro 2,Audio,0,249,0.3,348.6,2023-10-06,2023-10-16,Processing,Birmingham,UK
ORD101198,CUST00782,DJI Mini 4 Pro,Drones,5,759,0.25,2846.25,2023-11-18,2023-11-28,Cancelled,Los Angeles,USA
ORD101199,CUST00254,AirPods Pro 2,Audio,4,249,0.2,-796.8,2023-09-04,2023-09-10,Processing,Surat,India
ORD101200,CUST_GHOST_2,Pixel 8 Pro,Phones,3,699,1.8,1656.63,2023-09-18,2023-09-28,Delivered,Chicago,USA
ORD101201,CUST00772,Garmin Fenix 7,Wearables,5,699,0.18,2865.9,2025-05-29,2025-06-02,Processing,Jaipur,India
ORD101202,CUST00589,Garmin Fenix 7,Wearables,4,699,0.09,2544.36,2023-07-07,2023-07-14,Processing,Mumbai,India
ORD101203,CUST00230,Fitbit Charge 6,Wearables,5,149,0.05,707.75,2022-04-08,2022-04-18,Processing,Birmingham,UK
ORD101204,CUST00489,LG 4K Monitor,Monitors,2,449,0.18,736.36,2023-03-24,2023-04-03,Returned,Toronto,Canada
ORD101205,CUST00277,Fitbit Charge 6,Wearables,5,149,0.26,551.3,2022-07-24,2022-07-28,Shipped,Chennai,India
ORD101206,CUST00063,Laptop Pro 15,Laptops,5,1299,0.13,5650.65,2022-12-21,2022-12-23,Cancelled,Osaka,Japan
ORD101207,CUST00873,MacBook Air M3,Laptops,4,1099,0.1,3956.4,2024-11-28,2024-12-04,Shipped,Surat,India
ORD101208,CUST00820,LG 4K Monitor,Monitors,3,449,0.1,1212.3,2025-04-14,2025-04-17,Shipped,Delhi,India
ORD101209,CUST00285,Pixel 8 Pro,Phones,1,699,0.01,692.01,2025-03-06,2025-03-13,Processing,Chicago,USA
ORD101210,CUST00229,Dell XPS 13,Laptops,2,999,0.22,-1558.44,2025-03-06,2025-03-07,Delivered,Hyderabad,India
ORD101211,CUST00118,Mechanical Keyboard,Accessories,1,149,0.04,143.04,2023-02-22,2023-03-06,Cancelled,New York,USA
ORD101212,CUST00610,Dell UltraSharp 27,Monitors,3,399,0.16,1005.48,2024-03-13,2024-03-17,Processing,Abu Dhabi,UAE
ORD101213,CUST00569,Logitech MX Keys,Accessories,4,89,0.29,252.76,2024-05-31,2024-06-13,Delivered,Abu Dhabi,UAE
ORD101214,CUST00268,DJI Mini 4 Pro,Drones,2,759,0.28,1092.96,2024-01-09,2024-01-18,Processing,Kolkata,India
ORD101215,CUST_GHOST_7,Sony WH-1000XM5,Audio,3,349,0.12,921.36,2022-06-23,2022-06-25,Shipped,Dubai,UAE
ORD101216,CUST00210,Apple Watch Ultra,Wearables,0,799,0.01,2373.03,2023-08-31,2023-09-03,Shipped,Houston,USA
ORD101217,CUST00255,Samsung Galaxy S24,Phones,2,799,0.01,1582.02,2023-02-04,2023-02-09,Cancelled,Surat,India
ORD101218,CUST00672,Samsung Galaxy S24,Phones,3,799,0.12,2109.36,2030-01-01,2022-08-10,Processing,Ahmedabad,India
ORD101219,CUST00760,,Cameras,5,2499,0.12,10995.6,2024-03-22,2024-04-04,Returned,Mumbai,India
ORD101220,CUST00667,MacBook Air M3,Laptops,5,1099,0.24,4176.2,2023-10-05,2023-10-17,Shipped,Abu Dhabi,UAE
ORD101221,CUST00052,Sony WH-1000XM5,Audio,4,349,0.23,-1074.92,2022-11-10,2022-11-23,Delivered,Toronto,Canada
ORD101222,CUST00066,Canon EOS R6,Cameras,4,2499,0.27,7297.08,2024-08-11,2024-08-16,Shipped,Delhi,India
ORD101223,CUST00060,AirPods Pro 2,Audio,2,249,0.25,373.5,2022-11-14,2022-11-18,Returned,Los Angeles,USA
ORD101224,CUST00573,MacBook Air M3,Laptops,2,1099,0.05,2088.1,2025-06-02,2025-06-07,Cancelled,Chicago,USA
ORD101225,CUST00345,Logitech MX Keys,Accessories,2,89,0.13,154.86,2022-11-23,2022-11-18,Shipped,Hyderabad,India
ORD101226,CUST00240,Fitbit Charge 6,Wearables,2,149,0.19,241.38,2022-01-20,2022-01-23,Delivered,Hyderabad,India
ORD101227,CUST00111,Logitech MX Keys,Accessories,4,89,0.17,295.48,2023-03-18,2023-03-22,Delivered,Ahmedabad,India
ORD101228,CUST00419,Laptop Pro 15,Laptops,2,1299,0.06,2442.12,2024-08-17,2024-08-25,Delivered,Tokyo,Japan
ORD101229,CUST00374,ThinkPad X1,Laptops,4,1199,0.23,3692.92,2022-01-22,2022-01-30,Cancelled,Hyderabad,India
ORD101230,CUST_GHOST_10,Canon EOS R6,Cameras,5,2499,0.18,10245.9,2023-05-26,2023-06-07,Delivered,Pune,India
ORD101231,CUST00081,Sony WH-1000XM5,Audio,3,349,0.06,984.18,2022-12-21,2022-12-25,Returned,Dubai,UAE
ORD101232,CUST00030,Sony WH-1000XM5,Audio,4,349,0.05,-1326.2,2023-03-20,2023-03-25,Shipped,Delhi,India
ORD101233,CUST00070,iPad Pro 12.9,Tablets,5,1099,0.09,5000.45,2025-04-05,2025-04-18,Delivered,Bengaluru,India
ORD101234,CUST00678,Sony A7 IV Camera,Cameras,2,2499,0.29,3548.58,2022-09-29,2022-10-04,Delivered,Los Angeles,USA
ORD101235,CUST00740,MacBook Air M3,Laptops,0,1099,0.24,3340.96,2024-04-27,2024-05-11,Processing,Sydney,Australia
ORD101236,CUST00105,Apple Watch Ultra,Wearables,4,799,0.22,2492.88,2024-09-02,2024-09-13,Cancelled,New York,USA
ORD101237,CUST00806,Sony WH-1000XM5,Audio,4,349,0.03,1354.12,2025-05-15,2025-05-29,Shipped,Jaipur,India
ORD101238,CUST00555,MacBook Air M3,Laptops,4,1099,0.11,3912.44,2023-04-11,2023-04-20,Cancelled,Hyderabad,India
ORD101239,CUST00894,Canon EOS R6,Cameras,2,2499,0.1,4498.2,2022-05-12,2022-05-15,Shipped,New York,USA
ORD101240,CUST00599,DJI Mini 4 Pro,Drones,1,759,1.8,576.84,2023-12-04,2023-12-11,Cancelled,Osaka,Japan
ORD101241,CUST00520,Apple Watch Ultra,Wearables,3,799,0.21,1893.63,2022-10-29,2022-11-02,Cancelled,Ahmedabad,India
ORD101242,CUST00079,,Phones,4,999,0.17,3316.68,2023-01-17,2023-01-19,Shipped,Bengaluru,India
ORD101243,CUST00469,Dell XPS 13,Laptops,1,999,0.04,-959.04,2024-11-17,2024-11-18,Shipped,Melbourne,Australia
ORD101244,CUST00761,Mechanical Keyboard,Accessories,5,149,0.12,655.6,2025-06-11,2025-06-12,Delivered,London,UK
ORD101245,CUST_GHOST_1,MacBook Air M3,Laptops,4,1099,0.09,4000.36,2023-04-07,2023-04-17,Shipped,Los Angeles,USA
ORD101246,CUST00633,ThinkPad X1,Laptops,5,1199,0.29,4256.45,2023-05-31,2023-06-12,Processing,Pune,India
ORD101247,CUST00783,DJI Mini 4 Pro,Drones,3,759,0.22,1776.06,2030-01-01,2022-08-21,Delivered,Pune,India
ORD101248,CUST00398,Samsung Galaxy S24,Phones,2,799,0.27,1166.54,2023-06-06,2023-06-10,Shipped,Dubai,UAE
ORD101249,CUST00370,Sony A7 IV Camera,Cameras,2,2499,0.05,4748.1,2023-08-16,2023-08-19,Shipped,Chennai,India
ORD101250,CUST00329,Dell UltraSharp 27,Monitors,2,399,0.11,710.22,2023-06-18,2023-06-28,Cancelled,Kolkata,India
ORD101251,CUST00837,iPhone 15 Pro,Phones,1,999,0.21,789.21,2023-02-05,2023-02-09,Processing,Surat,India
ORD101252,CUST00854,AirPods Pro 2,Audio,4,249,0.26,737.04,2022-02-07,2022-02-12,Returned,Birmingham,UK
ORD101253,CUST00339,Canon EOS R6,Cameras,5,2499,0.18,10245.9,2022-01-25,2022-01-30,Cancelled,Mumbai,India
ORD101254,CUST00629,Samsung Galaxy S24,Phones,0,799,0.26,-591.26,2024-02-13,2024-02-26,Returned,Sydney,Australia
ORD101255,CUST00896,Mechanical Keyboard,Accessories,1,149,0.18,122.18,2023-10-04,2023-10-08,Cancelled,Manchester,UK
ORD101256,CUST00187,Sony WH-1000XM5,Audio,5,349,0.21,1378.55,2024-03-24,2024-03-31,Shipped,Pune,India
ORD101257,CUST00275,DJI Mini 4 Pro,Drones,3,759,0.12,2003.76,2023-01-14,2023-01-22,Cancelled,Manchester,UK
ORD101258,CUST00368,Logitech MX Keys,Accessories,2,89,0.05,169.1,2025-03-07,2025-03-10,Delivered,Houston,USA
ORD101259,CUST00086,Dell XPS 13,Laptops,4,999,0.1,3596.4,2022-10-18,2022-10-31,Returned,Hyderabad,India
ORD101260,CUST_GHOST_5,Laptop Pro 15,Laptops,3,1299,0.17,3234.51,2022-11-06,2022-11-01,Processing,Chennai,India
ORD101261,CUST00788,Dell XPS 13,Laptops,3,999,0.28,2157.84,2024-04-20,2024-04-24,Delivered,Hyderabad,India
ORD101262,CUST00681,Garmin Fenix 7,Wearables,3,699,0.09,1908.27,2025-04-06,2025-04-13,Shipped,Houston,USA
ORD101263,CUST00832,Pixel 8 Pro,Phones,4,699,0.2,2236.8,2022-11-12,2022-11-23,Cancelled,Pune,India
ORD101264,CUST00185,DJI Mini 4 Pro,Drones,3,759,0.2,1821.6,2022-03-29,2022-04-05,Cancelled,Bengaluru,India
ORD101265,CUST00028,,Accessories,3,89,0.19,-216.27,2025-02-02,2025-02-08,Delivered,Kolkata,India
ORD101266,CUST00552,iPhone 15 Pro,Phones,1,999,0.07,929.07,2022-03-24,2022-03-25,Processing,Abu Dhabi,UAE
ORD101267,CUST00161,Apple Watch Ultra,Wearables,2,799,0.21,1262.42,2022-05-12,2022-05-26,Delivered,Pune,India
ORD101268,CUST00178,iPad Pro 12.9,Tablets,1,1099,0.28,791.28,2022-06-06,2022-06-12,Processing,Birmingham,UK
ORD101269,CUST00891,ThinkPad X1,Laptops,3,1199,0.16,3021.48,2024-06-10,2024-06-19,Cancelled,Dubai,UAE
ORD101270,CUST00009,Canon EOS R6,Cameras,4,2499,0.09,9096.36,2022-08-01,2022-08-14,Returned,Chennai,India
ORD101271,CUST00551,Fitbit Charge 6,Wearables,3,149,0.08,411.24,2022-04-30,2022-05-07,Processing,Surat,India
ORD101272,CUST00398,iPad Pro 12.9,Tablets,1,1099,0.01,1088.01,2022-12-30,2023-01-09,Returned,Manchester,UK
ORD101273,CUST00852,Sony A7 IV Camera,Cameras,0,2499,0.14,10745.7,2023-10-05,2023-10-14,Processing,Osaka,Japan
ORD101274,CUST00892,Dell UltraSharp 27,Monitors,4,399,0.08,1468.32,2024-03-28,2024-04-09,Processing,Osaka,Japan
ORD101275,CUST_GHOST_4,ThinkPad X1,Laptops,5,1199,0.13,5215.65,2023-03-22,2023-03-27,Shipped,Chennai,India
ORD101276,CUST00447,DJI Mini 4 Pro,Drones,2,759,0.21,-1199.22,2030-01-01,2022-10-27,Delivered,Kolkata,India
ORD101277,CUST00066,Samsung Galaxy S24,Phones,1,799,0.09,727.09,2022-04-04,2022-04-09,Shipped,Singapore,Singapore
ORD101278,CUST00116,Sony WH-1000XM5,Audio,5,349,0.07,1622.85,2023-07-31,2023-08-12,Cancelled,Birmingham,UK
ORD101279,CUST00884,Garmin Fenix 7,Wearables,1,699,0.03,678.03,2025-06-13,2025-06-21,Shipped,Osaka,Japan
ORD101280,CUST00628,LG 4K Monitor,Monitors,5,449,1.8,1840.9,2023-07-23,2023-08-02,Returned,Chennai,India
ORD101281,CUST00114,Samsung Galaxy S24,Phones,5,799,0.21,3156.05,2025-01-30,2025-01-31,Delivered,Ahmedabad,India
ORD101282,CUST00756,LG 4K Monitor,Monitors,4,449,0.12,1580.48,2022-12-11,2022-12-23,Delivered,Delhi,India
ORD101283,CUST00766,Laptop Pro 15,Laptops,3,1299,0.28,2805.84,2022-11-27,2022-12-06,Processing,Kolkata,India
ORD101284,CUST00099,Apple Watch Ultra,Wearables,4,799,0.06,3004.24,2022-01-08,2022-01-14,Delivered,New York,USA
ORD101285,CUST00543,Samsung Galaxy S24,Phones,3,799,0.07,2229.21,2023-04-27,2023-05-06,Delivered,Los Angeles,USA
ORD101286,CUST00863,Apple Watch Ultra,Wearables,2,799,0.28,1150.56,2025-06-15,2025-06-18,Returned,Osaka,Japan
ORD101287,CUST00408,DJI Mini 4 Pro,Drones,1,759,0.02,-743.82,2024-12-29,2025-01-10,Cancelled,Pune,India
ORD101288,CUST00879,,Cameras,4,2499,0.28,7197.12,2023-04-11,2023-04-14,Returned,Kolkata,India
ORD101289,CUST00690,Fitbit Charge 6,Wearables,5,149,0.27,543.85,2023-02-22,2023-02-26,Cancelled,Houston,USA
ORD101290,CUST_GHOST_3,Dell XPS 13,Laptops,5,999,0.1,4495.5,2025-01-15,2025-01-28,Cancelled,Pune,India
ORD101291,CUST00445,Dell UltraSharp 27,Monitors,4,399,0.03,1548.12,2025-02-04,2025-02-09,Delivered,Mumbai,India
ORD101292,CUST00518,Dell XPS 13,Laptops,0,999,0.05,1898.1,2022-11-18,2022-11-22,Shipped,Melbourne,Australia
ORD101293,CUST00554,DJI Mini 4 Pro,Drones,2,759,0.03,1472.46,2024-11-06,2024-11-18,Shipped,Los Angeles,USA
ORD101294,CUST00746,Samsung Galaxy S24,Phones,4,799,0.22,2492.88,2022-05-10,2022-05-19,Cancelled,New York,USA
ORD101295,CUST00494,Laptop Pro 15,Laptops,4,1299,0.29,3689.16,2024-10-06,2024-10-01,Delivered,Toronto,Canada
ORD101296,CUST00741,MacBook Air M3,Laptops,4,1099,0.23,3384.92,2024-01-29,2024-02-12,Returned,Pune,India
ORD101297,CUST00877,Laptop Pro 15,Laptops,5,1299,0.16,5455.8,2023-06-30,2023-07-04,Delivered,Singapore,Singapore
ORD101298,CUST00420,iPad Pro 12.9,Tablets,4,1099,0.18,-3604.72,2022-08-28,2022-09-05,Returned,Melbourne,Australia
ORD101299,CUST00430,ThinkPad X1,Laptops,3,1199,0.29,2553.87,2025-04-01,2025-04-15,Returned,Toronto,Canada
ORD101300,CUST00359,Pixel 8 Pro,Phones,5,699,0.21,2761.05,2024-10-15,2024-10-18,Delivered,Melbourne,Australia
ORD101301,CUST00713,iPad Pro 12.9,Tablets,4,1099,0.11,3912.44,2024-03-28,2024-04-06,Cancelled,Osaka,Japan
ORD101302,CUST00589,Samsung Galaxy S24,Phones,5,799,0.26,2956.3,2022-07-12,2022-07-15,Processing,London,UK
ORD101303,CUST00608,iPhone 15 Pro,Phones,3,999,0.19,2427.57,2025-03-04,2025-03-07,Processing,New York,USA
ORD101304,CUST00446,Pixel 8 Pro,Phones,5,699,0.08,3215.4,2022-01-19,2022-02-01,Cancelled,Tokyo,Japan
ORD101305,CUST_GHOST_19,AirPods Pro 2,Audio,2,249,0.17,413.34,2030-01-01,2022-02-24,Processing,Toronto,Canada
ORD101306,CUST00422,Canon EOS R6,Cameras,2,2499,0.23,3848.46,2024-05-16,2024-05-26,Processing,Bengaluru,India
ORD101307,CUST00497,Sony A7 IV Camera,Cameras,5,2499,0.19,10120.95,2022-02-14,2022-02-23,Delivered,Dubai,UAE
ORD101308,CUST00697,DJI Mini 4 Pro,Drones,4,759,0.09,2762.76,2024-10-16,2024-10-21,Returned,Los Angeles,USA
ORD101309,CUST00283,DJI Mini 4 Pro,Drones,5,759,0.09,-3453.45,2022-06-04,2022-06-13,Shipped,Singapore,Singapore
ORD101310,CUST00474,Fitbit Charge 6,Wearables,3,149,0.03,433.59,2023-05-12,2023-05-17,Cancelled,Birmingham,UK
ORD101311,CUST00596,,Accessories,0,89,0.12,156.64,2025-01-03,2025-01-16,Returned,Chennai,India
ORD101312,CUST00547,Dell UltraSharp 27,Monitors,3,399,0.23,921.69,2022-02-27,2022-03-04,Processing,New York,USA
ORD101313,CUST00656,Laptop Pro 15,Laptops,5,1299,0.05,6170.25,2024-11-20,2024-12-03,Cancelled,Mumbai,India
ORD101314,CUST00033,Logitech MX Keys,Accessories,2,89,0.04,170.88,2022-12-02,2022-12-09,Shipped,London,UK
ORD101315,CUST00567,MacBook Air M3,Laptops,4,1099,0.12,3868.48,2025-05-17,2025-05-18,Delivered,Dubai,UAE
ORD101316,CUST00259,Samsung Galaxy S24,Phones,3,799,0.16,2013.48,2024-01-05,2024-01-14,Delivered,Osaka,Japan
ORD101317,CUST00553,Pixel 8 Pro,Phones,1,699,0.17,580.17,2025-03-19,2025-03-28,Shipped,Sydney,Australia
ORD101318,CUST00683,MacBook Air M3,Laptops,3,1099,0.14,2835.42,2025-01-12,2025-01-21,Shipped,Singapore,Singapore
ORD101319,CUST00876,DJI Mini 4 Pro,Drones,4,759,0.08,2793.12,2022-08-06,2022-08-15,Processing,Houston,USA
ORD101320,CUST_GHOST_14,Pixel 8 Pro,Phones,1,699,1.8,-671.04,2024-01-29,2024-01-30,Delivered,Mumbai,India
ORD101321,CUST00738,iPhone 15 Pro,Phones,1,999,0.2,799.2,2024-03-10,2024-03-23,Cancelled,Chennai,India
ORD101322,CUST00209,Garmin Fenix 7,Wearables,5,699,0.11,3110.55,2022-02-05,2022-02-11,Cancelled,Surat,India
ORD101323,CUST00579,ThinkPad X1,Laptops,5,1199,0.08,5515.4,2023-01-28,2023-02-11,Cancelled,Dubai,UAE
ORD101324,CUST00054,AirPods Pro 2,Audio,4,249,0.13,866.52,2024-10-26,2024-11-08,Cancelled,Tokyo,Japan
ORD101325,CUST00166,Laptop Pro 15,Laptops,1,1299,0.16,1091.16,2024-04-28,2024-05-09,Delivered,Mumbai,India
ORD101326,CUST00705,ThinkPad X1,Laptops,2,1199,0.13,2086.26,2022-09-09,2022-09-10,Shipped,Jaipur,India
ORD101327,CUST00259,AirPods Pro 2,Audio,3,249,0.28,537.84,2022-09-27,2022-10-07,Returned,Delhi,India
ORD101328,CUST00352,Dell UltraSharp 27,Monitors,4,399,0.08,1468.32,2024-05-14,2024-05-23,Cancelled,Los Angeles,USA
ORD101329,CUST00387,Samsung Galaxy S24,Phones,3,799,0.28,1725.84,2022-10-18,2022-10-31,Shipped,Chennai,India
ORD101330,CUST00447,Logitech MX Keys,Accessories,0,89,0.18,218.94,2024-09-05,2024-08-31,Processing,Houston,USA
ORD101331,CUST00186,Samsung Galaxy S24,Phones,2,799,0.28,-1150.56,2022-09-13,2022-09-23,Delivered,New York,USA
ORD101332,CUST00664,Pixel 8 Pro,Phones,2,699,0.28,1006.56,2023-08-27,2023-09-04,Delivered,Jaipur,India
ORD101333,CUST00399,Canon EOS R6,Cameras,3,2499,0.14,6447.42,2023-09-14,2023-09-23,Processing,Sydney,Australia
ORD101334,CUST00616,,Accessories,3,89,0.18,218.94,2030-01-01,2024-06-20,Shipped,Chennai,India
ORD101335,CUST_GHOST_0,Pixel 8 Pro,Phones,5,699,0.07,3250.35,2024-09-28,2024-10-12,Delivered,Hyderabad,India
ORD101336,CUST00224,AirPods Pro 2,Audio,3,249,0.22,582.66,2022-07-28,2022-07-31,Returned,Delhi,India
ORD101337,CUST00675,Laptop Pro 15,Laptops,2,1299,0.12,2286.24,2023-01-14,2023-01-16,Delivered,Melbourne,Australia
ORD101338,CUST00656,Canon EOS R6,Cameras,2,2499,0.28,3598.56,2022-10-21,2022-11-01,Cancelled,Manchester,UK
ORD101339,CUST00549,Samsung Galaxy S24,Phones,4,799,0.23,2460.92,2025-01-22,2025-02-03,Shipped,Singapore,Singapore
ORD101340,CUST00692,Mechanical Keyboard,Accessories,5,149,0.1,670.5,2023-10-20,2023-10-29,Processing,Pune,India
ORD101341,CUST00175,Samsung Galaxy S24,Phones,5,799,0.2,3196.0,2023-12-11,2023-12-14,Processing,Chennai,India
ORD101342,CUST00336,Dell UltraSharp 27,Monitors,1,399,0.29,-283.29,2024-09-28,2024-10-04,Returned,Bengaluru,India
ORD101343,CUST00054,Sony A7 IV Camera,Cameras,1,2499,0.02,2449.02,2024-12-19,2025-01-02,Delivered,Los Angeles,USA
ORD101344,CUST00459,AirPods Pro 2,Audio,5,249,0.03,1207.65,2024-07-19,2024-07-24,Processing,Manchester,UK
ORD101345,CUST00366,Pixel 8 Pro,Phones,3,699,0.19,1698.57,2022-10-17,2022-10-22,Cancelled,Birmingham,UK
ORD101346,CUST00865,AirPods Pro 2,Audio,1,249,0.25,186.75,2024-08-02,2024-08-04,Processing,Abu Dhabi,UAE
ORD101347,CUST00267,AirPods Pro 2,Audio,5,249,0.14,1070.7,2023-08-16,2023-08-30,Returned,Kolkata,India
ORD101348,CUST00523,MacBook Air M3,Laptops,3,1099,0.07,3066.21,2024-12-30,2024-12-31,Shipped,Kolkata,India
ORD101349,CUST00086,ThinkPad X1,Laptops,0,1199,0.07,5575.35,2022-05-21,2022-06-02,Shipped,Ahmedabad,India
ORD101350,CUST_GHOST_13,Fitbit Charge 6,Wearables,5,149,0.29,528.95,2022-03-18,2022-03-27,Cancelled,Birmingham,UK
ORD101351,CUST00571,Apple Watch Ultra,Wearables,2,799,0.24,1214.48,2022-05-20,2022-05-26,Shipped,Manchester,UK
ORD101352,CUST00293,Apple Watch Ultra,Wearables,4,799,0.06,3004.24,2025-02-10,2025-02-17,Shipped,New York,USA
ORD101353,CUST00456,Dell XPS 13,Laptops,3,999,0.05,-2847.15,2023-09-19,2023-09-26,Processing,Sydney,Australia
ORD101354,CUST00495,iPhone 15 Pro,Phones,3,999,0.22,2337.66,2024-11-14,2024-11-15,Delivered,Birmingham,UK
ORD101355,CUST00703,Garmin Fenix 7,Wearables,1,699,0.11,622.11,2024-09-06,2024-09-10,Processing,Jaipur,India
ORD101356,CUST00491,Dell UltraSharp 27,Monitors,4,399,0.03,1548.12,2024-06-25,2024-07-07,Cancelled,Pune,India
ORD101357,CUST00067,,Wearables,4,699,0.18,2292.72,2023-09-28,2023-10-02,Shipped,Chicago,USA
ORD101358,CUST00264,iPad Pro 12.9,Tablets,5,1099,0.18,4505.9,2024-02-10,2024-02-21,Cancelled,Jaipur,India
ORD101359,CUST00589,Logitech MX Keys,Accessories,1,89,0.18,72.98,2025-04-14,2025-04-27,Delivered,Melbourne,Australia
ORD101360,CUST00610,MacBook Air M3,Laptops,1,1099,1.8,1088.01,2025-02-08,2025-02-14,Cancelled,Ahmedabad,India
ORD101361,CUST00240,Garmin Fenix 7,Wearables,1,699,0.16,587.16,2023-11-29,2023-12-02,Delivered,Melbourne,Australia
ORD101362,CUST00680,Dell XPS 13,Laptops,5,999,0.18,4095.9,2024-12-05,2024-12-10,Processing,Pune,India
ORD101363,CUST00527,AirPods Pro 2,Audio,4,249,0.08,916.32,2030-01-01,2024-11-29,Returned,Osaka,Japan
ORD101364,CUST00449,DJI Mini 4 Pro,Drones,4,759,0.17,-2519.88,2022-12-16,2022-12-25,Processing,Osaka,Japan
ORD101365,CUST_GHOST_18,Canon EOS R6,Cameras,3,2499,0.19,6072.57,2023-12-15,2023-12-10,Returned,Hyderabad,India
ORD101366,CUST00053,Fitbit Charge 6,Wearables,1,149,0.25,111.75,2023-01-02,2023-01-05,Delivered,London,UK
ORD101367,CUST00624,Garmin Fenix 7,Wearables,4,699,0.22,2180.88,2022-06-01,2022-06-15,Shipped,Surat,India
ORD101368,CUST00624,Fitbit Charge 6,Wearables,0,149,0.06,700.3,2024-07-14,2024-07-16,Cancelled,Mumbai,India
ORD101369,CUST00269,Logitech MX Keys,Accessories,5,89,0.16,373.8,2023-11-05,2023-11-18,Delivered,Jaipur,India
ORD101370,CUST00895,iPhone 15 Pro,Phones,4,999,0.15,3396.6,2022-11-24,2022-12-03,Cancelled,Birmingham,UK
ORD101371,CUST00223,ThinkPad X1,Laptops,1,1199,0.05,1139.05,2022-03-02,2022-03-06,Returned,Birmingham,UK
ORD101372,CUST00117,Logitech MX Keys,Accessories,4,89,0.25,267.0,2022-06-17,2022-06-27,Shipped,Singapore,Singapore
ORD101373,CUST00345,Canon EOS R6,Cameras,5,2499,0.02,12245.1,2025-03-26,2025-03-27,Delivered,Tokyo,Japan
ORD101374,CUST00171,DJI Mini 4 Pro,Drones,5,759,0.19,3073.95,2022-08-04,2022-08-12,Cancelled,Abu Dhabi,UAE
ORD101375,CUST00574,MacBook Air M3,Laptops,3,1099,0.09,-3000.27,2024-05-20,2024-05-27,Returned,Kolkata,India
ORD101376,CUST00849,Pixel 8 Pro,Phones,3,699,0.03,2034.09,2023-10-04,2023-10-16,Returned,Dubai,UAE
ORD101377,CUST00013,Laptop Pro 15,Laptops,4,1299,0.29,3689.16,2023-10-15,2023-10-19,Shipped,Sydney,Australia
ORD101378,CUST00125,Dell UltraSharp 27,Monitors,1,399,0.22,311.22,2022-09-07,2022-09-17,Shipped,Abu Dhabi,UAE
ORD101379,CUST00879,Dell XPS 13,Laptops,1,999,0.07,929.07,2024-12-26,2024-12-29,Returned,Manchester,UK
ORD101380,CUST_GHOST_10,,Audio,2,249,0.19,403.38,2023-12-17,2023-12-19,Shipped,Tokyo,Japan
ORD101381,CUST00707,LG 4K Monitor,Monitors,1,449,0.17,372.67,2024-12-23,2024-12-29,Returned,Chennai,India
ORD101382,CUST00336,Fitbit Charge 6,Wearables,1,149,0.01,147.51,2022-05-05,2022-05-08,Processing,Kolkata,India
ORD101383,CUST00352,Sony A7 IV Camera,Cameras,2,2499,0.12,4398.24,2024-12-23,2024-12-31,Shipped,Chicago,USA
ORD101384,CUST00081,Dell UltraSharp 27,Monitors,2,399,0.27,582.54,2023-03-21,2023-04-02,Processing,Birmingham,UK
ORD101385,CUST00215,DJI Mini 4 Pro,Drones,4,759,0.17,2519.88,2023-12-25,2023-12-29,Returned,Delhi,India
ORD101386,CUST00895,Laptop Pro 15,Laptops,3,1299,0.16,-3273.48,2024-05-31,2024-06-02,Processing,Toronto,Canada
ORD101387,CUST00089,AirPods Pro 2,Audio,0,249,0.2,796.8,2023-11-16,2023-11-30,Cancelled,Chicago,USA
ORD101388,CUST00191,Pixel 8 Pro,Phones,5,699,0.15,2970.75,2024-01-02,2024-01-08,Delivered,Chennai,India
ORD101389,CUST00696,Dell UltraSharp 27,Monitors,3,399,0.07,1113.21,2025-06-10,2025-06-11,Shipped,Birmingham,UK
ORD101390,CUST00468,Pixel 8 Pro,Phones,4,699,0.15,2376.6,2022-02-27,2022-03-13,Shipped,Dubai,UAE
ORD101391,CUST00666,DJI Mini 4 Pro,Drones,4,759,0.3,2125.2,2024-02-14,2024-02-21,Delivered,New York,USA
ORD101392,CUST00085,Pixel 8 Pro,Phones,3,699,0.05,1992.15,2030-01-01,2024-02-26,Processing,Jaipur,India
ORD101393,CUST00108,Dell XPS 13,Laptops,4,999,0.02,3916.08,2025-06-30,2025-07-12,Cancelled,New York,USA
ORD101394,CUST00838,iPhone 15 Pro,Phones,3,999,0.16,2517.48,2023-09-06,2023-09-13,Processing,Delhi,India
ORD101395,CUST_GHOST_17,Mechanical Keyboard,Accessories,1,149,0.01,147.51,2025-01-24,2025-01-25,Shipped,Manchester,UK
ORD101396,CUST00499,iPhone 15 Pro,Phones,1,999,0.08,919.08,2024-05-09,2024-05-13,Cancelled,Hyderabad,India
ORD101397,CUST00266,Fitbit Charge 6,Wearables,1,149,0.08,-137.08,2023-07-09,2023-07-17,Delivered,Birmingham,UK
ORD101398,CUST00814,Garmin Fenix 7,Wearables,2,699,0.18,1146.36,2023-03-09,2023-03-10,Returned,Houston,USA
ORD101399,CUST00412,Garmin Fenix 7,Wearables,1,699,0.13,608.13,2023-06-17,2023-06-29,Returned,Toronto,Canada
ORD101400,CUST00518,Laptop Pro 15,Laptops,5,1299,1.8,6170.25,2025-01-03,2024-12-29,Processing,Singapore,Singapore
ORD101401,CUST00893,Fitbit Charge 6,Wearables,4,149,0.23,458.92,2023-10-18,2023-10-31,Processing,Chennai,India
ORD101402,CUST00465,Pixel 8 Pro,Phones,3,699,0.16,1761.48,2022-10-06,2022-10-20,Cancelled,Chennai,India
ORD101403,CUST00022,,Cameras,3,2499,0.27,5472.81,2024-05-20,2024-06-02,Returned,Dubai,UAE
ORD101404,CUST00860,ThinkPad X1,Laptops,1,1199,0.23,923.23,2023-07-09,2023-07-22,Delivered,Kolkata,India
ORD101405,CUST00779,AirPods Pro 2,Audio,2,249,0.18,408.36,2024-12-06,2024-12-08,Returned,Manchester,UK
ORD101406,CUST00668,iPhone 15 Pro,Phones,0,999,0.14,4295.7,2024-01-06,2024-01-15,Shipped,Tokyo,Japan
ORD101407,CUST00780,Pixel 8 Pro,Phones,2,699,0.12,1230.24,2024-08-30,2024-09-07,Delivered,Jaipur,India
ORD101408,CUST00620,ThinkPad X1,Laptops,2,1199,0.22,-1870.44,2022-01-26,2022-02-05,Delivered,Los Angeles,USA
ORD101409,CUST00895,iPhone 15 Pro,Phones,5,999,0.25,3746.25,2024-05-08,2024-05-09,Shipped,Dubai,UAE
ORD101410,CUST_GHOST_8,iPad Pro 12.9,Tablets,4,1099,0.04,4220.16,2022-12-08,2022-12-09,Processing,Bengaluru,India
ORD101411,CUST00626,Samsung Galaxy S24,Phones,2,799,0.27,1166.54,2022-03-13,2022-03-25,Processing,London,UK
ORD101412,CUST00777,Sony A7 IV Camera,Cameras,2,2499,0.0,4998.0,2023-07-27,2023-07-29,Delivered,Delhi,India
ORD101413,CUST00279,Canon EOS R6,Cameras,5,2499,0.25,9371.25,2022-07-24,2022-08-03,Shipped,Pune,India
ORD101414,CUST00246,Sony WH-1000XM5,Audio,3,349,0.3,732.9,2025-02-02,2025-02-13,Delivered,Delhi,India
ORD101415,CUST00317,DJI Mini 4 Pro,Drones,4,759,0.21,2398.44,2022-07-22,2022-08-02,Shipped,Hyderabad,India
ORD101416,CUST00029,Sony WH-1000XM5,Audio,5,349,0.29,1238.95,2025-04-17,2025-04-29,Returned,Manchester,UK
ORD101417,CUST00887,iPad Pro 12.9,Tablets,4,1099,0.29,3121.16,2025-03-22,2025-03-29,Shipped,Pune,India
ORD101418,CUST00508,Samsung Galaxy S24,Phones,3,799,0.02,2349.06,2023-09-04,2023-09-17,Shipped,Pune,India
ORD101419,CUST00711,AirPods Pro 2,Audio,1,249,0.08,-229.08,2023-03-15,2023-03-18,Cancelled,Chennai,India
ORD101420,CUST00053,ThinkPad X1,Laptops,5,1199,0.25,4496.25,2022-03-14,2022-03-18,Processing,Chicago,USA
ORD101421,CUST00391,Fitbit Charge 6,Wearables,4,149,0.03,578.12,2030-01-01,2023-03-18,Cancelled,Mumbai,India
ORD101422,CUST00712,iPad Pro 12.9,Tablets,5,1099,0.12,4835.6,2022-12-14,2022-12-15,Shipped,Osaka,Japan
ORD101423,CUST00799,MacBook Air M3,Laptops,1,1099,0.18,901.18,2023-04-30,2023-05-07,Cancelled,Tokyo,Japan
ORD101424,CUST00202,iPad Pro 12.9,Tablets,1,1099,0.17,912.17,2024-04-18,2024-04-27,Returned,Mumbai,India
ORD101425,CUST_GHOST_19,Laptop Pro 15,Laptops,0,1299,0.14,3351.42,2023-10-04,2023-10-05,Delivered,Chennai,India
ORD101426,CUST00818,,Cameras,2,2499,0.04,4798.08,2025-02-27,2025-02-28,Delivered,London,UK
ORD101427,CUST00195,iPhone 15 Pro,Phones,5,999,0.14,4295.7,2022-03-12,2022-03-23,Cancelled,Pune,India
ORD101428,CUST00554,Samsung Galaxy S24,Phones,1,799,0.03,775.03,2024-02-19,2024-02-29,Delivered,Tokyo,Japan
ORD101429,CUST00671,Fitbit Charge 6,Wearables,4,149,0.27,435.08,2024-03-09,2024-03-17,Shipped,Pune,India
ORD101430,CUST00260,ThinkPad X1,Laptops,1,1199,0.24,-911.24,2023-10-10,2023-10-24,Processing,Tokyo,Japan
ORD101431,CUST00114,LG 4K Monitor,Monitors,1,449,0.3,314.3,2025-03-12,2025-03-15,Returned,Bengaluru,India
ORD101432,CUST00314,Canon EOS R6,Cameras,1,2499,0.14,2149.14,2023-05-17,2023-05-24,Delivered,Hyderabad,India
ORD101433,CUST00806,Pixel 8 Pro,Phones,3,699,0.09,1908.27,2022-09-27,2022-09-30,Processing,Hyderabad,India
ORD101434,CUST00351,Dell XPS 13,Laptops,4,999,0.0,3996.0,2023-01-06,2023-01-10,Returned,Jaipur,India
ORD101435,CUST00681,Dell XPS 13,Laptops,2,999,0.29,1418.58,2022-02-04,2022-01-30,Processing,Surat,India
ORD101436,CUST00385,Sony A7 IV Camera,Cameras,4,2499,0.26,7397.04,2025-06-17,2025-06-18,Shipped,Sydney,Australia
ORD101437,CUST00362,Samsung Galaxy S24,Phones,4,799,0.19,2588.76,2023-10-09,2023-10-11,Shipped,Hyderabad,India
ORD101438,CUST00477,Canon EOS R6,Cameras,4,2499,0.02,9796.08,2025-05-19,2025-06-02,Processing,Tokyo,Japan
ORD101439,CUST00694,Apple Watch Ultra,Wearables,1,799,0.29,567.29,2022-10-02,2022-10-07,Processing,Melbourne,Australia
ORD101440,CUST_GHOST_3,Mechanical Keyboard,Accessories,5,149,1.8,625.8,2024-02-22,2024-02-23,Shipped,Chennai,India
ORD101441,CUST00328,ThinkPad X1,Laptops,5,1199,0.2,-4796.0,2025-01-04,2025-01-14,Delivered,Pune,India
ORD101442,CUST00776,LG 4K Monitor,Monitors,5,449,0.26,1661.3,2023-08-08,2023-08-20,Returned,Dubai,UAE
ORD101443,CUST00439,LG 4K Monitor,Monitors,3,449,0.14,1158.42,2024-11-18,2024-11-29,Cancelled,Hyderabad,India
ORD101444,CUST00061,iPhone 15 Pro,Phones,0,999,0.11,3556.44,2022-01-20,2022-01-29,Returned,Jaipur,India
ORD101445,CUST00524,AirPods Pro 2,Audio,4,249,0.08,916.32,2023-04-18,2023-04-26,Returned,Bengaluru,India
ORD101446,CUST00503,Garmin Fenix 7,Wearables,1,699,0.17,580.17,2023-08-21,2023-08-31,Returned,Hyderabad,India
ORD101447,CUST00052,Dell XPS 13,Laptops,4,999,0.09,3636.36,2024-04-06,2024-04-16,Returned,Osaka,Japan
ORD101448,CUST00748,iPhone 15 Pro,Phones,4,999,0.18,3276.72,2022-09-19,2022-10-03,Shipped,New York,USA
ORD101449,CUST00523,,Phones,3,699,0.16,1761.48,2024-06-14,2024-06-19,Cancelled,Delhi,India
ORD101450,CUST00588,Fitbit Charge 6,Wearables,2,149,0.04,286.08,2030-01-01,2024-12-23,Processing,Jaipur,India
ORD101451,CUST00877,LG 4K Monitor,Monitors,2,449,0.04,862.08,2022-01-20,2022-01-23,Delivered,Pune,India
ORD101452,CUST00761,iPhone 15 Pro,Phones,4,999,0.21,-3156.84,2022-10-31,2022-11-14,Delivered,Los Angeles,USA
ORD101453,CUST00780,Logitech MX Keys,Accessories,1,89,0.26,65.86,2023-03-23,2023-03-24,Delivered,Mumbai,India
ORD101454,CUST00255,Laptop Pro 15,Laptops,5,1299,0.16,5455.8,2023-08-21,2023-09-02,Cancelled,London,UK
ORD101455,CUST_GHOST_0,Pixel 8 Pro,Phones,5,699,0.03,3390.15,2022-01-07,2022-01-16,Returned,Abu Dhabi,UAE
ORD101456,CUST00122,Garmin Fenix 7,Wearables,1,699,0.04,671.04,2024-04-11,2024-04-24,Delivered,Mumbai,India
ORD101457,CUST00772,Garmin Fenix 7,Wearables,1,699,0.12,615.12,2022-11-08,2022-11-22,Shipped,Hyderabad,India
ORD101458,CUST00760,Canon EOS R6,Cameras,2,2499,0.28,3598.56,2025-04-06,2025-04-17,Returned,Osaka,Japan
ORD101459,CUST00633,Garmin Fenix 7,Wearables,4,699,0.22,2180.88,2022-04-02,2022-04-09,Delivered,Dubai,UAE
ORD101460,CUST00863,Logitech MX Keys,Accessories,3,89,0.16,224.28,2022-06-18,2022-07-02,Returned,Houston,USA
ORD101461,CUST00042,Canon EOS R6,Cameras,3,2499,0.12,6597.36,2022-04-14,2022-04-15,Returned,Abu Dhabi,UAE
ORD101462,CUST00256,Fitbit Charge 6,Wearables,3,149,0.21,353.13,2024-06-08,2024-06-10,Delivered,Tokyo,Japan
ORD101463,CUST00099,Pixel 8 Pro,Phones,0,699,0.02,-2740.08,2024-12-07,2024-12-09,Processing,Bengaluru,India
ORD101464,CUST00711,DJI Mini 4 Pro,Drones,5,759,0.19,3073.95,2023-06-15,2023-06-21,Returned,Hyderabad,India
ORD101465,CUST00019,Garmin Fenix 7,Wearables,3,699,0.05,1992.15,2023-01-23,2023-02-03,Processing,Sydney,Australia
ORD101466,CUST00332,Laptop Pro 15,Laptops,1,1299,0.11,1156.11,2023-05-05,2023-05-10,Cancelled,Houston,USA
ORD101467,CUST00589,Laptop Pro 15,Laptops,4,1299,0.1,4676.4,2025-05-28,2025-06-07,Processing,Surat,India
ORD101468,CUST00443,Garmin Fenix 7,Wearables,3,699,0.26,1551.78,2024-06-23,2024-06-26,Delivered,Chennai,India
ORD101469,CUST00660,MacBook Air M3,Laptops,5,1099,0.04,5275.2,2022-02-02,2022-02-15,Shipped,Melbourne,Australia
ORD101470,CUST_GHOST_4,Apple Watch Ultra,Wearables,1,799,0.21,631.21,2022-10-10,2022-10-05,Shipped,Birmingham,UK
ORD101471,CUST00296,Sony A7 IV Camera,Cameras,5,2499,0.28,8996.4,2022-01-03,2022-01-06,Cancelled,Hyderabad,India
ORD101472,CUST00072,,Laptops,5,1099,0.1,4945.5,2024-10-14,2024-10-19,Processing,Hyderabad,India
ORD101473,CUST00368,Sony A7 IV Camera,Cameras,2,2499,0.24,3798.48,2023-01-30,2023-02-06,Processing,Pune,India
ORD101474,CUST00018,Pixel 8 Pro,Phones,3,699,0.3,-1467.9,2022-01-18,2022-01-23,Delivered,Pune,India
ORD101475,CUST00574,DJI Mini 4 Pro,Drones,1,759,0.3,531.3,2022-10-13,2022-10-22,Processing,Chennai,India
ORD101476,CUST00072,Apple Watch Ultra,Wearables,1,799,0.21,631.21,2022-12-28,2023-01-10,Processing,Los Angeles,USA
ORD101477,CUST00888,Garmin Fenix 7,Wearables,1,699,0.09,636.09,2024-03-25,2024-03-27,Delivered,Delhi,India
ORD101478,CUST00057,Sony A7 IV Camera,Cameras,5,2499,0.05,11870.25,2023-06-26,2023-07-03,Cancelled,Mumbai,India
ORD101479,CUST00249,MacBook Air M3,Laptops,1,1099,0.04,1055.04,2030-01-01,2024-12-08,Cancelled,Bengaluru,India
ORD101480,CUST00764,Laptop Pro 15,Laptops,1,1299,1.8,1013.22,2022-12-26,2022-12-30,Shipped,Abu Dhabi,UAE
ORD101481,CUST00129,LG 4K Monitor,Monitors,1,449,0.11,399.61,2022-03-02,2022-03-13,Processing,Dubai,UAE
ORD101482,CUST00440,Mechanical Keyboard,Accessories,0,149,0.15,126.65,2024-06-10,2024-06-23,Processing,Ahmedabad,India
ORD101483,CUST00048,Sony WH-1000XM5,Audio,3,349,0.11,931.83,2023-09-18,2023-09-29,Shipped,Hyderabad,India
ORD101484,CUST00873,Sony A7 IV Camera,Cameras,4,2499,0.3,6997.2,2023-09-07,2023-09-14,Delivered,Chennai,India
ORD101485,CUST_GHOST_0,DJI Mini 4 Pro,Drones,1,759,0.1,-683.1,2024-01-20,2024-01-28,Shipped,Tokyo,Japan
ORD101486,CUST00266,AirPods Pro 2,Audio,4,249,0.25,747.0,2023-04-27,2023-05-03,Returned,Houston,USA
ORD101487,CUST00548,Dell XPS 13,Laptops,4,999,0.3,2797.2,2022-12-13,2022-12-16,Processing,Osaka,Japan
ORD101488,CUST00685,ThinkPad X1,Laptops,2,1199,0.25,1798.5,2023-01-11,2023-01-18,Cancelled,Mumbai,India
ORD101489,CUST00721,Fitbit Charge 6,Wearables,4,149,0.25,447.0,2024-03-04,2024-03-10,Cancelled,Hyderabad,India
ORD101490,CUST00637,iPad Pro 12.9,Tablets,3,1099,0.3,2307.9,2024-06-24,2024-07-01,Returned,London,UK
ORD101491,CUST00301,Fitbit Charge 6,Wearables,3,149,0.24,339.72,2024-08-27,2024-09-04,Delivered,Sydney,Australia
ORD101492,CUST00213,Samsung Galaxy S24,Phones,5,799,0.02,3915.1,2024-01-11,2024-01-12,Delivered,Houston,USA
ORD101493,CUST00580,ThinkPad X1,Laptops,5,1199,0.09,5455.45,2024-09-16,2024-09-21,Shipped,Hyderabad,India
ORD101494,CUST00832,Pixel 8 Pro,Phones,3,699,0.26,1551.78,2023-03-06,2023-03-11,Delivered,Surat,India
ORD101495,CUST00114,,Monitors,4,449,0.16,1508.64,2022-11-05,2022-11-07,Processing,Toronto,Canada
ORD101496,CUST00770,LG 4K Monitor,Monitors,3,449,0.18,-1104.54,2023-12-31,2024-01-03,Processing,Jaipur,India
ORD101497,CUST00410,Garmin Fenix 7,Wearables,2,699,0.01,1384.02,2023-07-21,2023-08-03,Processing,Toronto,Canada
ORD101498,CUST00728,Dell XPS 13,Laptops,1,999,0.03,969.03,2025-06-08,2025-06-16,Shipped,Dubai,UAE
ORD101499,CUST00475,Apple Watch Ultra,Wearables,1,799,0.16,671.16,2023-05-26,2023-05-27,Cancelled,Ahmedabad,India
