payment_id,order_id,customer_id,payment_method,payment_amount,payment_date,payment_status,currency,transaction_ref,gateway
PAY200000,ORD_GHOST_4,CUST00231,,-1719.95,2025-04-16,INVALID_STATUS,XYZ,,Stripe
PAY200001,ORD100206,CUST00045,Cash on Delivery,949.64,2022-11-26,Failed,GBP,H0C0IBZBW8P3,Razorpay
PAY200002,ORD101017,CUST00146,Net Banking,547.38,2024-10-31,Completed,USD,HCZDQ3W6BDJ7,Razorpay
PAY200003,ORD100609,CUST00487,Credit Card,4075.79,2023-05-08,Refunded,USD,VQXO2DWN717Y,Square
PAY200004,ORD100104,CUST00740,PayPal,2561.27,2022-07-21,Failed,AED,3LNAEHPITZA7,Square
PAY200005,ORD101082,CUST00693,PayPal,4342.78,2024-06-27,Completed,AED,EQ1ZQ8DAYDW9,Razorpay
PAY200006,ORD100265,CUST00208,Bank Transfer,3400.39,2025-04-19,Refunded,GBP,R1TR4B5UD6GK,Stripe
PAY200007,ORD101379,CUST00741,Cash on Delivery,3595.77,2024-01-21,Failed,AED,5SAXYK2E58F3,Paytm
PAY200008,ORD101198,CUST00039,PayPal,3957.24,2024-02-27,Refunded,SGD,MQOQOPYCWEU9,PayPal
PAY200009,ORD100290,CUST00092,Cash on Delivery,1643.18,2022-08-25,Refunded,GBP,3NA7HN98X16F,Razorpay
PAY200010,ORD100230,CUST00635,PayPal,-2714.06,2023-03-31,Pending,GBP,TKCAKDP3CA4B,Stripe
PAY200011,ORD100754,CUST00073,Cash on Delivery,1916.43,2024-01-17,Refunded,GBP,O2I5WLLDAAE1,Paytm
PAY200012,ORD100861,CUST00266,Net Banking,3855.1,2022-11-15,Refunded,USD,LIM06ETCQR3E,Square
PAY200013,ORD100762,CUST00784,Credit Card,2835.8,2024-11-03,Failed,GBP,JN7BYVF0AKK1,PayPal
PAY200014,ORD100573,CUST00433,,3877.16,2024-08-17,Completed,GBP,CDQCSENJXTXI,Adyen
PAY200015,ORD100125,CUST00222,UPI,533.63,2023-10-14,Pending,SGD,AGP34SLQGBUL,Paytm
PAY200016,ORD101081,CUST00413,Debit Card,4907.26,2024-07-12,Failed,USD,QPEQ6YF84Z7H,Square
PAY200017,ORD100821,CUST00488,UPI,2116.97,2022-10-11,Pending,INR,6PSRB6Y2S79V,Razorpay
PAY200018,ORD100361,CUST00059,Cash on Delivery,3484.91,2024-01-29,Pending,GBP,A2Y7VFHPD6VQ,PayPal
PAY200019,ORD100018,CUST00322,Net Banking,999.67,2023-10-21,Refunded,USD,0S5RMJPCZA3S,Razorpay
PAY200020,ORD_GHOST_13,CUST00186,Bank Transfer,-2410.44,2024-04-04,Pending,AED,0GZGXRDCQN5P,Stripe
PAY200021,ORD101007,CUST00110,Cash on Delivery,2143.53,2022-04-28,Failed,INR,WTEJTUIN748A,Square
PAY200022,ORD100366,CUST00192,Bank Transfer,196.46,2023-01-05,INVALID_STATUS,SGD,2A96GORCPACQ,Stripe
PAY200023,ORD100442,CUST00826,Debit Card,4989.07,2024-03-30,Refunded,USD,5Y7KHG4G7NIE,Paytm
PAY200024,ORD100327,CUST00577,Net Banking,1429.25,2024-06-27,Pending,SGD,AIU01LC5WW9L,Adyen
PAY200025,ORD101236,CUST00225,Debit Card,3703.89,2023-04-06,Refunded,INR,9RTD6ENMB9UP,Razorpay
PAY200026,ORD100881,CUST00736,Bank Transfer,2127.92,2024-03-20,Failed,INR,QFXMHRWWNQA4,Paytm
PAY200027,ORD100617,CUST00836,UPI,63.81,2024-10-11,Refunded,USD,GTX7U4GBGCN3,PayPal
PAY200028,ORD100487,CUST00635,,211.24,2023-06-15,Completed,SGD,I6MGHAGMB362,PayPal
PAY200029,ORD100121,CUST00117,UPI,3110.05,2023-04-09,Failed,GBP,2YB4U33K2W1I,Razorpay
PAY200030,ORD100603,CUST00871,PayPal,-1269.13,2022-12-01,Refunded,INR,ATM0TXE321D5,Stripe
PAY200031,ORD100909,CUST00799,Net Banking,1700.03,2025-05-10,Failed,SGD,VECF8OCQVKCA,Razorpay
PAY200032,ORD101219,CUST00794,PayPal,4341.47,2022-07-10,Pending,AED,M9DEOCIRIO74,PayPal
PAY200033,ORD100969,CUST00327,Bank Transfer,798.17,2024-11-07,Refunded,XYZ,N6FAWE3IAVX5,PayPal
PAY200034,ORD100645,CUST00896,Debit Card,730.27,2022-05-06,Pending,USD,CY4MLJZFUDI4,Square
PAY200035,ORD100904,CUST00497,Bank Transfer,4590.76,2024-08-02,Pending,GBP,Q9N04FDTZJ2L,Square
PAY200036,ORD100224,CUST00605,UPI,942.65,2022-01-16,Refunded,AED,BRNU851V9PD5,Stripe
PAY200037,ORD100339,CUST00349,Bank Transfer,2362.99,2025-01-16,Failed,AED,J5MS20T3T9LP,Paytm
PAY200038,ORD100276,CUST00415,Bank Transfer,3953.25,2022-02-06,Failed,AED,RX2N75WLN2OT,Razorpay
PAY200039,ORD100375,CUST00891,PayPal,1784.3,2022-08-06,Pending,GBP,0XWG5KGOVJGA,Razorpay
PAY200040,ORD_GHOST_12,CUST00167,Credit Card,-1266.14,2023-07-15,Failed,SGD,UV2VXO3PEOJ3,PayPal
PAY200041,ORD100107,CUST00595,Debit Card,1838.47,2023-02-02,Completed,AED,4XAIC0DHNHWE,PayPal
PAY200042,ORD100949,CUST00096,,479.88,2025-04-27,Refunded,USD,,Paytm
PAY200043,ORD100892,CUST00892,Debit Card,692.51,2023-07-31,Failed,USD,ALQHPQPFIE95,Paytm
PAY200044,ORD100234,CUST00013,UPI,3232.42,2025-06-18,INVALID_STATUS,USD,8K7ZOJ3E0QQX,Paytm
PAY200045,ORD101071,CUST00371,Cash on Delivery,2409.21,2024-05-10,Completed,AED,4HJKWBJPCLMS,Paytm
PAY200046,ORD100040,CUST00089,PayPal,4187.67,2024-10-09,Pending,INR,KG5KHL1CRHM2,Razorpay
PAY200047,ORD101026,CUST00844,Net Banking,1974.17,2023-06-08,Completed,INR,MKT0N1PUKQHP,Adyen
PAY200048,ORD100545,CUST00065,PayPal,3281.54,2022-01-07,Failed,INR,SM5R7GOKLVA2,Square
PAY200049,ORD100451,CUST00489,Bank Transfer,2691.47,2023-06-21,Refunded,USD,K4W0KQ8SJQON,Square
PAY200050,ORD100924,CUST00864,Net Banking,-3276.53,2023-12-21,Failed,AED,4E51O762NKYS,Square
PAY200051,ORD101247,CUST00585,Debit Card,216.11,2022-05-03,Refunded,AED,7G4ASMZX4NKI,Paytm
PAY200052,ORD100877,CUST00035,Debit Card,1720.43,2022-03-16,Pending,AED,JPSHOXXAOZ5E,Razorpay
PAY200053,ORD100374,CUST00753,Cash on Delivery,957.88,2024-04-20,Refunded,SGD,X1W1QXPH1Y3B,Paytm
PAY200054,ORD100420,CUST00587,Bank Transfer,2102.81,2023-09-16,Pending,SGD,Y5SRO0L9LAYK,Razorpay
PAY200055,ORD100284,CUST00849,Credit Card,633.84,2024-07-21,Failed,SGD,PZC5YPOH41OF,Adyen
PAY200056,ORD100030,CUST00486,,998.71,2025-04-03,Pending,SGD,4C937RUPL5H2,Paytm
PAY200057,ORD100185,CUST00469,PayPal,3700.81,2022-01-13,Refunded,GBP,VGVFHZT8I5YI,PayPal
PAY200058,ORD100619,CUST00704,Bank Transfer,4948.36,2025-05-16,Completed,USD,K1VPANGW3PAJ,Square
PAY200059,ORD101086,CUST00167,Debit Card,4795.02,2023-07-11,Failed,INR,3Z2Y3C0EQ4AW,Adyen
PAY200060,ORD_GHOST_4,CUST00680,UPI,-1147.88,2022-08-22,Completed,USD,N45U0F4SLHQB,Paytm
PAY200061,ORD100111,CUST00614,Bank Transfer,4887.77,2024-04-24,Failed,USD,QBBWBX54QOTV,Paytm
PAY200062,ORD101126,CUST00179,Cash on Delivery,3273.85,2023-08-30,Failed,SGD,L8XAFSUMUXQJ,Stripe
PAY200063,ORD100858,CUST00553,Bank Transfer,60.8,2025-04-28,Completed,SGD,5ND2OEUT4IEC,Razorpay
PAY200064,ORD100862,CUST00200,UPI,3378.96,2023-06-26,Failed,INR,LVWGJ9Y56CA0,Adyen
PAY200065,ORD101347,CUST00147,Debit Card,1526.37,2024-02-05,Refunded,SGD,AD78QIG6UO3Z,Razorpay
PAY200066,ORD101249,CUST00386,Credit Card,3262.67,2024-07-08,INVALID_STATUS,XYZ,IL46LMI1J1Z3,PayPal
PAY200067,ORD100570,CUST00696,Cash on Delivery,130.53,2023-05-13,Refunded,GBP,46TE5U9IN7OF,Razorpay
PAY200068,ORD100260,CUST00237,Net Banking,2168.04,2024-02-20,Refunded,SGD,18OVEUUR656E,Stripe
PAY200069,ORD100525,CUST00191,Debit Card,3043.92,2024-03-03,Pending,AED,UENO88UOGMVV,Square
PAY200070,ORD101346,CUST00841,,-813.88,2025-05-20,Pending,INR,LTR9UQRVN2AE,PayPal
PAY200071,ORD101075,CUST00177,PayPal,291.84,2023-05-31,Pending,USD,LV09VFEAACKX,Adyen
PAY200072,ORD100955,CUST00409,Bank Transfer,776.63,2025-06-17,Completed,GBP,0X450UHEH3RF,Adyen
PAY200073,ORD101113,CUST00482,PayPal,705.36,2025-04-26,Refunded,GBP,3NF27E6L8XCG,PayPal
PAY200074,ORD100475,CUST00032,Net Banking,2872.63,2024-09-19,Refunded,SGD,7D7UWE773T93,Adyen
PAY200075,ORD100757,CUST00412,Credit Card,2693.04,2022-01-09,Refunded,GBP,I7QODSU9F16X,PayPal
PAY200076,ORD100013,CUST00318,Net Banking,1277.15,2023-09-22,Failed,USD,ZL8XRW4DBRHG,Paytm
PAY200077,ORD100716,CUST00064,Cash on Delivery,1167.49,2022-06-26,Pending,USD,FMW4VCHRHBKG,PayPal
PAY200078,ORD100635,CUST00282,PayPal,4240.81,2023-08-10,Completed,GBP,RA0T51LC8A4O,Stripe
PAY200079,ORD101245,CUST00074,Bank Transfer,3942.82,2022-03-11,Failed,USD,RIX5VCMGJVC2,Square
PAY200080,ORD_GHOST_0,CUST00353,Bank Transfer,-1764.27,2022-06-11,Completed,GBP,6QJ2ONVEOX3A,PayPal
PAY200081,ORD100023,CUST00602,Bank Transfer,1266.86,2022-01-26,Failed,GBP,6EJA1V2TG2AH,Paytm
PAY200082,ORD100806,CUST00788,Debit Card,843.58,2022-03-23,Failed,SGD,TYK80XTAOFZD,Paytm
PAY200083,ORD100578,CUST00709,Debit Card,2214.78,2025-05-14,Pending,INR,MPH7VQJA6614,Paytm
PAY200084,ORD100087,CUST00518,,3613.18,2025-05-24,Refunded,USD,,Razorpay
PAY200085,ORD101394,CUST00877,Net Banking,4556.82,2024-03-09,Completed,USD,MJMBFOGEVOKQ,Adyen
PAY200086,ORD101376,CUST00163,Debit Card,776.36,2023-10-05,Refunded,USD,R8NKRZ25YYEX,Razorpay
PAY200087,ORD100163,CUST00455,Net Banking,3766.04,2023-08-16,Completed,SGD,U0UP229EOIZU,Stripe
PAY200088,ORD100744,CUST00238,Bank Transfer,4882.3,2022-10-10,INVALID_STATUS,USD,0KERTQHNOL3O,Stripe
PAY200089,ORD100811,CUST00406,UPI,1231.59,2022-01-18,Completed,INR,05DWJATE4VV9,Stripe
PAY200090,ORD100485,CUST00655,Debit Card,-192.62,2024-01-18,Completed,SGD,JFH71UZN4U38,Stripe
PAY200091,ORD100101,CUST00639,Credit Card,3597.21,2024-05-31,Pending,AED,M3RKL39VEL08,PayPal
PAY200092,ORD100584,CUST00338,Credit Card,1164.39,2022-07-05,Completed,SGD,ETOWTK4KL9FG,Adyen
PAY200093,ORD100759,CUST00153,Net Banking,660.57,2025-06-16,Completed,GBP,ZNI3DPFTBAQX,Paytm
PAY200094,ORD100831,CUST00017,Cash on Delivery,698.86,2023-12-25,Completed,GBP,SANHAPYWDRDP,PayPal
PAY200095,ORD101078,CUST00451,Debit Card,2881.8,2024-02-04,Pending,GBP,KHVLUCNJ0HYL,Paytm
PAY200096,ORD101195,CUST00056,Credit Card,1630.62,2024-07-31,Completed,SGD,WTP0KZUPNEI5,Adyen
PAY200097,ORD101243,CUST00507,Net Banking,1356.02,2025-02-19,Refunded,SGD,8NQ189Y42DJ4,Adyen
PAY200098,ORD100205,CUST00578,,968.76,2022-02-22,Failed,AED,RH4FZZHYH9OJ,Razorpay
PAY200099,ORD101148,CUST00137,Cash on Delivery,1644.69,2022-12-02,Refunded,XYZ,N4XJP7WZITMF,Razorpay
PAY200100,ORD_GHOST_3,CUST00703,Credit Card,-952.69,2025-03-24,Failed,USD,CWI2SKHKXVS6,Stripe
PAY200101,ORD101377,CUST00495,Cash on Delivery,1690.43,2023-10-20,Completed,GBP,4YEO6PPYWH8E,Stripe
PAY200102,ORD100805,CUST00808,Debit Card,1457.51,2023-05-19,Pending,INR,1PW26RQH7O0Z,Stripe
PAY200103,ORD100815,CUST00412,Credit Card,4646.47,2024-09-06,Refunded,USD,HNI2MLW2EK0B,Paytm
PAY200104,ORD100609,CUST00746,UPI,315.55,2024-10-12,Completed,AED,R1SPPN74PF4I,Paytm
PAY200105,ORD100390,CUST00825,Bank Transfer,2566.37,2024-01-01,Refunded,GBP,80KQLRVD79ZU,Paytm
PAY200106,ORD101176,CUST00859,Cash on Delivery,2731.33,2023-07-23,Completed,GBP,VZPVWLL5V2H3,Paytm
PAY200107,ORD100607,CUST00222,PayPal,681.42,2023-04-01,Failed,AED,DDZV7TXX6LK7,Razorpay
PAY200108,ORD100515,CUST00017,Debit Card,70.21,2022-05-30,Refunded,AED,095EGVT67K37,Razorpay
PAY200109,ORD100698,CUST00408,Bank Transfer,3589.91,2024-10-29,Refunded,USD,41S6EQXXCX9K,Paytm
PAY200110,ORD101069,CUST00051,Bank Transfer,-1952.88,2022-06-07,INVALID_STATUS,GBP,UNL0UT5JAYSY,Square
PAY200111,ORD100551,CUST00581,Debit Card,3886.47,2024-03-03,Pending,USD,44QH2BTUFDOA,Paytm
PAY200112,ORD100660,CUST00365,,4509.3,2024-07-09,Refunded,GBP,LXSOL15M9GQJ,Stripe
PAY200113,ORD100107,CUST00396,PayPal,2642.69,2023-11-23,Refunded,SGD,4KCCNJDGJKCS,Square
PAY200114,ORD100967,CUST00304,Debit Card,74.44,2023-02-18,Refunded,SGD,9A14350Q8OBW,PayPal
PAY200115,ORD100315,CUST00218,Credit Card,2587.84,2024-04-22,Pending,USD,2LBWTBV50HYA,Paytm
PAY200116,ORD101306,CUST00068,PayPal,4127.18,2024-09-01,Refunded,SGD,5EJ9TDNVSK6Q,PayPal
PAY200117,ORD100773,CUST00770,PayPal,3471.94,2023-09-05,Completed,SGD,LX8UY5VWTF9A,Adyen
PAY200118,ORD101263,CUST00257,Cash on Delivery,1387.81,2022-04-01,Pending,USD,MT9FSV5Q4FIU,Paytm
PAY200119,ORD101361,CUST00471,Net Banking,2382.27,2024-12-26,Refunded,GBP,V8ELSPJ6SFAS,Adyen
PAY200120,ORD_GHOST_2,CUST00860,Cash on Delivery,-3051.55,2024-11-30,Refunded,SGD,3JUFXH8P0MTZ,PayPal
PAY200121,ORD100339,CUST00471,UPI,2128.95,2024-09-11,Pending,USD,4PZNGVXXYN9T,Stripe
PAY200122,ORD100959,CUST00554,Cash on Delivery,2528.23,2023-08-27,Pending,AED,33UOT477IQFX,Stripe
PAY200123,ORD100922,CUST00640,Credit Card,2537.81,2025-04-01,Pending,INR,IYUB31P35ZWQ,Adyen
PAY200124,ORD101130,CUST00288,PayPal,4059.1,2024-07-03,Failed,GBP,C2PLHS95TWBQ,Razorpay
PAY200125,ORD100947,CUST00527,Credit Card,378.23,2025-04-09,Failed,AED,VUKSVZOOTSTP,Razorpay
PAY200126,ORD101075,CUST00024,,4313.16,2022-02-04,Refunded,AED,,Stripe
PAY200127,ORD100316,CUST00581,PayPal,3252.85,2025-01-10,Refunded,USD,SE3XR6N18BEQ,Razorpay
PAY200128,ORD100449,CUST00493,PayPal,3907.71,2025-04-22,Pending,AED,T6I6S7PK67IL,Paytm
PAY200129,ORD101005,CUST00336,Net Banking,2328.2,2025-06-11,Pending,INR,MYARIDG26HLM,Stripe
PAY200130,ORD101395,CUST00865,Bank Transfer,-3849.78,2024-06-20,Completed,GBP,EDRV5IJ3JL9T,Stripe
PAY200131,ORD100156,CUST00319,Credit Card,366.26,2024-09-16,Completed,INR,7924HTPL131V,Adyen
PAY200132,ORD100076,CUST00597,PayPal,3212.41,2024-07-11,INVALID_STATUS,XYZ,B5I92WMSJ9UK,Razorpay
PAY200133,ORD100866,CUST00744,Cash on Delivery,4288.31,2023-09-03,Completed,USD,P7WR1SHEURQ7,Square
PAY200134,ORD101370,CUST00151,Credit Card,3329.6,2023-04-24,Refunded,SGD,1HBUDU7XX9IG,Stripe
PAY200135,ORD100769,CUST00876,Credit Card,4963.69,2024-02-03,Failed,GBP,TU2AQHKNQJGE,Adyen
PAY200136,ORD101294,CUST00587,Bank Transfer,1815.85,2023-08-04,Completed,AED,J77ECAAFFSDU,Stripe
PAY200137,ORD101322,CUST00855,Debit Card,4716.82,2022-07-22,Failed,GBP,YN6ZJUY3K0E3,Razorpay
PAY200138,ORD101097,CUST00415,Debit Card,1478.65,2023-05-10,Completed,INR,P4M7B0VZGUGN,Paytm
PAY200139,ORD100252,CUST00615,Net Banking,3743.96,2024-04-30,Refunded,USD,A906K37E4EY9,PayPal
PAY200140,ORD_GHOST_9,CUST00603,,-2743.88,2022-05-29,Refunded,AED,T6RWARQCFK3E,PayPal
PAY200141,ORD100055,CUST00632,Cash on Delivery,862.81,2023-05-18,Failed,USD,Q46PL5NBTI1N,Stripe
PAY200142,ORD101162,CUST00599,Bank Transfer,3922.36,2024-01-01,Refunded,SGD,WM1XRP4JDVA7,Square
PAY200143,ORD100662,CUST00003,UPI,4865.37,2023-11-17,Completed,INR,32JKY5OFTTUK,Razorpay
PAY200144,ORD100478,CUST00068,UPI,1300.82,2024-01-10,Refunded,USD,NRUHMEZVSQ3H,Razorpay
PAY200145,ORD100016,CUST00297,UPI,119.12,2023-10-22,Pending,AED,RPDGZ2SC0T8D,Razorpay
PAY200146,ORD101192,CUST00087,UPI,1656.63,2022-05-13,Pending,AED,ROW8A2CQBYWL,PayPal
PAY200147,ORD100263,CUST00339,Net Banking,3816.88,2022-04-19,Completed,INR,53XI3C7G0ABG,Stripe
PAY200148,ORD100378,CUST00515,Bank Transfer,2187.1,2023-11-18,Failed,USD,Y6EKDKFORDCL,Square
PAY200149,ORD101159,CUST00146,Net Banking,144.51,2024-04-02,Pending,INR,4SE4KBL5VGGN,Razorpay
PAY200150,ORD101341,CUST00029,Cash on Delivery,-523.25,2025-06-11,Completed,USD,EHTHUGXNS8EH,Razorpay
PAY200151,ORD101224,CUST00261,Bank Transfer,1710.9,2024-04-23,Failed,GBP,EKSK2VPAJSPJ,Adyen
PAY200152,ORD100111,CUST00748,Debit Card,4060.69,2024-01-01,Refunded,AED,WR63JUWMW3M4,Stripe
PAY200153,ORD100685,CUST00705,Net Banking,928.94,2024-02-25,Failed,GBP,UCR68NIXC6OD,Paytm
PAY200154,ORD100756,CUST00225,,1283.61,2025-04-06,INVALID_STATUS,INR,KP9J1PLIHUY7,Razorpay
PAY200155,ORD101298,CUST00785,Bank Transfer,2904.1,2023-11-26,Pending,INR,K5Z9RVKMCX5Z,Paytm
PAY200156,ORD100402,CUST00763,UPI,3145.22,2023-04-05,Failed,INR,7KTSPYA2OTKQ,Adyen
PAY200157,ORD100484,CUST00631,Cash on Delivery,3061.67,2025-01-23,Completed,AED,D4YSD6SHQBA3,Paytm
PAY200158,ORD100267,CUST00389,Cash on Delivery,341.71,2022-12-07,Completed,USD,JW386A6NJHEE,PayPal
PAY200159,ORD100815,CUST00803,Cash on Delivery,1022.47,2023-09-02,Refunded,AED,GX409WNZMO7G,Stripe
PAY200160,ORD_GHOST_7,CUST00143,Cash on Delivery,-3752.85,2025-04-13,Failed,USD,H3J4CYGO6ZUD,Paytm
PAY200161,ORD100924,CUST00689,Debit Card,176.6,2025-02-01,Pending,GBP,HDDOG2UE1IV0,Stripe
PAY200162,ORD100166,CUST00200,UPI,1170.79,2023-07-12,Pending,AED,7PR28J2K3TYD,Stripe
PAY200163,ORD100145,CUST00886,Debit Card,2199.09,2025-05-14,Completed,USD,96DO9UZXCA4X,Razorpay
PAY200164,ORD100079,CUST00155,Cash on Delivery,2671.7,2024-05-04,Refunded,USD,OTB85VIF81J6,PayPal
PAY200165,ORD100619,CUST00567,Credit Card,1342.61,2022-11-16,Pending,XYZ,HPZUYR7VHTCL,Paytm
PAY200166,ORD100202,CUST00876,Cash on Delivery,3524.36,2022-06-26,Refunded,USD,HEZUL4AE6YA8,Square
PAY200167,ORD101137,CUST00823,Credit Card,3293.26,2023-08-16,Completed,INR,4QWL67C7HP4N,Paytm
PAY200168,ORD100603,CUST00881,,2172.08,2025-05-24,Pending,SGD,,PayPal
PAY200169,ORD100581,CUST00899,Credit Card,287.03,2023-05-02,Failed,INR,LOX8GCT3M9GX,Adyen
PAY200170,ORD100638,CUST00077,UPI,-59.98,2024-01-15,Refunded,USD,7QTZJS6PVS9V,Stripe
PAY200171,ORD100062,CUST00379,Net Banking,574.54,2023-11-29,Refunded,GBP,77HNS54GWDFO,Adyen
PAY200172,ORD100740,CUST00415,Net Banking,1866.44,2023-06-15,Completed,AED,ABK97EI9NX85,PayPal
PAY200173,ORD100082,CUST00807,Cash on Delivery,3517.15,2024-06-30,Completed,USD,AW3OVY92DEFQ,Razorpay
PAY200174,ORD100393,CUST00514,UPI,3614.57,2022-09-07,Pending,INR,ITGUKTQ5SMVV,Stripe
PAY200175,ORD100002,CUST00280,UPI,506.73,2025-02-09,Refunded,SGD,2I6DEIY38LL2,Paytm
PAY200176,ORD100298,CUST00169,PayPal,3842.41,2024-12-22,INVALID_STATUS,USD,2PEZX8UB1SB7,Stripe
PAY200177,ORD100149,CUST00025,PayPal,4480.03,2022-07-29,Failed,GBP,ICL12S67JQOQ,Adyen
PAY200178,ORD101287,CUST00132,Credit Card,2775.48,2022-12-25,Pending,USD,N1R6X8YIU1YD,Adyen
PAY200179,ORD101270,CUST00743,UPI,4529.26,2024-06-29,Pending,AED,VA3T862VL1TK,Square
PAY200180,ORD_GHOST_14,CUST00755,PayPal,-53.28,2024-05-08,Refunded,SGD,WYMFVTACBLQI,PayPal
PAY200181,ORD100760,CUST00455,Net Banking,4473.72,2022-06-19,Failed,INR,PDIXCVTFHAKR,Paytm
PAY200182,ORD101261,CUST00629,,845.61,2025-06-09,Refunded,GBP,JQ44G23TYIFJ,Razorpay
PAY200183,ORD100617,CUST00525,UPI,73.6,2022-03-07,Completed,AED,ZLZM7ODTLK87,Paytm
PAY200184,ORD100356,CUST00855,Credit Card,2519.99,2024-02-15,Pending,GBP,FQI1HF2YKGIC,Adyen
PAY200185,ORD101101,CUST00830,Debit Card,739.53,2024-03-03,Completed,GBP,A3VO6YVPDKFE,Razorpay
PAY200186,ORD100054,CUST00310,PayPal,480.71,2024-08-08,Pending,USD,MIGOVR9AHEMB,Razorpay
PAY200187,ORD100248,CUST00860,PayPal,1191.61,2022-11-18,Completed,GBP,T7MGBDVDIINI,Square
PAY200188,ORD100997,CUST00087,Credit Card,3038.33,2022-01-05,Completed,INR,ZXPNGMZYZC0M,Square
PAY200189,ORD100633,CUST00003,PayPal,3649.12,2025-04-01,Pending,INR,A2M2H0CNWQ21,PayPal
PAY200190,ORD100678,CUST00386,Cash on Delivery,-1483.65,2023-08-13,Pending,AED,A0W8MYZDCQR8,Adyen
PAY200191,ORD100876,CUST00349,Bank Transfer,339.15,2022-12-29,Refunded,AED,CAUT3XRBX2WF,Razorpay
PAY200192,ORD100141,CUST00692,Bank Transfer,613.69,2024-09-06,Refunded,USD,N3WHIFYEMF5N,Adyen
PAY200193,ORD101058,CUST00738,UPI,1458.2,2024-11-15,Refunded,INR,6DKFLAB0QM6U,Square
PAY200194,ORD101156,CUST00714,Bank Transfer,785.09,2023-05-14,Completed,INR,FPVW4NH81TJR,Square
PAY200195,ORD100413,CUST00821,UPI,3430.91,2024-04-25,Completed,GBP,67FD2YBNMZOG,Paytm
PAY200196,ORD100451,CUST00893,,4443.06,2022-05-11,Pending,AED,GK7H3I8NO7NQ,Paytm
PAY200197,ORD100532,CUST00542,PayPal,2234.37,2023-08-25,Refunded,INR,F3UZ3AOEAOEU,PayPal
PAY200198,ORD100784,CUST00547,Debit Card,4647.61,2022-08-13,INVALID_STATUS,XYZ,115ZG80ZWVHY,PayPal
PAY200199,ORD100283,CUST00075,UPI,698.4,2022-08-14,Refunded,GBP,6G2KRT47Z0A6,Paytm
PAY200200,ORD_GHOST_11,CUST00581,UPI,-2345.02,2022-10-08,Completed,SGD,KXQHXTDQY89F,Razorpay
PAY200201,ORD100395,CUST00456,Bank Transfer,3243.28,2022-11-16,Completed,SGD,ZJC7R1QOOHF5,Square
PAY200202,ORD100873,CUST00206,Debit Card,71.5,2022-05-18,Pending,USD,346ZSSJNJ8TH,Razorpay
PAY200203,ORD100866,CUST00870,Net Banking,2284.23,2025-03-26,Completed,SGD,F9TO0WZN4XJ7,Paytm
PAY200204,ORD101227,CUST00137,Net Banking,168.93,2024-01-29,Failed,SGD,ZB5FW1DUHBX6,Stripe
PAY200205,ORD100158,CUST00111,Net Banking,4499.66,2023-08-21,Completed,AED,M6Z6XTB80U10,PayPal
PAY200206,ORD100522,CUST00654,Credit Card,387.28,2023-08-01,Failed,INR,CO6MY4GWDSHL,PayPal
PAY200207,ORD100721,CUST00518,PayPal,297.2,2022-03-28,Completed,USD,7SLKD4QJD7B5,Adyen
PAY200208,ORD100210,CUST00415,Bank Transfer,4492.42,2024-12-15,Pending,AED,ZPDSO9SPDU3N,PayPal
PAY200209,ORD101186,CUST00754,Bank Transfer,3578.39,2023-02-18,Pending,INR,ORBLB8TNJXCM,PayPal
PAY200210,ORD100900,CUST00723,,-792.26,2024-01-27,Failed,INR,,Stripe
PAY200211,ORD101395,CUST00339,Net Banking,2720.16,2023-07-03,Refunded,SGD,R5A5HFSH6QRN,Square
PAY200212,ORD101147,CUST00831,UPI,3254.38,2023-06-07,Completed,GBP,3ZFES7P8AT37,Stripe
PAY200213,ORD101096,CUST00578,Bank Transfer,4623.1,2022-09-14,Completed,AED,1I5482Q78E5S,Razorpay
PAY200214,ORD100653,CUST00132,Bank Transfer,3481.81,2024-09-11,Refunded,INR,AVA6FBF4FKKH,Adyen
PAY200215,ORD100106,CUST00358,Cash on Delivery,3707.35,2024-09-17,Refunded,AED,DW7ZPEUWDNVM,Paytm
PAY200216,ORD100824,CUST00789,Credit Card,2303.53,2023-08-30,Refunded,SGD,4H2AWNF3KEYY,PayPal
PAY200217,ORD100401,CUST00800,Bank Transfer,2321.52,2023-02-15,Pending,INR,4U1IWAAYRIBE,Paytm
PAY200218,ORD101311,CUST00601,Credit Card,615.73,2023-11-05,Completed,USD,CZ6PBBOUZY46,Square
PAY200219,ORD100933,CUST00885,Debit Card,2803.71,2023-02-21,Failed,GBP,SZM6VDUQDJI6,Square
PAY200220,ORD_GHOST_14,CUST00424,Cash on Delivery,-4925.51,2024-03-04,INVALID_STATUS,INR,3AH78Y3ON2FO,PayPal
PAY200221,ORD100540,CUST00879,Bank Transfer,4450.41,2022-12-07,Refunded,INR,KBB5YFTXDXNA,Stripe
PAY200222,ORD101206,CUST00025,UPI,2819.42,2023-11-24,Pending,INR,RE8HCX09LPXH,Square
PAY200223,ORD100411,CUST00832,Credit Card,113.67,2022-04-30,Completed,SGD,B3VCPEA74TBS,Razorpay
PAY200224,ORD100687,CUST00716,,4761.6,2022-05-13,Pending,SGD,YWI7ZWPD1OTX,Square
PAY200225,ORD100168,CUST00144,PayPal,4925.97,2024-05-28,Completed,GBP,45U2691456H9,Stripe
PAY200226,ORD100074,CUST00358,Bank Transfer,3420.36,2023-03-11,Pending,USD,5P7VWKFU90FP,Razorpay
PAY200227,ORD100971,CUST00418,Bank Transfer,3680.56,2023-12-31,Completed,USD,ORR5SR5ET3H7,Paytm
PAY200228,ORD101115,CUST00539,Credit Card,4534.96,2024-01-03,Completed,AED,52F7GFPPSYAZ,Razorpay
PAY200229,ORD100916,CUST00660,Cash on Delivery,2015.56,2024-03-20,Failed,INR,G7V6TVQUILTE,PayPal
PAY200230,ORD101274,CUST00489,Net Banking,-2427.35,2022-11-08,Failed,SGD,4NA46N0ABCZ7,Stripe
PAY200231,ORD100902,CUST00112,UPI,4465.11,2024-03-04,Refunded,XYZ,UU8F855MDTCE,PayPal
PAY200232,ORD101076,CUST00439,Cash on Delivery,244.92,2024-01-10,Completed,USD,ZGJZG8U6MQBI,Stripe
PAY200233,ORD100289,CUST00604,Credit Card,1021.08,2022-09-10,Pending,GBP,WCS4BJU8OXM9,Razorpay
PAY200234,ORD100465,CUST00872,Debit Card,985.71,2025-05-23,Completed,SGD,AGB2RH7326XP,PayPal
PAY200235,ORD101175,CUST00463,Cash on Delivery,1849.23,2024-08-19,Failed,USD,ZL5Y31K88NO1,Paytm
PAY200236,ORD100523,CUST00051,Net Banking,3615.79,2025-01-16,Pending,GBP,XJNJ0KX69XP7,Square
PAY200237,ORD100406,CUST00683,PayPal,3750.31,2023-07-03,Pending,GBP,U4X7X8W43H93,Square
PAY200238,ORD100641,CUST00247,,813.57,2024-08-01,Failed,SGD,Q76KF5O2UXXK,Adyen
PAY200239,ORD100881,CUST00612,Credit Card,3468.02,2025-01-01,Failed,USD,12LC9BGJQ0AQ,PayPal
PAY200240,ORD_GHOST_2,CUST00777,PayPal,-3037.37,2023-02-06,Completed,AED,Q6RF8LW7Y8AU,Stripe
PAY200241,ORD100129,CUST00432,UPI,731.65,2025-02-19,Completed,GBP,BEZA9AGULM5F,Paytm
PAY200242,ORD101221,CUST00272,Cash on Delivery,3870.3,2023-04-22,INVALID_STATUS,AED,W3LCZ6EIMB9G,PayPal
PAY200243,ORD100378,CUST00472,PayPal,4094.72,2022-11-02,Refunded,AED,63MYSRTTYMMC,Adyen
PAY200244,ORD100883,CUST00042,PayPal,4001.02,2022-06-15,Pending,GBP,DR6K3LYYZ7PR,Square
PAY200245,ORD100220,CUST00426,Net Banking,2305.36,2023-05-22,Failed,AED,D44Y3NPZ5GP5,Razorpay
PAY200246,ORD100868,CUST00030,Credit Card,2592.79,2024-12-12,Refunded,AED,FV7PIVPA47V8,Paytm
PAY200247,ORD101011,CUST00061,Bank Transfer,1588.29,2022-03-08,Failed,SGD,3T7EY0PYDG1K,Razorpay
PAY200248,ORD101087,CUST00570,UPI,2676.43,2022-03-20,Failed,USD,XXCN3ON4FG0D,PayPal
PAY200249,ORD100271,CUST00483,Net Banking,1840.97,2024-01-30,Refunded,AED,GVDLV0WGD4HK,Paytm
PAY200250,ORD101259,CUST00382,Credit Card,-1163.87,2022-06-23,Pending,SGD,REXLOYEYQE68,Stripe
PAY200251,ORD100925,CUST00219,Credit Card,4293.3,2024-11-08,Refunded,INR,YDBSIWFVIUCL,Razorpay
PAY200252,ORD101391,CUST00472,,2203.99,2024-09-18,Completed,GBP,,PayPal
PAY200253,ORD100104,CUST00011,Credit Card,4053.88,2022-12-30,Pending,AED,0SUTBH7W5GLO,Paytm
PAY200254,ORD100096,CUST00244,UPI,3260.44,2022-04-08,Completed,SGD,22JYQMWT0IPS,Stripe
PAY200255,ORD100154,CUST00250,Net Banking,4159.02,2022-09-28,Pending,USD,B1DINDLFDTTN,Razorpay
PAY200256,ORD100355,CUST00033,Bank Transfer,3866.19,2023-02-08,Completed,AED,S0WI4IUYD7RI,Paytm
PAY200257,ORD101229,CUST00013,PayPal,2355.99,2024-11-11,Failed,AED,PGBMCZDBRAEI,Square
PAY200258,ORD100747,CUST00893,Cash on Delivery,3981.67,2024-12-27,Failed,USD,GQTCD21W2KJN,Square
PAY200259,ORD100967,CUST00146,UPI,3103.33,2023-12-06,Refunded,USD,VQRIQYE1SOFP,Square
PAY200260,ORD_GHOST_5,CUST00411,Cash on Delivery,-577.43,2024-04-02,Refunded,AED,T7NRQH4S03B0,Razorpay
PAY200261,ORD101342,CUST00735,Bank Transfer,3819.05,2023-08-15,Refunded,USD,K25GP0A8D2OD,PayPal
PAY200262,ORD100356,CUST00642,Debit Card,3371.16,2024-02-07,Failed,SGD,IV90H7JAJLTU,Square
PAY200263,ORD101045,CUST00495,Net Banking,4638.51,2023-03-20,Pending,USD,BTRVXOI41UG8,Adyen
PAY200264,ORD101216,CUST00117,Net Banking,3323.54,2022-12-10,INVALID_STATUS,XYZ,LIC6B0YUCQEF,Paytm
PAY200265,ORD100254,CUST00532,PayPal,1003.27,2022-06-29,Completed,AED,Z18X4RYS04SJ,Square
PAY200266,ORD100977,CUST00292,,2929.09,2024-07-08,Completed,GBP,F5DEK429M0TT,Stripe
PAY200267,ORD100019,CUST00444,Bank Transfer,431.0,2023-03-09,Failed,AED,5DO3GQ83QG5O,Paytm
PAY200268,ORD101222,CUST00313,Net Banking,3063.57,2023-03-23,Completed,USD,U6SYVUVO9GB1,Adyen
PAY200269,ORD100026,CUST00512,UPI,430.46,2024-10-08,Pending,INR,EH9H72IQ4LU1,Stripe
PAY200270,ORD100635,CUST00706,Debit Card,-3030.15,2022-04-26,Refunded,INR,V0N1SMP85Y7T,Stripe
PAY200271,ORD100313,CUST00494,PayPal,4260.53,2023-03-23,Pending,INR,616D3CV0L5C0,PayPal
PAY200272,ORD101010,CUST00889,Credit Card,2133.81,2023-01-03,Pending,INR,OBZOUJJ30TLD,Paytm
PAY200273,ORD100445,CUST00795,Credit Card,310.97,2023-05-12,Refunded,SGD,OXM8BVZL5UQW,Adyen
PAY200274,ORD100065,CUST00576,PayPal,4927.09,2025-06-05,Pending,USD,QW6L87PSCH8Q,Paytm
PAY200275,ORD100927,CUST00030,Credit Card,2417.18,2022-10-06,Refunded,INR,Z9ZGEGG4JYS2,Adyen
PAY200276,ORD100470,CUST00831,Bank Transfer,4056.42,2024-04-23,Pending,INR,0PLA6D2KG1T4,Razorpay
PAY200277,ORD101370,CUST00685,Debit Card,202.55,2023-07-27,Failed,USD,ZLOZ7E0PCM9A,Square
PAY200278,ORD100583,CUST00106,Debit Card,1579.2,2023-12-21,Completed,INR,QL3E49YWS3NC,Stripe
PAY200279,ORD100055,CUST00659,UPI,1038.19,2024-02-25,Failed,INR,0VGWGRZPX9V1,Square
PAY200280,ORD_GHOST_5,CUST00240,,-1196.98,2024-02-25,Failed,USD,4WT1VAWI2EX4,PayPal
PAY200281,ORD100004,CUST00388,PayPal,2151.97,2022-12-30,Pending,GBP,OHKSV8JRD8SP,Square
PAY200282,ORD100521,CUST00750,Cash on Delivery,234.55,2024-06-09,Failed,GBP,GIUNWELAJM3U,PayPal
PAY200283,ORD100334,CUST00778,Cash on Delivery,4270.2,2024-12-07,Failed,SGD,J9RWAU3V8KHV,Paytm
PAY200284,ORD100829,CUST00337,Credit Card,271.77,2024-07-26,Pending,USD,BVVJT8HJK0XY,Square
PAY200285,ORD100888,CUST00441,PayPal,2277.37,2025-01-08,Failed,AED,AZQ4X55PB4W6,Stripe
PAY200286,ORD100053,CUST00777,UPI,1113.72,2024-12-08,INVALID_STATUS,USD,MRMPLXC0PADR,PayPal
PAY200287,ORD100534,CUST00577,Debit Card,4439.75,2023-01-06,Failed,INR,8N59UL59K1AM,Paytm
PAY200288,ORD100836,CUST00878,Net Banking,3551.68,2023-04-15,Failed,GBP,B30JGUC3TGLQ,PayPal
PAY200289,ORD100068,CUST00865,Cash on Delivery,693.76,2022-04-25,Pending,SGD,LZR015K9CO1S,PayPal
PAY200290,ORD101173,CUST00251,Cash on Delivery,-3805.77,2024-04-13,Completed,AED,HSHZD14FTNM8,Square
PAY200291,ORD101328,CUST00214,Bank Transfer,57.59,2023-08-26,Failed,INR,66RMNR6NOBGP,PayPal
PAY200292,ORD100622,CUST00697,UPI,1442.23,2025-05-03,Refunded,SGD,2N0IDC8HNYDZ,Adyen
PAY200293,ORD100097,CUST00460,Net Banking,4419.84,2022-09-12,Failed,GBP,5Q5GOEIOTZS6,Square
PAY200294,ORD101239,CUST00501,,4077.9,2023-06-27,Refunded,GBP,,Stripe
PAY200295,ORD100491,CUST00488,PayPal,1977.0,2024-05-09,Refunded,GBP,A5A5PMLQHDLQ,Razorpay
PAY200296,ORD101334,CUST00796,PayPal,1079.41,2025-06-27,Completed,USD,XB402NMSIKJI,PayPal
PAY200297,ORD101340,CUST00673,UPI,2142.2,2023-05-19,Pending,XYZ,5EO9W6YA8JB9,Adyen
PAY200298,ORD100161,CUST00072,Cash on Delivery,346.65,2023-05-18,Failed,SGD,9X3CV1SVOLCT,Adyen
PAY200299,ORD100651,CUST00515,Cash on Delivery,1114.43,2024-07-06,Failed,AED,PLLQ7S1ORAZ0,Paytm
PAY200300,ORD_GHOST_6,CUST00688,PayPal,-3271.95,2024-02-25,Pending,SGD,ANEO9VAXCZZY,Stripe
PAY200301,ORD100369,CUST00589,Net Banking,3536.64,2024-10-13,Failed,USD,L4YWP6CBC5TN,PayPal
PAY200302,ORD100992,CUST00315,Debit Card,2282.78,2023-05-14,Completed,GBP,Q0MJKKEGVKA6,Adyen
PAY200303,ORD100340,CUST00740,Net Banking,1168.35,2024-10-30,Pending,GBP,9T0Z4O75RDDH,PayPal
PAY200304,ORD100156,CUST00518,Debit Card,3387.86,2022-01-18,Failed,SGD,NJ8PL3M871NG,Stripe
PAY200305,ORD101001,CUST00564,PayPal,3031.47,2023-12-05,Completed,SGD,SZY978TNMS55,Paytm
PAY200306,ORD100943,CUST00354,Debit Card,3801.6,2022-12-31,Pending,USD,VL1UTZBBHT35,Razorpay
PAY200307,ORD100530,CUST00131,UPI,3532.71,2022-12-21,Pending,USD,Y5U0I1BV7GSF,Razorpay
PAY200308,ORD100604,CUST00093,,4951.22,2023-08-29,INVALID_STATUS,USD,HD5MHBCIG3KQ,Square
PAY200309,ORD100180,CUST00688,PayPal,3575.44,2022-04-08,Refunded,GBP,WK1LO4P0K9K2,Adyen
PAY200310,ORD100376,CUST00612,Net Banking,-2975.51,2022-10-17,Failed,GBP,FPY772A8709N,Square
PAY200311,ORD100191,CUST00018,Bank Transfer,341.42,2024-12-14,Pending,INR,XE0OF37FD3MW,Razorpay
PAY200312,ORD101331,CUST00801,PayPal,1936.09,2025-06-20,Refunded,INR,BGJU7DAMIXW7,Adyen
PAY200313,ORD100720,CUST00505,PayPal,691.06,2022-09-29,Refunded,USD,ZFB8X6JMRE2U,Stripe
PAY200314,ORD100296,CUST00625,UPI,1780.76,2023-08-28,Pending,USD,L952A768O3BT,Razorpay
PAY200315,ORD100372,CUST00269,Cash on Delivery,113.33,2024-01-05,Failed,AED,J8O98BUJDS0S,Paytm
PAY200316,ORD100803,CUST00705,Credit Card,1334.95,2022-03-14,Refunded,GBP,WM2HUT7P5MZ6,Square
PAY200317,ORD101276,CUST00850,Net Banking,1226.39,2023-02-26,Completed,AED,X5EV5925UAK3,PayPal
PAY200318,ORD101362,CUST00772,Cash on Delivery,2263.72,2022-06-13,Completed,INR,SHEZJ9V9LIGZ,PayPal
PAY200319,ORD100630,CUST00076,UPI,2966.15,2022-09-07,Refunded,SGD,08IPUV58OHCU,Adyen
PAY200320,ORD_GHOST_3,CUST00130,Net Banking,-3304.66,2024-03-17,Completed,SGD,JSS3T14LYF6N,Adyen
PAY200321,ORD101356,CUST00548,PayPal,3334.57,2022-11-22,Pending,SGD,61DHIHPSMTK7,Paytm
PAY200322,ORD100993,CUST00420,,3213.74,2024-10-25,Refunded,GBP,LTRJKLUMCMH7,PayPal
PAY200323,ORD100705,CUST00701,PayPal,3947.09,2023-11-07,Pending,SGD,ZRTQJ8CW8N57,Paytm
PAY200324,ORD100908,CUST00331,Cash on Delivery,3815.03,2022-08-30,Refunded,AED,JIWML12P5WPV,Razorpay
PAY200325,ORD100016,CUST00829,UPI,296.61,2023-02-28,Pending,USD,4OGB1LRXGKEK,Square
PAY200326,ORD100440,CUST00313,Debit Card,3872.85,2025-05-14,Refunded,AED,OBW1PY8258J2,Razorpay
PAY200327,ORD100614,CUST00567,Cash on Delivery,74.79,2023-11-15,Pending,AED,0N5O9R7LJ5MV,Paytm
PAY200328,ORD100083,CUST00630,Cash on Delivery,4458.13,2024-09-19,Failed,AED,WEEW0OZ2WCVF,Square
PAY200329,ORD100714,CUST00419,Cash on Delivery,2250.02,2022-11-11,Failed,USD,GD5ML524HIAR,PayPal
PAY200330,ORD100655,CUST00563,Net Banking,-736.86,2022-11-22,INVALID_STATUS,XYZ,J7NRSKOQV333,Stripe
PAY200331,ORD101364,CUST00801,Credit Card,4473.87,2025-03-12,Completed,AED,RNFYJDL2MYPJ,Square
PAY200332,ORD100364,CUST00533,PayPal,3808.71,2023-05-16,Failed,SGD,RPPNL6RNKWXZ,Adyen
PAY200333,ORD100626,CUST00228,PayPal,4920.75,2024-06-03,Refunded,AED,D42GFAU14BO8,Razorpay
PAY200334,ORD100611,CUST00886,UPI,607.14,2023-03-08,Refunded,AED,EBBELJQIK8IC,Adyen
PAY200335,ORD100537,CUST00711,Debit Card,2705.97,2022-10-01,Failed,GBP,QSODMX0RDT5N,Razorpay
PAY200336,ORD101268,CUST00682,,1604.67,2023-05-02,Pending,SGD,,Stripe
PAY200337,ORD101338,CUST00419,Cash on Delivery,2042.14,2022-11-15,Failed,USD,1OI0X8KAADOV,Paytm
PAY200338,ORD101297,CUST00734,Bank Transfer,525.28,2024-10-06,Refunded,INR,9EMLMBZRKZOE,Stripe
PAY200339,ORD100391,CUST00624,Credit Card,4132.0,2022-07-26,Completed,AED,MYXBD07Q2JBT,Adyen
PAY200340,ORD_GHOST_9,CUST00183,UPI,-4723.59,2023-10-03,Completed,AED,6F0N3IT2VQYM,Razorpay
PAY200341,ORD100877,CUST00499,Bank Transfer,4999.29,2024-01-24,Failed,SGD,VBCETH28IMDG,Stripe
PAY200342,ORD100152,CUST00279,Net Banking,988.33,2025-05-21,Failed,INR,RLWP47LZ0O15,Adyen
PAY200343,ORD100548,CUST00533,Bank Transfer,4818.16,2023-02-06,Completed,USD,6YINW4UF3S9M,Adyen
PAY200344,ORD100850,CUST00243,Cash on Delivery,4489.79,2024-08-22,Failed,USD,FS1O7D3Y82FJ,Adyen
PAY200345,ORD100340,CUST00331,Credit Card,4340.35,2024-02-13,Completed,SGD,RXU9435O1L8W,PayPal
PAY200346,ORD100773,CUST00382,UPI,3515.33,2023-01-06,Failed,GBP,KCS2YX1ZDNQS,Stripe
PAY200347,ORD100692,CUST00148,Cash on Delivery,336.8,2025-02-05,Completed,SGD,H40S2T657JYF,Stripe
PAY200348,ORD100534,CUST00678,Debit Card,2635.03,2023-02-11,Failed,GBP,96EPT6AAR17Q,Paytm
PAY200349,ORD100094,CUST00750,Bank Transfer,2886.4,2024-05-13,Refunded,AED,DT1N0NRXYCO8,Paytm
PAY200350,ORD100301,CUST00043,,-1445.6,2024-12-08,Refunded,SGD,BKS3II3F4X2J,Paytm
PAY200351,ORD100956,CUST00306,Credit Card,590.48,2025-06-09,Refunded,USD,L61VA2J2BUZR,Stripe
PAY200352,ORD100469,CUST00306,Bank Transfer,696.91,2022-08-23,INVALID_STATUS,USD,EC5UDOTUQAJE,PayPal
PAY200353,ORD100505,CUST00069,Bank Transfer,3011.89,2024-03-26,Pending,GBP,8OAGP01TSNJA,Square
PAY200354,ORD100474,CUST00204,PayPal,3874.88,2024-01-24,Pending,SGD,3G4WANI24RMJ,Square
PAY200355,ORD100445,CUST00791,Credit Card,3466.83,2023-12-08,Completed,INR,0K61FTGUN8UR,Square
PAY200356,ORD100024,CUST00226,Net Banking,1727.43,2025-05-19,Completed,AED,7CRABOQCUCJ7,Paytm
PAY200357,ORD100009,CUST00338,UPI,511.45,2024-03-14,Pending,SGD,VHQUEU1OQY4A,PayPal
PAY200358,ORD100459,CUST00318,Cash on Delivery,1656.76,2025-04-17,Refunded,INR,4XRIIGUP30L1,Paytm
PAY200359,ORD100540,CUST00890,UPI,1734.42,2022-01-01,Failed,SGD,4VZ90HEDMAMK,Paytm
PAY200360,ORD_GHOST_0,CUST00466,UPI,-2992.04,2025-04-10,Failed,AED,OEDR9RLQK0PQ,Square
PAY200361,ORD101157,CUST00810,Net Banking,2306.79,2022-12-07,Pending,GBP,SJ9AHAS8N40A,Paytm
PAY200362,ORD100776,CUST00741,Debit Card,2971.16,2025-05-08,Refunded,USD,HEOTB1PPQVQ1,Razorpay
PAY200363,ORD101166,CUST00579,Debit Card,4470.75,2024-04-12,Refunded,XYZ,RV537C2BPIME,Square
PAY200364,ORD100859,CUST00177,,977.79,2022-03-08,Pending,GBP,HIY1BFW7JN23,Stripe
PAY200365,ORD100773,CUST00580,Bank Transfer,4925.31,2023-06-14,Pending,USD,OMEMTO2VDSIZ,Stripe
PAY200366,ORD100067,CUST00805,UPI,1943.57,2023-06-27,Failed,GBP,T2MD8W1SAGML,Razorpay
PAY200367,ORD101084,CUST00822,Net Banking,81.98,2023-05-23,Refunded,GBP,8N2R48TWQOYB,Adyen
PAY200368,ORD101208,CUST00134,Credit Card,885.48,2023-05-26,Refunded,USD,6D86U8781XTQ,Square
PAY200369,ORD100991,CUST00164,Net Banking,4602.44,2024-11-29,Pending,USD,JFLNOUE6ULEA,Razorpay
PAY200370,ORD100374,CUST00555,Net Banking,-2805.7,2022-01-14,Completed,USD,LZGRMC7FFZ1C,Paytm
PAY200371,ORD100739,CUST00305,Credit Card,1864.54,2023-07-11,Refunded,GBP,TWXZB5OEQXAD,Razorpay
PAY200372,ORD100830,CUST00698,UPI,3418.7,2024-07-05,Failed,INR,3IZBT1KT7GA8,Square
PAY200373,ORD101010,CUST00146,Debit Card,4515.33,2025-02-11,Refunded,SGD,ZABDJQVIOC0T,Square
PAY200374,ORD100204,CUST00636,Credit Card,3189.63,2022-01-15,INVALID_STATUS,USD,0UR99YAECEEU,Square
PAY200375,ORD100722,CUST00130,PayPal,1229.46,2022-11-02,Refunded,USD,3U41VSVDT766,Stripe
PAY200376,ORD100158,CUST00440,Bank Transfer,4219.47,2025-05-22,Refunded,USD,KFA2M7K4986K,Paytm
PAY200377,ORD100487,CUST00597,Debit Card,2089.62,2024-02-29,Failed,SGD,C7ICKU92QQ1X,Adyen
PAY200378,ORD100944,CUST00492,,900.66,2023-06-13,Pending,GBP,,PayPal
PAY200379,ORD100456,CUST00531,Cash on Delivery,4339.42,2022-03-30,Pending,SGD,6B3JTAKKUPBB,Stripe
PAY200380,ORD_GHOST_9,CUST00294,Net Banking,-96.94,2022-05-15,Failed,AED,IOKGN2YENV7H,Square
PAY200381,ORD100472,CUST00055,Bank Transfer,2997.39,2022-06-23,Failed,USD,6YFI7EQ3O6J8,PayPal
PAY200382,ORD100862,CUST00586,Credit Card,4849.81,2022-01-27,Completed,SGD,J72HLS0QLFTI,Adyen
PAY200383,ORD100661,CUST00632,Bank Transfer,2115.42,2024-04-30,Refunded,AED,2CM5AGP60Q2O,Stripe
PAY200384,ORD100087,CUST00737,PayPal,1053.82,2025-05-24,Completed,SGD,B8CKQC4LFSI0,PayPal
PAY200385,ORD100651,CUST00267,Bank Transfer,3310.36,2022-04-18,Failed,INR,XEWV000PN58I,Razorpay
PAY200386,ORD100626,CUST00237,PayPal,3435.35,2024-03-30,Completed,GBP,LH2VG9MSUIQI,Square
PAY200387,ORD100201,CUST00227,Debit Card,1269.05,2024-09-12,Failed,GBP,I6YB9PDGKRJW,Square
PAY200388,ORD100766,CUST00196,Debit Card,3587.17,2024-07-28,Completed,INR,IB6OE3L3RD8L,Paytm
PAY200389,ORD100110,CUST00824,Bank Transfer,2959.41,2023-07-01,Completed,GBP,F63Y8OCVF34E,Razorpay
PAY200390,ORD101045,CUST00821,Cash on Delivery,-4072.67,2024-09-22,Completed,SGD,DI99MAZIYWJ1,Stripe
PAY200391,ORD101262,CUST00731,UPI,4378.71,2022-08-14,Refunded,GBP,M86O2GSX9OA2,Stripe
PAY200392,ORD100840,CUST00138,,4234.61,2022-06-02,Failed,AED,IE5APCBFLUN3,Adyen
PAY200393,ORD101335,CUST00431,Credit Card,2998.45,2024-08-01,Failed,INR,YYP6S0VDCK10,Stripe
PAY200394,ORD100443,CUST00615,PayPal,786.56,2024-11-17,Completed,SGD,VB26XNISOSZ0,Stripe
PAY200395,ORD101080,CUST00837,PayPal,3441.0,2024-05-11,Completed,GBP,WXN91TFRSA8Z,Razorpay
PAY200396,ORD100003,CUST00742,Credit Card,3209.68,2025-02-08,INVALID_STATUS,XYZ,FGHPAS0ZBTBO,Paytm
PAY200397,ORD101065,CUST00779,UPI,3012.15,2025-03-12,Completed,GBP,MKTO6JRU7NSP,PayPal
PAY200398,ORD100140,CUST00890,Credit Card,2827.87,2024-10-03,Completed,AED,KPMVNO9I1S6X,Razorpay
PAY200399,ORD101205,CUST00151,Debit Card,130.47,2022-03-08,Failed,SGD,4ML2IQR2AHNY,Paytm
PAY200400,ORD_GHOST_1,CUST00607,Credit Card,-3924.69,2024-05-01,Failed,GBP,TYADJC88KLX9,PayPal
PAY200401,ORD101208,CUST00033,Bank Transfer,2561.04,2022-03-16,Pending,SGD,4OQSRLDHH2KS,Adyen
PAY200402,ORD100121,CUST00029,UPI,198.05,2022-06-12,Pending,GBP,FL79R9KPU8O9,Paytm
PAY200403,ORD100793,CUST00157,Bank Transfer,2584.32,2024-10-13,Pending,GBP,DVNFF2WCFIE6,PayPal
PAY200404,ORD100079,CUST00382,Net Banking,1942.1,2024-08-16,Completed,INR,MXS03DSW1S6M,Paytm
PAY200405,ORD100824,CUST00442,Cash on Delivery,265.05,2025-01-15,Completed,INR,HESKJWBU2OLR,Square
PAY200406,ORD100661,CUST00850,,2780.69,2023-08-01,Failed,INR,AF9YFT4GC5IC,PayPal
PAY200407,ORD100085,CUST00232,PayPal,4717.96,2022-08-14,Completed,INR,NNVEJE1YONAQ,Stripe
PAY200408,ORD101026,CUST00582,Cash on Delivery,4174.9,2022-09-12,Completed,SGD,2W04NXV50OT1,PayPal
PAY200409,ORD100129,CUST00047,UPI,1141.2,2022-06-10,Completed,INR,1SD44WL8MDZF,Adyen
PAY200410,ORD100237,CUST00456,UPI,-4375.68,2022-01-05,Failed,AED,BNA0236QK3QH,Stripe
PAY200411,ORD100405,CUST00108,Cash on Delivery,1350.25,2023-12-26,Refunded,GBP,LE1QXRJB0AH9,Paytm
PAY200412,ORD100543,CUST00265,PayPal,3110.27,2025-04-04,Refunded,USD,VIVZO8WD3OKA,Paytm
PAY200413,ORD100034,CUST00230,UPI,880.76,2024-07-12,Pending,USD,ZUM7OD4C9VXK,Stripe
PAY200414,ORD100339,CUST00330,Net Banking,1168.0,2022-03-18,Failed,USD,CP8OV5NWVSJJ,Stripe
PAY200415,ORD100957,CUST00013,Net Banking,4496.01,2023-05-20,Completed,USD,97QQ1Q81HRUL,Razorpay
PAY200416,ORD100413,CUST00836,Net Banking,4951.64,2022-03-17,Completed,USD,7CDZPBBWGDKD,PayPal
PAY200417,ORD100684,CUST00870,UPI,2979.99,2024-07-05,Pending,INR,IXKUOZM7I9RY,Razorpay
PAY200418,ORD100479,CUST00369,Cash on Delivery,1256.83,2022-01-03,INVALID_STATUS,GBP,W2VNOMZZ8WXQ,Stripe
PAY200419,ORD100930,CUST00222,Cash on Delivery,4809.57,2023-09-14,Refunded,INR,JR07H0UMS48I,Square
PAY200420,ORD_GHOST_2,CUST00887,,-2421.85,2024-03-05,Refunded,USD,,PayPal
PAY200421,ORD101145,CUST00657,Cash on Delivery,551.28,2023-04-14,Failed,AED,VEZNMO3UG51O,Paytm
PAY200422,ORD100427,CUST00840,Net Banking,2983.02,2025-05-05,Completed,USD,7XWLR4IZJEZ9,Adyen
PAY200423,ORD101107,CUST00405,Debit Card,2017.79,2025-04-09,Failed,GBP,E4XLWG9AY22D,Adyen
PAY200424,ORD100113,CUST00086,Credit Card,4098.98,2024-05-18,Refunded,USD,4QU280WC84AY,Square
PAY200425,ORD101048,CUST00144,PayPal,3292.99,2023-01-31,Failed,AED,3W1Y6ZUOEYHC,Adyen
PAY200426,ORD100537,CUST00542,Bank Transfer,668.1,2024-08-12,Pending,AED,4780CE91TEFO,Stripe
PAY200427,ORD101077,CUST00745,Credit Card,4921.04,2023-08-12,Refunded,AED,CW9IBGJEWVPG,Adyen
PAY200428,ORD101248,CUST00606,Net Banking,377.28,2024-08-05,Failed,USD,4F2XZ0X9F6F5,Paytm
PAY200429,ORD100930,CUST00105,Debit Card,915.28,2025-05-18,Refunded,XYZ,J4U4FGGW1JYK,Razorpay
PAY200430,ORD101289,CUST00440,Net Banking,-3845.38,2025-01-15,Completed,USD,C2IBJVSLRDMZ,Square
PAY200431,ORD101382,CUST00676,Cash on Delivery,3919.59,2022-04-25,Refunded,INR,2T7B7UYA088Q,Stripe
PAY200432,ORD100844,CUST00183,Net Banking,4437.31,2024-03-23,Completed,INR,FLKTAWMWUR1Z,Square
PAY200433,ORD100400,CUST00617,Cash on Delivery,4161.36,2024-09-28,Failed,GBP,C83JQYCRHO7A,Adyen
PAY200434,ORD101080,CUST00436,,784.67,2023-12-29,Refunded,AED,DF8K4HBABOI0,Square
PAY200435,ORD100299,CUST00592,Bank Transfer,4821.84,2023-06-02,Pending,SGD,Q84GD5YSHGPZ,PayPal
PAY200436,ORD100595,CUST00558,Credit Card,1777.23,2023-01-12,Refunded,INR,AW4TEQ3CYFWP,Razorpay
PAY200437,ORD101288,CUST00406,PayPal,1664.92,2022-11-18,Failed,GBP,LYA85BEKTJEP,Razorpay
PAY200438,ORD100425,CUST00707,Net Banking,285.9,2023-03-06,Completed,AED,EIB0TA6YY5XH,Paytm
PAY200439,ORD100677,CUST00827,Net Banking,1063.32,2022-08-23,Pending,SGD,BV5ZHP6PNU0K,Razorpay
PAY200440,ORD_GHOST_3,CUST00879,UPI,-57.1,2024-02-05,INVALID_STATUS,USD,7OPJQBTK0TD0,Stripe
PAY200441,ORD101003,CUST00417,Net Banking,1531.65,2025-04-03,Pending,SGD,AEDMLAV3W9O0,Razorpay
PAY200442,ORD100250,CUST00338,UPI,4190.46,2023-11-10,Pending,INR,ZE2TBST9XWI7,Adyen
PAY200443,ORD100117,CUST00717,Net Banking,4261.62,2023-09-19,Refunded,INR,70YVBDELFLSP,Razorpay
PAY200444,ORD100948,CUST00457,PayPal,3535.42,2025-02-04,Pending,AED,BCQTAIJ82T2A,Square
PAY200445,ORD100964,CUST00121,Credit Card,4192.01,2024-06-03,Failed,INR,G9H8LYK0VGL2,Square
PAY200446,ORD100833,CUST00454,PayPal,1639.82,2024-10-12,Completed,USD,Y292IZ1Q8PJ1,Adyen
PAY200447,ORD100213,CUST00090,PayPal,4986.74,2022-01-02,Failed,SGD,U6B15X8G1HZV,Paytm
PAY200448,ORD100124,CUST00008,,4581.3,2023-02-05,Refunded,AED,YCYW5VZA9ROD,Stripe
PAY200449,ORD100504,CUST00749,Cash on Delivery,4193.65,2025-05-22,Refunded,SGD,54ED6LOB24HY,Adyen
PAY200450,ORD101107,CUST00532,PayPal,-3399.3,2022-10-26,Failed,SGD,4SSD1JIUOIZ6,Stripe
PAY200451,ORD101321,CUST00005,PayPal,2377.81,2024-10-13,Failed,SGD,UW2032LYXJ2J,Stripe
PAY200452,ORD100925,CUST00413,Bank Transfer,2928.58,2022-12-15,Refunded,INR,N1MXKQMUYB2J,PayPal
PAY200453,ORD101187,CUST00668,PayPal,4602.04,2023-03-05,Failed,SGD,0QV28N4Q17RO,Square
PAY200454,ORD100147,CUST00388,Cash on Delivery,2410.91,2023-09-26,Pending,GBP,YR8H9XDYQ8D7,Adyen
PAY200455,ORD100395,CUST00324,Net Banking,3305.07,2022-01-06,Pending,AED,VFHZLA6OVM8L,Stripe
PAY200456,ORD100383,CUST00230,Cash on Delivery,480.64,2022-10-11,Refunded,GBP,HQLYLEWFVBFE,PayPal
PAY200457,ORD100987,CUST00499,Cash on Delivery,420.44,2024-05-18,Failed,USD,VZLMQ96FBEJH,PayPal
PAY200458,ORD100543,CUST00812,Cash on Delivery,1834.23,2023-07-16,Refunded,AED,EFTIXDWR024L,Paytm
PAY200459,ORD100829,CUST00106,Cash on Delivery,4535.33,2022-12-12,Pending,SGD,XXWNKPZIAJN3,PayPal
PAY200460,ORD_GHOST_9,CUST00341,Debit Card,-302.72,2024-04-15,Failed,AED,AR1VY7HXR4G0,Stripe
PAY200461,ORD100538,CUST00695,Credit Card,4126.23,2022-03-14,Pending,INR,ONX3F86UGYFU,PayPal
PAY200462,ORD100690,CUST00693,,165.65,2022-08-02,INVALID_STATUS,XYZ,,Paytm
PAY200463,ORD101227,CUST00488,Net Banking,4475.53,2022-08-23,Pending,USD,TGIYI04CVUNX,Razorpay
PAY200464,ORD100230,CUST00003,Credit Card,4258.0,2023-04-05,Refunded,USD,F7BCU5SXQKQB,PayPal
PAY200465,ORD101270,CUST00574,PayPal,1654.54,2025-01-13,Refunded,INR,67CGFX30AC9P,Square
PAY200466,ORD101133,CUST00055,Net Banking,4512.61,2023-06-14,Refunded,GBP,SL0JO4PYAP3J,Razorpay
PAY200467,ORD101285,CUST00264,Debit Card,4588.24,2023-12-03,Failed,AED,HTZQTTAAZVOR,Paytm
PAY200468,ORD100108,CUST00445,PayPal,477.73,2025-06-13,Refunded,INR,TFS2E2FOZZ1J,Paytm
PAY200469,ORD100054,CUST00002,Credit Card,1740.92,2024-10-06,Refunded,USD,M0OS2C4XN98U,PayPal
PAY200470,ORD101302,CUST00066,PayPal,-764.51,2025-04-08,Pending,USD,519EYINYCOAU,Stripe
PAY200471,ORD101263,CUST00570,Credit Card,3420.52,2025-02-13,Refunded,USD,7EAS0O5DGRX0,Stripe
PAY200472,ORD100965,CUST00847,Debit Card,1461.9,2023-08-07,Pending,AED,9U0VQF6OYLCB,Square
PAY200473,ORD100001,CUST00053,Cash on Delivery,3397.61,2022-04-15,Completed,AED,TN0ABMKRY7IY,Razorpay
PAY200474,ORD100067,CUST00084,PayPal,109.18,2022-12-19,Refunded,GBP,62RXYX4MIVL5,Paytm
PAY200475,ORD100633,CUST00261,UPI,4165.51,2022-12-09,Pending,AED,XY1JXCDKMZPB,Adyen
PAY200476,ORD100750,CUST00096,,4507.26,2023-01-20,Refunded,SGD,1522OU2VNEYN,Stripe
PAY200477,ORD101085,CUST00328,Cash on Delivery,1750.35,2022-07-01,Refunded,GBP,VBNK0SCJWSH3,PayPal
PAY200478,ORD101030,CUST00411,Bank Transfer,896.03,2022-04-03,Failed,AED,JLUUPGNIFPVD,Stripe
PAY200479,ORD100185,CUST00709,UPI,4815.85,2024-11-27,Completed,SGD,JY6VY0V3CMUE,Adyen
PAY200480,ORD_GHOST_3,CUST00054,Bank Transfer,-4102.73,2024-07-18,Pending,GBP,Y4A15F4JM8R7,Stripe
PAY200481,ORD100685,CUST00872,Cash on Delivery,1692.82,2025-01-24,Pending,SGD,S5R25ZFC1K8J,Adyen
PAY200482,ORD101105,CUST00287,Credit Card,2261.94,2024-03-02,Failed,INR,V78RTJR2GJCG,PayPal
PAY200483,ORD101096,CUST00049,Cash on Delivery,4052.93,2023-12-06,Pending,SGD,3GQ7P7SWVTQQ,PayPal
PAY200484,ORD100570,CUST00338,Cash on Delivery,2587.97,2024-07-14,INVALID_STATUS,USD,IA77E799O6AL,Square
PAY200485,ORD100890,CUST00187,Bank Transfer,3492.13,2023-11-13,Completed,SGD,HNIVD44T2RIZ,Adyen
PAY200486,ORD100715,CUST00417,UPI,638.2,2022-05-24,Refunded,SGD,2EE75C7QXMJB,PayPal
PAY200487,ORD100475,CUST00105,Bank Transfer,1924.9,2022-09-26,Pending,AED,WKIHPY36Z6CO,Adyen
PAY200488,ORD100331,CUST00292,Net Banking,1526.34,2023-12-23,Pending,USD,2DWHZR4UR1BO,Stripe
PAY200489,ORD100653,CUST00714,PayPal,4415.92,2023-12-12,Failed,SGD,OIPZKSBWTSMC,Razorpay
PAY200490,ORD101357,CUST00536,,-3539.22,2024-02-20,Completed,GBP,4WO7V1GSFYTK,Stripe
PAY200491,ORD100672,CUST00158,Bank Transfer,270.06,2022-06-12,Pending,INR,3T5Q21G07HPN,Paytm
PAY200492,ORD100600,CUST00130,PayPal,3948.86,2024-09-11,Refunded,INR,PTXMQT090FS6,Paytm
PAY200493,ORD101149,CUST00232,Credit Card,4164.25,2024-06-15,Completed,AED,GT3JW319WNI6,Razorpay
PAY200494,ORD100395,CUST00666,Net Banking,688.87,2024-07-16,Completed,USD,JHTZQCEQ0YET,Paytm
PAY200495,ORD100046,CUST00320,Credit Card,3560.47,2023-06-06,Pending,XYZ,MKOV2Y9269XK,Stripe
PAY200496,ORD100851,CUST00489,Cash on Delivery,4856.78,2025-01-05,Completed,GBP,2P2K5QS49MVK,PayPal
PAY200497,ORD101054,CUST00688,Bank Transfer,4640.79,2023-06-26,Refunded,AED,0HZWCYKVMQYB,Adyen
PAY200498,ORD100866,CUST00166,UPI,1233.8,2025-06-13,Failed,SGD,4YKFJRATLCEZ,Razorpay
PAY200499,ORD100501,CUST00590,Debit Card,2582.68,2022-08-29,Refunded,USD,5NTIPWL51CTA,Stripe
PAY200500,ORD_GHOST_5,CUST00839,UPI,-1131.38,2024-07-25,Pending,GBP,OAWQF1CLNVXN,Adyen
PAY200501,ORD101190,CUST00684,Net Banking,4494.97,2023-12-25,Failed,SGD,MU9AM6IWEZCE,Square
PAY200502,ORD100746,CUST00897,Credit Card,4455.95,2023-08-10,Pending,SGD,MFL0XN3CQYT9,Razorpay
PAY200503,ORD100152,CUST00404,Cash on Delivery,3268.05,2022-07-17,Completed,SGD,WGK6RZLCH2XR,Paytm
PAY200504,ORD101275,CUST00269,,2342.99,2022-02-22,Pending,GBP,,Razorpay
PAY200505,ORD101193,CUST00206,Debit Card,4993.41,2024-06-12,Failed,USD,UD2DTBZXMUUC,Stripe
PAY200506,ORD100578,CUST00837,Credit Card,2418.34,2023-06-02,INVALID_STATUS,INR,6LOD6D8E200I,Square
PAY200507,ORD100751,CUST00485,PayPal,389.85,2023-03-15,Refunded,INR,6POGI3EEAFDZ,Razorpay
PAY200508,ORD101029,CUST00086,Credit Card,4969.96,2022-03-22,Failed,SGD,4UFSVUXZUYKM,Razorpay
PAY200509,ORD100239,CUST00845,Cash on Delivery,2882.78,2025-03-25,Completed,SGD,FYGOU3HPF15W,Paytm
PAY200510,ORD100110,CUST00308,Net Banking,-4870.31,2022-05-22,Completed,USD,4HTUW52RB3BI,Razorpay
PAY200511,ORD100325,CUST00024,UPI,3829.04,2023-05-25,Failed,SGD,NBRJS1M3RMZM,Adyen
PAY200512,ORD100940,CUST00156,Cash on Delivery,1169.16,2024-02-12,Pending,USD,O4X8SCX401L5,Paytm
PAY200513,ORD100063,CUST00193,PayPal,3810.48,2025-03-20,Refunded,INR,COQAVK658OV5,Razorpay
PAY200514,ORD100507,CUST00224,Credit Card,3465.61,2022-05-02,Refunded,USD,0L32U5CXUHGK,Stripe
PAY200515,ORD100831,CUST00346,UPI,4453.28,2024-10-02,Failed,SGD,YTWXIM04RF4L,Square
PAY200516,ORD100289,CUST00703,Bank Transfer,1900.48,2023-11-23,Failed,GBP,L5H168287SF1,Paytm
PAY200517,ORD101015,CUST00556,PayPal,2825.93,2023-02-27,Refunded,INR,OUWFIAJIJNLP,PayPal
PAY200518,ORD101059,CUST00442,,3703.37,2023-06-29,Refunded,INR,RDBIQMGPOEMK,Square
PAY200519,ORD100211,CUST00114,UPI,3759.02,2023-07-06,Completed,GBP,PTZZZ6CTEL74,Paytm
PAY200520,ORD_GHOST_1,CUST00092,Net Banking,-2606.17,2022-12-07,Completed,GBP,MZJ86GO8N177,Razorpay
PAY200521,ORD101023,CUST00463,Cash on Delivery,493.05,2023-07-01,Completed,INR,K2JYKMUY2BIA,Stripe
PAY200522,ORD100189,CUST00616,Debit Card,4778.64,2022-10-09,Refunded,INR,88NV6YYX0102,Paytm
PAY200523,ORD101086,CUST00238,PayPal,2698.64,2022-04-24,Failed,AED,A2GBZUO7MTCO,Adyen
PAY200524,ORD100531,CUST00877,Debit Card,4463.37,2022-02-09,Failed,SGD,WUG0RQAP37LX,PayPal
PAY200525,ORD100254,CUST00313,UPI,4065.94,2025-05-01,Failed,GBP,WNUK491RZ84E,PayPal
PAY200526,ORD100345,CUST00513,Credit Card,88.37,2022-01-25,Refunded,USD,XQJQXK1VIY3Z,Square
PAY200527,ORD100466,CUST00844,Bank Transfer,853.42,2023-07-25,Refunded,USD,YYBDAU8EZKXQ,Stripe
PAY200528,ORD100490,CUST00042,UPI,4289.35,2025-03-05,INVALID_STATUS,XYZ,Z4GZW6IZ1256,Razorpay
PAY200529,ORD101310,CUST00219,Cash on Delivery,2442.8,2024-12-31,Refunded,GBP,4XUTXBE5NW8R,Stripe
PAY200530,ORD100699,CUST00531,Cash on Delivery,-2823.82,2022-05-13,Refunded,USD,YSVCZA0E9EKO,PayPal
PAY200531,ORD100781,CUST00730,PayPal,3265.7,2022-07-31,Pending,USD,1Q2G15R83Y74,PayPal
PAY200532,ORD100378,CUST00247,,2510.36,2024-09-15,Refunded,AED,AQUEFIMDDX13,Square
PAY200533,ORD100334,CUST00774,PayPal,871.69,2024-09-16,Completed,SGD,OO0FP64THU9Q,Paytm
PAY200534,ORD100629,CUST00413,Debit Card,3802.0,2024-12-20,Completed,USD,3G9R304ABISC,Adyen
PAY200535,ORD101048,CUST00770,Cash on Delivery,3679.22,2024-06-09,Pending,INR,B22ZU6SJJFZP,Adyen
PAY200536,ORD100623,CUST00554,Bank Transfer,2229.28,2024-04-18,Pending,SGD,OCRK53OPPOYD,Square
PAY200537,ORD101044,CUST00165,PayPal,2535.62,2024-07-03,Failed,AED,RM43GMEFG9O9,Razorpay
PAY200538,ORD100119,CUST00222,Bank Transfer,668.79,2024-03-07,Failed,GBP,G78IA619Q1J1,Adyen
PAY200539,ORD100780,CUST00233,PayPal,1708.31,2024-06-05,Failed,INR,XJOREMURWVAZ,PayPal
PAY200540,ORD_GHOST_13,CUST00859,Bank Transfer,-4404.72,2024-03-29,Refunded,SGD,7GRI9ETMO11I,Razorpay
PAY200541,ORD100448,CUST00510,UPI,3387.14,2023-01-17,Pending,USD,B3Z30ZBTVFH7,Stripe
PAY200542,ORD100418,CUST00761,Debit Card,2256.57,2023-07-02,Pending,INR,5HEW5STNW8EX,Square
PAY200543,ORD101281,CUST00013,Net Banking,1383.44,2023-03-25,Completed,SGD,SZW1YE8UNA9W,PayPal
PAY200544,ORD100756,CUST00865,UPI,3544.8,2023-09-22,Pending,USD,NXTIWFKLZWQX,Square
PAY200545,ORD100877,CUST00535,Debit Card,2670.13,2025-06-17,Failed,INR,SUWUHQ6Q6Y5Y,Stripe
PAY200546,ORD100762,CUST00024,,1228.21,2022-07-13,Failed,SGD,,Paytm
PAY200547,ORD101306,CUST00688,Bank Transfer,3848.7,2024-04-05,Refunded,INR,9RQ53UTIUMW6,Stripe
PAY200548,ORD100473,CUST00541,Debit Card,1708.0,2023-09-28,Refunded,AED,GDM1IYKU9IVW,Square
PAY200549,ORD100591,CUST00008,UPI,1045.26,2025-02-26,Failed,GBP,OPXNCCRBF4AF,Paytm
PAY200550,ORD100417,CUST00390,Bank Transfer,-3373.83,2023-03-30,INVALID_STATUS,GBP,0XQZ3G0KSJH9,Paytm
PAY200551,ORD101367,CUST00401,PayPal,75.19,2022-07-16,Completed,USD,VKSO8AP90OK1,Square
PAY200552,ORD101169,CUST00644,PayPal,3469.71,2024-08-18,Failed,SGD,N7D922WAHDO6,Adyen
PAY200553,ORD101345,CUST00678,Credit Card,1860.45,2025-02-19,Completed,GBP,MRIJPUK62Y8T,Square
PAY200554,ORD100116,CUST00763,Debit Card,3866.41,2023-10-29,Completed,GBP,OM9TP2KQDT1S,Paytm
PAY200555,ORD100560,CUST00252,Credit Card,4085.68,2023-12-28,Refunded,SGD,LHBFLFB4X3OO,Square
PAY200556,ORD101310,CUST00170,UPI,1362.83,2023-04-01,Pending,GBP,JOL9GDMBIQAT,Razorpay
PAY200557,ORD100676,CUST00889,UPI,1586.19,2025-06-27,Refunded,AED,AK2HOPQ0UX5P,Razorpay
PAY200558,ORD100363,CUST00119,Cash on Delivery,4071.82,2022-04-01,Pending,SGD,3OLM2ZZZW6B2,PayPal
PAY200559,ORD100251,CUST00322,Debit Card,2629.61,2023-03-30,Pending,GBP,ETZXA3SLA5GM,Paytm
PAY200560,ORD_GHOST_3,CUST00809,,-2617.36,2022-08-05,Completed,INR,434DT6UN63VV,Square
PAY200561,ORD100237,CUST00195,Credit Card,4571.07,2024-02-05,Failed,XYZ,ED33I7OPS2RR,Square
PAY200562,ORD100023,CUST00658,PayPal,1590.38,2022-10-30,Pending,INR,1846849A7ZVD,Square
PAY200563,ORD100450,CUST00213,Cash on Delivery,4073.26,2022-06-02,Pending,GBP,UFEU71JX73RY,Paytm
PAY200564,ORD101015,CUST00372,Net Banking,2634.64,2023-12-16,Pending,AED,JAOC78GO9EBI,Stripe
PAY200565,ORD100795,CUST00607,Credit Card,4983.37,2024-01-29,Refunded,GBP,RDDTBXT6YEYX,Razorpay
PAY200566,ORD101391,CUST00630,Debit Card,4226.59,2023-03-30,Completed,INR,LV01U6C2H23M,Paytm
PAY200567,ORD101136,CUST00674,Cash on Delivery,3453.24,2025-05-24,Completed,USD,5ZWUOT8MMDFB,Razorpay
PAY200568,ORD100864,CUST00007,Cash on Delivery,2618.39,2024-04-09,Failed,USD,761J0345ZYRD,Stripe
PAY200569,ORD101130,CUST00861,PayPal,1218.62,2024-05-20,Failed,GBP,K5BOV3036B3Y,Paytm
PAY200570,ORD100537,CUST00349,PayPal,-2021.96,2025-05-01,Pending,SGD,W6MXRF9CFWAW,Paytm
PAY200571,ORD101332,CUST00454,UPI,4543.12,2023-01-02,Pending,SGD,KOODVMBO4KF9,Paytm
PAY200572,ORD100252,CUST00481,PayPal,4946.68,2024-02-08,INVALID_STATUS,SGD,6E2YE38D1N1T,Paytm
PAY200573,ORD100016,CUST00787,PayPal,988.72,2025-05-07,Pending,GBP,3OT79YRBON40,Adyen
PAY200574,ORD100604,CUST00046,,832.78,2024-01-16,Refunded,INR,HZFFGHF3OBS0,Square
PAY200575,ORD101268,CUST00317,Net Banking,3021.01,2022-05-09,Pending,USD,N4MFW66L1GEJ,Paytm
PAY200576,ORD100034,CUST00338,UPI,3082.47,2023-04-16,Pending,INR,F0ZADF5JJ002,PayPal
PAY200577,ORD101312,CUST00818,Cash on Delivery,421.77,2022-03-05,Refunded,SGD,IZ2H4Q4VTYK1,Stripe
PAY200578,ORD100235,CUST00438,Debit Card,4656.27,2022-10-29,Completed,INR,R756SSX82UFL,Paytm
PAY200579,ORD100704,CUST00475,Cash on Delivery,2620.63,2025-06-16,Refunded,INR,YNR9155P1KST,Razorpay
PAY200580,ORD_GHOST_11,CUST00776,UPI,-4961.1,2022-11-02,Failed,GBP,0ELLCQSUGABI,PayPal
PAY200581,ORD100748,CUST00236,Debit Card,2792.39,2024-12-15,Refunded,INR,AJOP6ZTT8KZ3,Paytm
PAY200582,ORD100161,CUST00741,Bank Transfer,3342.38,2022-04-24,Refunded,GBP,HY3ZOMGN1EEX,Stripe
PAY200583,ORD100984,CUST00862,UPI,1512.89,2022-06-18,Failed,INR,A3ANJKF2V7MQ,PayPal
PAY200584,ORD100419,CUST00219,Cash on Delivery,392.18,2025-06-08,Refunded,USD,3YNIIJUQW4QD,Stripe
PAY200585,ORD100421,CUST00811,UPI,3184.24,2023-04-09,Failed,SGD,VNZZ3ZW0SD7S,Stripe
PAY200586,ORD100267,CUST00119,Debit Card,1863.46,2025-04-24,Refunded,SGD,JQ9HE6VB7HFG,Square
PAY200587,ORD100658,CUST00271,Credit Card,2805.9,2024-06-18,Failed,AED,HEL706HOQQ0R,Stripe
PAY200588,ORD100940,CUST00019,,1144.84,2024-02-28,Failed,AED,,Stripe
PAY200589,ORD101189,CUST00849,Net Banking,4643.26,2024-10-28,Pending,AED,UJPPZHH46ZMV,Paytm
PAY200590,ORD101167,CUST00171,Net Banking,-3328.17,2022-03-17,Refunded,AED,BJMIGJ6HM3J5,Square
PAY200591,ORD100187,CUST00116,Cash on Delivery,4834.6,2023-09-26,Refunded,GBP,D8GBNIUD1AU0,Razorpay
PAY200592,ORD100770,CUST00259,Credit Card,3148.3,2024-12-19,Completed,AED,0U7033ZUJCIU,Razorpay
PAY200593,ORD100213,CUST00214,Debit Card,3827.16,2024-04-19,Refunded,GBP,UGOPRRUMUC4L,Paytm
PAY200594,ORD100526,CUST00610,Debit Card,411.22,2023-12-10,INVALID_STATUS,XYZ,X2G24GVA34E5,Stripe
PAY200595,ORD100192,CUST00077,Credit Card,455.89,2025-06-02,Failed,GBP,SAK0OJW1JVAA,Adyen
PAY200596,ORD101074,CUST00404,Cash on Delivery,531.38,2024-02-27,Failed,AED,ZA49XUD9RT7N,Square
PAY200597,ORD101172,CUST00391,Net Banking,2335.86,2023-04-19,Refunded,INR,9VOBGGGKYCSN,Square
PAY200598,ORD100898,CUST00163,PayPal,4484.24,2024-01-14,Refunded,USD,X1N6PH1RAEMY,Stripe
PAY200599,ORD100955,CUST00693,Bank Transfer,2520.73,2023-01-10,Refunded,USD,3VSOTTXT1B1M,Square
PAY200600,ORD_GHOST_7,CUST00206,Net Banking,-4711.73,2024-10-22,Refunded,SGD,KHZH4J5BNFOR,Paytm
PAY200601,ORD100718,CUST00609,Bank Transfer,1998.86,2023-06-25,Failed,SGD,Q0NJVJPCMW0J,Paytm
PAY200602,ORD100517,CUST00885,,1632.6,2022-03-15,Pending,GBP,ANPGXUJ3SO5X,PayPal
PAY200603,ORD100681,CUST00899,Cash on Delivery,183.58,2024-06-22,Failed,GBP,T71RAIH0NOGZ,Stripe
PAY200604,ORD100507,CUST00417,Bank Transfer,3024.14,2023-09-13,Completed,GBP,3BHH85DA5H3Z,Stripe
PAY200605,ORD100643,CUST00106,Net Banking,277.15,2022-10-17,Failed,SGD,ITWPHKOKPY98,Paytm
PAY200606,ORD100884,CUST00764,Cash on Delivery,234.85,2023-03-24,Pending,AED,H2WJMFB8U3C5,Stripe
PAY200607,ORD100366,CUST00644,Net Banking,2471.7,2022-04-02,Completed,SGD,LO9J5RWHHI4P,PayPal
PAY200608,ORD100515,CUST00221,Cash on Delivery,4452.76,2024-07-04,Failed,GBP,ZRV4A3M1XGB1,Stripe
PAY200609,ORD100826,CUST00882,Net Banking,2662.89,2023-11-16,Refunded,USD,RW6T77VIZ75U,Razorpay
PAY200610,ORD100384,CUST00504,PayPal,-2335.52,2024-01-16,Failed,USD,Z86IOSA6S9RC,Stripe
PAY200611,ORD101286,CUST00822,Credit Card,3781.49,2024-01-15,Completed,AED,JR8S1YKTJ82I,Square
PAY200612,ORD100719,CUST00474,Bank Transfer,1104.68,2023-11-04,Failed,USD,55WRSWG5T3IX,Paytm
PAY200613,ORD100524,CUST00252,Net Banking,3709.82,2022-06-19,Refunded,SGD,LW3895TX69VA,Razorpay
PAY200614,ORD101281,CUST00035,Net Banking,2332.78,2024-02-01,Completed,GBP,FW2ENH6BE8XO,Razorpay
PAY200615,ORD100448,CUST00022,Debit Card,4799.0,2022-12-05,Failed,AED,M89BVV2J2CGQ,Razorpay
PAY200616,ORD100052,CUST00121,,772.55,2025-06-01,INVALID_STATUS,USD,U7AKHXTZ1YNS,Stripe
PAY200617,ORD100616,CUST00542,PayPal,4378.71,2022-03-08,Pending,USD,6MTZHSP3V5VS,Adyen
PAY200618,ORD100307,CUST00278,Bank Transfer,4163.59,2023-11-06,Failed,INR,SD4TR4GSE74V,Stripe
PAY200619,ORD101033,CUST00352,UPI,964.1,2024-01-13,Refunded,AED,12XC6VI7EP03,PayPal
PAY200620,ORD_GHOST_13,CUST00311,Net Banking,-1345.92,2024-10-24,Refunded,USD,YM31SK0540SE,PayPal
PAY200621,ORD100590,CUST00417,Debit Card,3573.63,2022-03-26,Failed,USD,P4VN2V27NLS4,Square
PAY200622,ORD100274,CUST00680,Cash on Delivery,805.09,2024-06-17,Failed,GBP,Q4W7JUGKZESF,PayPal
PAY200623,ORD101201,CUST00832,PayPal,4066.53,2024-09-15,Refunded,SGD,BRZ56VK3U0QJ,Adyen
PAY200624,ORD100216,CUST00447,Bank Transfer,2160.54,2023-02-09,Failed,AED,XRFNH671PJ0A,PayPal
PAY200625,ORD100253,CUST00802,Net Banking,816.58,2022-11-10,Pending,AED,OHCKNEWJR73C,PayPal
PAY200626,ORD100746,CUST00345,UPI,2800.64,2023-08-17,Failed,SGD,85NPGE98XH27,Paytm
PAY200627,ORD100849,CUST00425,Cash on Delivery,2569.42,2025-02-21,Failed,XYZ,K2UBPZKCD6YU,Razorpay
PAY200628,ORD100191,CUST00641,PayPal,3605.08,2024-07-24,Pending,INR,ONB7YICYBU8S,Square
PAY200629,ORD101118,CUST00359,Credit Card,3248.84,2022-02-20,Completed,GBP,N1HCD4GFKBZY,Adyen
PAY200630,ORD100486,CUST00725,,-1124.81,2025-03-14,Pending,AED,,Square
PAY200631,ORD100608,CUST00291,PayPal,4765.33,2024-07-10,Completed,AED,1PI5520TKZGG,Paytm
PAY200632,ORD100890,CUST00300,Bank Transfer,2429.64,2022-11-01,Refunded,GBP,JBQU111VPIVX,Square
PAY200633,ORD100190,CUST00700,Net Banking,3480.63,2024-08-29,Failed,GBP,VGNQD7J3H2WM,Stripe
PAY200634,ORD100669,CUST00339,UPI,4050.03,2024-04-06,Pending,INR,WAFN21472J8N,Paytm
PAY200635,ORD101367,CUST00828,Bank Transfer,2620.84,2022-09-07,Pending,INR,U2I1W5ENRGBQ,Razorpay
PAY200636,ORD100995,CUST00724,Credit Card,2812.09,2023-07-07,Refunded,USD,HO7Z98RI72LN,PayPal
PAY200637,ORD101383,CUST00795,Bank Transfer,2274.31,2024-03-28,Failed,AED,SUA5M4EO0XJJ,Square
PAY200638,ORD100540,CUST00220,Debit Card,4842.17,2023-04-05,INVALID_STATUS,USD,ND8M52GCF9SP,Paytm
PAY200639,ORD100204,CUST00887,Debit Card,1874.86,2022-04-14,Failed,USD,WD8M7AMNDI5T,Stripe
PAY200640,ORD_GHOST_8,CUST00090,Debit Card,-3148.24,2023-01-20,Pending,SGD,S76O9GRVZ2EH,Stripe
PAY200641,ORD100003,CUST00412,PayPal,250.76,2024-11-01,Completed,AED,BNECJQ427U1N,Square
PAY200642,ORD100042,CUST00342,Credit Card,4243.86,2024-08-26,Pending,GBP,WP82H6SGL5WR,Adyen
PAY200643,ORD100750,CUST00127,Credit Card,1143.09,2024-05-26,Completed,SGD,169DTQM73D9I,Razorpay
PAY200644,ORD100089,CUST00291,,1266.85,2025-06-02,Refunded,GBP,IDOOOBHO68MA,Razorpay
PAY200645,ORD100513,CUST00465,Debit Card,1663.02,2023-11-24,Refunded,AED,76YO60F0EA86,Adyen
PAY200646,ORD100894,CUST00564,PayPal,2462.77,2024-05-22,Completed,GBP,QCCGZDN5V38N,Razorpay
PAY200647,ORD101176,CUST00823,Credit Card,1186.7,2023-04-19,Failed,GBP,T0Z85PRCPKFD,Square
PAY200648,ORD100465,CUST00033,Net Banking,782.13,2022-12-28,Failed,AED,02WY0UFBC16L,PayPal
PAY200649,ORD101114,CUST00517,Credit Card,212.25,2023-10-10,Completed,SGD,HK10IO1AR1ZG,Adyen
PAY200650,ORD100108,CUST00003,UPI,-2909.31,2025-01-11,Completed,AED,1JQQXF2A8JC3,PayPal
PAY200651,ORD101274,CUST00174,Cash on Delivery,2781.41,2023-04-04,Pending,SGD,0DX4NTQVNMD8,Razorpay
PAY200652,ORD101152,CUST00245,Credit Card,201.11,2022-05-22,Failed,GBP,6V1VTIXRH6KR,Square
PAY200653,ORD101233,CUST00731,Credit Card,4092.28,2023-09-07,Refunded,GBP,Z2K9MF0U7NAR,Paytm
PAY200654,ORD100755,CUST00007,Debit Card,2903.92,2024-03-13,Completed,AED,TXPXZQU3O193,Adyen
PAY200655,ORD100784,CUST00807,Credit Card,3711.1,2022-05-13,Refunded,SGD,4AE952PAXV4A,Square
PAY200656,ORD100137,CUST00670,Cash on Delivery,2363.4,2022-04-11,Pending,INR,ROGA72YSQRRB,PayPal
PAY200657,ORD101374,CUST00603,PayPal,2347.52,2024-02-29,Pending,USD,DMX1VOP8QW8N,Adyen
PAY200658,ORD101152,CUST00703,,604.74,2025-04-29,Pending,INR,B56EHO40U0QK,Square
PAY200659,ORD101372,CUST00625,Credit Card,914.8,2022-04-02,Refunded,GBP,DQJ3SXGTT0RR,Square
PAY200660,ORD_GHOST_7,CUST00289,Debit Card,-2520.67,2025-05-28,INVALID_STATUS,XYZ,7Y8XLTNVV1GF,Stripe
PAY200661,ORD100164,CUST00627,UPI,1040.73,2024-02-18,Refunded,SGD,ENRUU8UHIBWI,Square
PAY200662,ORD100979,CUST00571,Bank Transfer,1122.91,2023-10-20,Refunded,SGD,E20RILLPGEY1,Paytm
PAY200663,ORD100519,CUST00492,Debit Card,2545.7,2022-08-21,Pending,AED,VXH0EI92EHPQ,Paytm
PAY200664,ORD100687,CUST00009,Bank Transfer,3976.42,2025-03-08,Failed,AED,N1XL8YRR4CKC,Razorpay
PAY200665,ORD101370,CUST00309,Debit Card,1097.83,2023-10-16,Failed,INR,SZCLM4F8FWS0,Razorpay
PAY200666,ORD100779,CUST00606,Net Banking,3524.06,2024-02-04,Failed,AED,GWHUON3QASLA,Square
PAY200667,ORD100557,CUST00234,Bank Transfer,3881.35,2025-04-01,Failed,GBP,2CZAFR0RWM4F,Stripe
PAY200668,ORD100218,CUST00872,PayPal,2646.63,2022-05-26,Refunded,SGD,6WE815VN8LT2,Adyen
PAY200669,ORD100158,CUST00104,Credit Card,491.3,2024-10-19,Pending,GBP,QOX54K7YNK76,PayPal
PAY200670,ORD100852,CUST00167,Credit Card,-66.07,2022-12-31,Pending,GBP,Z2WZFIKR41IK,PayPal
PAY200671,ORD100788,CUST00393,Cash on Delivery,4569.69,2023-11-29,Failed,AED,YZBB27S9BU1D,Razorpay
PAY200672,ORD100690,CUST00137,,419.07,2022-06-24,Pending,USD,,PayPal
PAY200673,ORD100552,CUST00125,Net Banking,999.14,2023-02-08,Refunded,GBP,0AS9V7LP1LEX,Stripe
PAY200674,ORD101365,CUST00383,Debit Card,3648.78,2025-01-28,Completed,GBP,G2VG35XDKU6J,Stripe
PAY200675,ORD100594,CUST00113,Debit Card,1457.01,2022-06-22,Failed,AED,6UUKGLAEFZDK,Stripe
PAY200676,ORD100311,CUST00053,Bank Transfer,3115.44,2024-11-02,Failed,GBP,P9SSOWTYFG2E,Adyen
PAY200677,ORD100789,CUST00469,PayPal,4440.23,2023-11-01,Completed,AED,LJXE6L2ZUADG,Square
PAY200678,ORD100644,CUST00141,Net Banking,1127.76,2024-01-06,Pending,INR,KT790F00JGO4,Adyen
PAY200679,ORD100497,CUST00800,UPI,832.59,2022-10-13,Pending,GBP,FTPBQNLE7H97,Adyen
PAY200680,ORD_GHOST_9,CUST00770,Bank Transfer,-2699.55,2024-05-23,Refunded,AED,K8Z6R5CQM24B,Razorpay
PAY200681,ORD100447,CUST00716,Cash on Delivery,227.19,2024-01-29,Completed,USD,Y31ZR7KQ9MGM,Stripe
PAY200682,ORD100894,CUST00763,PayPal,4063.57,2024-12-25,INVALID_STATUS,SGD,G9P01ZULGTDT,Square
PAY200683,ORD101180,CUST00196,Bank Transfer,4543.79,2023-01-28,Pending,AED,TPA50BG5M61I,Square
PAY200684,ORD101257,CUST00617,Credit Card,1867.72,2023-04-27,Completed,AED,YVYXLLQCAQ4X,Paytm
PAY200685,ORD100981,CUST00384,PayPal,80.34,2025-02-17,Failed,SGD,KUW6HMNO8ECT,Stripe
PAY200686,ORD100666,CUST00593,,1824.09,2025-06-05,Failed,SGD,KM0FNLD33Z0W,PayPal
PAY200687,ORD100602,CUST00099,Bank Transfer,2930.08,2023-03-03,Failed,USD,7Z7AOLDI47I1,Adyen
PAY200688,ORD101239,CUST00011,Bank Transfer,4716.77,2023-11-18,Completed,GBP,CI56FJPZ42Q8,Stripe
PAY200689,ORD100406,CUST00846,Bank Transfer,3408.23,2023-03-20,Completed,INR,SP553XUI8LPY,Adyen
PAY200690,ORD100655,CUST00899,Credit Card,-738.19,2022-09-03,Pending,AED,08P1R3CL4H9D,Stripe
PAY200691,ORD101095,CUST00516,Credit Card,2043.61,2023-05-09,Refunded,GBP,2UJ3A3TSAZK8,Adyen
PAY200692,ORD100189,CUST00694,Debit Card,235.3,2022-04-02,Completed,SGD,FCJTQEJPPTTX,Adyen
PAY200693,ORD100392,CUST00189,PayPal,3809.47,2023-07-31,Refunded,XYZ,HEAGLRHHKDOC,Stripe
PAY200694,ORD100042,CUST00302,Credit Card,4225.1,2022-01-04,Completed,GBP,DEMM0UEZ19YE,Razorpay
PAY200695,ORD101222,CUST00366,Debit Card,2145.15,2024-08-08,Completed,AED,N2Z2V17TZ63R,Paytm
PAY200696,ORD100896,CUST00380,PayPal,4330.6,2023-03-22,Refunded,AED,XEHTTUWX2BSI,PayPal
PAY200697,ORD100739,CUST00120,UPI,2955.3,2023-10-16,Refunded,SGD,3D0Q0KT6B8UO,PayPal
PAY200698,ORD101387,CUST00042,UPI,1277.48,2022-08-08,Refunded,GBP,SW6D9WIOFNKL,Razorpay
PAY200699,ORD100482,CUST00598,Bank Transfer,954.37,2022-06-16,Failed,GBP,BOS46A908CMQ,Adyen
PAY200700,ORD_GHOST_4,CUST00191,,-323.09,2023-12-11,Failed,GBP,1YJ74Q7SVOQ8,Square
PAY200701,ORD101101,CUST00822,Bank Transfer,2959.7,2022-12-04,Pending,USD,1BB2YAJ1WR89,Razorpay
PAY200702,ORD100604,CUST00413,UPI,572.97,2024-06-27,Refunded,SGD,Y6K7AYLPRSJJ,Paytm
PAY200703,ORD100258,CUST00789,Credit Card,1497.11,2024-10-16,Failed,SGD,TQEAEQ2IFQBK,PayPal
PAY200704,ORD100459,CUST00805,Debit Card,3785.85,2024-08-07,INVALID_STATUS,GBP,4X1UWR6V3CH1,PayPal
PAY200705,ORD100466,CUST00526,Net Banking,4913.93,2024-08-08,Pending,GBP,OUKA4E7YCS1K,Razorpay
PAY200706,ORD100506,CUST00086,Bank Transfer,4079.65,2024-01-02,Refunded,GBP,D2FNC3CII1J0,Razorpay
PAY200707,ORD100725,CUST00391,UPI,4040.02,2024-08-18,Completed,GBP,HEDXFE3JWE46,Adyen
PAY200708,ORD100281,CUST00029,Credit Card,1926.94,2024-09-28,Pending,AED,XH2MECYJXP7X,Razorpay
PAY200709,ORD100748,CUST00836,Bank Transfer,1040.82,2023-06-28,Pending,GBP,1E3DYYWZL0OZ,Square
PAY200710,ORD100563,CUST00872,Debit Card,-4143.8,2023-10-07,Refunded,GBP,TFTZWCD4U4LB,Razorpay
PAY200711,ORD100273,CUST00200,PayPal,1769.32,2024-01-29,Pending,GBP,SY80W5GSM7RB,Paytm
PAY200712,ORD101363,CUST00521,Cash on Delivery,485.75,2024-07-12,Pending,GBP,J2KEGZRRJ2JO,Square
PAY200713,ORD100502,CUST00035,Cash on Delivery,1565.29,2023-08-02,Completed,USD,PNTSEKP8YNNH,Paytm
PAY200714,ORD101215,CUST00234,,3936.53,2025-02-25,Failed,AED,,Paytm
PAY200715,ORD100123,CUST00588,Cash on Delivery,4177.61,2025-06-12,Pending,INR,40QPF8M72ZKE,Paytm
PAY200716,ORD100116,CUST00223,Bank Transfer,701.9,2022-05-01,Pending,SGD,KYV7JJFUMYID,Paytm
PAY200717,ORD101211,CUST00271,UPI,2871.05,2023-06-22,Failed,SGD,Z6ZMQSEQGDZK,Adyen
PAY200718,ORD101349,CUST00821,PayPal,761.45,2022-08-07,Pending,INR,47KAH8OXENQ7,PayPal
PAY200719,ORD100062,CUST00785,UPI,3348.26,2022-03-24,Refunded,GBP,XDFNS88M7Z2T,Square
PAY200720,ORD_GHOST_2,CUST00039,Bank Transfer,-2410.3,2023-08-21,Failed,SGD,M2798P7PRJHH,Adyen
PAY200721,ORD100542,CUST00223,Cash on Delivery,4557.74,2023-04-15,Refunded,INR,0EP8V1UC8EAN,Paytm
PAY200722,ORD100903,CUST00775,Debit Card,867.41,2023-06-12,Failed,SGD,N5XN23HRNMI8,PayPal
PAY200723,ORD100371,CUST00005,Debit Card,2823.56,2025-02-19,Completed,SGD,QB39BW4Q46DE,Paytm
PAY200724,ORD100394,CUST00282,PayPal,4709.64,2023-09-30,Failed,USD,61YQ6NX6AFTA,Square
PAY200725,ORD100120,CUST00484,PayPal,796.18,2022-02-26,Refunded,USD,57EV1KGVXLOB,Razorpay
PAY200726,ORD100429,CUST00078,Cash on Delivery,4073.66,2025-06-25,INVALID_STATUS,XYZ,EM2BGA7SCPAV,Stripe
PAY200727,ORD100952,CUST00345,Credit Card,108.35,2023-07-27,Pending,USD,BSTRMZRMT8AM,Stripe
PAY200728,ORD100621,CUST00344,,263.32,2025-06-20,Refunded,INR,6OWYEGPMTE1E,PayPal
PAY200729,ORD100462,CUST00667,Credit Card,2789.54,2023-10-26,Failed,AED,FRNX7VHUKP58,Paytm
PAY200730,ORD100919,CUST00263,PayPal,-4844.83,2024-06-23,Refunded,SGD,S4768TQW8DO3,Paytm
PAY200731,ORD100937,CUST00657,UPI,798.62,2024-05-28,Completed,SGD,QIUT6HRCFU5D,Adyen
PAY200732,ORD100544,CUST00365,PayPal,3395.15,2025-05-08,Pending,GBP,99PAPKRVOCSQ,Paytm
PAY200733,ORD101187,CUST00183,Debit Card,4929.46,2025-04-22,Completed,INR,Y8F881EN699F,Razorpay
PAY200734,ORD100009,CUST00028,Net Banking,2785.2,2023-12-01,Failed,SGD,EIZG1NAT0A57,Square
PAY200735,ORD100435,CUST00418,Bank Transfer,3284.15,2022-04-05,Pending,USD,H6C6IWMGVL0T,Square
PAY200736,ORD101391,CUST00617,Cash on Delivery,4989.93,2024-06-27,Refunded,USD,02PAJN32IQ92,Adyen
PAY200737,ORD101210,CUST00082,UPI,3661.38,2024-09-26,Failed,INR,NPXW4NSZP566,Adyen
PAY200738,ORD101003,CUST00820,Bank Transfer,1540.2,2022-01-13,Failed,GBP,94PEF10LJRNI,Stripe
PAY200739,ORD100513,CUST00112,PayPal,3642.68,2025-05-22,Refunded,INR,PZYGWEZUV263,Razorpay
PAY200740,ORD_GHOST_1,CUST00322,Credit Card,-2837.78,2022-02-18,Refunded,USD,H8XAZ8J2P7RN,Adyen
PAY200741,ORD100544,CUST00114,Bank Transfer,3683.74,2024-08-09,Refunded,AED,ALT4U6O3LPO7,Adyen
PAY200742,ORD100921,CUST00770,,4082.21,2024-02-02,Refunded,AED,N5ROUES0MXVL,PayPal
PAY200743,ORD100378,CUST00073,UPI,2480.51,2022-05-08,Refunded,SGD,EURFM0FACZNB,Square
PAY200744,ORD100348,CUST00610,Cash on Delivery,4143.0,2024-08-15,Pending,SGD,PYBNRK4PVI2D,Razorpay
PAY200745,ORD100113,CUST00199,PayPal,490.36,2023-01-24,Pending,INR,36DE5JAMSLSL,Razorpay
PAY200746,ORD100592,CUST00365,Credit Card,809.72,2024-03-15,Failed,USD,JOQJQ8HCQUTX,Paytm
PAY200747,ORD100182,CUST00673,Net Banking,1245.6,2023-12-16,Refunded,SGD,P5XH4ZUZ0PJQ,Square
PAY200748,ORD100288,CUST00335,Credit Card,4725.53,2024-03-03,INVALID_STATUS,SGD,WUD30E47LQZG,Razorpay
PAY200749,ORD100805,CUST00821,UPI,4432.36,2025-01-04,Pending,AED,SNE8QPU45B3A,Adyen
PAY200750,ORD101012,CUST00833,Bank Transfer,-431.54,2022-04-30,Failed,INR,4G8QDE12WUW6,Adyen
PAY200751,ORD100783,CUST00176,Net Banking,4139.99,2023-07-09,Pending,INR,BOPH2V9MSK0N,PayPal
PAY200752,ORD100492,CUST00690,Credit Card,2715.38,2023-07-21,Pending,USD,XL7VSKY6C5TG,PayPal
PAY200753,ORD100100,CUST00500,Cash on Delivery,1436.1,2022-01-30,Pending,INR,7S4X5VQFJK2D,Square
PAY200754,ORD100024,CUST00480,Debit Card,2446.87,2025-02-15,Pending,GBP,ZI71RWHPMPCE,PayPal
PAY200755,ORD100974,CUST00231,PayPal,1720.89,2023-09-27,Completed,GBP,QD6OD6IH10EJ,Paytm
PAY200756,ORD100104,CUST00853,,737.24,2022-05-22,Completed,USD,,PayPal
PAY200757,ORD100914,CUST00485,Credit Card,985.27,2025-03-03,Pending,SGD,55H7YD9MIZNQ,Stripe
PAY200758,ORD100589,CUST00822,Net Banking,944.76,2022-07-03,Pending,INR,B7OXYVBZ4GJH,PayPal
PAY200759,ORD100594,CUST00258,Bank Transfer,1090.81,2022-11-25,Refunded,XYZ,DFY9ZWQF78OS,PayPal
PAY200760,ORD_GHOST_2,CUST00473,Net Banking,-2567.63,2024-11-04,Failed,AED,DVHTNBBBCPWF,Square
PAY200761,ORD100868,CUST00661,UPI,4788.83,2024-07-02,Failed,AED,NORTLQBK2WHZ,Paytm
PAY200762,ORD100724,CUST00665,Cash on Delivery,3955.31,2024-04-26,Failed,USD,M00LQRL9C9N2,Paytm
PAY200763,ORD100810,CUST00583,Bank Transfer,3389.37,2024-01-06,Failed,SGD,O2A2X17ZQLG4,Adyen
PAY200764,ORD100557,CUST00529,Credit Card,1318.62,2022-10-14,Completed,SGD,F8EDJM7W4HXI,Paytm
PAY200765,ORD100846,CUST00047,Debit Card,1401.43,2023-08-07,Refunded,GBP,HG4BC2FVFA2N,Razorpay
PAY200766,ORD100637,CUST00688,Debit Card,991.45,2022-11-09,Failed,USD,D9Y7U6UA2YY3,Razorpay
PAY200767,ORD101235,CUST00056,PayPal,4609.68,2024-08-16,Pending,GBP,1OYA8PFKPOVY,Razorpay
PAY200768,ORD100883,CUST00701,Bank Transfer,4106.93,2025-03-03,Failed,INR,SS506ALUMWFR,Razorpay
PAY200769,ORD100772,CUST00390,Debit Card,2849.55,2022-10-27,Pending,GBP,Q3RWK3OTZZRB,Adyen
PAY200770,ORD100553,CUST00479,,-925.34,2023-05-09,INVALID_STATUS,AED,ODM7K0NT95OS,Square
PAY200771,ORD100790,CUST00776,Bank Transfer,3707.17,2024-11-30,Refunded,SGD,8JJ6JAI71YWD,Paytm
PAY200772,ORD101273,CUST00725,Debit Card,1653.85,2022-06-27,Failed,GBP,BUTZIDIAO0JP,Stripe
PAY200773,ORD100276,CUST00661,Net Banking,4171.27,2023-02-21,Refunded,SGD,8I8TA15F2CHS,PayPal
PAY200774,ORD100369,CUST00032,Debit Card,79.22,2022-11-10,Completed,GBP,FCH3O1HC1VGG,Stripe
PAY200775,ORD100375,CUST00251,Net Banking,654.86,2025-05-03,Refunded,INR,BEWV68D1RL6Z,Stripe
PAY200776,ORD100015,CUST00716,Bank Transfer,78.23,2022-08-04,Completed,AED,NM8H174TJH56,Paytm
PAY200777,ORD100232,CUST00382,UPI,4570.07,2023-10-03,Refunded,GBP,PEQW6YQEF864,Stripe
PAY200778,ORD100095,CUST00639,Credit Card,1225.21,2024-11-30,Pending,GBP,WUE4GNYA55HJ,Stripe
PAY200779,ORD101118,CUST00240,Debit Card,737.22,2023-12-19,Refunded,AED,FF55DEPU0F80,Razorpay
PAY200780,ORD_GHOST_14,CUST00396,Credit Card,-2495.83,2022-02-24,Completed,AED,QD29Q3T08ALL,Square
PAY200781,ORD100813,CUST00896,Net Banking,1320.12,2022-12-13,Refunded,INR,2GBUDY7MXA8A,Razorpay
PAY200782,ORD100158,CUST00623,Credit Card,2633.43,2022-06-02,Failed,USD,Q2AJLTORC2SP,Square
PAY200783,ORD101007,CUST00051,Bank Transfer,3682.49,2025-02-19,Pending,USD,XOX3MSLZARFG,Adyen
PAY200784,ORD101218,CUST00454,,1249.75,2022-10-09,Pending,SGD,A4TIAD1CGA64,Square
PAY200785,ORD100063,CUST00075,Credit Card,4434.69,2025-05-06,Failed,USD,GBLCQZJ82ZQY,PayPal
PAY200786,ORD101107,CUST00361,PayPal,4698.84,2024-06-19,Refunded,SGD,U8WD62JC0VLK,Adyen
PAY200787,ORD100164,CUST00253,Credit Card,2734.92,2024-12-03,Completed,USD,D143MO2OP6VM,PayPal
PAY200788,ORD101156,CUST00409,Net Banking,3702.08,2022-07-17,Completed,SGD,FDPL7R81B5XT,PayPal
PAY200789,ORD100716,CUST00236,Cash on Delivery,1561.4,2024-10-30,Pending,AED,QE50C7WXGJUR,Razorpay
PAY200790,ORD100738,CUST00726,Net Banking,-2535.05,2022-12-24,Pending,SGD,V8H0Z6WF6B3I,Square
PAY200791,ORD100821,CUST00682,Cash on Delivery,2147.26,2025-05-26,Failed,AED,KKEQVI0OYEIC,Adyen
PAY200792,ORD101132,CUST00427,Debit Card,3324.49,2024-04-09,INVALID_STATUS,XYZ,I953467WCDPI,Stripe
PAY200793,ORD100238,CUST00269,Credit Card,3471.22,2022-09-30,Failed,AED,YJYM9OO2TP5H,Paytm
PAY200794,ORD100065,CUST00291,UPI,1415.89,2024-01-16,Completed,GBP,H57DDM6J9LXG,Stripe
PAY200795,ORD101293,CUST00568,Debit Card,2680.82,2023-09-05,Failed,AED,IDNFE9O1XGJN,Razorpay
PAY200796,ORD101201,CUST00611,Debit Card,4398.29,2024-06-24,Failed,AED,0LXWTR1UEIAQ,Stripe
PAY200797,ORD100534,CUST00378,Cash on Delivery,4908.78,2022-06-04,Pending,GBP,RU76B83UJ09A,Square
PAY200798,ORD100187,CUST00144,,1292.42,2023-09-07,Refunded,SGD,,Square
PAY200799,ORD100797,CUST00117,Cash on Delivery,3640.7,2024-02-13,Refunded,INR,06V5F4C6VZBM,Paytm
PAY200800,ORD_GHOST_1,CUST00870,Credit Card,-3875.08,2024-06-15,Failed,SGD,ADFA0GOAJB6R,Square
PAY200801,ORD101271,CUST00555,Debit Card,2107.34,2024-11-13,Pending,USD,7COC0WKN4W1W,Adyen
PAY200802,ORD100927,CUST00518,Credit Card,4381.73,2022-12-02,Completed,USD,KKJJAR4GZTPZ,PayPal
PAY200803,ORD101185,CUST00378,Bank Transfer,889.8,2023-10-22,Failed,AED,9XZH1R1SVBLR,Paytm
PAY200804,ORD101351,CUST00841,Cash on Delivery,3024.05,2024-12-30,Pending,AED,PALWBVV0TL13,Razorpay
PAY200805,ORD101166,CUST00058,Cash on Delivery,4877.44,2023-11-30,Refunded,USD,5T1WW8PAWHLQ,Paytm
PAY200806,ORD100035,CUST00498,Cash on Delivery,1666.93,2022-06-17,Pending,USD,CSEFELX6S5EJ,Square
PAY200807,ORD100600,CUST00063,Bank Transfer,2533.46,2025-05-27,Pending,GBP,OIFJI118L30P,Adyen
PAY200808,ORD100742,CUST00793,Debit Card,3881.64,2024-07-28,Refunded,GBP,U0000LG7703P,Square
PAY200809,ORD101311,CUST00053,Cash on Delivery,457.34,2024-10-04,Failed,INR,44VWGJY4P5HW,Paytm
PAY200810,ORD100521,CUST00695,PayPal,-4373.45,2025-02-28,Completed,INR,CISJPCJDUCEF,Square
PAY200811,ORD100655,CUST00482,Cash on Delivery,4450.27,2023-03-30,Failed,USD,ZH75NIFKCEPG,PayPal
PAY200812,ORD100121,CUST00524,,1803.13,2022-02-15,Pending,INR,JOCVSGFGNMV3,Adyen
PAY200813,ORD100447,CUST00709,Credit Card,2562.56,2023-08-11,Completed,AED,D5N9H32ISNKT,PayPal
PAY200814,ORD100511,CUST00430,Credit Card,3280.82,2024-05-30,INVALID_STATUS,USD,W7DQTBF6BIO0,Adyen
PAY200815,ORD100846,CUST00511,Net Banking,4700.74,2024-08-07,Pending,AED,M8NMKWCJ8DL4,PayPal
PAY200816,ORD100413,CUST00367,Credit Card,3869.01,2022-08-16,Completed,INR,NHLH3T0EYG8C,PayPal
PAY200817,ORD101390,CUST00764,Bank Transfer,4917.82,2023-09-30,Failed,GBP,0BANAE2APZL9,Adyen
PAY200818,ORD100608,CUST00314,Net Banking,4084.08,2024-09-04,Pending,USD,76PK90JEZ4UI,Razorpay
PAY200819,ORD101194,CUST00289,UPI,315.72,2025-03-06,Refunded,INR,MYF01NWQ1FTT,Square
PAY200820,ORD_GHOST_12,CUST00573,PayPal,-3032.8,2022-06-23,Failed,SGD,MCYMU0ZJ4O99,Paytm
PAY200821,ORD100514,CUST00786,Cash on Delivery,1641.08,2023-05-03,Completed,USD,J8G5950NTLRA,Stripe
PAY200822,ORD101028,CUST00603,PayPal,2376.13,2024-09-26,Failed,USD,EYN70W1PFXMB,Razorpay
PAY200823,ORD101031,CUST00715,Bank Transfer,187.9,2023-09-27,Completed,AED,RZ3RJ4BIOHK0,Square
PAY200824,ORD101265,CUST00131,Net Banking,4019.36,2022-06-29,Failed,GBP,R4RKGS75511R,Square
PAY200825,ORD100693,CUST00093,Net Banking,4799.39,2022-04-17,Refunded,XYZ,7CMQYNOO4O96,Stripe
PAY200826,ORD101158,CUST00246,,2131.86,2023-05-05,Failed,AED,XM5LZE6HVOGE,PayPal
PAY200827,ORD100152,CUST00524,PayPal,785.52,2024-03-19,Refunded,USD,VCFZ6Q0L4ZNR,PayPal
PAY200828,ORD101076,CUST00494,Bank Transfer,2876.79,2024-11-05,Refunded,INR,DPIMRBZN59GM,Square
PAY200829,ORD100160,CUST00433,Credit Card,1289.68,2023-04-27,Completed,INR,RO71DO91D35I,Adyen
PAY200830,ORD101334,CUST00018,Bank Transfer,-4192.43,2024-01-14,Failed,INR,3A2GAGPH0RNW,PayPal
PAY200831,ORD100340,CUST00785,Cash on Delivery,3059.53,2023-09-26,Completed,USD,254ZH0QA1LSZ,PayPal
PAY200832,ORD100780,CUST00212,Debit Card,3753.34,2023-10-28,Pending,GBP,4CUYF84TYP3Z,Square
PAY200833,ORD100674,CUST00518,Debit Card,3347.67,2024-04-25,Completed,SGD,M785ZD7SCRV3,Razorpay
PAY200834,ORD101305,CUST00401,Debit Card,2148.3,2024-03-16,Refunded,SGD,KGCIO4UKAHYV,Adyen
PAY200835,ORD100354,CUST00684,Credit Card,3336.9,2023-07-24,Pending,AED,NMYXDHZ0EY8L,Paytm
PAY200836,ORD100200,CUST00597,Cash on Delivery,3175.23,2022-04-08,INVALID_STATUS,USD,NSTQCZ1LK4KT,Stripe
PAY200837,ORD101025,CUST00365,PayPal,841.87,2025-05-12,Pending,SGD,SGAZLJQRJDOD,PayPal
PAY200838,ORD100902,CUST00424,PayPal,4203.77,2022-10-09,Pending,INR,Z2N4XXZU368U,Square
PAY200839,ORD100539,CUST00595,Bank Transfer,3904.55,2023-01-24,Failed,GBP,Q495C57TPWA0,Stripe
PAY200840,ORD_GHOST_11,CUST00597,,-4261.54,2024-01-23,Failed,AED,,Stripe
PAY200841,ORD101186,CUST00799,Bank Transfer,1459.65,2022-11-12,Refunded,USD,OD1YOZRB7EYB,Razorpay
PAY200842,ORD101298,CUST00730,Credit Card,1112.59,2025-01-29,Completed,INR,A6WOR9P7HPKJ,Razorpay
PAY200843,ORD100768,CUST00371,Net Banking,2131.61,2022-01-02,Completed,SGD,WAO4RK5GORLO,Paytm
PAY200844,ORD100412,CUST00616,UPI,1257.74,2024-03-14,Completed,SGD,89JPTT0IX1SS,Square
PAY200845,ORD100255,CUST00060,Debit Card,4256.68,2023-11-08,Completed,INR,82P5EJRSBBLB,Stripe
PAY200846,ORD100185,CUST00799,Cash on Delivery,1504.71,2022-09-08,Failed,SGD,21AA6Y87QS7J,Paytm
PAY200847,ORD100474,CUST00646,UPI,1579.7,2024-10-13,Pending,AED,1IU8TJHULURS,Razorpay
PAY200848,ORD100223,CUST00206,UPI,4797.33,2023-12-19,Pending,SGD,WXZMCD6XHMK0,Square
PAY200849,ORD100601,CUST00171,Credit Card,3326.07,2023-08-02,Pending,GBP,UW0V0I1ITQPQ,Paytm
PAY200850,ORD100074,CUST00648,Cash on Delivery,-1966.85,2022-12-05,Failed,USD,623AHW9TTKYX,Stripe
PAY200851,ORD101081,CUST00103,Debit Card,2577.14,2024-04-14,Pending,SGD,XW53ZG1IGAE7,Square
PAY200852,ORD100163,CUST00565,Debit Card,1662.23,2023-04-01,Completed,USD,3SCPQ4RV923U,Square
PAY200853,ORD100276,CUST00782,Credit Card,215.18,2023-04-12,Pending,SGD,89LPBS1GYAPN,Paytm
PAY200854,ORD101085,CUST00494,,598.28,2022-12-14,Refunded,INR,NM5C7K4RJNYL,Razorpay
PAY200855,ORD100926,CUST00365,Net Banking,3839.31,2023-12-29,Failed,GBP,Y8SF4FP4V8Z3,PayPal
PAY200856,ORD100213,CUST00781,UPI,4631.18,2022-08-18,Refunded,AED,62TMLP0RBNX1,Square
PAY200857,ORD100018,CUST00624,Bank Transfer,2745.75,2024-10-29,Pending,USD,4IPZGRSPIW06,Paytm
PAY200858,ORD100415,CUST00705,Cash on Delivery,1243.17,2023-02-28,INVALID_STATUS,XYZ,K8MKLBC55047,Adyen
PAY200859,ORD100273,CUST00413,Credit Card,1002.27,2025-01-18,Pending,INR,8906QNX0OF7S,Adyen
PAY200860,ORD_GHOST_6,CUST00594,Net Banking,-4680.85,2023-05-29,Refunded,INR,89WAYM9Q11ZO,Stripe
PAY200861,ORD101168,CUST00889,Cash on Delivery,986.59,2022-09-09,Pending,INR,08D287ZF1A79,Paytm
PAY200862,ORD100379,CUST00357,UPI,1241.23,2025-04-02,Completed,SGD,MMK4WL656D1B,Razorpay
PAY200863,ORD100710,CUST00412,Debit Card,1162.06,2023-02-20,Pending,AED,RLKWLQ3TNPP2,Square
PAY200864,ORD100894,CUST00670,Debit Card,739.44,2023-02-03,Failed,USD,SGT6LKWKNYS5,Square
PAY200865,ORD100358,CUST00216,Cash on Delivery,150.41,2022-12-15,Failed,SGD,PS2XO7XOCHAT,Paytm
PAY200866,ORD100085,CUST00106,Debit Card,2371.99,2024-03-18,Completed,INR,8ZOVS32YKCD3,Razorpay
PAY200867,ORD100520,CUST00874,Cash on Delivery,3277.39,2023-04-01,Completed,INR,7C8DO1P98SNL,Stripe
PAY200868,ORD100594,CUST00769,,63.17,2023-11-10,Refunded,INR,FUC4WSSCN9OB,Adyen
PAY200869,ORD100123,CUST00188,UPI,4338.21,2022-01-13,Refunded,SGD,ADJXH3W6Z6EL,Stripe
PAY200870,ORD100048,CUST00427,PayPal,-1974.86,2024-10-03,Failed,GBP,95H36PCGYFHS,Razorpay
PAY200871,ORD100709,CUST00273,Net Banking,3725.55,2022-01-29,Completed,USD,XAQGSAIX9W04,Paytm
PAY200872,ORD100910,CUST00097,Debit Card,1300.28,2023-11-27,Pending,INR,1RCQ1M0CU2TF,Square
PAY200873,ORD100364,CUST00161,PayPal,78.64,2023-01-04,Completed,GBP,2GS4YE45TE3P,Paytm
PAY200874,ORD100340,CUST00343,Cash on Delivery,4826.06,2023-11-02,Completed,AED,09E0VIVII81N,Adyen
PAY200875,ORD100344,CUST00499,Cash on Delivery,1290.48,2024-03-24,Pending,INR,USKB6884ROJV,Square
PAY200876,ORD100544,CUST00159,Cash on Delivery,4222.73,2025-02-25,Failed,SGD,AIAOJDUX3VBL,Stripe
PAY200877,ORD100681,CUST00059,Bank Transfer,3782.05,2023-07-12,Refunded,USD,MALU6QGCBJJU,Razorpay
PAY200878,ORD101163,CUST00110,Credit Card,3474.48,2024-08-23,Refunded,GBP,4AHJOYSJ8OYR,Razorpay
PAY200879,ORD100980,CUST00301,Net Banking,3914.63,2025-05-11,Refunded,AED,8PHNCK5QDADA,Paytm
PAY200880,ORD_GHOST_8,CUST00609,UPI,-1092.99,2022-11-12,INVALID_STATUS,SGD,YVKLU1EAO1L9,PayPal
PAY200881,ORD100271,CUST00707,PayPal,4594.25,2024-05-07,Failed,SGD,7H0POSQF4TII,Paytm
PAY200882,ORD100548,CUST00161,,3068.58,2024-11-21,Pending,USD,,Square
PAY200883,ORD100958,CUST00243,Credit Card,1486.88,2022-03-03,Completed,GBP,WV4K9JRYX4B1,Square
PAY200884,ORD100081,CUST00590,PayPal,4915.51,2024-07-28,Completed,SGD,L3O4U8IN2BHY,Stripe
PAY200885,ORD100702,CUST00482,PayPal,1067.69,2024-04-02,Completed,USD,S0KDY8LWKHRZ,Razorpay
PAY200886,ORD100213,CUST00702,Net Banking,2539.16,2024-11-02,Refunded,USD,YP7VNSGOLCBT,PayPal
PAY200887,ORD100900,CUST00570,Net Banking,4590.13,2024-05-09,Completed,INR,N3YTC84VE41W,Square
PAY200888,ORD101042,CUST00376,UPI,4563.39,2022-12-04,Completed,SGD,5ATDZYUMNQIZ,PayPal
PAY200889,ORD100439,CUST00467,Credit Card,4501.05,2023-02-21,Failed,GBP,U8A3PWJT7D0A,Stripe
PAY200890,ORD100556,CUST00038,Net Banking,-3932.5,2024-01-27,Completed,INR,I5E0L1Q9RVSF,Adyen
PAY200891,ORD101150,CUST00516,Bank Transfer,3325.53,2023-11-08,Failed,XYZ,QHJ9ZU0F5E47,Paytm
PAY200892,ORD100399,CUST00832,UPI,2084.69,2023-10-21,Refunded,GBP,S44Z78IY664L,Square
PAY200893,ORD100292,CUST00364,Credit Card,3255.42,2025-04-23,Refunded,AED,QUHO1DKIAC7M,Stripe
PAY200894,ORD100095,CUST00301,Net Banking,648.54,2022-07-23,Refunded,AED,QF1ADFQ90QPH,PayPal
PAY200895,ORD100018,CUST00421,Debit Card,4373.06,2023-08-29,Refunded,INR,UVAKSWRZQE54,Paytm
PAY200896,ORD100070,CUST00148,,3704.3,2023-10-01,Completed,AED,X9ULLP5EP3NQ,Square
PAY200897,ORD100322,CUST00670,Net Banking,271.78,2023-02-23,Completed,AED,YDZZB3OCJZ5Q,Stripe
PAY200898,ORD100276,CUST00159,Cash on Delivery,3975.17,2022-04-24,Refunded,AED,POLXL0GF8E59,PayPal
PAY200899,ORD100453,CUST00343,PayPal,1157.13,2022-12-08,Refunded,USD,QXN6I8BLIEN3,Square
PAY200900,ORD_GHOST_12,CUST00670,UPI,-2822.45,2023-08-31,Failed,GBP,EDEP9MNRN8WN,Square
PAY200901,ORD100816,CUST00545,UPI,2488.92,2023-07-01,Completed,INR,1MYU4ZVX7LOF,Paytm
PAY200902,ORD100504,CUST00322,Net Banking,2182.88,2022-03-13,INVALID_STATUS,GBP,XCD285Q8CVRS,Square
PAY200903,ORD100685,CUST00224,Net Banking,381.24,2022-12-20,Pending,GBP,1J5TAC9PFHJ1,Paytm
PAY200904,ORD100567,CUST00700,Debit Card,1914.7,2023-10-18,Refunded,GBP,I3EYJ5Q0S9AJ,Adyen
PAY200905,ORD100221,CUST00172,Credit Card,2935.15,2024-06-25,Failed,USD,1U5XI18T1500,Stripe
PAY200906,ORD100278,CUST00412,Cash on Delivery,2600.87,2024-09-25,Pending,USD,0SAS3VA46STJ,Razorpay
PAY200907,ORD100443,CUST00290,UPI,3576.37,2022-02-21,Completed,SGD,4EZBN8H8S3P2,Square
PAY200908,ORD100077,CUST00650,Cash on Delivery,962.67,2022-08-05,Pending,USD,DZUP68C65683,PayPal
PAY200909,ORD100295,CUST00518,PayPal,618.02,2023-12-12,Pending,AED,1B3JSU4VYLCG,Stripe
PAY200910,ORD101185,CUST00153,,-52.41,2023-04-04,Failed,AED,N8MZ51OR4SDA,Square
PAY200911,ORD101277,CUST00354,Debit Card,4254.36,2023-09-13,Refunded,GBP,XOMTF075G514,Stripe
PAY200912,ORD100966,CUST00152,Net Banking,4966.43,2025-02-05,Refunded,GBP,DGDH5N42RLOS,Stripe
PAY200913,ORD100661,CUST00876,Debit Card,2544.8,2025-03-26,Failed,USD,SNW74YRTU7EG,Paytm
PAY200914,ORD101253,CUST00393,Debit Card,1895.8,2025-06-09,Pending,GBP,XV38PFITCGM6,Stripe
PAY200915,ORD101090,CUST00211,Bank Transfer,3084.46,2025-05-28,Failed,GBP,WQU08F874ESD,Paytm
PAY200916,ORD101018,CUST00083,Net Banking,3405.82,2022-02-24,Pending,SGD,K5A0XUJINHD5,Adyen
PAY200917,ORD100577,CUST00714,Credit Card,1271.21,2022-05-30,Pending,INR,80ET4084W5PR,Adyen
PAY200918,ORD100526,CUST00482,Cash on Delivery,2436.25,2022-10-06,Completed,USD,C5KTSIQUO2XQ,Adyen
PAY200919,ORD100974,CUST00805,Bank Transfer,3123.32,2023-12-10,Pending,INR,50KEHIWEE5RQ,Razorpay
PAY200920,ORD_GHOST_7,CUST00468,Bank Transfer,-1298.66,2024-07-02,Failed,USD,FD2SMD7KL9IN,Square
PAY200921,ORD100471,CUST00597,Net Banking,4144.17,2024-12-30,Failed,INR,3A0YQ6W51IX2,PayPal
PAY200922,ORD100915,CUST00771,PayPal,2400.28,2024-02-25,Pending,SGD,GMEXF9LO4ZZR,PayPal
PAY200923,ORD100842,CUST00765,PayPal,4936.43,2024-07-15,Completed,SGD,9U2HO755LZ2L,Square
PAY200924,ORD100276,CUST00722,,4863.19,2022-08-24,INVALID_STATUS,XYZ,,Square
PAY200925,ORD100776,CUST00851,PayPal,1797.74,2025-02-26,Refunded,AED,UZTW32ATXAB0,Razorpay
PAY200926,ORD101033,CUST00837,PayPal,2068.61,2024-05-02,Completed,AED,GDRVD511UODZ,Adyen
PAY200927,ORD100028,CUST00680,Bank Transfer,2580.7,2022-01-04,Failed,GBP,SRGFG46K9Y8P,Adyen
PAY200928,ORD101350,CUST00132,Debit Card,3114.83,2024-11-23,Completed,GBP,EEQ0CX5J1IIP,PayPal
PAY200929,ORD101383,CUST00459,Net Banking,3415.24,2024-10-16,Pending,GBP,62E21TRBXAZV,Square
PAY200930,ORD100188,CUST00263,Credit Card,-55.0,2024-09-04,Pending,SGD,B2DXUB49OZO1,Adyen
PAY200931,ORD100559,CUST00486,Net Banking,800.23,2022-07-04,Completed,INR,KIOS320HMH74,Square
PAY200932,ORD100761,CUST00733,UPI,764.82,2024-01-13,Refunded,AED,RLA810XGYXKQ,Paytm
PAY200933,ORD100548,CUST00744,Debit Card,2105.23,2022-05-28,Refunded,USD,JZ2HO7DUG8PO,PayPal
PAY200934,ORD100523,CUST00229,PayPal,2921.47,2022-03-20,Failed,USD,W4O9HAXHF72B,Adyen
PAY200935,ORD100158,CUST00399,PayPal,1331.93,2024-07-01,Refunded,USD,54SD0N515YRW,Adyen
PAY200936,ORD101292,CUST00253,Debit Card,3041.54,2024-01-18,Refunded,INR,1VUTPQCMSV1R,Razorpay
PAY200937,ORD101203,CUST00620,Credit Card,1951.69,2025-05-16,Failed,GBP,ZG3RBEI13HES,Razorpay
PAY200938,ORD100964,CUST00835,,1346.01,2022-02-10,Completed,INR,PTTCRDEVCJZX,Stripe
PAY200939,ORD101209,CUST00362,Net Banking,3992.66,2022-06-24,Refunded,GBP,MVFYNETUY56H,Adyen
PAY200940,ORD_GHOST_2,CUST00787,PayPal,-781.82,2022-12-30,Pending,INR,MF4SRN6M6XK7,Paytm
PAY200941,ORD101077,CUST00681,UPI,1583.52,2024-10-18,Refunded,GBP,YLQFSDA8980B,Square
PAY200942,ORD100100,CUST00553,Bank Transfer,2426.91,2024-04-05,Failed,GBP,10MEATDUX63R,Paytm
PAY200943,ORD100532,CUST00260,PayPal,2522.76,2022-06-12,Pending,AED,T1TPGNWNL7I3,Paytm
PAY200944,ORD100566,CUST00762,Debit Card,2891.67,2023-04-14,Refunded,SGD,6F27P6SWCAHK,Square
PAY200945,ORD101308,CUST00511,Credit Card,1262.13,2023-10-04,Failed,INR,EKLWJEPW5XPV,PayPal
PAY200946,ORD100727,CUST00602,Net Banking,2459.72,2023-04-29,INVALID_STATUS,USD,U17UVD1RZNNW,Adyen
PAY200947,ORD101082,CUST00540,Cash on Delivery,1782.87,2024-07-11,Failed,SGD,0YMXNEEWT8J2,Square
PAY200948,ORD100799,CUST00067,Cash on Delivery,4598.15,2023-05-13,Failed,INR,MJRJPFFSSPN3,Square
PAY200949,ORD100166,CUST00562,Net Banking,3791.97,2024-11-29,Failed,GBP,R5T9EGVXBCVL,PayPal
PAY200950,ORD100232,CUST00449,PayPal,-1189.07,2023-10-22,Failed,GBP,B0CIKGO40Q9G,Razorpay
PAY200951,ORD100505,CUST00057,UPI,3885.14,2024-04-12,Pending,INR,N25N8L6VTU9F,Razorpay
PAY200952,ORD100245,CUST00609,,2046.53,2022-01-01,Refunded,SGD,RWWS4FZRG4PB,Paytm
PAY200953,ORD100933,CUST00225,Bank Transfer,2926.17,2024-11-21,Pending,AED,4OUX9SLMA5BX,PayPal
PAY200954,ORD100745,CUST00678,PayPal,279.53,2022-10-15,Refunded,INR,86080YAPIG8O,Razorpay
PAY200955,ORD100918,CUST00530,Net Banking,833.78,2023-08-17,Pending,USD,LKCMRCPHT102,Razorpay
PAY200956,ORD100569,CUST00821,Credit Card,3205.67,2025-02-07,Refunded,USD,9YKRZ1Y3N0MW,Razorpay
PAY200957,ORD100895,CUST00535,UPI,1123.78,2025-06-22,Completed,XYZ,09M24OOG2TLT,Square
PAY200958,ORD100921,CUST00801,Net Banking,189.06,2023-01-11,Failed,INR,Q5UFK8ULIDI5,Paytm
PAY200959,ORD100393,CUST00580,UPI,224.93,2024-12-19,Pending,USD,OJ7H4217PFTP,Adyen
PAY200960,ORD_GHOST_6,CUST00048,Net Banking,-4674.82,2024-08-30,Failed,GBP,UQI62K3L0W5R,Adyen
PAY200961,ORD100267,CUST00363,Credit Card,4887.24,2023-08-25,Pending,GBP,Y2TWSCW63TFM,Square
PAY200962,ORD100597,CUST00775,Bank Transfer,1830.96,2024-08-25,Pending,USD,SF7AKN207KIO,Stripe
PAY200963,ORD101071,CUST00688,Credit Card,638.47,2022-08-23,Failed,GBP,W8DXAJXMB5LT,Stripe
PAY200964,ORD101312,CUST00568,Bank Transfer,2956.45,2022-09-24,Refunded,USD,O6WBXL2WLX04,Adyen
PAY200965,ORD101036,CUST00042,Cash on Delivery,4605.56,2023-04-07,Refunded,INR,UOR5KLS0RSHM,PayPal
PAY200966,ORD101316,CUST00684,,960.69,2023-07-12,Refunded,AED,,Square
PAY200967,ORD101113,CUST00819,Bank Transfer,3696.38,2024-10-12,Pending,GBP,DAUDPUSQC38S,Stripe
PAY200968,ORD100815,CUST00417,Credit Card,4798.27,2025-02-22,INVALID_STATUS,USD,IWKVYTNDJJO9,PayPal
PAY200969,ORD100899,CUST00238,Debit Card,602.93,2023-12-17,Refunded,USD,EOSO1F15MR0V,PayPal
PAY200970,ORD101000,CUST00287,Credit Card,-1851.11,2025-02-11,Refunded,USD,QIH11DP6G73J,PayPal
PAY200971,ORD100917,CUST00090,Credit Card,4488.44,2023-11-13,Failed,GBP,1NPKMX0F6OV0,PayPal
PAY200972,ORD100526,CUST00089,Cash on Delivery,3316.31,2025-03-20,Completed,INR,73UJS3EV33PV,PayPal
PAY200973,ORD100337,CUST00320,Bank Transfer,4499.82,2024-08-31,Refunded,USD,ZRXEP46AGYGG,Razorpay
PAY200974,ORD100666,CUST00362,PayPal,1740.36,2022-06-26,Pending,INR,3PFDT75MCAYJ,Razorpay
PAY200975,ORD101287,CUST00371,UPI,3875.02,2024-09-12,Completed,GBP,OTWSJ57ZPQFG,PayPal
PAY200976,ORD100066,CUST00709,Debit Card,3336.6,2025-06-20,Refunded,SGD,70IOFIFOQ6PK,Square
PAY200977,ORD100687,CUST00519,PayPal,3977.79,2022-09-11,Failed,AED,TQZ1VFUJV2HR,Adyen
PAY200978,ORD101013,CUST00161,Net Banking,4941.54,2024-04-05,Failed,SGD,8AYIX6XHGGO6,Adyen
PAY200979,ORD100422,CUST00896,PayPal,581.15,2024-07-10,Completed,GBP,IBHYHHX2X5DA,Paytm
PAY200980,ORD_GHOST_6,CUST00287,,-2725.73,2022-01-24,Pending,AED,ECEVS40W58CM,Adyen
PAY200981,ORD100493,CUST00577,UPI,2445.92,2022-07-13,Refunded,INR,JDL2ANPS4INC,Paytm
PAY200982,ORD100077,CUST00145,Cash on Delivery,2081.47,2022-12-24,Pending,GBP,5RXE78D29F8P,Adyen
PAY200983,ORD100203,CUST00812,Credit Card,3892.93,2023-11-22,Refunded,INR,CTBLRWU7AEWS,Stripe
PAY200984,ORD101155,CUST00627,Debit Card,2414.19,2023-12-26,Refunded,SGD,O7BTPDO7YFKP,Razorpay
PAY200985,ORD100964,CUST00201,Credit Card,316.89,2024-07-17,Failed,INR,UHA6F6M2XG2R,Adyen
PAY200986,ORD100363,CUST00668,UPI,4681.95,2024-10-05,Failed,AED,WZ4WCGIELGV3,Razorpay
PAY200987,ORD100276,CUST00589,Cash on Delivery,2294.89,2022-12-24,Failed,GBP,BKYYT86R5KXS,Paytm
PAY200988,ORD100637,CUST00370,PayPal,3020.76,2024-07-19,Completed,USD,RW3G91HOVSRM,Adyen
PAY200989,ORD101330,CUST00375,Cash on Delivery,3259.2,2023-07-28,Failed,SGD,IRB5RQBU0E2D,Stripe
PAY200990,ORD100464,CUST00785,Bank Transfer,-1844.72,2025-04-18,INVALID_STATUS,XYZ,GI3NPPABLB5Y,Razorpay
PAY200991,ORD100669,CUST00191,Debit Card,85.32,2024-06-09,Pending,AED,BUCNJ1O7INK6,Razorpay
PAY200992,ORD100389,CUST00108,Credit Card,88.62,2024-08-31,Refunded,USD,VUL7JMDXUBC6,Stripe
PAY200993,ORD100011,CUST00862,Net Banking,4158.73,2023-11-13,Refunded,INR,WFPIVD2IGDXB,Adyen
PAY200994,ORD100380,CUST00826,,4645.85,2024-12-15,Refunded,AED,9BO0AKGG5PKX,Square
PAY200995,ORD100089,CUST00377,UPI,2380.55,2024-10-17,Pending,INR,ERY74R21F9LQ,Square
PAY200996,ORD101278,CUST00721,PayPal,4555.07,2024-12-09,Completed,AED,3TIRD5ECFJFZ,Square
PAY200997,ORD100638,CUST00374,Net Banking,4439.84,2024-05-02,Pending,USD,67P7Q4ZD6AOV,PayPal
PAY200998,ORD100650,CUST00671,Net Banking,314.85,2023-12-22,Completed,INR,J6X27O6QNH5E,Adyen
PAY200999,ORD100257,CUST00463,Cash on Delivery,1105.43,2023-03-30,Completed,SGD,WXQBILVM4JBU,Adyen
PAY201000,ORD_GHOST_12,CUST00873,UPI,-3267.3,2023-10-12,Pending,AED,0Z5T84CPKJYK,Adyen
PAY201001,ORD100142,CUST00857,UPI,654.42,2024-08-26,Failed,AED,7F6TE8CP9K02,Paytm
PAY201002,ORD101046,CUST00268,PayPal,2031.64,2023-04-05,Failed,USD,WMFKYOF4RPL1,Razorpay
PAY201003,ORD100201,CUST00444,PayPal,3772.71,2023-07-08,Failed,USD,P2XKD5R9X7XK,Paytm
PAY201004,ORD100495,CUST00648,Net Banking,570.67,2022-01-25,Completed,AED,TUYL0BU1IADY,Adyen
PAY201005,ORD100569,CUST00655,Cash on Delivery,1453.23,2023-09-20,Refunded,INR,IZNXXVI1RDP1,Razorpay
PAY201006,ORD100743,CUST00857,Cash on Delivery,1245.03,2024-09-17,Failed,USD,JAURC0SWUZJA,Square
PAY201007,ORD100734,CUST00174,Bank Transfer,2845.06,2023-11-02,Failed,USD,VRUSTQFOB80V,Adyen
PAY201008,ORD100352,CUST00295,,430.98,2022-07-14,Failed,GBP,,Adyen
PAY201009,ORD101343,CUST00056,Credit Card,1999.08,2023-02-17,Completed,INR,83QUV5F3FICL,Paytm
PAY201010,ORD101020,CUST00141,PayPal,-1763.77,2023-03-15,Failed,AED,EGQE8DKGXRFL,Paytm
PAY201011,ORD100476,CUST00717,Debit Card,2475.87,2023-06-05,Completed,GBP,0AJBV6JNSCZK,PayPal
PAY201012,ORD100103,CUST00881,Debit Card,3329.43,2025-03-06,INVALID_STATUS,INR,863A1NY0TR2Z,Razorpay
PAY201013,ORD100809,CUST00303,Net Banking,3373.46,2023-01-09,Pending,AED,VQIZD82CUDLD,Adyen
PAY201014,ORD100150,CUST00246,Credit Card,3295.23,2022-04-14,Completed,AED,LN1B5OU833Z5,Razorpay
PAY201015,ORD100432,CUST00143,Debit Card,4122.74,2022-09-16,Pending,INR,6U2SLZ2C11UH,Stripe
PAY201016,ORD100509,CUST00492,UPI,109.09,2024-12-14,Refunded,SGD,HWE8E30GNBA9,Square
PAY201017,ORD100428,CUST00458,PayPal,384.65,2022-08-07,Pending,USD,74KZT22THW9P,Adyen
PAY201018,ORD100473,CUST00557,Cash on Delivery,660.34,2023-04-03,Pending,AED,CJJG4LB45ALI,PayPal
PAY201019,ORD100659,CUST00666,Debit Card,4719.46,2024-11-28,Pending,GBP,TDESY3U0SL3E,Square
PAY201020,ORD_GHOST_4,CUST00504,Cash on Delivery,-2432.16,2025-02-07,Pending,GBP,S0HCN1D53I0Q,Stripe
PAY201021,ORD100780,CUST00421,Credit Card,2109.66,2024-10-07,Refunded,INR,1ID2CPDD8L0A,Razorpay
PAY201022,ORD101003,CUST00211,,3645.67,2023-01-25,Completed,INR,RW9A8RWHO3U5,Stripe
PAY201023,ORD100587,CUST00380,Net Banking,2610.93,2022-04-03,Pending,XYZ,O3QYEPJRF57C,Paytm
PAY201024,ORD100672,CUST00855,Credit Card,715.29,2025-05-25,Failed,INR,N6PWE3960BMT,Adyen
PAY201025,ORD101239,CUST00024,Bank Transfer,4243.18,2023-10-05,Failed,USD,7TU124T27JLL,Adyen
PAY201026,ORD100914,CUST00762,Cash on Delivery,3500.26,2025-01-08,Completed,AED,J9BLB8ND6NYL,Paytm
PAY201027,ORD100574,CUST00010,Credit Card,2841.68,2022-12-23,Completed,AED,X2VVI7AIJWKB,Adyen
PAY201028,ORD101288,CUST00552,Credit Card,308.21,2024-09-07,Completed,GBP,2JPLJ9A6BKO4,PayPal
PAY201029,ORD101276,CUST00474,UPI,1955.97,2023-03-09,Refunded,GBP,GOK6UFKPLPCG,Stripe
PAY201030,ORD100963,CUST00617,Credit Card,-1690.44,2022-06-12,Completed,INR,YD3MYNUEUVLD,Stripe
PAY201031,ORD100899,CUST00889,Cash on Delivery,4199.0,2022-05-25,Refunded,GBP,CPJ8R1ZNG13W,Adyen
PAY201032,ORD100468,CUST00796,Credit Card,4123.8,2023-05-22,Refunded,AED,QFLNOJKNPN8S,Razorpay
PAY201033,ORD100514,CUST00700,Debit Card,1576.14,2025-01-15,Pending,SGD,6CD2IPE7YKRZ,Adyen
PAY201034,ORD100321,CUST00800,PayPal,2912.47,2023-10-27,INVALID_STATUS,GBP,6KT79AAXN45J,Paytm
PAY201035,ORD100480,CUST00815,PayPal,2921.2,2023-08-16,Refunded,SGD,A81RXYR24QHT,PayPal
PAY201036,ORD100508,CUST00281,,4289.52,2023-12-20,Completed,SGD,QP4ULPQP81YC,Stripe
PAY201037,ORD101231,CUST00195,Net Banking,4475.93,2022-12-02,Failed,INR,MXWEPU44TM1Q,Square
PAY201038,ORD100239,CUST00027,Bank Transfer,3160.34,2024-06-12,Pending,SGD,X3OBKJQ879JM,Paytm
PAY201039,ORD100958,CUST00057,Bank Transfer,717.11,2024-01-18,Completed,USD,M8JKX2Y5L3EO,Adyen
PAY201040,ORD_GHOST_3,CUST00503,Bank Transfer,-1328.77,2023-07-02,Failed,GBP,MMYR77YH3Y8A,PayPal
PAY201041,ORD100054,CUST00579,Cash on Delivery,4497.56,2023-03-18,Completed,AED,F7QTZ1RUY5R8,Square
PAY201042,ORD101190,CUST00280,Bank Transfer,4215.4,2022-11-19,Refunded,AED,AOPVBW2P5JG6,Square
PAY201043,ORD100584,CUST00202,Credit Card,3475.22,2022-04-05,Refunded,SGD,32PIR2YJKD9U,Stripe
PAY201044,ORD101200,CUST00115,PayPal,1978.48,2024-05-27,Failed,USD,4Y2MGBNCPRCW,Razorpay
PAY201045,ORD100426,CUST00055,Credit Card,2417.33,2022-04-05,Completed,INR,H4L0AH1KG9UZ,PayPal
PAY201046,ORD101276,CUST00289,Credit Card,533.46,2022-01-08,Refunded,SGD,W6WEYUK6BCDF,Paytm
PAY201047,ORD101227,CUST00097,PayPal,1352.68,2024-01-02,Failed,USD,9XAGI30CN89Y,Adyen
PAY201048,ORD101187,CUST00260,UPI,813.21,2025-03-21,Pending,SGD,YZM5095TKIZI,Adyen
PAY201049,ORD101126,CUST00646,Bank Transfer,3901.02,2022-04-20,Pending,USD,305RE29U3OM8,PayPal
PAY201050,ORD100721,CUST00203,,-831.81,2024-06-27,Pending,GBP,,Adyen
PAY201051,ORD101044,CUST00682,Cash on Delivery,2656.17,2023-07-04,Completed,INR,48PSRRT7DKPZ,Razorpay
PAY201052,ORD101222,CUST00387,UPI,4337.69,2024-02-20,Pending,GBP,DLHXBAAC6QDC,Square
PAY201053,ORD100573,CUST00256,Net Banking,3944.23,2023-05-24,Completed,INR,PP7KO2LCHHCC,Stripe
PAY201054,ORD100662,CUST00524,Net Banking,1545.61,2024-03-21,Pending,USD,3RY0Z9YJG6QO,Stripe
PAY201055,ORD101023,CUST00239,Bank Transfer,83.72,2022-08-01,Refunded,INR,QIV3XD5AX7UO,Stripe
PAY201056,ORD101129,CUST00632,Bank Transfer,4271.56,2022-11-23,INVALID_STATUS,XYZ,9OHNJYPOGX49,PayPal
PAY201057,ORD100511,CUST00350,Cash on Delivery,2735.3,2022-03-26,Failed,AED,D3ZB28MCLICE,PayPal
PAY201058,ORD101251,CUST00833,Cash on Delivery,3154.33,2022-04-30,Pending,AED,O22ZJ719VP4J,Square
PAY201059,ORD100680,CUST00386,UPI,790.86,2024-08-25,Completed,GBP,GL51N5XYOD0R,PayPal
PAY201060,ORD_GHOST_14,CUST00109,Net Banking,-3706.71,2022-11-23,Refunded,USD,2KU2NNU8UY5M,Paytm
PAY201061,ORD100086,CUST00571,Bank Transfer,893.5,2024-10-04,Refunded,GBP,5J0DK90W710R,Adyen
PAY201062,ORD100038,CUST00543,Cash on Delivery,2717.15,2023-12-11,Completed,USD,LEPSO1GS58PK,PayPal
PAY201063,ORD100128,CUST00421,Credit Card,3641.81,2024-10-31,Failed,INR,57QNTPAPCJPU,Razorpay
PAY201064,ORD101375,CUST00232,,3000.04,2024-08-15,Refunded,USD,YLEQDB2PC3Q1,Stripe
PAY201065,ORD101099,CUST00007,Net Banking,76.95,2024-07-08,Failed,INR,S9NPTPR2PRYV,Razorpay
PAY201066,ORD100362,CUST00567,PayPal,3810.63,2023-09-06,Completed,GBP,H8VFNQGNRHP3,PayPal
PAY201067,ORD100111,CUST00537,Debit Card,3405.46,2022-07-29,Completed,GBP,V33YW1V49TDY,Razorpay
PAY201068,ORD100700,CUST00774,Credit Card,2054.77,2022-09-22,Pending,AED,DAUBM3BCOXZ0,Paytm
PAY201069,ORD100493,CUST00469,UPI,358.23,2024-02-01,Failed,SGD,DEPNCZFU58TO,Adyen
PAY201070,ORD100394,CUST00396,Debit Card,-4286.61,2022-04-22,Failed,INR,9NR73WG5M296,Paytm
PAY201071,ORD101258,CUST00275,PayPal,140.79,2024-06-18,Refunded,INR,365RD46WKECB,Stripe
PAY201072,ORD100895,CUST00399,PayPal,1646.94,2023-08-23,Failed,INR,412IAAPI34ZA,Square
PAY201073,ORD101247,CUST00714,Credit Card,4270.32,2024-10-13,Refunded,GBP,U4IN2KQVB3LT,Razorpay
PAY201074,ORD100118,CUST00270,Net Banking,2375.95,2022-09-17,Completed,INR,4PN9A7B726EW,PayPal
PAY201075,ORD101005,CUST00337,PayPal,1528.97,2023-03-06,Completed,SGD,KRAFFLAFLGNF,Square
PAY201076,ORD100738,CUST00075,Credit Card,1632.03,2024-01-28,Completed,INR,LJC2TR11ANH5,Adyen
PAY201077,ORD100246,CUST00899,Credit Card,2676.46,2023-07-02,Completed,GBP,03DAZ3RWBJ9C,Paytm
PAY201078,ORD101188,CUST00619,,4575.29,2023-03-12,INVALID_STATUS,AED,OW2NU7JIQWB7,Adyen
PAY201079,ORD100757,CUST00183,Credit Card,4261.32,2025-05-19,Refunded,USD,NH3PF34HH4WE,PayPal
PAY201080,ORD_GHOST_8,CUST00834,Net Banking,-394.12,2023-03-31,Refunded,SGD,KGK8MYDL0L89,PayPal
PAY201081,ORD100763,CUST00431,UPI,2782.02,2022-08-29,Completed,SGD,V96NIX9TWU52,Razorpay
PAY201082,ORD101379,CUST00778,Credit Card,279.52,2023-02-11,Failed,INR,3H3YS1DUAFA0,Adyen
PAY201083,ORD100314,CUST00508,Credit Card,129.97,2022-01-12,Failed,INR,1TPNSQ3XN0QR,Square
PAY201084,ORD101241,CUST00429,Net Banking,4764.2,2023-02-19,Completed,GBP,H9GCTS8H5BQD,Square
PAY201085,ORD101110,CUST00174,Credit Card,1508.29,2024-10-20,Refunded,GBP,DYODUX5X64OS,Adyen
PAY201086,ORD100356,CUST00518,Net Banking,3262.14,2022-05-20,Refunded,USD,A164S6C6RB0F,Razorpay
PAY201087,ORD101114,CUST00689,PayPal,1367.98,2023-10-23,Completed,AED,TCQEWDW29PHB,Stripe
PAY201088,ORD101087,CUST00218,PayPal,1358.8,2022-01-09,Failed,GBP,JTQU72J7IJ6L,Paytm
PAY201089,ORD100937,CUST00754,Credit Card,3190.29,2024-03-03,Pending,XYZ,HYSBZ0OC7VUW,PayPal
PAY201090,ORD100455,CUST00656,Bank Transfer,-170.27,2024-10-18,Completed,INR,QG91Z4PE05SA,Stripe
PAY201091,ORD100683,CUST00806,PayPal,4775.67,2024-09-23,Completed,INR,WPZKG84YNERV,Adyen
PAY201092,ORD100516,CUST00253,,1022.15,2022-08-16,Pending,AED,,Paytm
PAY201093,ORD100518,CUST00014,Net Banking,3831.67,2023-11-12,Refunded,GBP,ONEWRX4ME6XK,PayPal
PAY201094,ORD100684,CUST00576,Net Banking,3951.83,2024-04-03,Pending,SGD,GV9F9PWBXD9J,Razorpay
PAY201095,ORD101058,CUST00168,PayPal,2219.55,2023-04-23,Refunded,SGD,S9W24XVOFXJX,Adyen
PAY201096,ORD100862,CUST00192,Credit Card,2836.83,2024-06-01,Completed,INR,MNJTULR7Z3UO,Paytm
PAY201097,ORD100474,CUST00642,Credit Card,1859.88,2024-03-27,Completed,USD,FP54WB2CVB6D,Stripe
PAY201098,ORD101223,CUST00109,Cash on Delivery,2176.96,2023-12-30,Failed,GBP,MLZBD554E0RK,Adyen
PAY201099,ORD100320,CUST00824,Debit Card,4120.17,2023-10-07,Pending,GBP,XTS6Y3C1HD9N,Paytm
PAY201100,ORD_GHOST_9,CUST00109,Credit Card,-276.95,2024-07-05,INVALID_STATUS,USD,53DYJXM8OG99,PayPal
PAY201101,ORD100502,CUST00318,Cash on Delivery,4168.64,2023-09-20,Refunded,GBP,FPYM49K5YJCO,Razorpay
PAY201102,ORD101041,CUST00383,Debit Card,3520.54,2023-12-23,Refunded,GBP,MXU7U0C0Y5F2,Square
PAY201103,ORD100337,CUST00782,Net Banking,1180.65,2022-07-22,Failed,INR,AXW9VRZK1I19,Square
PAY201104,ORD100633,CUST00354,Net Banking,3411.57,2024-12-11,Refunded,GBP,5B967EW1Z6R2,Adyen
PAY201105,ORD101044,CUST00217,Credit Card,3324.41,2023-08-29,Completed,AED,Q6XCBUUKGSUI,Paytm
PAY201106,ORD101302,CUST00266,,699.12,2022-09-21,Pending,AED,MMV8B71KVAXQ,Square
PAY201107,ORD101163,CUST00091,Bank Transfer,1840.22,2024-12-18,Failed,INR,J96MEF1K7JZQ,Stripe
PAY201108,ORD101052,CUST00791,Credit Card,149.53,2023-03-20,Pending,SGD,LXI7T264W0HY,Stripe
PAY201109,ORD100319,CUST00536,Cash on Delivery,859.51,2022-07-26,Completed,INR,OWDXCJ19SHQ8,Stripe
PAY201110,ORD100998,CUST00060,Net Banking,-1881.11,2022-02-27,Completed,SGD,NXAOEYGO7Z55,Razorpay
PAY201111,ORD100266,CUST00438,Credit Card,1706.82,2022-11-10,Refunded,SGD,SJRRW24IVSRL,Adyen
PAY201112,ORD101334,CUST00196,Net Banking,3120.57,2025-06-27,Pending,AED,UDSNJ53TISN9,Square
PAY201113,ORD100314,CUST00540,Bank Transfer,869.61,2022-10-28,Completed,USD,P7DVUF7Q2398,PayPal
PAY201114,ORD101316,CUST00340,Debit Card,3686.14,2023-01-31,Completed,AED,U1CXX3LNC304,Paytm
PAY201115,ORD100738,CUST00646,Cash on Delivery,300.41,2022-08-19,Completed,USD,2GTLVU53Y15C,Stripe
PAY201116,ORD100718,CUST00124,Debit Card,3200.67,2023-10-29,Completed,AED,GWA654NVGUW6,Adyen
PAY201117,ORD100343,CUST00726,UPI,4361.42,2024-10-16,Refunded,INR,G6YRGC5FJ2TE,Adyen
PAY201118,ORD100053,CUST00456,Debit Card,1659.6,2025-05-19,Completed,GBP,5KXJ2EZNJ8U8,Adyen
PAY201119,ORD100787,CUST00181,PayPal,3183.32,2023-02-19,Failed,USD,88ZFR7CM4IWT,Stripe
PAY201120,ORD_GHOST_10,CUST00456,,-341.02,2022-08-13,Pending,GBP,D627DTQ9RUJ3,PayPal
PAY201121,ORD100848,CUST00440,PayPal,4758.76,2022-06-08,Refunded,AED,0Y28ZBJJAC9O,PayPal
PAY201122,ORD100700,CUST00465,Net Banking,1923.53,2023-09-15,INVALID_STATUS,XYZ,444O050VR9DC,Stripe
PAY201123,ORD100887,CUST00533,Cash on Delivery,1655.91,2022-02-13,Pending,INR,IWK51GLRAPDN,PayPal
PAY201124,ORD100451,CUST00871,Debit Card,4195.39,2024-08-05,Completed,GBP,H5KTARTW3FH7,Adyen
PAY201125,ORD100773,CUST00115,Net Banking,1790.5,2022-04-26,Completed,USD,PEVH4QLCEQ4X,Adyen
PAY201126,ORD100961,CUST00454,Credit Card,3063.47,2023-02-20,Failed,AED,PUWYTJPCFV7H,Square
PAY201127,ORD101371,CUST00769,UPI,2475.94,2024-11-24,Refunded,AED,4T6F1QW90TPG,PayPal
PAY201128,ORD101028,CUST00192,Credit Card,4697.12,2023-04-25,Completed,SGD,ZCLRL9A3G17N,Razorpay
PAY201129,ORD101347,CUST00090,Net Banking,374.9,2023-11-02,Refunded,SGD,8JT6GK3LV323,Adyen
PAY201130,ORD100491,CUST00461,Credit Card,-444.66,2023-10-30,Failed,INR,X2XNUWQT2EXW,PayPal
PAY201131,ORD100217,CUST00525,Net Banking,3649.27,2023-05-10,Completed,USD,JPBPKVCM2CD1,Square
PAY201132,ORD100522,CUST00160,Credit Card,2497.84,2025-03-02,Completed,SGD,9F2TBW4PYX3S,PayPal
PAY201133,ORD100631,CUST00881,Cash on Delivery,449.57,2024-05-23,Refunded,USD,D1Y4K8O5B8MS,PayPal
PAY201134,ORD101135,CUST00158,,1436.65,2022-01-24,Refunded,AED,,Stripe
PAY201135,ORD100916,CUST00356,Net Banking,2967.92,2025-05-31,Pending,INR,YVWQJ8VV457G,PayPal
PAY201136,ORD100154,CUST00614,Credit Card,2884.31,2022-06-19,Pending,AED,IJWEF7R1BLLY,Paytm
PAY201137,ORD101036,CUST00177,Bank Transfer,1212.2,2024-01-09,Failed,GBP,HKTGIWEL4RV2,Adyen
PAY201138,ORD100759,CUST00891,PayPal,4871.62,2023-03-08,Failed,GBP,3I6HNSHRELGL,Adyen
PAY201139,ORD100451,CUST00151,Bank Transfer,1429.86,2023-05-30,Pending,USD,0U2RUP7FAHIA,Paytm
PAY201140,ORD_GHOST_11,CUST00266,Cash on Delivery,-4290.59,2023-10-30,Failed,SGD,B62G6B4TSG0S,Adyen
PAY201141,ORD100368,CUST00591,Credit Card,986.91,2024-07-14,Refunded,INR,WNSQHACMEYP1,Adyen
PAY201142,ORD101360,CUST00085,UPI,4861.2,2024-07-31,Completed,USD,DHE709HKD6K7,Paytm
PAY201143,ORD100691,CUST00776,PayPal,1929.66,2025-01-20,Refunded,INR,0D99VRS5Y4IG,Square
PAY201144,ORD101127,CUST00757,Bank Transfer,4981.54,2022-12-27,INVALID_STATUS,INR,95O3Q041R1JK,Stripe
PAY201145,ORD100324,CUST00642,Debit Card,1672.08,2024-02-25,Pending,INR,A8X213Y2EU0E,Square
PAY201146,ORD100116,CUST00459,Credit Card,422.1,2024-02-10,Refunded,SGD,VXVJC8XTSFFN,Square
PAY201147,ORD101057,CUST00749,Bank Transfer,1919.68,2023-09-19,Pending,AED,SZ2DCPGANL81,Razorpay
PAY201148,ORD100647,CUST00642,,221.08,2025-04-05,Failed,USD,FLTTU2A8TS17,Stripe
PAY201149,ORD101075,CUST00071,Net Banking,504.22,2022-01-08,Completed,GBP,VG8ZA2OBX9XK,PayPal
PAY201150,ORD100428,CUST00822,Cash on Delivery,-4171.65,2022-10-03,Completed,INR,G4ZRRP52I7ZC,Square
PAY201151,ORD100112,CUST00821,UPI,1556.93,2024-11-15,Pending,USD,19UR8NZJEE1B,Square
PAY201152,ORD100967,CUST00286,Credit Card,2340.13,2025-05-10,Pending,USD,E8MYLACYDCTQ,Stripe
PAY201153,ORD100631,CUST00182,Net Banking,3531.09,2022-10-15,Failed,SGD,TDCL3AH4EM5G,Paytm
PAY201154,ORD100183,CUST00567,Credit Card,4446.55,2022-07-30,Failed,INR,DB93QXGLI5GH,Adyen
PAY201155,ORD100036,CUST00077,Credit Card,1115.88,2024-07-08,Pending,XYZ,4XU43LC6JWCZ,Paytm
PAY201156,ORD100073,CUST00477,Debit Card,2501.89,2024-10-02,Completed,GBP,NZUTP4HY5I8N,Stripe
PAY201157,ORD100823,CUST00728,UPI,978.09,2022-09-28,Completed,USD,L4J7RB6X38DH,Razorpay
PAY201158,ORD100060,CUST00606,Credit Card,2009.24,2023-02-20,Pending,GBP,9RD4MWPMIB2I,Square
PAY201159,ORD100741,CUST00493,PayPal,1425.85,2023-03-30,Completed,SGD,LSZATDFNMDLS,Adyen
PAY201160,ORD_GHOST_1,CUST00275,Cash on Delivery,-1987.08,2022-01-12,Completed,INR,U16N4SYZK4KF,Stripe
PAY201161,ORD101028,CUST00109,Credit Card,3825.75,2025-05-09,Pending,INR,GD9DS7A04ERM,Paytm
PAY201162,ORD100703,CUST00123,,4599.74,2025-03-30,Refunded,AED,RMAO5XXY6WKH,Square
PAY201163,ORD101380,CUST00442,Bank Transfer,1761.59,2025-01-06,Refunded,INR,A5J8UR63NYIR,PayPal
PAY201164,ORD100181,CUST00259,Bank Transfer,1492.78,2022-10-20,Refunded,USD,YUPKH5NNAUBF,Square
PAY201165,ORD100037,CUST00437,UPI,3608.55,2023-12-18,Refunded,INR,9P7EQFJOD8VU,Razorpay
PAY201166,ORD100534,CUST00332,Credit Card,330.6,2024-12-04,INVALID_STATUS,AED,XPFHAKR2AGGL,Razorpay
PAY201167,ORD101353,CUST00675,Bank Transfer,447.29,2023-06-06,Completed,AED,P9T6M7RJBN9Q,Stripe
PAY201168,ORD100718,CUST00790,Debit Card,2769.36,2025-02-09,Completed,AED,GH1VOWD186T2,Paytm
PAY201169,ORD101334,CUST00677,Credit Card,4879.22,2024-06-07,Pending,USD,27KJO7RJTMG6,Square
PAY201170,ORD100535,CUST00362,Bank Transfer,-336.95,2022-06-09,Failed,INR,23UUM55UGPAS,Adyen
PAY201171,ORD100685,CUST00784,Debit Card,4171.79,2023-05-29,Pending,GBP,YFI7Y01MUT84,Square
PAY201172,ORD101083,CUST00037,PayPal,3905.81,2023-01-16,Pending,SGD,154MAPHAYIBU,Square
PAY201173,ORD100592,CUST00020,Bank Transfer,567.79,2024-06-01,Refunded,AED,2VZ5UX0L45UB,PayPal
PAY201174,ORD100993,CUST00301,UPI,4859.2,2023-09-20,Failed,USD,4V9ELS2QTKEY,Adyen
PAY201175,ORD100650,CUST00763,Net Banking,4014.88,2024-04-26,Refunded,SGD,L6WUGOFRGJI1,Razorpay
PAY201176,ORD101385,CUST00883,,3191.77,2022-06-11,Completed,GBP,,Razorpay
PAY201177,ORD101182,CUST00799,Cash on Delivery,2559.72,2024-02-27,Completed,AED,BMZDD2FJ5PIJ,Adyen
PAY201178,ORD100440,CUST00474,Credit Card,1284.45,2022-04-03,Pending,USD,SJKG4REPUOC0,PayPal
PAY201179,ORD100944,CUST00391,Credit Card,4629.75,2022-12-16,Refunded,INR,JT510LK872PK,Razorpay
PAY201180,ORD_GHOST_1,CUST00668,PayPal,-533.68,2024-03-22,Failed,SGD,GOR0A5SVIGET,PayPal
PAY201181,ORD100970,CUST00520,Net Banking,3692.21,2022-08-02,Failed,AED,ATBY76SW1YK8,Adyen
PAY201182,ORD100378,CUST00570,Net Banking,2657.95,2022-12-16,Completed,AED,HYB7TH34CUYS,Razorpay
PAY201183,ORD100924,CUST00137,Bank Transfer,3827.41,2025-04-22,Pending,SGD,0AMXA6S0JECK,Paytm
PAY201184,ORD100522,CUST00595,Debit Card,965.36,2024-09-04,Refunded,SGD,3HI0X5FRZUUN,Razorpay
PAY201185,ORD101349,CUST00594,PayPal,967.75,2024-10-28,Pending,USD,7DOCBISC01QA,Square
PAY201186,ORD101009,CUST00318,Net Banking,3009.35,2022-01-30,Pending,AED,6YTCMBVPTGSI,Square
PAY201187,ORD101297,CUST00227,UPI,3028.6,2025-01-11,Pending,USD,16822XSJUIL3,Paytm
PAY201188,ORD101208,CUST00529,Cash on Delivery,3659.15,2023-05-13,INVALID_STATUS,XYZ,PW3O4DP632F9,Adyen
PAY201189,ORD100796,CUST00511,Bank Transfer,2785.08,2022-05-13,Failed,AED,R9J94U9JP95F,Square
PAY201190,ORD100412,CUST00776,,-2128.15,2023-08-07,Refunded,GBP,SOHQXUZRH22Q,Paytm
PAY201191,ORD100051,CUST00721,PayPal,2109.27,2023-01-21,Failed,USD,ZOUUP1KZVJH5,Paytm
PAY201192,ORD100499,CUST00692,Net Banking,1270.62,2024-01-31,Completed,SGD,JHRRRSUYJMIC,Adyen
PAY201193,ORD101050,CUST00715,UPI,999.66,2023-08-21,Pending,INR,15NKJLG3OXF9,Square
PAY201194,ORD100354,CUST00633,PayPal,1697.69,2025-04-18,Completed,AED,108PO1VA4S38,PayPal
PAY201195,ORD100438,CUST00503,Net Banking,1314.53,2022-11-18,Completed,SGD,0L4AO4WV7AR0,Square
PAY201196,ORD100423,CUST00640,Debit Card,3963.98,2022-06-13,Pending,SGD,KFQNKMB5OQNR,Square
PAY201197,ORD100774,CUST00218,Credit Card,3191.28,2025-02-11,Completed,AED,Y12O5MLHZ14E,Square
PAY201198,ORD100828,CUST00007,Net Banking,3905.12,2024-06-02,Completed,AED,525XGCNAYKYN,Paytm
PAY201199,ORD101208,CUST00094,Debit Card,2575.81,2023-08-24,Pending,AED,59LL2J2NG1GA,Razorpay
