employee_id,full_name,email,personal_email,phone,department,job_title,employment_type,pay_grade,hire_date,date_of_birth,manager_id,location,annual_salary,currency,probation_end_date,is_active,termination_date,national_id,cost_center,job_title_dq_flag,date_of_birth_dq_flag,manager_id_dq_flag,annual_salary_dq_flag,termination_date_dq_flag,national_id_dq_flag
EMP00001,Wei Kumar,bad-email-no-at-sign,wei393@yahoo.com,0,Legal,,Intern,6.0,2035-06-01,,,Dubai,3867121.75,USD,2020-01-08,True,,,CC5624,FAIL — No nulls,FAIL — No nulls,FAIL — No nulls,PASS,FAIL — No nulls,FAIL — No nulls
EMP00002,Fatima Williams,fatima.williams3@company.com,fatima721@outlook.com,919730501028,Product,Sales Executive,Contractor,5.0,2020-06-29,1995-03-19,EMP00002,London,153316.71875,AED,2020-09-27,True,,DGHO6QYQ6J,CC5072,PASS,PASS,PASS,PASS,FAIL — No nulls,PASS
EMP00003,Rohan Ahmed,rohan.ahmed66@company.com,rohan897@gmail.com,449078533565,Engineering,Software Engineer,Part-Time,2.0,2016-02-06,1976-07-24,EMP00047,Dubai,55298.671875,INR,2016-05-06,False,,3PRGSTA12V,CC6804,PASS,PASS,PASS,PASS,FAIL — No nulls,PASS
EMP00004,Karan Al-Hassan,karan.al-hassan46@company.com,karan509@yahoo.com,9719521897165,Finance,Finance Analyst,Contractor,2.0,2023-07-25,1988-07-09,EMP00033,Bengaluru,101967.53125,AED,2023-10-23,True,,WU7EDS7EVP,CC3933,PASS,PASS,PASS,PASS,FAIL — No nulls,PASS
EMP00005,Sarah Wang,sarah.wang95@company.com,sarah209@yahoo.com,447855556095,Legal,Sales Executive,Part-Time,2.0,2020-05-28,1970-01-04,EMP00013,Singapore,51354.0,AED,2020-08-26,True,,TG4ES7WRX4,CC9178,PASS,PASS,PASS,PASS,FAIL — No nulls,PASS
EMP00006,Raj Johnson,raj.johnson46@company.com,raj256@yahoo.com,9719644193632,Engineering,Senior Engineer,Full-Time,5.0,2015-02-11,1987-09-04,EMP00030,Toronto,65040.69921875,INR,2015-05-12,True,,T0FXYWIVGC,CC8832,PASS,PASS,PASS,PASS,FAIL — No nulls,PASS
EMP00007,Jessica Davis,jessica.davis65@company.com,jessica391@yahoo.com,919119491024,Finance,Marketing Manager,Contractor,2.0,2017-03-24,1971-04-06,EMP00045,London,97316.671875,INR,2017-06-22,True,,QR10978B45,CC7287,PASS,PASS,PASS,PASS,FAIL — No nulls,PASS
EMP00008,Ashley Johnson,ashley.johnson84@company.com,ashley259@gmail.com,16541897849,Human Resources,Software Engineer,Intern,1.0,2020-07-05,1980-03-11,EMP00020,Mumbai,138480.046875,INR,2020-10-03,True,,OQZYVUAT8J,CC2574,PASS,PASS,PASS,PASS,FAIL — No nulls,PASS
EMP00009,Sarah Davis,sarah.davis77@company.com,sarah790@outlook.com,19072465916,Operations,,Full-Time,3.0,2019-04-21,1988-12-12,EMP00037,London,167334.515625,GBP,2019-07-20,True,,JO6C2Q15RI,CC4921,FAIL — No nulls,PASS,PASS,PASS,FAIL — No nulls,PASS
EMP00010,Liang Khan,liang.khan66@company.com,liang173@gmail.com,448460388671,Human Resources,HR Manager,Full-Time,5.0,2016-10-06,1992-12-24,EMP00049,Mumbai,158175.734375,GBP,2017-01-04,True,,YBIU93UL7X,CC7904,PASS,PASS,PASS,PASS,FAIL — No nulls,PASS
EMP00011,Raj Smith,raj.smith87@company.com,raj200@outlook.com,917676031364,Operations,Data Scientist,Part-Time,8.0,2018-12-01,1978-07-21,EMP00045,Bengaluru,69856.2421875,AED,2019-03-01,True,,JGRNYMBPN8,CC9122,PASS,PASS,PASS,PASS,FAIL — No nulls,PASS
EMP00012,Ashley Singh,ashley.singh36@company.com,ashley470@outlook.com,16563973323,Operations,Business Analyst,Intern,7.0,2022-04-19,1991-11-02,EMP00005,Bengaluru,-92279.203125,AED,2022-07-18,False,,BM1G6ZLZGF,CC7698,PASS,PASS,PASS,FAIL — Non-negative,FAIL — No nulls,PASS
EMP00013,Raj Al-Hassan,raj.al-hassan34@company.com,raj314@gmail.com,17778965603,Legal,Director of Operations,Intern,5.0,2021-11-18,1984-01-07,EMP00022,Singapore,101910.3203125,GBP,2022-02-16,True,,IQTT22XJUM,CC5784,PASS,PASS,PASS,PASS,FAIL — No nulls,PASS
EMP00014,Rohan Malik,rohan.malik80@company.com,rohan470@outlook.com,17700355156,Marketing,Account Manager,Full-Time,6.0,2020-02-12,1971-07-28,EMP00048,Dubai,42105.28125,USD,2020-05-12,True,,Q0ZCSJJ8I4,CC5501,PASS,PASS,PASS,PASS,FAIL — No nulls,PASS
EMP00015,Sunita Brown,sunita.brown20@company.com,sunita404@gmail.com,447376780224,Product,HR Manager,Full-Time,8.0,2018-02-22,1995-01-18,EMP00049,Mumbai,60611.609375,GBP,2018-05-23,True,,V4OGPZAS9O,CC6195,PASS,PASS,PASS,PASS,FAIL — No nulls,PASS
EMP00016,Karan Chen,karan.chen83@company.com,karan338@outlook.com,446714137250,Sales,Software Engineer,Intern,6.0,2035-06-01,1990-03-18,EMP00001,Singapore,74791.671875,AED,2017-05-24,False,,CNGU9T470Z,CC5543,PASS,PASS,PASS,PASS,FAIL — No nulls,PASS
EMP00017,Sneha Davis,sneha.davis90@company.com,sneha330@gmail.com,449496836929,Operations,,Part-Time,8.0,2015-05-08,1986-05-24,EMP00008,Bengaluru,50304.37890625,GBP,2015-08-06,True,,EWZ1CXHBV5,CC4520,FAIL — No nulls,PASS,PASS,PASS,FAIL — No nulls,PASS
EMP00018,Aarav Ahmed,aarav.ahmed15@company.com,aarav900@yahoo.com,9716252783244,Marketing,Data Analyst,Intern,7.0,2017-12-11,1979-07-10,EMP00036,Toronto,175124.84375,INR,2018-03-11,True,,O27503NX7I,CC5759,PASS,PASS,PASS,PASS,FAIL — No nulls,PASS
EMP00019,Emily Johnson,emily.johnson77@company.com,emily138@gmail.com,447248501119,Human Resources,Business Analyst,Intern,8.0,2015-09-14,1985-04-30,EMP00044,Sydney,108225.4296875,USD,2015-12-13,True,,EGX0VXCO23,CC5413,PASS,PASS,PASS,PASS,FAIL — No nulls,PASS
EMP00020,Ananya Al-Hassan,ananya.al-hassan73@company.com,ananya559@yahoo.com,16826235960,Legal,Sales Executive,Intern,7.0,2023-06-13,1991-03-03,EMP00015,Bengaluru,115849.4765625,AED,2023-09-11,True,,0143HGD6ZE,CC7993,PASS,PASS,PASS,PASS,FAIL — No nulls,PASS
EMP00021,Sunita Khan,bad-email-no-at-sign,sunita444@outlook.com,918703759984,Sales,Operations Analyst,Contractor,5.0,2021-04-29,1980-11-15,EMP00030,Singapore,161233.203125,AED,2021-07-28,True,,BX2WI2TWHG,CC1474,PASS,PASS,PASS,PASS,FAIL — No nulls,PASS
EMP00022,Aarav Brown,aarav.brown33@company.com,aarav674@gmail.com,9719962120435,Marketing,Tech Lead,Full-Time,8.0,2023-12-14,1984-10-21,EMP00050,Singapore,175791.75,USD,2024-03-13,True,,N0L9U65S7C,CC8759,PASS,PASS,PASS,PASS,FAIL — No nulls,PASS
EMP00023,Daniel Ahmed,daniel.ahmed8@company.com,daniel865@yahoo.com,16716920684,Operations,HR Business Partner,Intern,2.0,2020-03-31,1996-10-09,EMP00018,Mumbai,-177378.296875,AED,2020-06-29,False,,ZLPEQ4GDVS,CC7065,PASS,PASS,PASS,FAIL — Non-negative,FAIL — No nulls,PASS
EMP00024,Vikram Singh,vikram.singh29@company.com,vikram103@outlook.com,916718753916,Sales,Legal Counsel,Contractor,5.0,2022-12-02,1995-08-10,EMP00007,Bengaluru,106212.5703125,INR,2023-03-02,False,,QTQEG1EO38,CC1255,PASS,PASS,PASS,PASS,FAIL — No nulls,PASS
EMP00025,Meera Ahmed,meera.ahmed33@company.com,meera724@yahoo.com,446319842705,Marketing,,Full-Time,6.0,2020-03-03,1998-02-17,EMP00033,Toronto,152854.890625,AED,2020-06-01,True,,HZSAB8DMRN,CC7455,FAIL — No nulls,PASS,PASS,PASS,FAIL — No nulls,PASS
EMP00026,Rohan Khan,rohan.khan5@company.com,rohan697@outlook.com,9717987608626,Marketing,Tech Lead,Full-Time,5.0,2016-09-27,1984-12-02,,Mumbai,175820.8125,INR,2016-12-26,False,,39PWTPYSDU,CC5641,PASS,PASS,FAIL — No nulls,PASS,FAIL — No nulls,PASS
EMP00027,David Kumar,david.kumar43@company.com,david374@outlook.com,19815564127,Operations,CFO,Contractor,8.0,2017-04-26,1995-06-28,EMP00045,Dubai,126445.4921875,INR,2017-07-25,True,,N0X0PO6E3R,CC2525,PASS,PASS,PASS,PASS,FAIL — No nulls,PASS
EMP00028,Ashley Khan,ashley.khan76@company.com,ashley653@yahoo.com,9717123001602,Product,Senior Engineer,Intern,2.0,2019-10-22,1973-05-18,EMP00036,Singapore,52966.359375,INR,2020-01-20,True,,K9HT1QDRN1,CC8980,PASS,PASS,PASS,PASS,FAIL — No nulls,PASS
EMP00029,Liang Al-Hassan,liang.al-hassan24@company.com,liang200@yahoo.com,19025040277,Operations,HR Business Partner,Full-Time,7.0,2021-02-26,1979-10-13,EMP00020,Bengaluru,38304.25,INR,2021-05-27,True,,TU3JC19SWF,CC6032,PASS,PASS,PASS,PASS,FAIL — No nulls,PASS
EMP00030,Vikram Al-Hassan,vikram.al-hassan45@company.com,vikram754@gmail.com,918397284610,Operations,Sales Executive,Part-Time,8.0,2017-12-27,1979-02-06,EMP00043,Singapore,86213.421875,AED,2018-03-27,True,,3RR3PB0RJS,CC3117,PASS,PASS,PASS,PASS,FAIL — No nulls,PASS
EMP00031,Ahmed Davis,ahmed.davis71@company.com,ahmed780@yahoo.com,448169558607,Marketing,Data Analyst,Intern,5.0,2035-06-01,1988-08-21,EMP00028,Bengaluru,4738326.0,AED,2024-02-16,True,,P4NE3O1FYP,CC5619,PASS,PASS,PASS,PASS,FAIL — No nulls,PASS
EMP00032,Liang Wang,liang.wang96@company.com,liang700@outlook.com,18354760913,Operations,Data Scientist,Intern,6.0,2019-11-05,1972-02-29,EMP00050,London,125314.8125,INR,2020-02-03,True,,YGNDO9OXJ2,CC2193,PASS,PASS,PASS,PASS,FAIL — No nulls,PASS
EMP00033,Ahmed Malik,ahmed.malik35@company.com,ahmed364@outlook.com,19116853703,Product,,Intern,1.0,2018-11-17,1987-07-08,EMP00019,Singapore,138737.890625,USD,2019-02-15,True,,34TC2IBD15,CC3978,FAIL — No nulls,PASS,PASS,PASS,FAIL — No nulls,PASS
EMP00034,Sarah Khan,sarah.khan76@company.com,sarah938@yahoo.com,916340474911,Marketing,Legal Counsel,Contractor,4.0,2021-04-18,1990-07-23,EMP00010,Dubai,-133637.34375,AED,2021-07-17,True,,0XOVOKGCKB,CC1944,PASS,PASS,PASS,FAIL — Non-negative,FAIL — No nulls,PASS
EMP00035,Aarav Miller,aarav.miller46@company.com,aarav137@outlook.com,16431163040,Human Resources,Finance Analyst,Full-Time,3.0,2021-02-22,1984-09-12,EMP00009,Dubai,53630.7109375,USD,2021-05-23,True,,6O8YB3TRZG,CC9780,PASS,PASS,PASS,PASS,FAIL — No nulls,PASS
EMP00036,Sarah Sharma,sarah.sharma88@company.com,sarah348@outlook.com,18828942093,Operations,Tech Lead,Full-Time,1.0,2023-10-10,,EMP00020,Sydney,166800.09375,AED,2024-01-08,True,,13JPYGAJ9G,CC5196,PASS,FAIL — No nulls,PASS,PASS,FAIL — No nulls,PASS
EMP00037,Daniel Smith,daniel.smith90@company.com,daniel220@gmail.com,9716424052596,Product,Software Engineer,Contractor,4.0,2021-02-04,1982-04-04,EMP00040,Singapore,75779.53125,GBP,2021-05-05,True,,6PSKMUSGB8,CC1369,PASS,PASS,PASS,PASS,FAIL — No nulls,PASS
EMP00038,Ahmed Davis,ahmed.davis80@company.com,ahmed574@gmail.com,917045080710,Engineering,Engineering Manager,Intern,8.0,2022-08-28,1977-01-11,EMP00012,New York,36428.28125,AED,2022-11-26,True,,WJ4Z8SP1UB,CC5588,PASS,PASS,PASS,PASS,FAIL — No nulls,PASS
EMP00039,Karan Al-Hassan,karan.al-hassan19@company.com,karan209@yahoo.com,18387197024,Finance,Data Analyst,Intern,8.0,2017-01-29,1984-02-06,EMP00009,Toronto,123477.953125,INR,2017-04-29,False,,8DEUO2G1RF,CC4273,PASS,PASS,PASS,PASS,FAIL — No nulls,PASS
EMP00040,Jessica Johnson,jessica.johnson76@company.com,jessica622@yahoo.com,9716546905055,Finance,Business Analyst,Contractor,1.0,2017-08-23,1978-08-07,EMP00024,Toronto,121723.5234375,INR,2017-11-21,True,,772OKA2552,CC5741,PASS,PASS,PASS,PASS,FAIL — No nulls,PASS
EMP00041,Ananya Kumar,bad-email-no-at-sign,ananya544@yahoo.com,9716549189228,Human Resources,,Contractor,1.0,2018-05-03,1971-09-22,EMP00048,Bengaluru,158120.953125,GBP,2018-08-01,True,,,CC1882,FAIL — No nulls,PASS,PASS,PASS,FAIL — No nulls,FAIL — No nulls
EMP00042,Sarah Miller,sarah.miller52@company.com,sarah261@yahoo.com,18794307067,Legal,HR Manager,Full-Time,3.0,2017-01-10,1993-01-05,EMP00005,Sydney,147196.71875,USD,2017-04-10,True,,9CT5KHM1Q7,CC1438,PASS,PASS,PASS,PASS,FAIL — No nulls,PASS
EMP00043,Vikram Miller,vikram.miller33@company.com,vikram600@gmail.com,9719061900392,Human Resources,Sales Executive,Full-Time,7.0,2015-05-28,1991-08-04,EMP00019,Mumbai,97416.9296875,INR,2015-08-26,True,,3R4WFQMTFI,CC6149,PASS,PASS,PASS,PASS,FAIL — No nulls,PASS
EMP00044,Omar Davis,omar.davis47@company.com,omar883@yahoo.com,16260966815,Engineering,Tech Lead,Contractor,1.0,2021-08-17,1999-02-23,EMP00032,Toronto,122703.796875,INR,2021-11-15,False,,281V8PIAMO,CC5450,PASS,PASS,PASS,PASS,FAIL — No nulls,PASS
EMP00045,Vikram Davis,vikram.davis5@company.com,vikram181@outlook.com,446899562849,Finance,Business Analyst,Part-Time,6.0,2018-05-24,1996-08-19,EMP00002,Sydney,-90336.5625,GBP,2018-08-22,True,,0W0LFPLGPN,CC5865,PASS,PASS,PASS,FAIL — Non-negative,FAIL — No nulls,PASS
EMP00046,James Singh,james.singh16@company.com,james340@gmail.com,448160348518,Finance,Tech Lead,Contractor,2.0,2035-06-01,1991-08-30,EMP00014,Toronto,56236.2109375,USD,2020-09-06,False,,FVMZHKZBPZ,CC9029,PASS,PASS,PASS,PASS,FAIL — No nulls,PASS
EMP00047,Meera Singh,meera.singh17@company.com,meera427@yahoo.com,16510136081,Engineering,Operations Analyst,Contractor,4.0,2018-10-25,1988-10-02,EMP00021,New York,174371.96875,USD,2019-01-23,False,,VROJB2OQ3L,CC5735,PASS,PASS,PASS,PASS,FAIL — No nulls,PASS
EMP00048,Fatima Ahmed,fatima.ahmed7@company.com,fatima208@outlook.com,19270459344,Human Resources,CFO,Contractor,3.0,2023-05-08,1977-06-04,EMP00009,Bengaluru,54049.078125,GBP,2023-08-06,True,,GIZ426AHQZ,CC3882,PASS,PASS,PASS,PASS,FAIL — No nulls,PASS
EMP00049,Meera Miller,meera.miller62@company.com,meera715@gmail.com,449538373640,Sales,,Intern,7.0,2022-06-07,1987-05-24,EMP00039,Sydney,143739.796875,GBP,2022-09-05,False,,RA44H4AIUE,CC4191,FAIL — No nulls,PASS,PASS,PASS,FAIL — No nulls,PASS
EMP00050,Omar Patel,omar.patel5@company.com,omar251@gmail.com,447571191296,Operations,Account Manager,Part-Time,8.0,2019-01-29,1982-04-22,EMP00034,Sydney,65844.78125,INR,2019-04-29,False,,D2755RGB5C,CC7241,PASS,PASS,PASS,PASS,FAIL — No nulls,PASS
EMP00051,Rohan Johnson,rohan.johnson61@company.com,rohan854@gmail.com,0,Product,Product Manager,Contractor,7.0,2022-12-21,1999-12-30,,New York,104423.21875,AED,2023-03-21,True,,4QQWV34FFP,CC7875,PASS,PASS,FAIL — No nulls,PASS,FAIL — No nulls,PASS
EMP00052,Aarav Williams,aarav.williams88@company.com,aarav739@outlook.com,449781300479,Finance,Operations Analyst,Part-Time,6.0,2024-02-09,1980-02-24,EMP00012,Mumbai,174732.28125,AED,2024-05-09,True,,N52AXV7ATH,CC6113,PASS,PASS,PASS,PASS,FAIL — No nulls,PASS
EMP00053,Sunita Brown,sunita.brown10@company.com,sunita826@gmail.com,9718295726790,Operations,Director of Operations,Full-Time,2.0,2020-04-03,1995-12-12,EMP00044,Sydney,162332.859375,AED,2020-07-02,True,,S0C18YC757,CC7676,PASS,PASS,PASS,PASS,FAIL — No nulls,PASS
EMP00054,Sarah Sharma,sarah.sharma37@company.com,sarah608@outlook.com,9717346851665,Engineering,Product Manager,Full-Time,6.0,2016-11-26,1971-06-13,EMP00041,Mumbai,157251.59375,GBP,2017-02-24,True,,Q4T7LXEPOS,CC1666,PASS,PASS,PASS,PASS,FAIL — No nulls,PASS
EMP00055,Aarav Patel,aarav.patel24@company.com,aarav634@yahoo.com,446357016231,Product,Product Manager,Part-Time,6.0,2024-03-16,1980-01-08,EMP00049,Singapore,178386.46875,INR,2024-06-14,True,,T9BJOK2L9H,CC3735,PASS,PASS,PASS,PASS,FAIL — No nulls,PASS
EMP00056,Daniel Smith,daniel.smith1@company.com,daniel815@yahoo.com,919845056252,Human Resources,HR Business Partner,Full-Time,1.0,2022-08-21,1972-06-23,EMP00027,London,-119559.078125,GBP,2022-11-19,True,,KLSKZZIPJA,CC3608,PASS,PASS,PASS,FAIL — Non-negative,FAIL — No nulls,PASS
EMP00057,Priya Brown,priya.brown88@company.com,priya366@gmail.com,447282618389,Human Resources,,Contractor,3.0,2015-04-09,1976-04-13,EMP00001,Mumbai,92196.3203125,GBP,2015-07-08,False,,7G5XPXJ47H,CC3220,FAIL — No nulls,PASS,PASS,PASS,FAIL — No nulls,PASS
EMP00058,Jessica Miller,jessica.miller32@company.com,jessica192@gmail.com,9716624978809,Product,CFO,Full-Time,5.0,2024-02-28,1971-11-27,EMP00025,Singapore,174186.0625,USD,2024-05-28,False,,G2WYBABFHQ,CC4555,PASS,PASS,PASS,PASS,FAIL — No nulls,PASS
EMP00059,Michael Khan,michael.khan87@company.com,michael394@yahoo.com,9719048351887,Engineering,Senior Engineer,Contractor,3.0,2023-03-14,1980-03-25,EMP00012,New York,120095.5078125,GBP,2023-06-12,False,,1UE2EOQOER,CC3305,PASS,PASS,PASS,PASS,FAIL — No nulls,PASS
EMP00060,David Patel,david.patel27@company.com,david792@gmail.com,9719559629164,Finance,Product Manager,Contractor,2.0,2021-09-25,1986-10-09,EMP00017,Toronto,89930.6328125,AED,2021-12-24,True,,YN1R6NOXOL,CC8043,PASS,PASS,PASS,PASS,FAIL — No nulls,PASS
EMP00061,Karan Davis,bad-email-no-at-sign,karan909@outlook.com,448016872044,Operations,Marketing Manager,Intern,6.0,2035-06-01,1974-11-04,EMP00046,Sydney,2792618.0,AED,2024-02-14,True,,5JUM9BCUT6,CC1955,PASS,PASS,PASS,PASS,FAIL — No nulls,PASS
EMP00062,Meera Brown,meera.brown62@company.com,meera682@gmail.com,9717658781655,Finance,Finance Analyst,Contractor,2.0,2019-03-23,1989-04-26,EMP00031,Dubai,103862.8671875,GBP,2019-06-21,True,,AR4S7ZBG9G,CC8975,PASS,PASS,PASS,PASS,FAIL — No nulls,PASS
EMP00063,Sarah Brown,sarah.brown39@company.com,sarah252@gmail.com,9717760348766,Sales,Finance Analyst,Contractor,4.0,2015-10-13,1996-07-22,EMP00039,Toronto,49915.23046875,INR,2016-01-11,False,,S0KCSIRXMW,CC6645,PASS,PASS,PASS,PASS,FAIL — No nulls,PASS
EMP00064,James Brown,james.brown99@company.com,james235@outlook.com,9718631080814,Finance,Operations Analyst,Intern,5.0,2021-02-10,1977-11-25,EMP00025,Singapore,134881.453125,AED,2021-05-11,True,,423SKLMWBO,CC6325,PASS,PASS,PASS,PASS,FAIL — No nulls,PASS
EMP00065,Sarah Brown,sarah.brown47@company.com,sarah632@yahoo.com,19772065521,Marketing,,Part-Time,7.0,2017-11-02,1993-02-14,EMP00011,Mumbai,44083.6796875,GBP,2018-01-31,False,,V532BOTQIE,CC9811,FAIL — No nulls,PASS,PASS,PASS,FAIL — No nulls,PASS
EMP00066,Daniel Ahmed,daniel.ahmed96@company.com,daniel973@gmail.com,9719808442863,Legal,Engineering Manager,Full-Time,5.0,2021-09-29,1972-12-02,EMP00011,London,130037.2421875,USD,2021-12-28,True,,RCPFSIIP6E,CC7035,PASS,PASS,PASS,PASS,FAIL — No nulls,PASS
EMP00067,James Kumar,james.kumar77@company.com,james810@gmail.com,447341027087,Finance,Product Manager,Full-Time,4.0,2017-09-13,1981-11-28,EMP00044,Singapore,-137226.453125,INR,2017-12-12,True,,BYR0755Z8B,CC3856,PASS,PASS,PASS,FAIL — Non-negative,FAIL — No nulls,PASS
EMP00068,Jessica Patel,jessica.patel33@company.com,jessica906@outlook.com,916476040008,Product,HR Business Partner,Intern,5.0,2017-11-21,1973-04-21,EMP00042,Singapore,63601.98828125,GBP,2018-02-19,False,,MOTJ676UIQ,CC7089,PASS,PASS,PASS,PASS,FAIL — No nulls,PASS
EMP00069,Mohammed Kumar,mohammed.kumar18@company.com,mohammed463@yahoo.com,19099134166,Finance,Software Engineer,Intern,6.0,2022-05-20,1996-11-16,EMP00039,Sydney,84191.5625,INR,2022-08-18,True,,JU4S8LJGY1,CC1358,PASS,PASS,PASS,PASS,FAIL — No nulls,PASS
EMP00070,Emily Wang,emily.wang80@company.com,emily600@outlook.com,917122248321,Operations,Business Analyst,Part-Time,4.0,2019-07-19,1995-07-23,EMP00002,New York,37378.48046875,AED,2019-10-17,True,,SYWKTOBMWZ,CC7405,PASS,PASS,PASS,PASS,FAIL — No nulls,PASS
EMP00071,Meera Brown,meera.brown27@company.com,meera586@outlook.com,916743749726,Engineering,Account Manager,Intern,8.0,2019-11-12,,EMP00002,Mumbai,37223.7109375,USD,2020-02-10,False,,IX0NH0E2O9,CC8969,PASS,FAIL — No nulls,PASS,PASS,FAIL — No nulls,PASS
EMP00072,Jessica Brown,jessica.brown83@company.com,jessica324@gmail.com,16000843888,Engineering,HR Manager,Full-Time,8.0,2019-10-27,1974-07-07,EMP00001,Singapore,174171.265625,INR,2020-01-25,True,,BE5YXN1VSQ,CC4573,PASS,PASS,PASS,PASS,FAIL — No nulls,PASS
EMP00073,Aarav Kumar,aarav.kumar48@company.com,aarav691@gmail.com,9719154328376,Product,,Part-Time,4.0,2021-10-24,1980-03-01,EMP00001,Singapore,48838.0,AED,2022-01-22,False,,GJLVU4KH1J,CC5564,FAIL — No nulls,PASS,PASS,PASS,FAIL — No nulls,PASS
EMP00074,Daniel Al-Hassan,daniel.al-hassan70@company.com,daniel216@outlook.com,918243277667,Legal,Legal Counsel,Contractor,4.0,2015-07-29,1988-03-15,EMP00043,Singapore,179158.734375,INR,2015-10-27,True,,BXWP7JR1XQ,CC6057,PASS,PASS,PASS,PASS,FAIL — No nulls,PASS
EMP00075,Wei Patel,wei.patel27@company.com,wei193@outlook.com,19883691090,Engineering,Sales Executive,Contractor,3.0,2021-02-11,1987-05-20,EMP00045,Singapore,65574.3515625,AED,2021-05-12,True,,DM2RMH6KE0,CC8387,PASS,PASS,PASS,PASS,FAIL — No nulls,PASS
EMP00076,Vikram Miller,vikram.miller99@company.com,vikram824@gmail.com,9719449108101,Operations,Director of Operations,Intern,1.0,2035-06-01,1970-08-01,,London,103199.9375,AED,2023-08-30,True,,QRAE4Z5O2U,CC6847,PASS,PASS,FAIL — No nulls,PASS,FAIL — No nulls,PASS
EMP00077,Raj Wang,raj.wang59@company.com,raj453@yahoo.com,19826607451,Sales,Account Manager,Intern,5.0,2020-01-04,1996-08-21,EMP00015,Dubai,107402.921875,USD,2020-04-03,True,,E22S0555A6,CC6142,PASS,PASS,PASS,PASS,FAIL — No nulls,PASS
EMP00078,Sunita Ahmed,sunita.ahmed18@company.com,sunita924@outlook.com,19644678798,Operations,Director of Operations,Contractor,2.0,2015-01-19,1997-02-28,EMP00007,Sydney,-159950.78125,AED,2015-04-19,False,,5NH8CWMLLH,CC7724,PASS,PASS,PASS,FAIL — Non-negative,FAIL — No nulls,PASS
EMP00079,Priya Malik,priya.malik96@company.com,priya241@outlook.com,919645250726,Engineering,Data Analyst,Intern,5.0,2019-12-17,1996-01-25,EMP00031,Mumbai,155568.3125,USD,2020-03-16,True,,6AQIYYRS41,CC8469,PASS,PASS,PASS,PASS,FAIL — No nulls,PASS
EMP00080,Jessica Patel,jessica.patel6@company.com,jessica551@outlook.com,9718857855189,Marketing,Data Scientist,Full-Time,7.0,2017-10-09,1987-04-14,EMP00016,Toronto,138956.09375,INR,2018-01-07,True,,L7IRNQY7DC,CC5326,PASS,PASS,PASS,PASS,FAIL — No nulls,PASS
EMP00081,Vikram Chen,bad-email-no-at-sign,vikram107@yahoo.com,917003258842,Finance,,Part-Time,5.0,2018-12-27,1995-02-17,EMP00027,Bengaluru,93644.8203125,INR,2019-03-27,True,,,CC7951,FAIL — No nulls,PASS,PASS,PASS,FAIL — No nulls,FAIL — No nulls
EMP00082,Mohammed Chen,mohammed.chen43@company.com,mohammed443@gmail.com,917862271522,Marketing,Data Scientist,Full-Time,3.0,2017-10-17,1986-02-05,EMP00024,Singapore,127547.21875,INR,2018-01-15,True,,OAJF4WW9WP,CC2014,PASS,PASS,PASS,PASS,FAIL — No nulls,PASS
EMP00083,Wei Kumar,wei.kumar97@company.com,wei135@outlook.com,9717785586741,Legal,HR Manager,Intern,5.0,2018-03-15,1985-08-26,EMP00028,Toronto,168326.21875,AED,2018-06-13,True,,EZVRA8NDUB,CC1762,PASS,PASS,PASS,PASS,FAIL — No nulls,PASS
EMP00084,Michael Williams,michael.williams82@company.com,michael376@gmail.com,9718902312251,Product,Finance Analyst,Contractor,6.0,2020-02-19,1999-02-26,EMP00046,New York,91180.40625,GBP,2020-05-19,True,,25A0ML7U6M,CC4645,PASS,PASS,PASS,PASS,FAIL — No nulls,PASS
EMP00085,Sneha Kumar,sneha.kumar91@company.com,sneha672@gmail.com,9718663902104,Marketing,Product Manager,Intern,5.0,2017-05-20,1990-06-25,EMP00007,New York,149703.3125,AED,2017-08-18,True,,8PGQP7Y1V9,CC4201,PASS,PASS,PASS,PASS,FAIL — No nulls,PASS
EMP00086,Ahmed Brown,ahmed.brown82@company.com,ahmed123@gmail.com,449570778186,Product,Legal Counsel,Part-Time,4.0,2020-10-12,1982-11-13,EMP00032,Mumbai,157996.546875,GBP,2021-01-10,True,,K7UUYFZCVB,CC3968,PASS,PASS,PASS,PASS,FAIL — No nulls,PASS
EMP00087,Michael Singh,michael.singh13@company.com,michael618@yahoo.com,916538370739,Sales,HR Manager,Full-Time,8.0,2015-03-21,1978-02-23,EMP00036,London,65625.2734375,AED,2015-06-19,True,,KCPV9P51G7,CC9350,PASS,PASS,PASS,PASS,FAIL — No nulls,PASS
EMP00088,Vikram Smith,vikram.smith41@company.com,vikram858@gmail.com,918652195026,Product,Operations Analyst,Full-Time,4.0,2017-06-24,1978-03-02,EMP00037,Singapore,103733.6015625,AED,2017-09-22,True,,7Q5R73Q6WV,CC5313,PASS,PASS,PASS,PASS,FAIL — No nulls,PASS
EMP00089,David Miller,david.miller69@company.com,david438@gmail.com,19486205070,Finance,,Full-Time,4.0,2015-05-01,1977-03-13,EMP00012,New York,-178145.953125,USD,2015-07-30,False,,4PD8OBOO3W,CC1906,FAIL — No nulls,PASS,PASS,FAIL — Non-negative,FAIL — No nulls,PASS
EMP00090,Wei Malik,wei.malik37@company.com,wei212@outlook.com,9716709703611,Operations,Software Engineer,Intern,1.0,2018-04-05,1995-09-12,EMP00002,Dubai,154750.09375,GBP,2018-07-04,False,,KRLSDVAM7X,CC4656,PASS,PASS,PASS,PASS,FAIL — No nulls,PASS
EMP00091,Ahmed Sharma,ahmed.sharma4@company.com,ahmed682@yahoo.com,17107810770,Finance,Senior Engineer,Contractor,1.0,2035-06-01,1988-01-07,EMP00029,Sydney,2222216.25,USD,2017-04-09,True,,NHBV7J31G6,CC1735,PASS,PASS,PASS,PASS,FAIL — No nulls,PASS
EMP00092,Raj Al-Hassan,raj.al-hassan11@company.com,raj621@gmail.com,17259139877,Sales,Software Engineer,Intern,4.0,2022-03-02,1973-07-02,EMP00002,Toronto,59648.171875,AED,2022-05-31,False,,8XYN43AIJL,CC9293,PASS,PASS,PASS,PASS,FAIL — No nulls,PASS
EMP00093,David Chen,david.chen50@company.com,david155@gmail.com,919755984410,Operations,Product Manager,Part-Time,8.0,2022-09-29,1977-10-08,EMP00011,Sydney,72562.671875,AED,2022-12-28,True,,DFHZOP52DA,CC1399,PASS,PASS,PASS,PASS,FAIL — No nulls,PASS
EMP00094,Wei Khan,wei.khan94@company.com,wei444@outlook.com,16259505714,Legal,Data Analyst,Part-Time,5.0,2019-06-01,1983-02-23,EMP00003,Toronto,129384.09375,INR,2019-08-30,True,,F3BQC42822,CC4088,PASS,PASS,PASS,PASS,FAIL — No nulls,PASS
EMP00095,Meera Williams,meera.williams34@company.com,meera727@outlook.com,447757531085,Product,Product Manager,Contractor,3.0,2018-04-28,1980-10-27,EMP00047,London,117928.546875,AED,2018-07-27,True,,UW5HSNH5H1,CC7823,PASS,PASS,PASS,PASS,FAIL — No nulls,PASS
EMP00096,Sunita Malik,sunita.malik99@company.com,sunita325@yahoo.com,449320554457,Operations,Marketing Manager,Contractor,3.0,2024-01-20,1990-12-27,EMP00048,London,73433.046875,USD,2024-04-19,True,,F5X75ZZ37B,CC2293,PASS,PASS,PASS,PASS,FAIL — No nulls,PASS
EMP00097,Omar Patel,omar.patel13@company.com,omar287@outlook.com,448257577175,Finance,,Full-Time,8.0,2021-10-06,1970-11-18,EMP00002,Toronto,63806.55078125,USD,2022-01-04,False,,93RM51CVZA,CC1454,FAIL — No nulls,PASS,PASS,PASS,FAIL — No nulls,PASS
EMP00098,Jessica Williams,jessica.williams84@company.com,jessica258@outlook.com,448842528720,Legal,Sales Executive,Part-Time,7.0,2017-10-13,1992-03-13,EMP00042,Dubai,171105.90625,USD,2018-01-11,False,,O7OC3BZK9D,CC9844,PASS,PASS,PASS,PASS,FAIL — No nulls,PASS
EMP00099,Sarah Johnson,sarah.johnson17@company.com,sarah900@outlook.com,918772011721,Sales,Product Manager,Contractor,6.0,2022-05-31,1970-12-18,EMP00001,Bengaluru,76234.3203125,INR,2022-08-29,True,,MXCUDYHV10,CC5997,PASS,PASS,PASS,PASS,FAIL — No nulls,PASS
EMP00100,Karan Miller,karan.miller5@company.com,karan735@gmail.com,449448711860,Legal,Finance Analyst,Part-Time,6.0,2020-03-21,1996-10-26,EMP00044,London,-110606.9375,AED,2020-06-19,True,,ODOULD3Y0N,CC2508,PASS,PASS,PASS,FAIL — Non-negative,FAIL — No nulls,PASS
EMP00101,Raj Al-Hassan,bad-email-no-at-sign,raj641@gmail.com,0,Human Resources,Product Manager,Part-Time,2.0,2023-06-05,1984-09-22,,Dubai,148714.515625,INR,2023-09-03,True,,C0DHKKSVM9,CC6032,PASS,PASS,FAIL — No nulls,PASS,FAIL — No nulls,PASS
EMP00102,Mohammed Davis,mohammed.davis5@company.com,mohammed656@gmail.com,9717589111648,Marketing,Senior Engineer,Part-Time,5.0,2023-02-24,1981-08-08,EMP00019,Sydney,71204.1015625,INR,2023-05-25,True,,TOF5W8M1L4,CC8885,PASS,PASS,PASS,PASS,FAIL — No nulls,PASS
EMP00103,Michael Wang,michael.wang50@company.com,michael849@gmail.com,9719857576334,Engineering,Senior Engineer,Full-Time,5.0,2019-12-12,1985-04-03,EMP00027,Singapore,117141.6796875,AED,2020-03-11,False,,3W85ZRZ3A9,CC9698,PASS,PASS,PASS,PASS,FAIL — No nulls,PASS
EMP00104,Priya Johnson,priya.johnson17@company.com,priya590@yahoo.com,918373321963,Human Resources,VP Marketing,Full-Time,2.0,2018-06-26,1989-06-28,EMP00008,London,167070.59375,GBP,2018-09-24,True,,RRN5X19U17,CC1161,PASS,PASS,PASS,PASS,FAIL — No nulls,PASS
EMP00105,Omar Wang,omar.wang72@company.com,omar726@gmail.com,446941416069,Engineering,,Part-Time,8.0,2021-12-27,1995-07-17,EMP00049,Toronto,87475.6484375,GBP,2022-03-27,True,,X6MX84HPN2,CC2041,FAIL — No nulls,PASS,PASS,PASS,FAIL — No nulls,PASS
EMP00106,Michael Wang,michael.wang41@company.com,michael754@outlook.com,447016344439,Sales,Data Scientist,Intern,8.0,2035-06-01,,EMP00045,Sydney,124581.7578125,USD,2021-10-07,False,,HWINYK6TTD,CC5291,PASS,FAIL — No nulls,PASS,PASS,FAIL — No nulls,PASS
EMP00107,Karan Miller,karan.miller88@company.com,karan791@outlook.com,446714118082,Marketing,Engineering Manager,Full-Time,8.0,2023-11-20,1982-11-04,EMP00031,Toronto,138306.0625,AED,2024-02-18,True,,X8VW4FKC39,CC7209,PASS,PASS,PASS,PASS,FAIL — No nulls,PASS
EMP00108,Ahmed Brown,ahmed.brown63@company.com,ahmed512@gmail.com,9716459355105,Product,VP Marketing,Part-Time,8.0,2021-12-20,1977-06-23,EMP00004,New York,148066.71875,GBP,2022-03-20,True,,A5RURKHFCL,CC6601,PASS,PASS,PASS,PASS,FAIL — No nulls,PASS
EMP00109,Aarav Singh,aarav.singh45@company.com,aarav876@yahoo.com,916103919616,Engineering,Product Manager,Contractor,3.0,2021-02-02,1978-11-19,EMP00032,Bengaluru,73497.21875,INR,2021-05-03,True,,N4XMTJCTO2,CC8271,PASS,PASS,PASS,PASS,FAIL — No nulls,PASS
EMP00110,Mohammed Singh,mohammed.singh88@company.com,mohammed529@yahoo.com,917219785733,Marketing,Legal Counsel,Part-Time,4.0,2018-05-08,1975-06-24,EMP00047,Toronto,153128.375,GBP,2018-08-06,True,,CHXQF5RCR7,CC4861,PASS,PASS,PASS,PASS,FAIL — No nulls,PASS
EMP00111,Vikram Singh,vikram.singh55@company.com,vikram428@gmail.com,918797228203,Engineering,Marketing Manager,Part-Time,4.0,2017-04-18,1976-02-29,EMP00046,Singapore,-131813.546875,INR,2017-07-17,True,,6TCK8Z9QL7,CC6778,PASS,PASS,PASS,FAIL — Non-negative,FAIL — No nulls,PASS
EMP00112,Vikram Patel,vikram.patel83@company.com,vikram135@yahoo.com,449059849356,Operations,Sales Executive,Full-Time,7.0,2020-05-29,1973-04-23,EMP00028,Dubai,67454.921875,GBP,2020-08-27,False,,CEQ8RZPXPQ,CC5787,PASS,PASS,PASS,PASS,FAIL — No nulls,PASS
EMP00113,Aarav Ahmed,aarav.ahmed44@company.com,aarav891@yahoo.com,447026685051,Engineering,,Intern,7.0,2019-09-17,1990-09-01,EMP00023,London,44683.48046875,AED,2019-12-16,False,,4D9YQCBGU5,CC8666,FAIL — No nulls,PASS,PASS,PASS,FAIL — No nulls,PASS
EMP00114,Wei Kumar,wei.kumar64@company.com,wei987@yahoo.com,9717323913224,Finance,VP Marketing,Full-Time,4.0,2021-05-04,1971-12-16,EMP00008,Dubai,43932.44921875,USD,2021-08-02,True,,MW1MI3UKJO,CC3582,PASS,PASS,PASS,PASS,FAIL — No nulls,PASS
EMP00115,Mohammed Chen,mohammed.chen90@company.com,mohammed194@outlook.com,447278511301,Product,Legal Counsel,Part-Time,3.0,2019-04-30,1983-09-22,EMP00015,Sydney,38146.16015625,AED,2019-07-29,True,,D86BA0C7AX,CC8955,PASS,PASS,PASS,PASS,FAIL — No nulls,PASS
EMP00116,Priya Kumar,priya.kumar85@company.com,priya429@outlook.com,447999824544,Product,Data Analyst,Part-Time,8.0,2020-01-15,1972-03-13,EMP00030,London,76074.2421875,USD,2020-04-14,True,,CUXOAOS9A7,CC8191,PASS,PASS,PASS,PASS,FAIL — No nulls,PASS
EMP00117,Meera Chen,meera.chen95@company.com,meera489@outlook.com,16250354554,Engineering,Marketing Manager,Intern,6.0,2016-02-22,1984-12-04,EMP00019,New York,71021.0703125,INR,2016-05-22,True,,9GOKWSV25Y,CC7122,PASS,PASS,PASS,PASS,FAIL — No nulls,PASS
EMP00118,Sarah Smith,sarah.smith75@company.com,sarah798@yahoo.com,18749896688,Sales,HR Business Partner,Part-Time,1.0,2020-05-05,1975-07-13,EMP00044,Singapore,104466.7734375,INR,2020-08-03,False,,LG5J9R88K3,CC3420,PASS,PASS,PASS,PASS,FAIL — No nulls,PASS
EMP00119,Mohammed Davis,mohammed.davis41@company.com,mohammed799@gmail.com,9717146558473,Sales,Engineering Manager,Contractor,3.0,2015-02-28,1997-06-16,EMP00010,London,69429.2734375,AED,2015-05-29,True,,GNR663U4PQ,CC6076,PASS,PASS,PASS,PASS,FAIL — No nulls,PASS
EMP00120,Ashley Al-Hassan,ashley.al-hassan8@company.com,ashley156@yahoo.com,919618198224,Finance,VP Marketing,Intern,1.0,2018-12-16,1978-06-20,EMP00015,Sydney,68930.5703125,AED,2019-03-16,True,,YJ1775EYQ9,CC2273,PASS,PASS,PASS,PASS,FAIL — No nulls,PASS
EMP00121,Omar Kumar,bad-email-no-at-sign,omar622@gmail.com,917994279467,Legal,,Intern,7.0,2035-06-01,1972-03-08,EMP00047,Singapore,3167200.5,USD,2023-06-21,False,,,CC6036,FAIL — No nulls,PASS,PASS,PASS,FAIL — No nulls,FAIL — No nulls
EMP00122,Vikram Johnson,vikram.johnson22@company.com,vikram645@yahoo.com,17589909845,Finance,VP Marketing,Contractor,2.0,2017-05-20,1992-02-16,EMP00032,Singapore,-56497.48046875,GBP,2017-08-18,True,,8H01MSZG64,CC2181,PASS,PASS,PASS,FAIL — Non-negative,FAIL — No nulls,PASS
EMP00123,Fatima Chen,fatima.chen59@company.com,fatima224@yahoo.com,916440645162,Product,Software Engineer,Intern,3.0,2023-11-07,2000-06-02,EMP00043,New York,179172.203125,GBP,2024-02-05,False,,04X13UZ2CX,CC6971,PASS,PASS,PASS,PASS,FAIL — No nulls,PASS
EMP00124,Fatima Khan,fatima.khan20@company.com,fatima836@yahoo.com,19132150404,Human Resources,Software Engineer,Intern,4.0,2019-07-04,1973-04-07,EMP00049,New York,90937.078125,AED,2019-10-02,True,,C3DJT865MV,CC3201,PASS,PASS,PASS,PASS,FAIL — No nulls,PASS
EMP00125,Rohan Johnson,rohan.johnson53@company.com,rohan688@yahoo.com,16780934175,Sales,Business Analyst,Part-Time,5.0,2021-12-20,1992-12-13,EMP00013,New York,49694.26171875,GBP,2022-03-20,True,,BJT9F4R8CJ,CC5252,PASS,PASS,PASS,PASS,FAIL — No nulls,PASS
EMP00126,Priya Khan,priya.khan23@company.com,priya509@outlook.com,18160757608,Operations,CFO,Intern,2.0,2016-09-02,1990-07-11,,Toronto,141835.515625,GBP,2016-12-01,True,,S1SPNYT51Z,CC2170,PASS,PASS,FAIL — No nulls,PASS,FAIL — No nulls,PASS
EMP00127,Omar Khan,omar.khan87@company.com,omar253@outlook.com,16197227990,Legal,CFO,Intern,1.0,2018-09-07,1988-03-13,EMP00050,Sydney,119696.46875,AED,2018-12-06,True,,KIBQCXW07F,CC6661,PASS,PASS,PASS,PASS,FAIL — No nulls,PASS
EMP00128,James Wang,james.wang5@company.com,james276@gmail.com,448961093371,Legal,Software Engineer,Full-Time,7.0,2016-11-11,1999-07-27,EMP00031,New York,117948.90625,GBP,2017-02-09,True,,XDUJG5BAJD,CC9431,PASS,PASS,PASS,PASS,FAIL — No nulls,PASS
EMP00129,Rohan Kumar,rohan.kumar29@company.com,rohan277@gmail.com,9718567999357,Engineering,,Contractor,6.0,2022-06-18,1979-09-28,EMP00004,Sydney,58089.3203125,USD,2022-09-16,True,,5JNMQZSN8B,CC2580,FAIL — No nulls,PASS,PASS,PASS,FAIL — No nulls,PASS
EMP00130,Karan Khan,karan.khan46@company.com,karan357@outlook.com,916168086194,Marketing,Legal Counsel,Intern,4.0,2023-08-19,1981-08-30,EMP00017,Mumbai,164018.25,USD,2023-11-17,True,,08G7QCLA4Z,CC7317,PASS,PASS,PASS,PASS,FAIL — No nulls,PASS
EMP00131,Sarah Al-Hassan,sarah.al-hassan53@company.com,sarah629@gmail.com,16314265186,Sales,Finance Analyst,Part-Time,4.0,2019-10-24,1996-06-27,EMP00047,Singapore,53472.8984375,INR,2020-01-22,True,,HRWAPZLT8H,CC7452,PASS,PASS,PASS,PASS,FAIL — No nulls,PASS
EMP00132,Emily Patel,emily.patel75@company.com,emily980@yahoo.com,9717100906677,Operations,HR Business Partner,Intern,1.0,2024-03-01,1973-04-13,EMP00027,Bengaluru,86355.578125,AED,2024-05-30,True,,MADMO12SCR,CC1511,PASS,PASS,PASS,PASS,FAIL — No nulls,PASS
EMP00133,Daniel Wang,daniel.wang68@company.com,daniel135@yahoo.com,448698128630,Marketing,VP Marketing,Contractor,4.0,2017-04-05,1996-05-11,EMP00043,Bengaluru,-63910.46875,USD,2017-07-04,True,,86M23JS4PW,CC7767,PASS,PASS,PASS,FAIL — Non-negative,FAIL — No nulls,PASS
EMP00134,Ahmed Singh,ahmed.singh25@company.com,ahmed617@gmail.com,9718901847057,Operations,VP Marketing,Full-Time,3.0,2023-08-22,1978-01-24,EMP00003,Dubai,96840.0703125,INR,2023-11-20,True,,JO9WMVUMOV,CC3010,PASS,PASS,PASS,PASS,FAIL — No nulls,PASS
EMP00135,Ananya Khan,ananya.khan29@company.com,ananya812@outlook.com,916938576806,Marketing,Data Scientist,Full-Time,2.0,2016-06-08,1996-03-16,EMP00020,Bengaluru,39865.69140625,USD,2016-09-06,True,,OGXPRB38MP,CC8762,PASS,PASS,PASS,PASS,FAIL — No nulls,PASS
EMP00136,Liang Singh,liang.singh55@company.com,liang118@gmail.com,449718358108,Sales,Data Analyst,Intern,7.0,2035-06-01,1985-11-10,EMP00029,Bengaluru,100020.6015625,AED,2017-01-13,False,,WSA0X4V7C5,CC3043,PASS,PASS,PASS,PASS,FAIL — No nulls,PASS
EMP00137,Ashley Miller,ashley.miller21@company.com,ashley854@outlook.com,16548700052,Engineering,,Part-Time,3.0,2022-05-12,1980-07-25,EMP00040,Mumbai,93264.1484375,AED,2022-08-10,True,,JJF3KKUVC6,CC8150,FAIL — No nulls,PASS,PASS,PASS,FAIL — No nulls,PASS
EMP00138,Sneha Al-Hassan,sneha.al-hassan48@company.com,sneha514@yahoo.com,449093039601,Product,Data Scientist,Intern,3.0,2019-08-20,1980-11-30,EMP00042,Sydney,100270.7734375,GBP,2019-11-18,True,,7Q28K1J93W,CC6929,PASS,PASS,PASS,PASS,FAIL — No nulls,PASS
EMP00139,Omar Kumar,omar.kumar13@company.com,omar379@yahoo.com,916406766135,Human Resources,HR Business Partner,Contractor,4.0,2018-08-23,1999-07-30,EMP00031,Sydney,82168.6875,AED,2018-11-21,True,,WCO0UF9FMU,CC3578,PASS,PASS,PASS,PASS,FAIL — No nulls,PASS
EMP00140,Fatima Smith,fatima.smith25@company.com,fatima565@gmail.com,9717675552740,Human Resources,CFO,Part-Time,4.0,2016-07-22,1996-08-24,EMP00029,Toronto,48029.671875,USD,2016-10-20,True,,CYWF3OQ2ZF,CC1259,PASS,PASS,PASS,PASS,FAIL — No nulls,PASS
EMP00141,Wei Malik,bad-email-no-at-sign,wei534@outlook.com,9719572847978,Engineering,Finance Analyst,Intern,1.0,2015-07-29,,EMP00041,New York,132950.046875,GBP,2015-10-27,True,,71YYDXO3TS,CC4200,PASS,FAIL — No nulls,PASS,PASS,FAIL — No nulls,PASS
EMP00142,Emily Miller,emily.miller29@company.com,emily110@yahoo.com,446903180988,Sales,HR Business Partner,Contractor,6.0,2017-11-24,1974-04-04,EMP00041,Singapore,36417.25,INR,2018-02-22,False,,FPOXKWAOHW,CC7273,PASS,PASS,PASS,PASS,FAIL — No nulls,PASS
EMP00143,Sarah Johnson,sarah.johnson32@company.com,sarah980@gmail.com,9716957978441,Engineering,HR Manager,Intern,3.0,2016-04-06,1997-09-14,EMP00030,Sydney,129795.2421875,USD,2016-07-05,True,,IKRWKWSHFO,CC2405,PASS,PASS,PASS,PASS,FAIL — No nulls,PASS
EMP00144,Daniel Miller,daniel.miller77@company.com,daniel453@yahoo.com,446293524369,Operations,Legal Counsel,Contractor,8.0,2016-12-02,1981-12-23,EMP00030,Bengaluru,-123634.40625,GBP,2017-03-02,True,,S586I70415,CC8891,PASS,PASS,PASS,FAIL — Non-negative,FAIL — No nulls,PASS
EMP00145,Raj Johnson,raj.johnson11@company.com,raj425@outlook.com,18182277458,Product,,Intern,2.0,2018-10-05,1992-09-26,EMP00018,Toronto,134662.5,INR,2019-01-03,True,,MFIZ1FJ456,CC5953,FAIL — No nulls,PASS,PASS,PASS,FAIL — No nulls,PASS
EMP00146,Fatima Malik,fatima.malik54@company.com,fatima781@yahoo.com,19890871427,Product,Product Manager,Full-Time,4.0,2018-03-17,2000-09-14,EMP00027,Sydney,131281.75,AED,2018-06-15,False,,MVNXABPCUX,CC5675,PASS,PASS,PASS,PASS,FAIL — No nulls,PASS
EMP00147,James Kumar,james.kumar27@company.com,james511@yahoo.com,18919924876,Product,Finance Analyst,Part-Time,5.0,2019-07-20,1991-05-11,EMP00006,London,153617.8125,GBP,2019-10-18,True,,153ID80QUE,CC2750,PASS,PASS,PASS,PASS,FAIL — No nulls,PASS
EMP00148,Liang Brown,liang.brown21@company.com,liang657@outlook.com,9716126476787,Marketing,Senior Engineer,Intern,5.0,2015-05-14,1976-01-18,EMP00009,Dubai,158066.4375,INR,2015-08-12,False,,QDMGM1WYQT,CC1016,PASS,PASS,PASS,PASS,FAIL — No nulls,PASS
EMP00149,Liang Sharma,liang.sharma96@company.com,liang550@yahoo.com,9717497740155,Finance,Operations Analyst,Part-Time,3.0,2019-08-29,1974-04-01,EMP00034,Dubai,119156.859375,USD,2019-11-27,True,,EZYNWZCU2U,CC6921,PASS,PASS,PASS,PASS,FAIL — No nulls,PASS
EMP00150,Sarah Khan,sarah.khan50@company.com,sarah166@yahoo.com,448156402892,Legal,Sales Executive,Part-Time,7.0,2015-11-09,1979-10-28,EMP00046,New York,167112.140625,INR,2016-02-07,True,,5EBW0L78XZ,CC7250,PASS,PASS,PASS,PASS,FAIL — No nulls,PASS
EMP00151,Daniel Ahmed,daniel.ahmed20@company.com,daniel686@gmail.com,0,Product,VP Marketing,Intern,6.0,2035-06-01,1987-09-21,,New York,3158135.25,INR,2017-10-15,True,,KMRW9SYIWR,CC9552,PASS,PASS,FAIL — No nulls,PASS,FAIL — No nulls,PASS
EMP00152,Omar Miller,omar.miller19@company.com,omar839@yahoo.com,449453118390,Finance,Data Scientist,Full-Time,7.0,2019-11-19,1984-03-18,EMP00025,Toronto,171456.953125,AED,2020-02-17,True,,OER5KVKTLC,CC3578,PASS,PASS,PASS,PASS,FAIL — No nulls,PASS
EMP00153,Sneha Johnson,sneha.johnson68@company.com,sneha986@yahoo.com,447013205320,Marketing,,Contractor,2.0,2018-05-12,1993-06-03,EMP00019,Bengaluru,116689.7265625,GBP,2018-08-10,True,,PYNPSIN1D8,CC9250,FAIL — No nulls,PASS,PASS,PASS,FAIL — No nulls,PASS
EMP00154,Daniel Khan,daniel.khan80@company.com,daniel642@gmail.com,446334182073,Human Resources,Business Analyst,Part-Time,3.0,2016-03-04,1994-09-28,EMP00042,Toronto,36787.19140625,GBP,2016-06-02,True,,BXRF4FCQ7A,CC3380,PASS,PASS,PASS,PASS,FAIL — No nulls,PASS
EMP00155,Aarav Singh,aarav.singh61@company.com,aarav683@yahoo.com,19487021256,Legal,Tech Lead,Contractor,6.0,2022-11-08,1985-03-26,EMP00022,Mumbai,-87750.5078125,USD,2023-02-06,True,,B9S05I9BOR,CC1670,PASS,PASS,PASS,FAIL — Non-negative,FAIL — No nulls,PASS
EMP00156,Vikram Sharma,vikram.sharma61@company.com,vikram896@yahoo.com,9716730404696,Product,HR Manager,Intern,3.0,2019-02-24,1978-09-22,EMP00045,Bengaluru,64572.62890625,USD,2019-05-25,True,,19BUWYZ0F5,CC6962,PASS,PASS,PASS,PASS,FAIL — No nulls,PASS
EMP00157,James Miller,james.miller75@company.com,james692@gmail.com,16951533465,Legal,Legal Counsel,Part-Time,4.0,2015-01-27,1976-09-16,EMP00014,Singapore,62860.41015625,INR,2015-04-27,False,,VNPJKVZC7E,CC3818,PASS,PASS,PASS,PASS,FAIL — No nulls,PASS
EMP00158,Daniel Malik,daniel.malik9@company.com,daniel327@yahoo.com,449934717630,Sales,HR Manager,Full-Time,5.0,2023-11-07,1981-04-08,EMP00017,New York,132906.484375,AED,2024-02-05,True,,1OOLTCU1ET,CC2695,PASS,PASS,PASS,PASS,FAIL — No nulls,PASS
EMP00159,Priya Davis,priya.davis41@company.com,priya110@outlook.com,916407006672,Marketing,HR Manager,Part-Time,8.0,2023-03-17,1997-08-17,EMP00049,Toronto,48038.76171875,GBP,2023-06-15,True,,RGKUVAJJCP,CC2026,PASS,PASS,PASS,PASS,FAIL — No nulls,PASS
EMP00160,Sarah Kumar,sarah.kumar32@company.com,sarah229@yahoo.com,918874377888,Product,VP Marketing,Part-Time,7.0,2022-09-01,1985-12-14,EMP00036,Sydney,87795.7109375,USD,2022-11-30,True,,11V9O8M1AP,CC7819,PASS,PASS,PASS,PASS,FAIL — No nulls,PASS
EMP00161,Michael Ahmed,bad-email-no-at-sign,michael578@outlook.com,18437630603,Finance,,Full-Time,3.0,2016-05-04,1994-04-22,EMP00032,Bengaluru,152409.046875,USD,2016-08-02,False,,,CC4367,FAIL — No nulls,PASS,PASS,PASS,FAIL — No nulls,FAIL — No nulls
EMP00162,Omar Davis,omar.davis22@company.com,omar723@yahoo.com,446153385267,Finance,Engineering Manager,Part-Time,4.0,2024-03-04,1995-02-07,EMP00036,Bengaluru,166636.046875,AED,2024-06-02,False,,YCXYO2XIIH,CC2234,PASS,PASS,PASS,PASS,FAIL — No nulls,PASS
EMP00163,Vikram Patel,vikram.patel71@company.com,vikram164@gmail.com,918267270104,Engineering,Senior Engineer,Contractor,7.0,2018-08-13,1982-09-22,EMP00043,Singapore,43581.44921875,AED,2018-11-11,True,,NTQ6ZI1OU9,CC8244,PASS,PASS,PASS,PASS,FAIL — No nulls,PASS
EMP00164,Vikram Brown,vikram.brown89@company.com,vikram655@gmail.com,9718251717140,Engineering,Product Manager,Part-Time,7.0,2020-07-29,1988-08-01,EMP00029,Mumbai,179364.203125,GBP,2020-10-27,True,,NMS036IUF7,CC2154,PASS,PASS,PASS,PASS,FAIL — No nulls,PASS
EMP00165,Mohammed Smith,mohammed.smith21@company.com,mohammed753@yahoo.com,916477829967,Marketing,Data Scientist,Full-Time,1.0,2021-01-25,1987-04-16,EMP00040,Toronto,126853.40625,GBP,2021-04-25,False,,V57IJ8ZV7H,CC1908,PASS,PASS,PASS,PASS,FAIL — No nulls,PASS
EMP00166,Emily Al-Hassan,emily.al-hassan61@company.com,emily344@outlook.com,16269789074,Sales,HR Manager,Contractor,4.0,2035-06-01,1972-08-19,EMP00046,Singapore,-54358.5390625,AED,2024-03-28,True,,94RZS6LLSK,CC4242,PASS,PASS,PASS,FAIL — Non-negative,FAIL — No nulls,PASS
EMP00167,Jessica Davis,jessica.davis48@company.com,jessica668@yahoo.com,446602433163,Finance,Data Scientist,Part-Time,4.0,2024-05-16,1974-05-21,EMP00047,New York,67445.8671875,AED,2024-08-14,True,,280BQXWUO9,CC3993,PASS,PASS,PASS,PASS,FAIL — No nulls,PASS
EMP00168,Omar Johnson,omar.johnson91@company.com,omar312@outlook.com,19229047766,Product,Software Engineer,Contractor,4.0,2018-06-18,1992-11-15,EMP00044,Singapore,106013.609375,AED,2018-09-16,True,,HH4KXT86VZ,CC1614,PASS,PASS,PASS,PASS,FAIL — No nulls,PASS
EMP00169,Ahmed Sharma,ahmed.sharma90@company.com,ahmed441@yahoo.com,919891412740,Finance,,Full-Time,5.0,2022-06-16,1980-04-07,EMP00035,Sydney,103857.828125,INR,2022-09-14,True,,IV1LC6OAD5,CC1963,FAIL — No nulls,PASS,PASS,PASS,FAIL — No nulls,PASS
EMP00170,Ashley Khan,ashley.khan77@company.com,ashley102@gmail.com,446413077916,Legal,Data Analyst,Part-Time,6.0,2019-03-21,1975-03-26,EMP00029,Mumbai,37721.01171875,USD,2019-06-19,False,,D7KNYO09QA,CC3526,PASS,PASS,PASS,PASS,FAIL — No nulls,PASS
EMP00171,Michael Sharma,michael.sharma58@company.com,michael665@gmail.com,19962786749,Finance,Data Analyst,Intern,8.0,2015-12-06,1972-12-03,EMP00043,Toronto,52455.109375,AED,2016-03-05,True,,D9QAVFIECH,CC2132,PASS,PASS,PASS,PASS,FAIL — No nulls,PASS
EMP00172,Michael Patel,michael.patel64@company.com,michael507@yahoo.com,17142744780,Human Resources,Account Manager,Intern,3.0,2023-06-12,1983-05-05,EMP00042,Sydney,133581.6875,AED,2023-09-10,True,,DM0NLPFOE3,CC6062,PASS,PASS,PASS,PASS,FAIL — No nulls,PASS
EMP00173,Raj Williams,raj.williams12@company.com,raj748@gmail.com,18235057705,Marketing,Business Analyst,Contractor,6.0,2023-06-28,1989-04-08,EMP00001,Toronto,107134.6171875,INR,2023-09-26,True,,E52X1V3IJN,CC6984,PASS,PASS,PASS,PASS,FAIL — No nulls,PASS
EMP00174,Karan Malik,karan.malik85@company.com,karan175@outlook.com,16903268633,Marketing,Operations Analyst,Full-Time,3.0,2022-05-03,1985-02-07,EMP00047,Sydney,132954.234375,GBP,2022-08-01,True,,NOKN092Z50,CC7977,PASS,PASS,PASS,PASS,FAIL — No nulls,PASS
EMP00175,Ananya Al-Hassan,ananya.al-hassan47@company.com,ananya737@outlook.com,9719987606151,Marketing,HR Manager,Contractor,3.0,2020-05-21,1993-07-29,EMP00018,Singapore,64136.01953125,GBP,2020-08-19,True,,KHC1OC96G7,CC2703,PASS,PASS,PASS,PASS,FAIL — No nulls,PASS
EMP00176,Omar Wang,omar.wang63@company.com,omar140@gmail.com,916359631931,Engineering,HR Business Partner,Part-Time,6.0,2020-03-21,,,Dubai,78227.75,AED,2020-06-19,True,,4OQUORMM92,CC8419,PASS,FAIL — No nulls,FAIL — No nulls,PASS,FAIL — No nulls,PASS
EMP00177,Daniel Patel,daniel.patel90@company.com,daniel584@gmail.com,9718383449842,Sales,,Full-Time,3.0,2019-01-31,1979-07-24,EMP00044,Toronto,-93775.8203125,USD,2019-05-01,True,,3LFF3YQDMW,CC8129,FAIL — No nulls,PASS,PASS,FAIL — Non-negative,FAIL — No nulls,PASS
EMP00178,Ahmed Patel,ahmed.patel26@company.com,ahmed778@gmail.com,9718865045482,Engineering,HR Manager,Contractor,4.0,2021-04-23,1984-04-20,EMP00013,New York,68904.8671875,USD,2021-07-22,True,,0JOHATP0OC,CC1811,PASS,PASS,PASS,PASS,FAIL — No nulls,PASS
EMP00179,Jessica Ahmed,jessica.ahmed13@company.com,jessica581@outlook.com,18243915942,Product,Business Analyst,Intern,2.0,2017-06-13,1996-11-24,EMP00027,Toronto,67783.078125,GBP,2017-09-11,True,,4IQYIGUYN1,CC7221,PASS,PASS,PASS,PASS,FAIL — No nulls,PASS
EMP00180,Karan Khan,karan.khan10@company.com,karan898@yahoo.com,18115615402,Sales,Sales Executive,Part-Time,8.0,2018-04-03,1980-01-04,EMP00031,Sydney,108866.28125,GBP,2018-07-02,True,,C1E9SBPSE9,CC9392,PASS,PASS,PASS,PASS,FAIL — No nulls,PASS
EMP00181,Emily Johnson,bad-email-no-at-sign,emily752@outlook.com,9717798764677,Operations,Marketing Manager,Intern,6.0,2035-06-01,1985-02-26,EMP00013,New York,3641152.5,USD,2019-05-23,True,,WL2NUXHU8X,CC7529,PASS,PASS,PASS,PASS,FAIL — No nulls,PASS
EMP00182,Omar Miller,omar.miller99@company.com,omar751@gmail.com,446184081350,Operations,HR Manager,Full-Time,7.0,2023-07-25,1981-11-27,EMP00044,Bengaluru,61748.16015625,USD,2023-10-23,False,,FVXQ9BHKX4,CC8488,PASS,PASS,PASS,PASS,FAIL — No nulls,PASS
EMP00183,Karan Sharma,karan.sharma53@company.com,karan920@yahoo.com,9717986855269,Finance,Director of Operations,Intern,3.0,2020-10-15,1985-10-20,EMP00040,New York,37876.171875,GBP,2021-01-13,True,,5V5K7V2GI6,CC7636,PASS,PASS,PASS,PASS,FAIL — No nulls,PASS
EMP00184,Omar Khan,omar.khan91@company.com,omar185@outlook.com,446372400114,Engineering,HR Manager,Part-Time,2.0,2020-04-30,1997-11-13,EMP00009,Singapore,82246.0,GBP,2020-07-29,True,,4JJOJFX1EP,CC3984,PASS,PASS,PASS,PASS,FAIL — No nulls,PASS
EMP00185,Ahmed Sharma,ahmed.sharma94@company.com,ahmed847@gmail.com,918761378017,Finance,,Contractor,3.0,2015-12-06,1979-09-29,EMP00038,Bengaluru,88887.0234375,USD,2016-03-05,True,,NPBCWEQWXP,CC3873,FAIL — No nulls,PASS,PASS,PASS,FAIL — No nulls,PASS
EMP00186,Ahmed Malik,ahmed.malik99@company.com,ahmed333@gmail.com,918131103004,Engineering,Senior Engineer,Part-Time,6.0,2018-07-16,1988-05-07,EMP00026,Bengaluru,55285.5,AED,2018-10-14,True,,46N6YZKOZF,CC5253,PASS,PASS,PASS,PASS,FAIL — No nulls,PASS
EMP00187,Ashley Malik,ashley.malik46@company.com,ashley879@gmail.com,918083426503,Human Resources,Software Engineer,Contractor,4.0,2017-03-09,1998-05-25,EMP00035,Bengaluru,77823.0625,USD,2017-06-07,False,,Q0PV1YCVFN,CC4428,PASS,PASS,PASS,PASS,FAIL — No nulls,PASS
EMP00188,Karan Wang,karan.wang91@company.com,karan583@outlook.com,447159667828,Human Resources,Operations Analyst,Part-Time,2.0,2023-12-10,1984-02-21,EMP00037,New York,-131865.390625,USD,2024-03-09,True,,MOWBEP05KV,CC6653,PASS,PASS,PASS,FAIL — Non-negative,FAIL — No nulls,PASS
EMP00189,Ananya Malik,ananya.malik40@company.com,ananya563@yahoo.com,447948990788,Human Resources,HR Manager,Part-Time,4.0,2020-04-03,1974-06-09,EMP00013,Bengaluru,153080.5,AED,2020-07-02,True,,7NZPQFD186,CC2682,PASS,PASS,PASS,PASS,FAIL — No nulls,PASS
EMP00190,Meera Chen,meera.chen90@company.com,meera374@gmail.com,448211286954,Marketing,Operations Analyst,Full-Time,3.0,2019-02-12,1988-09-15,EMP00018,Mumbai,87403.4296875,AED,2019-05-13,True,,D8W9KU6QLQ,CC8333,PASS,PASS,PASS,PASS,FAIL — No nulls,PASS
EMP00191,David Ahmed,david.ahmed69@company.com,david397@yahoo.com,918016369000,Operations,Product Manager,Part-Time,4.0,2020-02-17,1976-10-10,EMP00001,London,154148.109375,GBP,2020-05-17,False,,CUI3FWNAYR,CC7450,PASS,PASS,PASS,PASS,FAIL — No nulls,PASS
EMP00192,Mohammed Al-Hassan,mohammed.al-hassan84@company.com,mohammed932@gmail.com,447995174655,Product,Director of Operations,Full-Time,5.0,2023-03-21,1986-09-28,EMP00040,London,86515.859375,USD,2023-06-19,False,,UAE1C34A0W,CC2896,PASS,PASS,PASS,PASS,FAIL — No nulls,PASS
EMP00193,Sneha Al-Hassan,sneha.al-hassan65@company.com,sneha106@yahoo.com,9716861317581,Operations,,Intern,4.0,2016-03-02,1983-05-11,EMP00030,Sydney,145642.921875,GBP,2016-05-31,True,,XP7N7UTGLR,CC5349,FAIL — No nulls,PASS,PASS,PASS,FAIL — No nulls,PASS
EMP00194,Rohan Singh,rohan.singh41@company.com,rohan192@yahoo.com,917771542068,Engineering,Senior Engineer,Intern,3.0,2019-10-13,1983-08-13,EMP00042,Sydney,66151.8125,INR,2020-01-11,False,,ONI4B1CZM3,CC2351,PASS,PASS,PASS,PASS,FAIL — No nulls,PASS
EMP00195,Rohan Patel,rohan.patel13@company.com,rohan809@gmail.com,17367838873,Product,Senior Engineer,Intern,8.0,2019-03-03,1997-03-25,EMP00025,London,67497.2109375,AED,2019-06-01,True,,HTRTHM903F,CC1559,PASS,PASS,PASS,PASS,FAIL — No nulls,PASS
EMP00196,Karan Kumar,karan.kumar1@company.com,karan946@gmail.com,916108764108,Finance,Sales Executive,Full-Time,8.0,2035-06-01,1990-11-13,EMP00026,Mumbai,36150.73046875,USD,2024-01-25,False,,PM9THS2SUL,CC7684,PASS,PASS,PASS,PASS,FAIL — No nulls,PASS
EMP00197,Daniel Singh,daniel.singh31@company.com,daniel894@yahoo.com,9717865473983,Finance,Business Analyst,Contractor,5.0,2021-02-16,2000-05-31,EMP00043,Dubai,131686.828125,USD,2021-05-17,False,,4BFJHHG8NP,CC3501,PASS,PASS,PASS,PASS,FAIL — No nulls,PASS
EMP00198,James Kumar,james.kumar17@company.com,james146@outlook.com,9717580327305,Product,Tech Lead,Intern,6.0,2018-07-01,1997-12-04,EMP00008,Bengaluru,118924.5078125,USD,2018-09-29,True,,HFYG4RVZDN,CC6274,PASS,PASS,PASS,PASS,FAIL — No nulls,PASS
EMP00199,Aarav Ahmed,aarav.ahmed93@company.com,aarav254@yahoo.com,449385280840,Human Resources,HR Manager,Full-Time,6.0,2023-02-23,1974-04-25,EMP00016,Singapore,-119536.671875,INR,2023-05-24,True,,8VMFVKINBT,CC5810,PASS,PASS,PASS,FAIL — Non-negative,FAIL — No nulls,PASS
EMP00200,Rohan Brown,rohan.brown35@company.com,rohan530@yahoo.com,9718175290925,Marketing,Finance Analyst,Intern,6.0,2024-02-25,1986-09-28,EMP00006,Bengaluru,152285.171875,GBP,2024-05-25,True,,K2AZR69B6Y,CC2727,PASS,PASS,PASS,PASS,FAIL — No nulls,PASS
EMP00201,Sarah Wang,bad-email-no-at-sign,sarah502@outlook.com,0,Marketing,,Intern,5.0,2016-11-18,1993-11-22,,Bengaluru,49964.69140625,USD,2017-02-16,True,,,CC3217,FAIL — No nulls,PASS,FAIL — No nulls,PASS,FAIL — No nulls,FAIL — No nulls
EMP00202,Omar Brown,omar.brown2@company.com,omar408@gmail.com,919875140762,Operations,Senior Engineer,Intern,2.0,2015-10-16,1992-03-20,EMP00027,Dubai,118271.8828125,GBP,2016-01-14,True,,5D9LQ9ZX6Z,CC7436,PASS,PASS,PASS,PASS,FAIL — No nulls,PASS
EMP00203,Karan Singh,karan.singh79@company.com,karan764@outlook.com,16703925988,Product,Finance Analyst,Full-Time,1.0,2018-02-09,1988-01-03,EMP00022,Mumbai,75303.4921875,USD,2018-05-10,True,,OMYUU7S2CF,CC6400,PASS,PASS,PASS,PASS,FAIL — No nulls,PASS
EMP00204,Aarav Wang,aarav.wang89@company.com,aarav510@yahoo.com,449991999914,Marketing,Legal Counsel,Intern,8.0,2020-12-28,1992-12-17,EMP00043,New York,43980.109375,INR,2021-03-28,True,,87IKQ8X9CF,CC8270,PASS,PASS,PASS,PASS,FAIL — No nulls,PASS
EMP00205,Aarav Kumar,aarav.kumar95@company.com,aarav524@yahoo.com,916849662642,Legal,Product Manager,Intern,5.0,2018-01-31,1987-09-12,EMP00026,Singapore,97282.7734375,USD,2018-05-01,True,,STCDA9EIC6,CC7073,PASS,PASS,PASS,PASS,FAIL — No nulls,PASS
EMP00206,Rohan Malik,rohan.malik79@company.com,rohan941@gmail.com,17165756350,Product,Director of Operations,Intern,1.0,2019-10-26,1978-09-02,EMP00044,Toronto,124760.0078125,USD,2020-01-24,True,,TT3Q4E12ZL,CC3482,PASS,PASS,PASS,PASS,FAIL — No nulls,PASS
EMP00207,Liang Chen,liang.chen62@company.com,liang943@outlook.com,918391475444,Finance,Director of Operations,Full-Time,4.0,2020-10-06,1984-04-02,EMP00023,Toronto,91550.5078125,INR,2021-01-04,True,,SXRA7NH0IQ,CC3474,PASS,PASS,PASS,PASS,FAIL — No nulls,PASS
EMP00208,Emily Malik,emily.malik26@company.com,emily967@outlook.com,9718250843401,Product,Marketing Manager,Part-Time,3.0,2020-04-18,1982-01-05,EMP00046,New York,91638.15625,USD,2020-07-17,False,,87RHXPOTKT,CC8655,PASS,PASS,PASS,PASS,FAIL — No nulls,PASS
EMP00209,Fatima Davis,fatima.davis59@company.com,fatima389@gmail.com,19269352378,Operations,,Part-Time,4.0,2022-11-08,1987-06-09,EMP00041,Bengaluru,58875.66015625,USD,2023-02-06,True,,QI22CUL9RY,CC6967,FAIL — No nulls,PASS,PASS,PASS,FAIL — No nulls,PASS
EMP00210,Michael Chen,michael.chen6@company.com,michael612@outlook.com,18834549223,Finance,Legal Counsel,Part-Time,4.0,2020-07-15,1974-05-05,EMP00012,New York,-111354.0078125,GBP,2020-10-13,True,,3HFAF36MY7,CC9888,PASS,PASS,PASS,FAIL — Non-negative,FAIL — No nulls,PASS
EMP00211,Sunita Wang,sunita.wang61@company.com,sunita364@gmail.com,918355373357,Legal,Senior Engineer,Part-Time,2.0,2035-06-01,,EMP00031,London,4127291.25,INR,2017-06-20,True,,L9E1CFBDJW,CC8122,PASS,FAIL — No nulls,PASS,PASS,FAIL — No nulls,PASS
EMP00212,Jessica Smith,jessica.smith14@company.com,jessica998@yahoo.com,19685150982,Legal,Account Manager,Full-Time,7.0,2015-10-07,1995-10-04,EMP00014,New York,137230.390625,GBP,2016-01-05,True,,B7PJMEYBWE,CC6105,PASS,PASS,PASS,PASS,FAIL — No nulls,PASS
EMP00213,Emily Miller,emily.miller22@company.com,emily332@yahoo.com,9717551732360,Operations,HR Business Partner,Part-Time,4.0,2017-07-24,1998-01-16,EMP00045,Singapore,46405.12890625,USD,2017-10-22,True,,HG1CVR0M9T,CC2884,PASS,PASS,PASS,PASS,FAIL — No nulls,PASS
EMP00214,Raj Kumar,raj.kumar73@company.com,raj785@outlook.com,17141876925,Legal,Legal Counsel,Part-Time,6.0,2020-07-15,1979-05-24,EMP00029,Dubai,90783.6875,AED,2020-10-13,False,,DKVESA7T77,CC7239,PASS,PASS,PASS,PASS,FAIL — No nulls,PASS
EMP00215,Mohammed Ahmed,mohammed.ahmed91@company.com,mohammed430@gmail.com,917427452326,Engineering,Data Analyst,Intern,5.0,2022-02-20,1973-04-05,EMP00011,Singapore,154888.921875,AED,2022-05-21,True,,SPEUKZC2BW,CC6113,PASS,PASS,PASS,PASS,FAIL — No nulls,PASS
EMP00216,Rohan Kumar,rohan.kumar21@company.com,rohan151@outlook.com,919954228998,Marketing,Tech Lead,Contractor,2.0,2019-09-26,1990-04-13,EMP00048,Dubai,155214.671875,AED,2019-12-25,True,,LN8L8IS0OU,CC8249,PASS,PASS,PASS,PASS,FAIL — No nulls,PASS
EMP00217,Priya Miller,priya.miller89@company.com,priya761@gmail.com,9719520512728,Marketing,,Intern,5.0,2018-09-02,1986-08-25,EMP00035,New York,90229.953125,AED,2018-12-01,True,,V4LJMN2KZX,CC2742,FAIL — No nulls,PASS,PASS,PASS,FAIL — No nulls,PASS
EMP00218,Rohan Brown,rohan.brown19@company.com,rohan316@gmail.com,19272291922,Human Resources,Legal Counsel,Contractor,6.0,2019-10-08,2000-01-16,EMP00029,Singapore,95418.1796875,AED,2020-01-06,True,,KQVG1DIO4R,CC8139,PASS,PASS,PASS,PASS,FAIL — No nulls,PASS
EMP00219,Daniel Davis,daniel.davis35@company.com,daniel328@yahoo.com,16799632355,Operations,Software Engineer,Intern,4.0,2015-01-06,1982-10-29,EMP00049,Singapore,152364.6875,USD,2015-04-06,True,,YJY2T4NJ9T,CC3734,PASS,PASS,PASS,PASS,FAIL — No nulls,PASS
EMP00220,Meera Davis,meera.davis32@company.com,meera288@yahoo.com,446522033921,Product,Business Analyst,Full-Time,4.0,2023-07-08,1986-06-15,EMP00041,Toronto,151866.609375,USD,2023-10-06,False,,30IBSWGB67,CC3832,PASS,PASS,PASS,PASS,FAIL — No nulls,PASS
EMP00221,Michael Chen,bad-email-no-at-sign,michael295@yahoo.com,447545254205,Operations,Data Analyst,Part-Time,7.0,2020-07-03,1971-01-25,EMP00013,Toronto,-163150.390625,INR,2020-10-01,True,,CYOSWP3XOP,CC5504,PASS,PASS,PASS,FAIL — Non-negative,FAIL — No nulls,PASS
EMP00222,Raj Malik,raj.malik30@company.com,raj307@yahoo.com,446336700585,Sales,Finance Analyst,Full-Time,6.0,2023-10-22,2000-08-23,EMP00002,Bengaluru,73457.1015625,AED,2024-01-20,False,,J9O1EK0YNL,CC9933,PASS,PASS,PASS,PASS,FAIL — No nulls,PASS
EMP00223,Ananya Johnson,ananya.johnson27@company.com,ananya171@outlook.com,446306331592,Operations,Operations Analyst,Part-Time,3.0,2022-05-27,1974-01-15,EMP00009,New York,82725.359375,AED,2022-08-25,True,,KIM85OC6SH,CC2963,PASS,PASS,PASS,PASS,FAIL — No nulls,PASS
EMP00224,Ananya Sharma,ananya.sharma53@company.com,ananya116@gmail.com,448506134030,Human Resources,Finance Analyst,Part-Time,2.0,2022-09-02,1994-03-17,EMP00032,Toronto,48493.05078125,INR,2022-12-01,True,,879YFXKXOS,CC8107,PASS,PASS,PASS,PASS,FAIL — No nulls,PASS
EMP00225,Michael Brown,michael.brown58@company.com,michael875@yahoo.com,17695731615,Legal,,Contractor,2.0,2019-06-01,1973-02-18,EMP00015,New York,175145.703125,USD,2019-08-30,True,,M4M5KF2IUU,CC6669,FAIL — No nulls,PASS,PASS,PASS,FAIL — No nulls,PASS
EMP00226,Sneha Kumar,sneha.kumar16@company.com,sneha832@gmail.com,447311220995,Product,CFO,Full-Time,3.0,2035-06-01,1974-06-09,,Mumbai,107651.3828125,USD,2017-08-28,False,,GZVD771ADA,CC1050,PASS,PASS,FAIL — No nulls,PASS,FAIL — No nulls,PASS
EMP00227,Fatima Khan,fatima.khan85@company.com,fatima329@yahoo.com,16617092481,Sales,Software Engineer,Contractor,5.0,2017-07-02,1988-02-06,EMP00014,Mumbai,154071.28125,GBP,2017-09-30,True,,9K0O2MOF78,CC1549,PASS,PASS,PASS,PASS,FAIL — No nulls,PASS
EMP00228,Rohan Brown,rohan.brown66@company.com,rohan247@yahoo.com,918169710125,Operations,CFO,Full-Time,8.0,2017-08-25,1999-04-08,EMP00005,Singapore,153893.75,USD,2017-11-23,True,,1K9GKBP6N2,CC6432,PASS,PASS,PASS,PASS,FAIL — No nulls,PASS
EMP00229,Omar Patel,omar.patel51@company.com,omar362@gmail.com,19160627706,Human Resources,Operations Analyst,Full-Time,6.0,2017-09-22,1981-11-10,EMP00005,Toronto,84770.9765625,INR,2017-12-21,True,,4TYRSL6QR3,CC4553,PASS,PASS,PASS,PASS,FAIL — No nulls,PASS
EMP00230,Aarav Williams,aarav.williams27@company.com,aarav655@yahoo.com,917963361571,Finance,Marketing Manager,Part-Time,3.0,2023-04-01,1980-02-18,EMP00002,Sydney,81011.640625,INR,2023-06-30,True,,7RJT8HQC6U,CC9912,PASS,PASS,PASS,PASS,FAIL — No nulls,PASS
EMP00231,James Brown,james.brown87@company.com,james156@gmail.com,16922491395,Operations,Engineering Manager,Contractor,6.0,2019-07-14,1972-10-09,EMP00027,Toronto,128247.578125,USD,2019-10-12,True,,DE2RTYSY2M,CC2943,PASS,PASS,PASS,PASS,FAIL — No nulls,PASS
EMP00232,Aarav Patel,aarav.patel54@company.com,aarav501@yahoo.com,916155433933,Human Resources,Finance Analyst,Part-Time,3.0,2019-01-05,1980-10-18,EMP00027,Toronto,-135081.296875,AED,2019-04-05,True,,2ZDO9F5V7U,CC6971,PASS,PASS,PASS,FAIL — Non-negative,FAIL — No nulls,PASS
EMP00233,Karan Khan,karan.khan15@company.com,karan516@gmail.com,448989864396,Engineering,,Part-Time,3.0,2021-12-24,1978-05-16,EMP00029,Toronto,160595.15625,AED,2022-03-24,True,,8U827LBHLL,CC4618,FAIL — No nulls,PASS,PASS,PASS,FAIL — No nulls,PASS
EMP00234,Omar Kumar,omar.kumar46@company.com,omar615@gmail.com,9717186745434,Product,Senior Engineer,Contractor,7.0,2021-10-31,1995-09-24,EMP00035,Toronto,161267.203125,USD,2022-01-29,True,,XS1LY1XS4F,CC4947,PASS,PASS,PASS,PASS,FAIL — No nulls,PASS
EMP00235,Rohan Davis,rohan.davis31@company.com,rohan515@gmail.com,448795192896,Legal,VP Marketing,Contractor,5.0,2022-08-30,1990-01-18,EMP00021,New York,162917.234375,GBP,2022-11-28,True,,7PJHWVNDWD,CC7296,PASS,PASS,PASS,PASS,FAIL — No nulls,PASS
EMP00236,Michael Smith,michael.smith60@company.com,michael779@yahoo.com,919645157190,Finance,Business Analyst,Intern,1.0,2016-06-29,1982-04-26,EMP00037,Bengaluru,178635.265625,AED,2016-09-27,True,,82RZQYQCFO,CC3496,PASS,PASS,PASS,PASS,FAIL — No nulls,PASS
EMP00237,Vikram Johnson,vikram.johnson19@company.com,vikram227@gmail.com,918107637252,Finance,Operations Analyst,Intern,1.0,2022-09-17,1988-11-10,EMP00046,Singapore,70443.3125,INR,2022-12-16,False,,DA11T2BBCC,CC2030,PASS,PASS,PASS,PASS,FAIL — No nulls,PASS
EMP00238,Raj Al-Hassan,raj.al-hassan62@company.com,raj893@gmail.com,917108268787,Product,Engineering Manager,Contractor,2.0,2023-05-23,1978-03-18,EMP00002,Toronto,178589.84375,GBP,2023-08-21,True,,F67E3G58II,CC1403,PASS,PASS,PASS,PASS,FAIL — No nulls,PASS
EMP00239,Omar Johnson,omar.johnson66@company.com,omar207@yahoo.com,16416004261,Operations,Business Analyst,Part-Time,5.0,2021-03-12,1976-02-04,EMP00049,Mumbai,84906.6796875,AED,2021-06-10,False,,ZFWLW2JEHB,CC1975,PASS,PASS,PASS,PASS,FAIL — No nulls,PASS
EMP00240,Jessica Singh,jessica.singh56@company.com,jessica147@outlook.com,19083191692,Finance,Account Manager,Contractor,5.0,2019-01-26,1988-12-03,EMP00012,New York,122998.6015625,USD,2019-04-26,True,,8KMH3IYO6Q,CC5688,PASS,PASS,PASS,PASS,FAIL — No nulls,PASS
EMP00241,Meera Kumar,bad-email-no-at-sign,meera153@gmail.com,447862715128,Marketing,,Contractor,2.0,2035-06-01,1992-08-24,EMP00016,Mumbai,4724691.0,AED,2022-01-22,True,,,CC6702,FAIL — No nulls,PASS,PASS,PASS,FAIL — No nulls,FAIL — No nulls
EMP00242,Wei Khan,wei.khan46@company.com,wei707@gmail.com,9716421968458,Marketing,VP Marketing,Intern,4.0,2023-09-29,1979-09-28,EMP00028,Mumbai,86079.5625,AED,2023-12-28,True,,OO1UAA6EXU,CC7425,PASS,PASS,PASS,PASS,FAIL — No nulls,PASS
EMP00243,Meera Chen,meera.chen91@company.com,meera229@yahoo.com,18113876542,Product,Data Analyst,Part-Time,6.0,2016-01-01,1971-02-06,EMP00028,Singapore,-50187.890625,INR,2016-03-31,True,,KNV4Z05XTP,CC6185,PASS,PASS,PASS,FAIL — Non-negative,FAIL — No nulls,PASS
EMP00244,David Wang,david.wang5@company.com,david925@yahoo.com,9718998034218,Finance,Operations Analyst,Part-Time,8.0,2017-06-19,1985-11-14,EMP00040,Sydney,94603.9375,INR,2017-09-17,True,,9W492FHX04,CC6750,PASS,PASS,PASS,PASS,FAIL — No nulls,PASS
EMP00245,Sunita Chen,sunita.chen50@company.com,sunita449@outlook.com,446988060409,Legal,HR Manager,Full-Time,5.0,2022-11-06,1982-09-14,EMP00019,Dubai,52510.1015625,INR,2023-02-04,True,,04QFD7R8M8,CC1821,PASS,PASS,PASS,PASS,FAIL — No nulls,PASS
EMP00246,Priya Williams,priya.williams54@company.com,priya987@yahoo.com,9716614325522,Legal,HR Manager,Full-Time,1.0,2016-08-23,,EMP00011,New York,114381.1171875,AED,2016-11-21,True,,MV3LBJRNLV,CC6013,PASS,FAIL — No nulls,PASS,PASS,FAIL — No nulls,PASS
EMP00247,Omar Chen,omar.chen68@company.com,omar294@outlook.com,916252384507,Marketing,Finance Analyst,Full-Time,6.0,2022-12-23,1986-10-09,EMP00023,Bengaluru,42449.37109375,GBP,2023-03-23,True,,S9AG1YC70L,CC5564,PASS,PASS,PASS,PASS,FAIL — No nulls,PASS
EMP00248,Ashley Smith,ashley.smith35@company.com,ashley787@outlook.com,19018956710,Finance,Senior Engineer,Full-Time,5.0,2021-03-05,1992-11-10,EMP00033,Singapore,65225.83984375,GBP,2021-06-03,True,,9XCLB5CS8O,CC8231,PASS,PASS,PASS,PASS,FAIL — No nulls,PASS
EMP00249,Sneha Al-Hassan,sneha.al-hassan17@company.com,sneha288@outlook.com,917509112614,Marketing,,Part-Time,5.0,2019-08-03,1992-06-04,EMP00011,Mumbai,157216.234375,USD,2019-11-01,True,,75SRIEBYY4,CC5956,FAIL — No nulls,PASS,PASS,PASS,FAIL — No nulls,PASS
EMP00250,Sunita Brown,sunita.brown25@company.com,sunita957@gmail.com,917264038259,Finance,Operations Analyst,Full-Time,7.0,2020-01-31,1981-11-02,EMP00010,Bengaluru,95273.96875,AED,2020-04-30,True,,JEVX17AUU2,CC1727,PASS,PASS,PASS,PASS,FAIL — No nulls,PASS
EMP00251,Ashley Kumar,ashley.kumar40@company.com,ashley182@outlook.com,0,Legal,VP Marketing,Contractor,4.0,2024-04-18,1988-04-18,,New York,48262.37109375,INR,2024-07-17,True,,BF8ZXG3JPK,CC9892,PASS,PASS,FAIL — No nulls,PASS,FAIL — No nulls,PASS
EMP00252,Mohammed Johnson,mohammed.johnson6@company.com,mohammed426@gmail.com,917851456599,Product,Sales Executive,Intern,7.0,2017-08-16,1979-06-05,EMP00011,Toronto,47457.16015625,INR,2017-11-14,True,,EMQDWFQAP8,CC3186,PASS,PASS,PASS,PASS,FAIL — No nulls,PASS
EMP00253,Michael Al-Hassan,michael.al-hassan82@company.com,michael750@yahoo.com,917492060087,Marketing,Tech Lead,Part-Time,8.0,2016-11-06,1971-02-15,EMP00032,Sydney,160429.640625,USD,2017-02-04,True,,SGSQXEAUMJ,CC5761,PASS,PASS,PASS,PASS,FAIL — No nulls,PASS
EMP00254,Fatima Al-Hassan,fatima.al-hassan76@company.com,fatima206@gmail.com,449821182108,Legal,Data Analyst,Part-Time,5.0,2021-03-24,1973-06-07,EMP00027,Bengaluru,-75421.1015625,INR,2021-06-22,True,,JZHVDYWOBU,CC3961,PASS,PASS,PASS,FAIL — Non-negative,FAIL — No nulls,PASS
EMP00255,Emily Patel,emily.patel78@company.com,emily131@gmail.com,916905935206,Human Resources,Engineering Manager,Part-Time,6.0,2023-09-01,1991-03-31,EMP00032,London,137664.859375,USD,2023-11-30,True,,L45FNOSX6I,CC1106,PASS,PASS,PASS,PASS,FAIL — No nulls,PASS
EMP00256,Rohan Chen,rohan.chen53@company.com,rohan506@yahoo.com,446843754820,Finance,Product Manager,Part-Time,2.0,2035-06-01,1992-03-09,EMP00001,Singapore,44736.08984375,GBP,2022-12-31,True,,QPHLFIB8U7,CC8859,PASS,PASS,PASS,PASS,FAIL — No nulls,PASS
EMP00257,Raj Chen,raj.chen40@company.com,raj545@outlook.com,919088702482,Human Resources,,Contractor,6.0,2024-04-21,1990-05-22,EMP00010,London,123032.0625,AED,2024-07-20,True,,7UAP36R7P2,CC3935,FAIL — No nulls,PASS,PASS,PASS,FAIL — No nulls,PASS
EMP00258,Vikram Patel,vikram.patel45@company.com,vikram699@gmail.com,449517405432,Human Resources,Business Analyst,Part-Time,5.0,2015-03-22,1981-10-03,EMP00043,Bengaluru,121467.1328125,INR,2015-06-20,True,,6TIE9BHXCA,CC3129,PASS,PASS,PASS,PASS,FAIL — No nulls,PASS
EMP00259,Liang Johnson,liang.johnson99@company.com,liang557@gmail.com,16073950004,Marketing,Finance Analyst,Contractor,8.0,2017-01-22,1983-02-27,EMP00020,New York,144940.984375,INR,2017-04-22,True,,ZWQ0X8JWWT,CC4602,PASS,PASS,PASS,PASS,FAIL — No nulls,PASS
EMP00260,Priya Chen,priya.chen57@company.com,priya723@yahoo.com,18373693822,Engineering,Senior Engineer,Contractor,7.0,2023-04-30,1993-04-07,EMP00038,Toronto,173815.671875,GBP,2023-07-29,True,,YNVVC3DK7H,CC5961,PASS,PASS,PASS,PASS,FAIL — No nulls,PASS
EMP00261,Ananya Williams,bad-email-no-at-sign,ananya280@outlook.com,447716528596,Product,Operations Analyst,Full-Time,6.0,2021-04-09,1974-04-28,EMP00047,Bengaluru,54451.3203125,USD,2021-07-08,True,,V0F9PT7JNV,CC4784,PASS,PASS,PASS,PASS,FAIL — No nulls,PASS
EMP00262,Liang Johnson,liang.johnson27@company.com,liang182@yahoo.com,18559354474,Human Resources,Director of Operations,Full-Time,1.0,2016-04-30,1977-05-11,EMP00031,Dubai,124377.796875,INR,2016-07-29,True,,SH6IKEE9BA,CC6457,PASS,PASS,PASS,PASS,FAIL — No nulls,PASS
EMP00263,Sunita Patel,sunita.patel90@company.com,sunita276@gmail.com,446034272684,Legal,Director of Operations,Contractor,7.0,2015-01-15,1988-08-19,EMP00027,Dubai,121515.8515625,AED,2015-04-15,True,,AIWETPXUKE,CC6637,PASS,PASS,PASS,PASS,FAIL — No nulls,PASS
EMP00264,Meera Khan,meera.khan63@company.com,meera523@yahoo.com,449439562628,Product,Engineering Manager,Part-Time,2.0,2015-05-08,1991-12-26,EMP00018,Singapore,90425.4296875,AED,2015-08-06,True,,YXW7UWMVO7,CC1556,PASS,PASS,PASS,PASS,FAIL — No nulls,PASS
EMP00265,Jessica Wang,jessica.wang69@company.com,jessica621@gmail.com,917419979891,Engineering,,Full-Time,6.0,2019-05-29,1977-06-28,EMP00048,Toronto,-162941.734375,GBP,2019-08-27,True,,OH0TBE3Z8F,CC2706,FAIL — No nulls,PASS,PASS,FAIL — Non-negative,FAIL — No nulls,PASS
EMP00266,Sarah Johnson,sarah.johnson12@company.com,sarah880@yahoo.com,449000173331,Finance,Engineering Manager,Full-Time,8.0,2023-04-18,1971-08-09,EMP00032,Mumbai,57898.37890625,USD,2023-07-17,True,,SWT1NDW63M,CC4384,PASS,PASS,PASS,PASS,FAIL — No nulls,PASS
EMP00267,Meera Malik,meera.malik97@company.com,meera881@yahoo.com,9719262847887,Marketing,CFO,Full-Time,1.0,2021-09-07,1994-02-08,EMP00022,Sydney,143070.9375,USD,2021-12-06,True,,JTAMOYJ45H,CC6314,PASS,PASS,PASS,PASS,FAIL — No nulls,PASS
EMP00268,Sneha Khan,sneha.khan41@company.com,sneha455@gmail.com,918861074723,Legal,Legal Counsel,Contractor,4.0,2020-09-07,1980-07-15,EMP00011,Mumbai,83969.203125,INR,2020-12-06,True,,Y32KFNQO8B,CC8936,PASS,PASS,PASS,PASS,FAIL — No nulls,PASS
EMP00269,Aarav Smith,aarav.smith70@company.com,aarav330@gmail.com,9718934124291,Finance,Legal Counsel,Part-Time,7.0,2023-07-15,1972-12-28,EMP00030,Dubai,106298.6171875,GBP,2023-10-13,True,,RRSZO6AAGY,CC7091,PASS,PASS,PASS,PASS,FAIL — No nulls,PASS
EMP00270,Karan Brown,karan.brown93@company.com,karan210@gmail.com,9719512110159,Human Resources,Data Scientist,Intern,5.0,2023-11-03,1984-02-08,EMP00010,Mumbai,123964.59375,INR,2024-02-01,True,,8JQ3FO3K7R,CC7458,PASS,PASS,PASS,PASS,FAIL — No nulls,PASS
EMP00271,Sneha Al-Hassan,sneha.al-hassan71@company.com,sneha895@outlook.com,916945149538,Operations,CFO,Intern,4.0,2035-06-01,1999-04-24,EMP00033,Mumbai,4290290.0,USD,2022-11-03,True,,FF3FV5BL1V,CC5880,PASS,PASS,PASS,PASS,FAIL — No nulls,PASS
EMP00272,Sarah Patel,sarah.patel89@company.com,sarah590@gmail.com,447399001933,Human Resources,Business Analyst,Part-Time,8.0,2020-09-17,1976-07-19,EMP00031,Toronto,43578.75,INR,2020-12-16,False,,3LW35762OY,CC3131,PASS,PASS,PASS,PASS,FAIL — No nulls,PASS
EMP00273,Michael Wang,michael.wang50@company.com,michael245@outlook.com,448706581163,Marketing,,Part-Time,8.0,2020-05-08,1991-01-05,EMP00046,Dubai,122707.6015625,USD,2020-08-06,True,,JCQWRF4NN4,CC2842,FAIL — No nulls,PASS,PASS,PASS,FAIL — No nulls,PASS
EMP00274,Vikram Ahmed,vikram.ahmed85@company.com,vikram317@gmail.com,917662995705,Operations,Data Analyst,Intern,6.0,2017-03-01,1979-03-17,EMP00031,Mumbai,179560.84375,GBP,2017-05-30,True,,EZ0F2WS18C,CC9087,PASS,PASS,PASS,PASS,FAIL — No nulls,PASS
EMP00275,Sneha Williams,sneha.williams79@company.com,sneha952@outlook.com,447572142371,Product,CFO,Intern,3.0,2017-10-06,1980-03-18,EMP00020,Toronto,122125.7734375,INR,2018-01-04,True,,P1V7X6C87Y,CC3025,PASS,PASS,PASS,PASS,FAIL — No nulls,PASS
EMP00276,Sneha Ahmed,sneha.ahmed85@company.com,sneha693@yahoo.com,917125013456,Product,Tech Lead,Contractor,5.0,2015-04-01,1999-09-28,,New York,-87377.0625,INR,2015-06-30,True,,TT8B340Q21,CC5906,PASS,PASS,FAIL — No nulls,FAIL — Non-negative,FAIL — No nulls,PASS
EMP00277,Vikram Chen,vikram.chen34@company.com,vikram523@yahoo.com,919847285275,Sales,Senior Engineer,Full-Time,2.0,2016-08-23,1996-01-04,EMP00013,Mumbai,107064.796875,INR,2016-11-21,True,,9GEUDTCQH7,CC7032,PASS,PASS,PASS,PASS,FAIL — No nulls,PASS
EMP00278,Liang Wang,liang.wang34@company.com,liang971@gmail.com,448853892226,Finance,Sales Executive,Intern,7.0,2023-12-23,1983-04-17,EMP00036,New York,76452.109375,INR,2024-03-22,True,,BUSIYYMP8T,CC7739,PASS,PASS,PASS,PASS,FAIL — No nulls,PASS
EMP00279,James Kumar,james.kumar55@company.com,james356@outlook.com,448578662828,Marketing,VP Marketing,Intern,4.0,2016-10-29,1974-10-04,EMP00040,New York,139595.625,USD,2017-01-27,True,,ZC895DKVO1,CC3472,PASS,PASS,PASS,PASS,FAIL — No nulls,PASS
EMP00280,Aarav Smith,aarav.smith54@company.com,aarav324@outlook.com,916452126520,Marketing,Finance Analyst,Part-Time,7.0,2016-12-05,1987-03-21,EMP00037,Toronto,170526.1875,AED,2017-03-05,True,,PBBXLLWNTP,CC5627,PASS,PASS,PASS,PASS,FAIL — No nulls,PASS
EMP00281,Ashley Ahmed,bad-email-no-at-sign,ashley270@yahoo.com,919217518680,Finance,,Contractor,7.0,2018-01-23,,EMP00041,Mumbai,171705.4375,AED,2018-04-23,False,,,CC6931,FAIL — No nulls,FAIL — No nulls,PASS,PASS,FAIL — No nulls,FAIL — No nulls
EMP00282,Mohammed Williams,mohammed.williams67@company.com,mohammed221@outlook.com,9718192628167,Engineering,Engineering Manager,Intern,6.0,2017-07-11,1996-01-10,EMP00003,Dubai,99590.9921875,AED,2017-10-09,False,,O8BPK0ILAW,CC8775,PASS,PASS,PASS,PASS,FAIL — No nulls,PASS
EMP00283,Aarav Smith,aarav.smith95@company.com,aarav569@outlook.com,19168713267,Finance,Data Scientist,Full-Time,8.0,2016-08-08,1982-08-07,EMP00046,Bengaluru,82820.203125,GBP,2016-11-06,True,,WWRZ7Z6OEZ,CC8233,PASS,PASS,PASS,PASS,FAIL — No nulls,PASS
EMP00284,Michael Kumar,michael.kumar26@company.com,michael163@outlook.com,918472028091,Marketing,Software Engineer,Part-Time,6.0,2018-08-23,1987-07-19,EMP00031,Dubai,36955.51953125,USD,2018-11-21,False,,L0OG323UQU,CC5178,PASS,PASS,PASS,PASS,FAIL — No nulls,PASS
EMP00285,David Ahmed,david.ahmed59@company.com,david194@yahoo.com,447498131180,Product,VP Marketing,Intern,5.0,2021-12-04,1994-12-13,EMP00047,Singapore,97728.34375,USD,2022-03-04,True,,RHRC0YZN39,CC9531,PASS,PASS,PASS,PASS,FAIL — No nulls,PASS
EMP00286,Omar Johnson,omar.johnson32@company.com,omar759@gmail.com,16002747361,Operations,Tech Lead,Contractor,4.0,2035-06-01,1975-03-23,EMP00032,New York,69755.5078125,USD,2022-09-28,True,,DGFSDB33IG,CC6618,PASS,PASS,PASS,PASS,FAIL — No nulls,PASS
EMP00287,Karan Miller,karan.miller48@company.com,karan741@outlook.com,446288114826,Engineering,HR Manager,Part-Time,2.0,2023-07-24,1979-08-09,EMP00013,Dubai,-149301.0,USD,2023-10-22,True,,GTCEXDWRJU,CC5226,PASS,PASS,PASS,FAIL — Non-negative,FAIL — No nulls,PASS
EMP00288,Sneha Williams,sneha.williams71@company.com,sneha958@yahoo.com,16846224555,Finance,Data Analyst,Full-Time,1.0,2015-10-31,1978-04-26,EMP00029,London,87593.421875,INR,2016-01-29,True,,NG0Q7SNQGJ,CC4816,PASS,PASS,PASS,PASS,FAIL — No nulls,PASS
EMP00289,Aarav Brown,aarav.brown79@company.com,aarav527@gmail.com,9717186020897,Finance,,Full-Time,5.0,2023-11-28,1988-05-17,EMP00029,New York,35421.28125,AED,2024-02-26,False,,8ST8UM6S9K,CC6027,FAIL — No nulls,PASS,PASS,PASS,FAIL — No nulls,PASS
EMP00290,Sneha Miller,sneha.miller36@company.com,sneha856@gmail.com,9717334428360,Sales,Tech Lead,Contractor,3.0,2015-01-29,1985-06-11,EMP00050,Sydney,48414.828125,INR,2015-04-29,False,,94GZVSX9ZY,CC7995,PASS,PASS,PASS,PASS,FAIL — No nulls,PASS
EMP00291,Meera Johnson,meera.johnson65@company.com,meera766@yahoo.com,919503480745,Sales,Marketing Manager,Part-Time,8.0,2024-01-05,1982-06-25,EMP00014,Toronto,164415.46875,USD,2024-04-04,True,,JS63O6T813,CC8982,PASS,PASS,PASS,PASS,FAIL — No nulls,PASS
EMP00292,Omar Davis,omar.davis6@company.com,omar847@yahoo.com,9716122178816,Human Resources,Marketing Manager,Contractor,4.0,2016-04-17,1991-02-05,EMP00008,Sydney,103919.8125,GBP,2016-07-16,False,,OX9CZXRXP3,CC9143,PASS,PASS,PASS,PASS,FAIL — No nulls,PASS
EMP00293,Mohammed Chen,mohammed.chen82@company.com,mohammed119@outlook.com,916353559953,Product,Finance Analyst,Full-Time,5.0,2019-11-26,1972-02-07,EMP00031,Sydney,85267.0703125,AED,2020-02-24,True,,QCML9UVWU9,CC7818,PASS,PASS,PASS,PASS,FAIL — No nulls,PASS
EMP00294,Aarav Chen,aarav.chen87@company.com,aarav249@gmail.com,449013761905,Sales,Account Manager,Intern,1.0,2019-08-13,1999-01-19,EMP00005,London,35892.5390625,INR,2019-11-11,True,,8Z7HC9GCDK,CC9189,PASS,PASS,PASS,PASS,FAIL — No nulls,PASS
EMP00295,Omar Chen,omar.chen61@company.com,omar324@gmail.com,9719268300181,Marketing,Account Manager,Intern,8.0,2018-04-14,1978-04-03,EMP00014,Toronto,61435.30078125,USD,2018-07-13,False,,8F1TMTB35V,CC3905,PASS,PASS,PASS,PASS,FAIL — No nulls,PASS
EMP00296,Karan Wang,karan.wang40@company.com,karan483@gmail.com,16031547018,Engineering,Finance Analyst,Part-Time,4.0,2021-09-01,1989-06-22,EMP00025,Mumbai,175677.171875,USD,2021-11-30,True,,X7IASLCAIC,CC6256,PASS,PASS,PASS,PASS,FAIL — No nulls,PASS
EMP00297,Mohammed Wang,mohammed.wang64@company.com,mohammed972@outlook.com,9717330394193,Marketing,,Contractor,3.0,2015-05-23,1991-01-04,EMP00045,Mumbai,52892.30859375,AED,2015-08-21,True,,BX9PIYV8AE,CC4641,FAIL — No nulls,PASS,PASS,PASS,FAIL — No nulls,PASS
EMP00298,Emily Brown,emily.brown72@company.com,emily648@yahoo.com,16597124531,Product,Software Engineer,Full-Time,5.0,2023-01-17,1981-11-27,EMP00012,London,-118908.0703125,USD,2023-04-17,True,,GODUOTU14I,CC7418,PASS,PASS,PASS,FAIL — Non-negative,FAIL — No nulls,PASS
EMP00299,Sarah Sharma,sarah.sharma22@company.com,sarah580@outlook.com,918727547991,Operations,Tech Lead,Contractor,3.0,2021-01-31,1978-12-31,EMP00030,Mumbai,121373.390625,AED,2021-05-01,True,,9N0PCS8AYI,CC4843,PASS,PASS,PASS,PASS,FAIL — No nulls,PASS
EMP00300,Ananya Singh,ananya.singh79@company.com,ananya267@yahoo.com,448830939933,Sales,Engineering Manager,Full-Time,3.0,2023-10-26,1976-12-09,EMP00036,Sydney,45247.37109375,INR,2024-01-24,True,,4NNO313CBH,CC3468,PASS,PASS,PASS,PASS,FAIL — No nulls,PASS
EMP00301,Priya Sharma,bad-email-no-at-sign,priya733@yahoo.com,0,Legal,Finance Analyst,Contractor,2.0,2035-06-01,1990-10-31,,Sydney,3388679.25,AED,2019-06-08,False,,9RJ4161Z5O,CC9633,PASS,PASS,FAIL — No nulls,PASS,FAIL — No nulls,PASS
EMP00302,David Kumar,david.kumar43@company.com,david331@gmail.com,919294314950,Finance,Account Manager,Full-Time,1.0,2019-03-15,1998-10-18,EMP00043,Singapore,61457.328125,INR,2019-06-13,False,,5S5Z1C9TEQ,CC4900,PASS,PASS,PASS,PASS,FAIL — No nulls,PASS
EMP00303,Ashley Khan,ashley.khan70@company.com,ashley761@yahoo.com,9716267116034,Marketing,VP Marketing,Full-Time,2.0,2017-04-17,1980-04-19,EMP00003,London,133366.3125,AED,2017-07-16,True,,WCLHI2SFNF,CC5506,PASS,PASS,PASS,PASS,FAIL — No nulls,PASS
EMP00304,Jessica Johnson,jessica.johnson69@company.com,jessica288@gmail.com,447716389071,Human Resources,Sales Executive,Full-Time,7.0,2018-03-05,1997-02-11,EMP00040,Bengaluru,165882.796875,GBP,2018-06-03,True,,20ECK5UCYE,CC1858,PASS,PASS,PASS,PASS,FAIL — No nulls,PASS
EMP00305,Vikram Wang,vikram.wang29@company.com,vikram961@yahoo.com,446482986602,Operations,,Intern,8.0,2019-12-12,1976-10-29,EMP00041,New York,113799.5625,USD,2020-03-11,True,,OW7YWXD456,CC6767,FAIL — No nulls,PASS,PASS,PASS,FAIL — No nulls,PASS
EMP00306,Vikram Kumar,vikram.kumar51@company.com,vikram838@yahoo.com,19023416164,Marketing,Marketing Manager,Part-Time,2.0,2017-03-06,1991-12-03,EMP00035,Toronto,72870.21875,AED,2017-06-04,True,,XCWYJTQXIE,CC4443,PASS,PASS,PASS,PASS,FAIL — No nulls,PASS
EMP00307,Mohammed Malik,mohammed.malik98@company.com,mohammed961@gmail.com,9719462780348,Operations,Director of Operations,Intern,8.0,2019-12-16,1991-03-25,EMP00031,Toronto,74994.046875,AED,2020-03-15,True,,OX12O7F28J,CC7147,PASS,PASS,PASS,PASS,FAIL — No nulls,PASS
EMP00308,Michael Wang,michael.wang19@company.com,michael133@gmail.com,19506728324,Operations,Operations Analyst,Part-Time,3.0,2021-12-18,2000-08-09,EMP00013,Bengaluru,127485.453125,AED,2022-03-18,False,,WLNC6F0W35,CC6626,PASS,PASS,PASS,PASS,FAIL — No nulls,PASS
EMP00309,Sarah Patel,sarah.patel14@company.com,sarah192@outlook.com,9716336852369,Product,Director of Operations,Contractor,8.0,2019-08-14,1995-05-18,EMP00011,Toronto,-166895.84375,USD,2019-11-12,False,,R796FXMRVW,CC2102,PASS,PASS,PASS,FAIL — Non-negative,FAIL — No nulls,PASS
EMP00310,Michael Al-Hassan,michael.al-hassan93@company.com,michael164@outlook.com,918579527815,Operations,Operations Analyst,Contractor,4.0,2017-02-26,1987-08-27,EMP00012,New York,126703.328125,USD,2017-05-27,True,,NV633GFC72,CC4741,PASS,PASS,PASS,PASS,FAIL — No nulls,PASS
EMP00311,Wei Singh,wei.singh2@company.com,wei206@gmail.com,9716083676088,Engineering,Software Engineer,Full-Time,5.0,2016-09-30,1984-02-01,EMP00029,Sydney,37211.55078125,AED,2016-12-29,True,,MNZI3I8TI9,CC8140,PASS,PASS,PASS,PASS,FAIL — No nulls,PASS
EMP00312,Mohammed Johnson,mohammed.johnson19@company.com,mohammed933@yahoo.com,918677383057,Marketing,Engineering Manager,Intern,5.0,2021-05-24,1994-02-23,EMP00018,Toronto,119171.3203125,USD,2021-08-22,True,,082FE92TNU,CC2862,PASS,PASS,PASS,PASS,FAIL — No nulls,PASS
EMP00313,Emily Patel,emily.patel62@company.com,emily565@gmail.com,449461924687,Marketing,,Intern,5.0,2019-03-26,1984-04-26,EMP00026,New York,164411.40625,GBP,2019-06-24,True,,5DHHYWERH2,CC8295,FAIL — No nulls,PASS,PASS,PASS,FAIL — No nulls,PASS
EMP00314,Mohammed Khan,mohammed.khan79@company.com,mohammed930@gmail.com,9719542784499,Finance,Tech Lead,Intern,6.0,2015-04-04,1971-01-31,EMP00025,Mumbai,132681.75,GBP,2015-07-03,False,,28NPOWKLN8,CC7069,PASS,PASS,PASS,PASS,FAIL — No nulls,PASS
EMP00315,Karan Ahmed,karan.ahmed7@company.com,karan708@gmail.com,448210439976,Finance,Software Engineer,Contractor,1.0,2018-12-18,1972-05-07,EMP00046,Sydney,86928.1171875,INR,2019-03-18,True,,Q63B5YT7H5,CC7534,PASS,PASS,PASS,PASS,FAIL — No nulls,PASS
EMP00316,David Ahmed,david.ahmed21@company.com,david378@outlook.com,9716340600778,Marketing,Legal Counsel,Intern,8.0,2035-06-01,,EMP00014,London,107183.0078125,USD,2019-04-04,True,,IT882ENXG2,CC5021,PASS,FAIL — No nulls,PASS,PASS,FAIL — No nulls,PASS
EMP00317,Fatima Wang,fatima.wang95@company.com,fatima767@gmail.com,446864959202,Marketing,Legal Counsel,Part-Time,1.0,2017-03-15,1990-01-01,EMP00010,Toronto,64819.98046875,GBP,2017-06-13,False,,Y5DDCF6QVI,CC7500,PASS,PASS,PASS,PASS,FAIL — No nulls,PASS
EMP00318,Raj Al-Hassan,raj.al-hassan68@company.com,raj160@outlook.com,16993686094,Legal,Product Manager,Full-Time,1.0,2016-07-08,1991-05-26,EMP00020,Singapore,74444.203125,USD,2016-10-06,True,,O938JTDQOU,CC6322,PASS,PASS,PASS,PASS,FAIL — No nulls,PASS
EMP00319,Sunita Williams,sunita.williams1@company.com,sunita815@yahoo.com,917932646763,Engineering,HR Manager,Contractor,5.0,2023-09-17,1974-12-29,EMP00010,Bengaluru,167587.65625,GBP,2023-12-16,False,,WHGMFTOB91,CC8404,PASS,PASS,PASS,PASS,FAIL — No nulls,PASS
EMP00320,Fatima Brown,fatima.brown80@company.com,fatima311@yahoo.com,918187779334,Human Resources,Software Engineer,Contractor,5.0,2015-06-08,1989-11-29,EMP00028,Toronto,-38701.05078125,USD,2015-09-06,False,,JH44F80DRY,CC2529,PASS,PASS,PASS,FAIL — Non-negative,FAIL — No nulls,PASS
EMP00321,Priya Miller,bad-email-no-at-sign,priya572@outlook.com,449056309888,Product,,Intern,2.0,2016-12-16,1991-06-14,EMP00023,Mumbai,65037.359375,USD,2017-03-16,False,,,CC6818,FAIL — No nulls,PASS,PASS,PASS,FAIL — No nulls,FAIL — No nulls
EMP00322,Ahmed Smith,ahmed.smith60@company.com,ahmed800@yahoo.com,918462356778,Human Resources,Software Engineer,Intern,3.0,2022-07-06,1990-09-26,EMP00028,Dubai,172227.296875,GBP,2022-10-04,True,,GS0CZJKHFB,CC4495,PASS,PASS,PASS,PASS,FAIL — No nulls,PASS
EMP00323,Priya Chen,priya.chen28@company.com,priya429@yahoo.com,916769788696,Sales,Tech Lead,Part-Time,3.0,2017-06-20,2000-10-23,EMP00024,Singapore,128230.15625,GBP,2017-09-18,True,,MFSB6E7VFV,CC4104,PASS,PASS,PASS,PASS,FAIL — No nulls,PASS
EMP00324,Ananya Brown,ananya.brown72@company.com,ananya734@yahoo.com,18657198347,Marketing,CFO,Full-Time,2.0,2016-07-15,1971-07-03,EMP00046,New York,141552.1875,INR,2016-10-13,True,,6DPAGGBLHB,CC7126,PASS,PASS,PASS,PASS,FAIL — No nulls,PASS
EMP00325,Wei Ahmed,wei.ahmed28@company.com,wei135@outlook.com,9717995171396,Product,Sales Executive,Part-Time,6.0,2022-12-30,1970-10-04,EMP00033,Sydney,156195.515625,AED,2023-03-30,True,,5YEXIM5F7L,CC1791,PASS,PASS,PASS,PASS,FAIL — No nulls,PASS
EMP00326,Liang Singh,liang.singh1@company.com,liang535@yahoo.com,9716772471314,Marketing,Product Manager,Contractor,6.0,2015-08-29,1989-10-18,,London,44882.828125,USD,2015-11-27,True,,OZDF1727ND,CC9743,PASS,PASS,FAIL — No nulls,PASS,FAIL — No nulls,PASS
EMP00327,James Brown,james.brown75@company.com,james468@gmail.com,919225678334,Marketing,Operations Analyst,Full-Time,8.0,2021-09-13,1986-11-13,EMP00011,Sydney,179720.96875,AED,2021-12-12,True,,ANAL400V1U,CC5341,PASS,PASS,PASS,PASS,FAIL — No nulls,PASS
EMP00328,Liang Khan,liang.khan90@company.com,liang586@yahoo.com,19445357505,Operations,Engineering Manager,Full-Time,4.0,2015-02-01,1980-07-12,EMP00040,Toronto,165785.203125,AED,2015-05-02,True,,XM27X9OXRZ,CC1759,PASS,PASS,PASS,PASS,FAIL — No nulls,PASS
EMP00329,James Patel,james.patel7@company.com,james194@yahoo.com,17665604836,Human Resources,,Part-Time,5.0,2017-06-29,1990-04-11,EMP00048,Dubai,161090.078125,USD,2017-09-27,False,,G2L54WBM37,CC1438,FAIL — No nulls,PASS,PASS,PASS,FAIL — No nulls,PASS
EMP00330,Ahmed Singh,ahmed.singh21@company.com,ahmed694@gmail.com,448690142495,Marketing,HR Business Partner,Part-Time,6.0,2020-06-16,1976-02-16,EMP00023,Mumbai,145287.21875,USD,2020-09-14,True,,VWDQW1OMGB,CC2613,PASS,PASS,PASS,PASS,FAIL — No nulls,PASS
EMP00331,Meera Ahmed,meera.ahmed67@company.com,meera384@outlook.com,446364019345,Human Resources,CFO,Intern,6.0,2035-06-01,1990-09-11,EMP00024,Toronto,2230469.0,AED,2024-09-11,True,,HFKUY259ZW,CC6099,PASS,PASS,PASS,PASS,FAIL — No nulls,PASS
EMP00332,Wei Chen,wei.chen71@company.com,wei627@outlook.com,448410122549,Product,Engineering Manager,Part-Time,2.0,2020-04-28,2000-01-02,EMP00038,Mumbai,157834.90625,AED,2020-07-27,True,,HL4VMPSL74,CC3065,PASS,PASS,PASS,PASS,FAIL — No nulls,PASS
EMP00333,Karan Brown,karan.brown29@company.com,karan616@gmail.com,448494513324,Finance,Sales Executive,Full-Time,4.0,2023-12-13,1994-05-06,EMP00044,Mumbai,83645.8125,USD,2024-03-12,False,,KRHYJAZPHJ,CC2868,PASS,PASS,PASS,PASS,FAIL — No nulls,PASS
EMP00334,Daniel Khan,daniel.khan38@company.com,daniel636@gmail.com,9716323836432,Finance,Operations Analyst,Intern,8.0,2020-01-19,1996-01-17,EMP00011,Dubai,127533.171875,INR,2020-04-18,True,,74LGDX3COM,CC2536,PASS,PASS,PASS,PASS,FAIL — No nulls,PASS
EMP00335,David Johnson,david.johnson14@company.com,david827@yahoo.com,919522073473,Product,Director of Operations,Part-Time,3.0,2020-10-10,1996-02-28,EMP00019,Sydney,92364.2578125,AED,2021-01-08,True,,EZQ4PEG43Q,CC5461,PASS,PASS,PASS,PASS,FAIL — No nulls,PASS
EMP00336,Karan Brown,karan.brown90@company.com,karan791@outlook.com,17961644681,Engineering,Director of Operations,Intern,2.0,2022-02-10,1988-04-26,EMP00016,Bengaluru,129990.0625,USD,2022-05-11,True,,IKPN58FY6W,CC1780,PASS,PASS,PASS,PASS,FAIL — No nulls,PASS
EMP00337,Jessica Singh,jessica.singh65@company.com,jessica133@yahoo.com,9718642544082,Product,,Full-Time,2.0,2022-03-22,1992-11-03,EMP00019,Toronto,86546.890625,AED,2022-06-20,True,,GSAOMTCU46,CC4232,FAIL — No nulls,PASS,PASS,PASS,FAIL — No nulls,PASS
EMP00338,David Brown,david.brown59@company.com,david688@gmail.com,19923249548,Engineering,Director of Operations,Part-Time,3.0,2015-03-12,1981-01-04,EMP00014,Mumbai,108530.078125,USD,2015-06-10,True,,A1187J4W9D,CC7742,PASS,PASS,PASS,PASS,FAIL — No nulls,PASS
EMP00339,Ashley Williams,ashley.williams91@company.com,ashley738@outlook.com,916551773879,Marketing,Business Analyst,Intern,1.0,2020-09-02,1971-12-11,EMP00012,Bengaluru,95354.8125,AED,2020-12-01,True,,3DRTZH9KD9,CC3113,PASS,PASS,PASS,PASS,FAIL — No nulls,PASS
EMP00340,Sneha Chen,sneha.chen32@company.com,sneha271@gmail.com,17399034006,Product,Director of Operations,Intern,3.0,2021-09-24,1971-12-05,EMP00002,Toronto,94184.3671875,AED,2021-12-23,True,,B7WDE12EL6,CC9651,PASS,PASS,PASS,PASS,FAIL — No nulls,PASS
EMP00341,Fatima Singh,bad-email-no-at-sign,fatima906@outlook.com,916930613495,Product,Business Analyst,Part-Time,2.0,2015-01-05,1981-01-28,EMP00041,Bengaluru,59948.890625,INR,2015-04-05,True,,JO7EDW7O0Y,CC8633,PASS,PASS,PASS,PASS,FAIL — No nulls,PASS
EMP00342,Jessica Patel,jessica.patel51@company.com,jessica353@outlook.com,916710095547,Finance,CFO,Full-Time,2.0,2015-03-04,1971-02-02,EMP00012,New York,-69482.96875,USD,2015-06-02,True,,L7CQCZG2F2,CC6462,PASS,PASS,PASS,FAIL — Non-negative,FAIL — No nulls,PASS
EMP00343,Liang Singh,liang.singh87@company.com,liang926@outlook.com,16781870537,Operations,Tech Lead,Part-Time,3.0,2016-09-16,1992-10-08,EMP00008,Dubai,107739.0625,INR,2016-12-15,True,,DZPXJZ0N3B,CC1113,PASS,PASS,PASS,PASS,FAIL — No nulls,PASS
EMP00344,Ananya Williams,ananya.williams44@company.com,ananya244@yahoo.com,17007628363,Human Resources,CFO,Contractor,2.0,2023-08-30,1986-03-14,EMP00026,Dubai,149355.703125,USD,2023-11-28,True,,XMFH3VJGGW,CC6886,PASS,PASS,PASS,PASS,FAIL — No nulls,PASS
EMP00345,Emily Al-Hassan,emily.al-hassan62@company.com,emily832@gmail.com,19877716798,Finance,,Contractor,2.0,2018-09-21,1993-10-19,EMP00035,Bengaluru,109281.7265625,USD,2018-12-20,True,,TSXY21UBNR,CC4911,FAIL — No nulls,PASS,PASS,PASS,FAIL — No nulls,PASS
EMP00346,Ananya Williams,ananya.williams78@company.com,ananya522@outlook.com,16808115540,Marketing,Software Engineer,Intern,4.0,2035-06-01,2000-04-12,EMP00020,Singapore,87582.1484375,GBP,2023-02-09,True,,VRINDS7PR1,CC8237,PASS,PASS,PASS,PASS,FAIL — No nulls,PASS
EMP00347,Michael Brown,michael.brown60@company.com,michael383@outlook.com,917290587114,Marketing,Data Analyst,Intern,4.0,2017-05-30,1977-11-15,EMP00008,Bengaluru,106117.046875,USD,2017-08-28,True,,Q8881B2AGR,CC6896,PASS,PASS,PASS,PASS,FAIL — No nulls,PASS
EMP00348,Priya Brown,priya.brown5@company.com,priya527@yahoo.com,9718143210344,Sales,CFO,Full-Time,2.0,2019-01-31,1978-02-17,EMP00001,Dubai,146284.265625,USD,2019-05-01,False,,4JZS1KJI6M,CC5348,PASS,PASS,PASS,PASS,FAIL — No nulls,PASS
EMP00349,Wei Kumar,wei.kumar4@company.com,wei610@outlook.com,9718450473918,Product,Product Manager,Intern,3.0,2022-12-07,1979-12-30,EMP00034,New York,134121.015625,USD,2023-03-07,True,,D91BRYYM7K,CC4442,PASS,PASS,PASS,PASS,FAIL — No nulls,PASS
EMP00350,James Williams,james.williams12@company.com,james153@gmail.com,447108837298,Marketing,Software Engineer,Intern,7.0,2023-04-24,1990-06-21,EMP00028,Bengaluru,41825.05078125,INR,2023-07-23,False,,BSOO3HJAA1,CC9839,PASS,PASS,PASS,PASS,FAIL — No nulls,PASS
EMP00351,Vikram Khan,vikram.khan48@company.com,vikram222@yahoo.com,0,Product,HR Manager,Contractor,8.0,2020-02-10,,,Sydney,162373.984375,INR,2020-05-10,True,,NOW9AXBS63,CC4578,PASS,FAIL — No nulls,FAIL — No nulls,PASS,FAIL — No nulls,PASS
EMP00352,David Miller,david.miller41@company.com,david421@outlook.com,919748884664,Engineering,CFO,Full-Time,6.0,2016-06-13,1996-04-08,EMP00005,Toronto,135640.765625,GBP,2016-09-11,False,,Y2PRY6H2CK,CC6275,PASS,PASS,PASS,PASS,FAIL — No nulls,PASS
EMP00353,Omar Khan,omar.khan7@company.com,omar189@gmail.com,9716179042946,Marketing,,Contractor,8.0,2021-06-30,1976-12-19,EMP00048,Singapore,-35306.53125,INR,2021-09-28,True,,8AP4ILDIYR,CC2656,FAIL — No nulls,PASS,PASS,FAIL — Non-negative,FAIL — No nulls,PASS
EMP00354,Mohammed Sharma,mohammed.sharma3@company.com,mohammed397@yahoo.com,917310906510,Sales,Director of Operations,Intern,8.0,2016-10-10,1987-08-18,EMP00014,Sydney,63762.640625,INR,2017-01-08,True,,2Q3E0MO1NR,CC5137,PASS,PASS,PASS,PASS,FAIL — No nulls,PASS
EMP00355,Karan Kumar,karan.kumar20@company.com,karan837@outlook.com,9717935289794,Marketing,Data Scientist,Intern,6.0,2015-12-29,1978-01-09,EMP00039,Singapore,177072.953125,GBP,2016-03-28,True,,T3UU4UQYZ5,CC9265,PASS,PASS,PASS,PASS,FAIL — No nulls,PASS
EMP00356,Vikram Patel,vikram.patel72@company.com,vikram797@outlook.com,19384260807,Human Resources,Product Manager,Full-Time,6.0,2018-01-29,1977-02-15,EMP00027,Bengaluru,94097.359375,INR,2018-04-29,True,,V88KX4I6N5,CC6784,PASS,PASS,PASS,PASS,FAIL — No nulls,PASS
EMP00357,Vikram Khan,vikram.khan88@company.com,vikram891@outlook.com,16849213589,Engineering,Senior Engineer,Contractor,8.0,2017-06-29,1974-04-30,EMP00005,New York,129210.671875,INR,2017-09-27,True,,OM4ZHQHAOA,CC6392,PASS,PASS,PASS,PASS,FAIL — No nulls,PASS
EMP00358,Raj Brown,raj.brown14@company.com,raj968@outlook.com,448204026107,Marketing,Data Analyst,Full-Time,1.0,2021-04-22,1993-11-24,EMP00027,Singapore,112574.359375,USD,2021-07-21,True,,XULA643V3F,CC1712,PASS,PASS,PASS,PASS,FAIL — No nulls,PASS
EMP00359,Omar Smith,omar.smith49@company.com,omar642@yahoo.com,9717279812743,Engineering,CFO,Full-Time,7.0,2017-12-27,1971-12-24,EMP00019,London,40101.4296875,GBP,2018-03-27,True,,WL1EN7E11F,CC6673,PASS,PASS,PASS,PASS,FAIL — No nulls,PASS
EMP00360,David Khan,david.khan97@company.com,david156@outlook.com,449327006575,Engineering,Director of Operations,Part-Time,1.0,2019-04-11,1993-05-16,EMP00036,Toronto,153390.984375,GBP,2019-07-10,True,,LMMXELRTUM,CC9999,PASS,PASS,PASS,PASS,FAIL — No nulls,PASS
EMP00361,Emily Patel,bad-email-no-at-sign,emily874@gmail.com,448834426685,Human Resources,,Contractor,2.0,2035-06-01,1983-09-21,EMP00007,Mumbai,3507123.0,INR,2016-02-14,True,,,CC1789,FAIL — No nulls,PASS,PASS,PASS,FAIL — No nulls,FAIL — No nulls
EMP00362,Ananya Ahmed,ananya.ahmed63@company.com,ananya713@yahoo.com,19250888799,Product,Tech Lead,Intern,1.0,2022-07-07,1990-11-02,EMP00040,Bengaluru,68130.6484375,AED,2022-10-05,True,,6366KGOMZM,CC6960,PASS,PASS,PASS,PASS,FAIL — No nulls,PASS
EMP00363,Sneha Khan,sneha.khan75@company.com,sneha244@yahoo.com,447174406687,Operations,Sales Executive,Full-Time,6.0,2017-03-14,1996-06-26,EMP00001,Mumbai,116462.6171875,INR,2017-06-12,True,,JWB03WVJP2,CC8934,PASS,PASS,PASS,PASS,FAIL — No nulls,PASS
EMP00364,Raj Ahmed,raj.ahmed74@company.com,raj926@gmail.com,918010326473,Human Resources,Tech Lead,Intern,1.0,2023-02-14,1988-09-15,EMP00043,Bengaluru,-56055.62890625,AED,2023-05-15,False,,EO39Y2ETAT,CC7273,PASS,PASS,PASS,FAIL — Non-negative,FAIL — No nulls,PASS
EMP00365,Emily Malik,emily.malik93@company.com,emily384@gmail.com,447884993635,Engineering,Data Scientist,Full-Time,6.0,2021-02-12,1986-03-29,EMP00003,New York,90354.0234375,AED,2021-05-13,True,,SRE09FRO0K,CC1177,PASS,PASS,PASS,PASS,FAIL — No nulls,PASS
EMP00366,Fatima Johnson,fatima.johnson67@company.com,fatima118@gmail.com,18930413259,Engineering,HR Manager,Contractor,4.0,2019-01-05,1992-11-03,EMP00037,Toronto,177309.734375,INR,2019-04-05,True,,P5XKFYROIX,CC4299,PASS,PASS,PASS,PASS,FAIL — No nulls,PASS
EMP00367,Raj Al-Hassan,raj.al-hassan21@company.com,raj218@gmail.com,18790437134,Human Resources,Engineering Manager,Full-Time,7.0,2016-02-11,1988-04-20,EMP00011,Bengaluru,122719.953125,USD,2016-05-11,False,,3D3A8847EB,CC6058,PASS,PASS,PASS,PASS,FAIL — No nulls,PASS
EMP00368,Mohammed Khan,mohammed.khan40@company.com,mohammed346@yahoo.com,918091791997,Engineering,Data Analyst,Intern,8.0,2023-06-14,1979-06-12,EMP00038,Sydney,52880.69921875,USD,2023-09-12,True,,TQESTIRK31,CC2441,PASS,PASS,PASS,PASS,FAIL — No nulls,PASS
EMP00369,Michael Wang,michael.wang31@company.com,michael435@outlook.com,9717010132651,Marketing,,Intern,3.0,2020-10-14,1992-03-13,EMP00036,Mumbai,95771.78125,GBP,2021-01-12,True,,8D42ZYIEJ0,CC4387,FAIL — No nulls,PASS,PASS,PASS,FAIL — No nulls,PASS
EMP00370,Meera Ahmed,meera.ahmed26@company.com,meera842@yahoo.com,916659381797,Sales,Engineering Manager,Full-Time,6.0,2021-06-12,1984-09-13,EMP00003,Bengaluru,58665.51171875,INR,2021-09-10,True,,O6D1XQIZ00,CC6973,PASS,PASS,PASS,PASS,FAIL — No nulls,PASS
EMP00371,Michael Smith,michael.smith89@company.com,michael211@outlook.com,916650202129,Sales,Software Engineer,Part-Time,3.0,2023-10-12,1971-01-04,EMP00008,Dubai,110660.0234375,USD,2024-01-10,False,,KDVUEZSMB9,CC4098,PASS,PASS,PASS,PASS,FAIL — No nulls,PASS
EMP00372,Sarah Williams,sarah.williams38@company.com,sarah967@yahoo.com,916528905477,Sales,HR Manager,Full-Time,7.0,2017-09-08,1988-04-24,EMP00039,Toronto,157494.59375,USD,2017-12-07,True,,SJ27KY96ZZ,CC9097,PASS,PASS,PASS,PASS,FAIL — No nulls,PASS
EMP00373,Daniel Wang,daniel.wang16@company.com,daniel784@outlook.com,449637161781,Marketing,HR Manager,Part-Time,6.0,2021-11-11,1975-11-28,EMP00005,Dubai,128503.9921875,USD,2022-02-09,True,,LH3KMKINBL,CC3911,PASS,PASS,PASS,PASS,FAIL — No nulls,PASS
EMP00374,Sarah Malik,sarah.malik15@company.com,sarah984@gmail.com,16958260943,Human Resources,CFO,Intern,7.0,2020-12-22,1986-12-13,EMP00021,London,83375.5625,AED,2021-03-22,True,,C0KQV09H9L,CC5321,PASS,PASS,PASS,PASS,FAIL — No nulls,PASS
EMP00375,David Smith,david.smith91@company.com,david180@yahoo.com,16886843378,Engineering,CFO,Part-Time,3.0,2019-12-03,1978-12-11,EMP00019,Toronto,-88395.84375,USD,2020-03-02,False,,XFKCLX9TPR,CC4972,PASS,PASS,PASS,FAIL — Non-negative,FAIL — No nulls,PASS
EMP00376,Fatima Malik,fatima.malik73@company.com,fatima923@outlook.com,19863290518,Operations,Data Scientist,Full-Time,6.0,2035-06-01,1985-07-03,,Bengaluru,167599.90625,INR,2017-03-16,True,,W1KCQOQMY0,CC3914,PASS,PASS,FAIL — No nulls,PASS,FAIL — No nulls,PASS
EMP00377,David Williams,david.williams91@company.com,david163@gmail.com,9719321164873,Engineering,,Intern,2.0,2023-07-30,2000-01-18,EMP00021,Dubai,44064.2109375,INR,2023-10-28,True,,XEKHRBBGCV,CC2297,FAIL — No nulls,PASS,PASS,PASS,FAIL — No nulls,PASS
EMP00378,Ashley Brown,ashley.brown72@company.com,ashley152@yahoo.com,917908716731,Marketing,Data Analyst,Full-Time,5.0,2015-12-29,1991-09-10,EMP00021,Mumbai,147857.484375,AED,2016-03-28,True,,DQB99OW1EK,CC7453,PASS,PASS,PASS,PASS,FAIL — No nulls,PASS
EMP00379,Sunita Al-Hassan,sunita.al-hassan87@company.com,sunita238@outlook.com,918338564256,Marketing,Engineering Manager,Part-Time,1.0,2019-11-02,1988-10-29,EMP00020,Mumbai,143154.8125,GBP,2020-01-31,True,,Y0CMAARYD6,CC9940,PASS,PASS,PASS,PASS,FAIL — No nulls,PASS
EMP00380,Sarah Ahmed,sarah.ahmed50@company.com,sarah681@yahoo.com,449627207837,Finance,VP Marketing,Full-Time,7.0,2019-10-04,1996-10-13,EMP00017,Mumbai,153593.84375,AED,2020-01-02,True,,KWRT9CZM74,CC1013,PASS,PASS,PASS,PASS,FAIL — No nulls,PASS
EMP00381,Vikram Johnson,bad-email-no-at-sign,vikram583@yahoo.com,917396102858,Finance,Director of Operations,Full-Time,4.0,2019-10-17,1991-05-08,EMP00014,Dubai,73492.390625,USD,2020-01-15,True,,KWTT7F7OEH,CC7968,PASS,PASS,PASS,PASS,FAIL — No nulls,PASS
EMP00382,Aarav Singh,aarav.singh74@company.com,aarav332@yahoo.com,19451692811,Marketing,Operations Analyst,Part-Time,4.0,2018-10-27,1972-06-12,EMP00022,Mumbai,73419.3828125,INR,2019-01-25,True,,29BNEL1QND,CC9425,PASS,PASS,PASS,PASS,FAIL — No nulls,PASS
EMP00383,Ananya Kumar,ananya.kumar94@company.com,ananya701@yahoo.com,17520847712,Marketing,Data Scientist,Part-Time,8.0,2023-04-20,1981-03-07,EMP00033,Mumbai,102062.203125,USD,2023-07-19,True,,M5SOBWUSI6,CC7687,PASS,PASS,PASS,PASS,FAIL — No nulls,PASS
EMP00384,Vikram Malik,vikram.malik26@company.com,vikram537@yahoo.com,918953930502,Human Resources,Operations Analyst,Intern,1.0,2020-04-19,1997-08-25,EMP00012,Mumbai,104516.0625,AED,2020-07-18,True,,V5UJWH9XOJ,CC5558,PASS,PASS,PASS,PASS,FAIL — No nulls,PASS
EMP00385,Sarah Davis,sarah.davis94@company.com,sarah996@yahoo.com,918505748933,Human Resources,,Contractor,1.0,2015-10-25,1978-09-28,EMP00020,Mumbai,102853.390625,INR,2016-01-23,True,,KU0FLFUKRU,CC9949,FAIL — No nulls,PASS,PASS,PASS,FAIL — No nulls,PASS
EMP00386,Michael Brown,michael.brown36@company.com,michael609@outlook.com,448360584388,Product,Finance Analyst,Full-Time,7.0,2019-03-28,,EMP00028,Sydney,-40210.0,GBP,2019-06-26,True,,QU9T50RSJT,CC6677,PASS,FAIL — No nulls,PASS,FAIL — Non-negative,FAIL — No nulls,PASS
EMP00387,James Malik,james.malik81@company.com,james875@gmail.com,919804602950,Operations,HR Manager,Contractor,8.0,2021-07-18,1977-03-22,EMP00047,Bengaluru,77101.96875,AED,2021-10-16,True,,EG35NVD8X8,CC1375,PASS,PASS,PASS,PASS,FAIL — No nulls,PASS
EMP00388,Vikram Sharma,vikram.sharma69@company.com,vikram159@gmail.com,918112687058,Human Resources,Operations Analyst,Part-Time,5.0,2016-03-11,2000-07-11,EMP00013,Sydney,177552.765625,INR,2016-06-09,False,,TC83NXJHC1,CC2059,PASS,PASS,PASS,PASS,FAIL — No nulls,PASS
EMP00389,Ananya Smith,ananya.smith19@company.com,ananya488@outlook.com,448812579117,Operations,Business Analyst,Part-Time,1.0,2016-02-06,1970-04-20,EMP00026,Toronto,43029.80078125,INR,2016-05-06,False,,MMV77U6YOB,CC3576,PASS,PASS,PASS,PASS,FAIL — No nulls,PASS
EMP00390,Michael Al-Hassan,michael.al-hassan61@company.com,michael257@yahoo.com,917181157531,Engineering,CFO,Contractor,8.0,2021-09-24,1983-07-10,EMP00027,Mumbai,53310.83984375,AED,2021-12-23,True,,HNXSDJ9RNH,CC5417,PASS,PASS,PASS,PASS,FAIL — No nulls,PASS
EMP00391,Ahmed Smith,ahmed.smith18@company.com,ahmed978@outlook.com,916830132808,Finance,Director of Operations,Full-Time,3.0,2035-06-01,1982-09-17,EMP00007,Mumbai,2373186.25,INR,2022-02-21,False,,151VRTPO4H,CC5462,PASS,PASS,PASS,PASS,FAIL — No nulls,PASS
EMP00392,Sunita Smith,sunita.smith48@company.com,sunita700@outlook.com,18794645215,Operations,Software Engineer,Contractor,1.0,2021-04-19,1989-09-10,EMP00023,Toronto,153080.96875,USD,2021-07-18,True,,Z1US34KV6H,CC2602,PASS,PASS,PASS,PASS,FAIL — No nulls,PASS
EMP00393,Rohan Patel,rohan.patel81@company.com,rohan887@yahoo.com,918306189008,Product,,Full-Time,5.0,2015-01-18,1990-04-12,EMP00047,New York,46877.62890625,AED,2015-04-18,True,,IA8YHRS2ST,CC8031,FAIL — No nulls,PASS,PASS,PASS,FAIL — No nulls,PASS
EMP00394,James Johnson,james.johnson66@company.com,james753@outlook.com,916082081566,Sales,Account Manager,Intern,4.0,2020-04-13,1987-03-11,EMP00015,New York,81522.5625,INR,2020-07-12,True,,V6J58VU9M7,CC6655,PASS,PASS,PASS,PASS,FAIL — No nulls,PASS
EMP00395,Fatima Chen,fatima.chen85@company.com,fatima576@outlook.com,18634184814,Marketing,Product Manager,Contractor,2.0,2022-07-18,1995-07-21,EMP00012,Dubai,131611.203125,INR,2022-10-16,True,,XVU4K8RC8S,CC4283,PASS,PASS,PASS,PASS,FAIL — No nulls,PASS
EMP00396,David Smith,david.smith1@company.com,david969@outlook.com,447982519846,Operations,Product Manager,Part-Time,1.0,2019-09-09,1975-05-25,EMP00040,Sydney,68374.2109375,AED,2019-12-08,True,,RGHAHE9IS5,CC7346,PASS,PASS,PASS,PASS,FAIL — No nulls,PASS
EMP00397,Omar Smith,omar.smith92@company.com,omar323@gmail.com,9716519965921,Legal,HR Business Partner,Part-Time,6.0,2024-03-01,1982-05-14,EMP00034,New York,-63371.140625,GBP,2024-05-30,False,,YCCX5FXOZA,CC4375,PASS,PASS,PASS,FAIL — Non-negative,FAIL — No nulls,PASS
EMP00398,Michael Khan,michael.khan29@company.com,michael420@outlook.com,16490486440,Operations,VP Marketing,Part-Time,5.0,2022-01-22,1997-02-09,EMP00039,London,114994.2734375,INR,2022-04-22,False,,K7A7XEAC3C,CC1028,PASS,PASS,PASS,PASS,FAIL — No nulls,PASS
EMP00399,Rohan Brown,rohan.brown56@company.com,rohan586@yahoo.com,9719909574379,Operations,CFO,Full-Time,7.0,2016-12-23,1980-04-24,EMP00049,London,131432.265625,INR,2017-03-23,True,,GCUT0VM0WR,CC1488,PASS,PASS,PASS,PASS,FAIL — No nulls,PASS
EMP00400,Ashley Khan,ashley.khan85@company.com,ashley102@yahoo.com,9717431564562,Engineering,Product Manager,Intern,7.0,2021-11-24,1972-09-02,EMP00022,Toronto,160717.40625,USD,2022-02-22,True,,6WSQA1T4IW,CC6839,PASS,PASS,PASS,PASS,FAIL — No nulls,PASS
EMP00401,Priya Patel,bad-email-no-at-sign,priya130@outlook.com,0,Finance,,Full-Time,3.0,2017-02-20,1970-08-09,,Singapore,89545.5234375,AED,2017-05-21,True,,,CC4968,FAIL — No nulls,PASS,FAIL — No nulls,PASS,FAIL — No nulls,FAIL — No nulls
EMP00402,Sarah Kumar,sarah.kumar90@company.com,sarah956@yahoo.com,9718119141680,Operations,Software Engineer,Contractor,1.0,2020-05-03,1985-04-12,EMP00004,Mumbai,131008.703125,USD,2020-08-01,True,,JEB27HCAF0,CC3224,PASS,PASS,PASS,PASS,FAIL — No nulls,PASS
EMP00403,Wei Al-Hassan,wei.al-hassan5@company.com,wei656@gmail.com,9716055603909,Operations,VP Marketing,Intern,3.0,2018-05-31,1978-12-03,EMP00004,Dubai,163358.84375,AED,2018-08-29,True,,YQAZFZ46RL,CC8256,PASS,PASS,PASS,PASS,FAIL — No nulls,PASS
EMP00404,Emily Sharma,emily.sharma23@company.com,emily522@yahoo.com,18546288779,Human Resources,Business Analyst,Intern,6.0,2023-07-25,1984-12-01,EMP00023,Toronto,172097.59375,GBP,2023-10-23,True,,4NXBOYD0YU,CC5654,PASS,PASS,PASS,PASS,FAIL — No nulls,PASS
EMP00405,Daniel Kumar,daniel.kumar89@company.com,daniel611@outlook.com,16353259963,Operations,Sales Executive,Contractor,7.0,2017-08-09,1992-07-11,EMP00021,Dubai,45434.51171875,USD,2017-11-07,True,,B609U81QD8,CC7007,PASS,PASS,PASS,PASS,FAIL — No nulls,PASS
EMP00406,James Malik,james.malik55@company.com,james407@gmail.com,446762555507,Operations,Software Engineer,Part-Time,7.0,2035-06-01,1998-10-04,EMP00025,Toronto,139268.953125,AED,2016-03-28,True,,3Z1GW41SO4,CC8026,PASS,PASS,PASS,PASS,FAIL — No nulls,PASS
EMP00407,Aarav Patel,aarav.patel65@company.com,aarav427@gmail.com,9716078880671,Product,Business Analyst,Intern,3.0,2017-08-10,1997-04-25,EMP00031,Bengaluru,45327.171875,INR,2017-11-08,True,,WIAMVTPK03,CC4532,PASS,PASS,PASS,PASS,FAIL — No nulls,PASS
EMP00408,Karan Wang,karan.wang41@company.com,karan321@gmail.com,9719532454991,Human Resources,Marketing Manager,Intern,2.0,2018-07-19,1974-06-25,EMP00002,Dubai,-68341.609375,INR,2018-10-17,True,,SECNVXUR4T,CC2687,PASS,PASS,PASS,FAIL — Non-negative,FAIL — No nulls,PASS
EMP00409,Emily Kumar,emily.kumar32@company.com,emily532@gmail.com,448680448603,Human Resources,,Part-Time,5.0,2017-06-16,1999-09-12,EMP00004,Bengaluru,116758.453125,AED,2017-09-14,False,,TKZZT8YCZY,CC4960,FAIL — No nulls,PASS,PASS,PASS,FAIL — No nulls,PASS
EMP00410,Sunita Davis,sunita.davis47@company.com,sunita352@yahoo.com,916813821040,Operations,Data Scientist,Intern,8.0,2018-10-18,1985-10-07,EMP00029,Dubai,166394.234375,USD,2019-01-16,False,,MJ6KSNSL41,CC1464,PASS,PASS,PASS,PASS,FAIL — No nulls,PASS
EMP00411,Michael Williams,michael.williams1@company.com,michael529@outlook.com,17651211432,Legal,Marketing Manager,Part-Time,4.0,2019-11-12,2000-07-07,EMP00049,Bengaluru,45627.1796875,INR,2020-02-10,False,,1NUIAMC92H,CC4774,PASS,PASS,PASS,PASS,FAIL — No nulls,PASS
EMP00412,Priya Miller,priya.miller85@company.com,priya290@outlook.com,18423347025,Operations,Director of Operations,Full-Time,5.0,2019-03-29,1989-08-17,EMP00014,Sydney,74298.25,INR,2019-06-27,True,,LRM2OMEIHG,CC8767,PASS,PASS,PASS,PASS,FAIL — No nulls,PASS
EMP00413,Sarah Al-Hassan,sarah.al-hassan75@company.com,sarah262@gmail.com,916671226873,Legal,Software Engineer,Contractor,2.0,2022-03-16,1990-02-17,EMP00001,Mumbai,157438.203125,USD,2022-06-14,False,,7DEDF4UFOQ,CC2659,PASS,PASS,PASS,PASS,FAIL — No nulls,PASS
EMP00414,Mohammed Johnson,mohammed.johnson1@company.com,mohammed936@gmail.com,16458653337,Sales,Operations Analyst,Intern,6.0,2024-01-22,1998-02-06,EMP00028,Singapore,42622.46875,AED,2024-04-21,True,,O4XXX6RBD5,CC3142,PASS,PASS,PASS,PASS,FAIL — No nulls,PASS
EMP00415,Sarah Wang,sarah.wang70@company.com,sarah263@outlook.com,919735477655,Product,Sales Executive,Part-Time,8.0,2020-02-14,1996-02-05,EMP00047,Singapore,107830.109375,GBP,2020-05-14,True,,U8DURYVKNO,CC4688,PASS,PASS,PASS,PASS,FAIL — No nulls,PASS
EMP00416,Michael Kumar,michael.kumar54@company.com,michael674@yahoo.com,919970831123,Finance,Finance Analyst,Intern,3.0,2019-08-12,1975-09-10,EMP00001,London,122406.71875,INR,2019-11-10,True,,68PVGZ4RS2,CC7870,PASS,PASS,PASS,PASS,FAIL — No nulls,PASS
EMP00417,Liang Brown,liang.brown62@company.com,liang359@outlook.com,19749015925,Sales,,Intern,2.0,2015-11-15,1991-11-10,EMP00029,Singapore,96785.2578125,USD,2016-02-13,True,,K59ZDJO0QT,CC4431,FAIL — No nulls,PASS,PASS,PASS,FAIL — No nulls,PASS
EMP00418,Priya Khan,priya.khan72@company.com,priya570@yahoo.com,19583870405,Operations,Finance Analyst,Full-Time,5.0,2023-11-21,1973-08-05,EMP00040,New York,174382.78125,GBP,2024-02-19,True,,IT7L90N4II,CC8374,PASS,PASS,PASS,PASS,FAIL — No nulls,PASS
EMP00419,Sneha Brown,sneha.brown62@company.com,sneha206@gmail.com,16841187864,Product,Operations Analyst,Contractor,8.0,2015-05-22,1993-09-09,EMP00007,Toronto,-37076.01171875,AED,2015-08-20,True,,S4PVD1T7O8,CC2221,PASS,PASS,PASS,FAIL — Non-negative,FAIL — No nulls,PASS
EMP00420,Vikram Johnson,vikram.johnson28@company.com,vikram524@yahoo.com,916643915785,Legal,Marketing Manager,Contractor,1.0,2018-10-04,1981-07-31,EMP00028,Bengaluru,102499.0625,USD,2019-01-02,False,,P2P9FW8XZ0,CC8228,PASS,PASS,PASS,PASS,FAIL — No nulls,PASS
EMP00421,Meera Patel,bad-email-no-at-sign,meera245@gmail.com,9716270794417,Human Resources,Operations Analyst,Part-Time,3.0,2035-06-01,,EMP00032,Singapore,3562686.25,USD,2020-10-26,True,,PZ6SZL1E6N,CC6120,PASS,FAIL — No nulls,PASS,PASS,FAIL — No nulls,PASS
EMP00422,David Williams,david.williams13@company.com,david814@outlook.com,9718460699783,Engineering,Product Manager,Contractor,6.0,2022-08-08,1980-08-10,EMP00040,Dubai,176576.171875,INR,2022-11-06,True,,TH76NAVLIN,CC6125,PASS,PASS,PASS,PASS,FAIL — No nulls,PASS
EMP00423,Vikram Al-Hassan,vikram.al-hassan61@company.com,vikram180@yahoo.com,918413725274,Legal,Sales Executive,Intern,1.0,2021-12-10,1983-04-04,EMP00011,Toronto,67240.5,AED,2022-03-10,True,,MZB34DSQDO,CC4676,PASS,PASS,PASS,PASS,FAIL — No nulls,PASS
EMP00424,Jessica Singh,jessica.singh50@company.com,jessica996@gmail.com,9716427833743,Product,Data Analyst,Intern,6.0,2018-05-19,1974-05-28,EMP00035,Toronto,97416.828125,GBP,2018-08-17,True,,P7Q74K6RT9,CC8638,PASS,PASS,PASS,PASS,FAIL — No nulls,PASS
EMP00425,Liang Williams,liang.williams82@company.com,liang599@outlook.com,917459887307,Sales,,Full-Time,3.0,2021-07-08,1974-09-29,EMP00029,Toronto,68377.7421875,GBP,2021-10-06,True,,9NSHX3OT84,CC6651,FAIL — No nulls,PASS,PASS,PASS,FAIL — No nulls,PASS
EMP00426,Wei Kumar,wei.kumar41@company.com,wei134@gmail.com,916814319699,Finance,Software Engineer,Full-Time,7.0,2023-03-16,1999-07-30,,Mumbai,101126.25,AED,2023-06-14,True,,FG912OEID3,CC5630,PASS,PASS,FAIL — No nulls,PASS,FAIL — No nulls,PASS
EMP00427,Meera Sharma,meera.sharma34@company.com,meera209@yahoo.com,449050094771,Human Resources,Account Manager,Contractor,7.0,2024-06-02,1990-07-08,EMP00047,Bengaluru,101895.0078125,AED,2024-08-31,True,,UC30JQF7KS,CC7322,PASS,PASS,PASS,PASS,FAIL — No nulls,PASS
EMP00428,Fatima Patel,fatima.patel63@company.com,fatima506@yahoo.com,449142822686,Sales,Tech Lead,Part-Time,1.0,2021-06-27,1995-12-12,EMP00045,Toronto,117657.2109375,USD,2021-09-25,True,,5GDE1E1P6E,CC6602,PASS,PASS,PASS,PASS,FAIL — No nulls,PASS
EMP00429,Priya Davis,priya.davis5@company.com,priya399@outlook.com,9718051159030,Engineering,Software Engineer,Intern,7.0,2017-03-02,1983-04-19,EMP00024,Toronto,76857.15625,AED,2017-05-31,True,,5PV2ARHUTU,CC1324,PASS,PASS,PASS,PASS,FAIL — No nulls,PASS
EMP00430,Karan Ahmed,karan.ahmed14@company.com,karan809@yahoo.com,446767599072,Marketing,Account Manager,Contractor,7.0,2022-11-06,1996-08-31,EMP00003,Mumbai,-89647.53125,INR,2023-02-04,True,,7QEU2DC6V1,CC8010,PASS,PASS,PASS,FAIL — Non-negative,FAIL — No nulls,PASS
EMP00431,Wei Miller,wei.miller7@company.com,wei554@gmail.com,446511082752,Marketing,Director of Operations,Contractor,7.0,2021-11-28,1998-01-30,EMP00027,Bengaluru,101929.7890625,GBP,2022-02-26,True,,C1FB29LKX1,CC3453,PASS,PASS,PASS,PASS,FAIL — No nulls,PASS
EMP00432,Ahmed Wang,ahmed.wang15@company.com,ahmed630@yahoo.com,917124993407,Engineering,Data Analyst,Contractor,4.0,2022-11-15,1995-12-28,EMP00031,Sydney,124621.5625,GBP,2023-02-13,False,,8WWNSLI347,CC3594,PASS,PASS,PASS,PASS,FAIL — No nulls,PASS
EMP00433,Meera Malik,meera.malik33@company.com,meera604@gmail.com,449285299483,Sales,,Full-Time,4.0,2022-02-10,1988-02-28,EMP00040,Bengaluru,122411.9296875,AED,2022-05-11,True,,JZSPUVCGMQ,CC9184,FAIL — No nulls,PASS,PASS,PASS,FAIL — No nulls,PASS
EMP00434,Vikram Chen,vikram.chen14@company.com,vikram857@outlook.com,916475836531,Legal,Senior Engineer,Full-Time,2.0,2021-10-23,1991-07-02,EMP00037,Singapore,76580.9921875,AED,2022-01-21,False,,FQBDYP5YFP,CC6785,PASS,PASS,PASS,PASS,FAIL — No nulls,PASS
EMP00435,Ahmed Chen,ahmed.chen73@company.com,ahmed621@yahoo.com,17352514017,Product,Legal Counsel,Intern,7.0,2020-05-06,1993-05-29,EMP00048,London,122441.8984375,GBP,2020-08-04,True,,SNBU33YMFR,CC6888,PASS,PASS,PASS,PASS,FAIL — No nulls,PASS
EMP00436,Priya Malik,priya.malik20@company.com,priya998@outlook.com,919170230569,Sales,Finance Analyst,Full-Time,1.0,2035-06-01,1991-02-20,EMP00043,Toronto,154822.953125,AED,2015-12-30,True,,NEVDAKDBZC,CC5282,PASS,PASS,PASS,PASS,FAIL — No nulls,PASS
EMP00437,Meera Miller,meera.miller66@company.com,meera667@outlook.com,19664175612,Engineering,HR Business Partner,Full-Time,5.0,2021-12-12,2000-05-22,EMP00019,Mumbai,79406.203125,INR,2022-03-12,True,,KR68ZL8Z2N,CC8153,PASS,PASS,PASS,PASS,FAIL — No nulls,PASS
EMP00438,Jessica Khan,jessica.khan28@company.com,jessica829@yahoo.com,9716783185593,Finance,Senior Engineer,Contractor,6.0,2016-04-02,2000-12-07,EMP00013,Toronto,60921.46875,INR,2016-07-01,True,,N1ENIQYBR9,CC1717,PASS,PASS,PASS,PASS,FAIL — No nulls,PASS
EMP00439,Raj Brown,raj.brown97@company.com,raj582@outlook.com,19519814604,Marketing,Director of Operations,Contractor,2.0,2022-12-24,1977-09-02,EMP00008,Bengaluru,164199.359375,AED,2023-03-24,True,,YLVO0TFY6L,CC3635,PASS,PASS,PASS,PASS,FAIL — No nulls,PASS
EMP00440,David Williams,david.williams95@company.com,david335@outlook.com,447141670332,Marketing,Data Scientist,Contractor,1.0,2016-08-31,1994-02-28,EMP00003,Sydney,92676.453125,USD,2016-11-29,True,,MZN85JTJRL,CC7799,PASS,PASS,PASS,PASS,FAIL — No nulls,PASS
EMP00441,Emily Kumar,bad-email-no-at-sign,emily878@yahoo.com,16864593355,Engineering,,Full-Time,3.0,2017-06-13,1982-07-31,EMP00025,Mumbai,-52173.8515625,AED,2017-09-11,False,,,CC2301,FAIL — No nulls,PASS,PASS,FAIL — Non-negative,FAIL — No nulls,FAIL — No nulls
EMP00442,Fatima Al-Hassan,fatima.al-hassan33@company.com,fatima612@yahoo.com,9718526659641,Product,Business Analyst,Part-Time,7.0,2020-08-03,1991-10-21,EMP00016,Singapore,58637.03125,GBP,2020-11-01,False,,3C47DQVN7T,CC6222,PASS,PASS,PASS,PASS,FAIL — No nulls,PASS
EMP00443,Karan Chen,karan.chen53@company.com,karan535@yahoo.com,9718512345301,Sales,HR Manager,Intern,4.0,2022-09-04,1970-06-01,EMP00016,Sydney,68653.7421875,GBP,2022-12-03,True,,WRQ3VTNXV9,CC7348,PASS,PASS,PASS,PASS,FAIL — No nulls,PASS
EMP00444,Rohan Ahmed,rohan.ahmed6@company.com,rohan492@yahoo.com,19223794779,Legal,Legal Counsel,Part-Time,7.0,2023-07-08,1976-01-11,EMP00044,Dubai,141273.921875,GBP,2023-10-06,True,,Z7NTC0EW3V,CC1216,PASS,PASS,PASS,PASS,FAIL — No nulls,PASS
EMP00445,Daniel Ahmed,daniel.ahmed53@company.com,daniel406@yahoo.com,9719581603153,Operations,VP Marketing,Intern,8.0,2019-06-13,1980-05-23,EMP00023,New York,130824.0078125,GBP,2019-09-11,False,,5EP8SUOLQ4,CC8582,PASS,PASS,PASS,PASS,FAIL — No nulls,PASS
EMP00446,Mohammed Ahmed,mohammed.ahmed71@company.com,mohammed561@yahoo.com,17731006675,Finance,HR Manager,Part-Time,1.0,2015-06-07,1981-12-30,EMP00047,Dubai,151349.40625,INR,2015-09-05,False,,2E1HR15HDJ,CC4131,PASS,PASS,PASS,PASS,FAIL — No nulls,PASS
EMP00447,Omar Sharma,omar.sharma4@company.com,omar410@outlook.com,916139997896,Operations,Senior Engineer,Contractor,5.0,2022-01-17,1997-08-22,EMP00018,Dubai,69072.2578125,USD,2022-04-17,True,,NMABWPN2B8,CC2043,PASS,PASS,PASS,PASS,FAIL — No nulls,PASS
EMP00448,Omar Brown,omar.brown43@company.com,omar806@gmail.com,9717369586984,Sales,Sales Executive,Intern,8.0,2017-02-27,1979-08-17,EMP00016,Mumbai,156423.65625,GBP,2017-05-28,False,,DPWADNASW7,CC4272,PASS,PASS,PASS,PASS,FAIL — No nulls,PASS
EMP00449,Ashley Williams,ashley.williams64@company.com,ashley812@outlook.com,18092193555,Operations,,Part-Time,3.0,2016-06-15,1971-03-24,EMP00004,London,150601.671875,GBP,2016-09-13,True,,H12BG6V13G,CC1414,FAIL — No nulls,PASS,PASS,PASS,FAIL — No nulls,PASS
EMP00450,Raj Patel,raj.patel6@company.com,raj312@yahoo.com,448852524979,Finance,Legal Counsel,Intern,6.0,2016-06-03,1974-04-10,EMP00014,Sydney,115524.8828125,INR,2016-09-01,True,,YI73DOM5NI,CC8986,PASS,PASS,PASS,PASS,FAIL — No nulls,PASS
EMP00451,Mohammed Williams,mohammed.williams23@company.com,mohammed168@gmail.com,0,Human Resources,VP Marketing,Part-Time,2.0,2035-06-01,1995-09-14,,New York,2931248.25,GBP,2018-11-12,False,,ZV3HOWP6RH,CC9359,PASS,PASS,FAIL — No nulls,PASS,FAIL — No nulls,PASS
EMP00452,Daniel Kumar,daniel.kumar61@company.com,daniel918@outlook.com,447899336566,Human Resources,Software Engineer,Part-Time,8.0,2024-05-29,1972-07-04,EMP00037,New York,-52102.671875,AED,2024-08-27,True,,0OV904M989,CC5231,PASS,PASS,PASS,FAIL — Non-negative,FAIL — No nulls,PASS
EMP00453,Michael Williams,michael.williams12@company.com,michael513@gmail.com,919137219003,Human Resources,Engineering Manager,Intern,4.0,2022-01-01,1997-06-23,EMP00044,Bengaluru,72111.5703125,AED,2022-04-01,True,,65P3RT1BCW,CC8371,PASS,PASS,PASS,PASS,FAIL — No nulls,PASS
EMP00454,Michael Brown,michael.brown36@company.com,michael614@outlook.com,17180731557,Sales,Tech Lead,Intern,4.0,2017-06-11,1995-09-03,EMP00032,Toronto,175463.578125,USD,2017-09-09,True,,4QEYMU81BE,CC6869,PASS,PASS,PASS,PASS,FAIL — No nulls,PASS
EMP00455,Sarah Al-Hassan,sarah.al-hassan41@company.com,sarah904@outlook.com,918869481897,Product,HR Manager,Intern,3.0,2019-11-01,1991-07-29,EMP00034,Bengaluru,131183.203125,USD,2020-01-30,True,,PTWUE7BJPU,CC1562,PASS,PASS,PASS,PASS,FAIL — No nulls,PASS
EMP00456,David Al-Hassan,david.al-hassan22@company.com,david709@outlook.com,448309560016,Operations,CFO,Full-Time,7.0,2019-03-14,,EMP00049,Dubai,73184.4765625,AED,2019-06-12,False,,EVKLBKRBRT,CC1990,PASS,FAIL — No nulls,PASS,PASS,FAIL — No nulls,PASS
EMP00457,Priya Ahmed,priya.ahmed62@company.com,priya829@outlook.com,918129147854,Legal,,Contractor,5.0,2020-12-22,1987-04-19,EMP00006,Toronto,69363.0,USD,2021-03-22,True,,AOKRXHG322,CC4085,FAIL — No nulls,PASS,PASS,PASS,FAIL — No nulls,PASS
EMP00458,Karan Wang,karan.wang97@company.com,karan833@yahoo.com,19987611650,Sales,Engineering Manager,Full-Time,7.0,2020-04-27,1998-11-02,EMP00027,Bengaluru,173737.390625,GBP,2020-07-26,False,,CQFK2EYGLY,CC2802,PASS,PASS,PASS,PASS,FAIL — No nulls,PASS
EMP00459,Priya Brown,priya.brown78@company.com,priya233@outlook.com,9718337659981,Marketing,Product Manager,Intern,6.0,2022-11-27,1992-11-06,EMP00005,London,73041.96875,USD,2023-02-25,True,,AZUYB3RORP,CC5827,PASS,PASS,PASS,PASS,FAIL — No nulls,PASS
EMP00460,Priya Kumar,priya.kumar18@company.com,priya437@yahoo.com,9717473452966,Human Resources,Tech Lead,Contractor,5.0,2016-11-07,1991-10-16,EMP00026,Dubai,121219.859375,AED,2017-02-05,True,,E22XXKVQ9E,CC2772,PASS,PASS,PASS,PASS,FAIL — No nulls,PASS
EMP00461,Priya Brown,bad-email-no-at-sign,priya407@yahoo.com,17737136076,Finance,Data Analyst,Intern,2.0,2018-06-22,1979-05-24,EMP00014,Mumbai,165188.296875,GBP,2018-09-20,False,,K7PYW9KD4C,CC6937,PASS,PASS,PASS,PASS,FAIL — No nulls,PASS
EMP00462,Mohammed Kumar,mohammed.kumar54@company.com,mohammed184@gmail.com,18274890527,Legal,Sales Executive,Intern,3.0,2023-07-07,1977-09-08,EMP00001,Mumbai,149577.984375,USD,2023-10-05,True,,IK3A8VCCV8,CC6381,PASS,PASS,PASS,PASS,FAIL — No nulls,PASS
EMP00463,Daniel Al-Hassan,daniel.al-hassan2@company.com,daniel247@outlook.com,446343000299,Engineering,Account Manager,Contractor,3.0,2020-09-02,1977-04-09,EMP00004,Dubai,-143821.96875,USD,2020-12-01,True,,A96H2U5LV1,CC4797,PASS,PASS,PASS,FAIL — Non-negative,FAIL — No nulls,PASS
EMP00464,Jessica Wang,jessica.wang20@company.com,jessica981@yahoo.com,919150460153,Finance,VP Marketing,Intern,8.0,2019-10-26,1979-09-06,EMP00016,Toronto,122513.453125,USD,2020-01-24,True,,R4CL2G8KE6,CC8582,PASS,PASS,PASS,PASS,FAIL — No nulls,PASS
EMP00465,Daniel Sharma,daniel.sharma61@company.com,daniel171@yahoo.com,9717349272015,Operations,,Full-Time,6.0,2015-06-03,1987-01-09,EMP00018,London,64952.41015625,GBP,2015-09-01,True,,P8HBH4647I,CC8726,FAIL — No nulls,PASS,PASS,PASS,FAIL — No nulls,PASS
EMP00466,Sneha Miller,sneha.miller55@company.com,sneha219@yahoo.com,446192141791,Human Resources,Finance Analyst,Contractor,8.0,2035-06-01,1972-02-18,EMP00007,Sydney,136604.140625,INR,2018-08-16,True,,EO80LLC8Y0,CC1076,PASS,PASS,PASS,PASS,FAIL — No nulls,PASS
EMP00467,Jessica Smith,jessica.smith49@company.com,jessica708@yahoo.com,19550513503,Operations,CFO,Intern,5.0,2021-01-04,1975-04-04,EMP00015,London,35376.921875,GBP,2021-04-04,True,,U3MF3R52GD,CC2964,PASS,PASS,PASS,PASS,FAIL — No nulls,PASS
EMP00468,James Malik,james.malik25@company.com,james739@gmail.com,19572086685,Human Resources,Product Manager,Part-Time,6.0,2017-06-27,1982-12-25,EMP00031,Mumbai,115751.25,AED,2017-09-25,True,,D7Z0007VTX,CC5115,PASS,PASS,PASS,PASS,FAIL — No nulls,PASS
EMP00469,David Ahmed,david.ahmed15@company.com,david122@outlook.com,446140118656,Marketing,HR Business Partner,Part-Time,7.0,2016-11-12,1983-01-12,EMP00039,Toronto,45895.53125,AED,2017-02-10,False,,4MJED4Y8ES,CC3598,PASS,PASS,PASS,PASS,FAIL — No nulls,PASS
EMP00470,Omar Brown,omar.brown35@company.com,omar219@yahoo.com,9718327246160,Product,Data Scientist,Part-Time,7.0,2020-02-25,1990-02-08,EMP00040,Toronto,175155.046875,AED,2020-05-25,True,,3POYM03W86,CC9398,PASS,PASS,PASS,PASS,FAIL — No nulls,PASS
EMP00471,Karan Khan,karan.khan57@company.com,karan631@gmail.com,9719138032075,Product,CFO,Full-Time,6.0,2015-07-01,1996-11-15,EMP00041,Sydney,43314.8515625,USD,2015-09-29,True,,0CW7NF90MA,CC2963,PASS,PASS,PASS,PASS,FAIL — No nulls,PASS
EMP00472,Karan Sharma,karan.sharma16@company.com,karan952@yahoo.com,19308080694,Product,HR Manager,Contractor,3.0,2019-08-29,1988-07-19,EMP00027,Sydney,109620.921875,GBP,2019-11-27,True,,1RP2QETX95,CC6715,PASS,PASS,PASS,PASS,FAIL — No nulls,PASS
EMP00473,David Johnson,david.johnson10@company.com,david264@outlook.com,9719786671140,Marketing,,Full-Time,2.0,2018-10-16,1991-05-08,EMP00008,Mumbai,54338.78125,AED,2019-01-14,False,,ZJZUQJ2OZN,CC4488,FAIL — No nulls,PASS,PASS,PASS,FAIL — No nulls,PASS
EMP00474,Daniel Al-Hassan,daniel.al-hassan93@company.com,daniel249@yahoo.com,916993337318,Finance,Account Manager,Part-Time,6.0,2019-05-20,1986-07-14,EMP00024,London,-69952.0625,AED,2019-08-18,True,,OC5L70DGUI,CC3038,PASS,PASS,PASS,FAIL — Non-negative,FAIL — No nulls,PASS
EMP00475,Liang Patel,liang.patel69@company.com,liang912@yahoo.com,17956769856,Finance,CFO,Contractor,7.0,2015-02-28,1982-10-31,EMP00016,Bengaluru,90634.2890625,AED,2015-05-29,True,,RV4KTPWCHX,CC4565,PASS,PASS,PASS,PASS,FAIL — No nulls,PASS
EMP00476,Raj Johnson,raj.johnson90@company.com,raj339@yahoo.com,18673770669,Product,Data Analyst,Intern,6.0,2022-08-23,1978-12-01,,London,148368.046875,USD,2022-11-21,True,,I7W8DXP6BI,CC4109,PASS,PASS,FAIL — No nulls,PASS,FAIL — No nulls,PASS
EMP00477,Ahmed Malik,ahmed.malik84@company.com,ahmed454@gmail.com,447881797836,Sales,Engineering Manager,Intern,4.0,2020-04-20,1984-06-12,EMP00021,Dubai,41683.58984375,GBP,2020-07-19,True,,DQ5OZ371Y9,CC4641,PASS,PASS,PASS,PASS,FAIL — No nulls,PASS
EMP00478,Rohan Miller,rohan.miller17@company.com,rohan656@gmail.com,19600683112,Sales,Legal Counsel,Part-Time,4.0,2021-10-21,1983-08-31,EMP00026,Sydney,127859.5234375,INR,2022-01-19,False,,F19GXPZ0YR,CC4156,PASS,PASS,PASS,PASS,FAIL — No nulls,PASS
EMP00479,Meera Brown,meera.brown45@company.com,meera681@outlook.com,9716745006734,Engineering,HR Manager,Intern,2.0,2022-03-08,1990-07-24,EMP00036,Singapore,155202.15625,USD,2022-06-06,True,,23P5CFWT6N,CC8497,PASS,PASS,PASS,PASS,FAIL — No nulls,PASS
EMP00480,Priya Kumar,priya.kumar76@company.com,priya971@gmail.com,448533870410,Marketing,HR Manager,Full-Time,7.0,2024-06-18,1986-07-29,EMP00033,Bengaluru,120341.390625,USD,2024-09-16,True,,05GORZXZ3P,CC7614,PASS,PASS,PASS,PASS,FAIL — No nulls,PASS
EMP00481,Sarah Williams,bad-email-no-at-sign,sarah695@outlook.com,917148959424,Product,,Intern,5.0,2035-06-01,1982-01-12,EMP00039,Bengaluru,2081342.625,USD,2016-06-20,True,,,CC2764,FAIL — No nulls,PASS,PASS,PASS,FAIL — No nulls,FAIL — No nulls
EMP00482,Michael Al-Hassan,michael.al-hassan10@company.com,michael363@gmail.com,16605742985,Finance,CFO,Contractor,5.0,2016-12-08,1976-12-28,EMP00039,New York,143943.5,GBP,2017-03-08,True,,WTB5REP7Y3,CC8211,PASS,PASS,PASS,PASS,FAIL — No nulls,PASS
EMP00483,Mohammed Davis,mohammed.davis17@company.com,mohammed943@gmail.com,9716142347657,Marketing,HR Manager,Intern,8.0,2019-10-27,1975-04-20,EMP00005,Bengaluru,99361.5,GBP,2020-01-25,True,,W1V3R90CXT,CC2805,PASS,PASS,PASS,PASS,FAIL — No nulls,PASS
EMP00484,Sarah Chen,sarah.chen88@company.com,sarah251@gmail.com,9719941975739,Finance,Data Analyst,Contractor,2.0,2022-06-26,1980-08-13,EMP00031,Sydney,102536.3125,INR,2022-09-24,False,,TZ98DYFZY7,CC2972,PASS,PASS,PASS,PASS,FAIL — No nulls,PASS
EMP00485,Karan Brown,karan.brown53@company.com,karan297@yahoo.com,18131121388,Engineering,Director of Operations,Part-Time,6.0,2019-12-04,1973-08-06,EMP00034,Toronto,-72054.34375,USD,2020-03-03,True,,7LVL5O7NVK,CC5957,PASS,PASS,PASS,FAIL — Non-negative,FAIL — No nulls,PASS
EMP00486,Sunita Smith,sunita.smith46@company.com,sunita600@yahoo.com,9717865305893,Finance,Director of Operations,Full-Time,8.0,2015-11-30,1973-03-15,EMP00015,Mumbai,133025.921875,USD,2016-02-28,True,,OEFAUKEBLF,CC9702,PASS,PASS,PASS,PASS,FAIL — No nulls,PASS
EMP00487,Karan Kumar,karan.kumar83@company.com,karan481@yahoo.com,449200672161,Sales,HR Manager,Full-Time,3.0,2023-02-10,1992-10-18,EMP00016,Bengaluru,62664.53125,GBP,2023-05-11,False,,1E34QUG5OD,CC8501,PASS,PASS,PASS,PASS,FAIL — No nulls,PASS
EMP00488,Meera Malik,meera.malik49@company.com,meera296@outlook.com,446762819307,Product,Data Analyst,Full-Time,6.0,2019-02-15,1996-01-06,EMP00044,London,177699.921875,AED,2019-05-16,False,,A507KI3MLE,CC7277,PASS,PASS,PASS,PASS,FAIL — No nulls,PASS
EMP00489,Wei Sharma,wei.sharma84@company.com,wei189@outlook.com,918554966994,Legal,,Contractor,6.0,2019-09-03,1989-01-09,EMP00034,Singapore,83855.78125,INR,2019-12-02,True,,SL1VC65XCV,CC2221,FAIL — No nulls,PASS,PASS,PASS,FAIL — No nulls,PASS
EMP00490,Aarav Johnson,aarav.johnson97@company.com,aarav999@outlook.com,17534371875,Product,Product Manager,Contractor,3.0,2019-03-25,1976-02-18,EMP00007,Bengaluru,136680.640625,USD,2019-06-23,True,,RC2EYFL1Y2,CC5598,PASS,PASS,PASS,PASS,FAIL — No nulls,PASS
EMP00491,Sunita Brown,sunita.brown76@company.com,sunita427@gmail.com,16900151551,Sales,Engineering Manager,Contractor,4.0,2024-06-21,,EMP00040,Toronto,96676.1875,USD,2024-09-19,True,,A0XZPRJA38,CC1161,PASS,FAIL — No nulls,PASS,PASS,FAIL — No nulls,PASS
EMP00492,Omar Davis,omar.davis57@company.com,omar708@yahoo.com,447553447594,Engineering,Director of Operations,Part-Time,8.0,2017-11-28,1980-12-07,EMP00029,Singapore,166835.65625,USD,2018-02-26,True,,QCTMGYUB9F,CC6687,PASS,PASS,PASS,PASS,FAIL — No nulls,PASS
EMP00493,Emily Singh,emily.singh69@company.com,emily518@outlook.com,9716951415570,Finance,Tech Lead,Intern,3.0,2023-06-20,1970-10-15,EMP00014,Mumbai,136928.84375,GBP,2023-09-18,True,,RXYX12S13J,CC1255,PASS,PASS,PASS,PASS,FAIL — No nulls,PASS
EMP00494,James Wang,james.wang27@company.com,james577@gmail.com,448380981865,Sales,Senior Engineer,Part-Time,3.0,2023-03-31,1979-11-18,EMP00013,Singapore,175673.015625,USD,2023-06-29,True,,DXO86TMEKY,CC3365,PASS,PASS,PASS,PASS,FAIL — No nulls,PASS
EMP00495,Sneha Davis,sneha.davis17@company.com,sneha262@gmail.com,918077148296,Finance,Marketing Manager,Intern,5.0,2018-04-30,1995-08-28,EMP00036,Sydney,94171.7109375,USD,2018-07-29,True,,IM8OTDZMOH,CC1326,PASS,PASS,PASS,PASS,FAIL — No nulls,PASS
EMP00496,Ananya Patel,ananya.patel37@company.com,ananya663@yahoo.com,9718816801992,Human Resources,Marketing Manager,Intern,3.0,2035-06-01,1993-09-29,EMP00035,Dubai,-80810.4765625,INR,2016-07-09,True,,98AYJ4RL6W,CC1090,PASS,PASS,PASS,FAIL — Non-negative,FAIL — No nulls,PASS
EMP00497,Raj Patel,raj.patel13@company.com,raj775@outlook.com,448996221731,Finance,,Contractor,3.0,2015-06-28,1975-10-12,EMP00017,Dubai,95658.0,AED,2015-09-26,True,,SURG8Y486W,CC7965,FAIL — No nulls,PASS,PASS,PASS,FAIL — No nulls,PASS
EMP00498,Ahmed Chen,ahmed.chen48@company.com,ahmed210@gmail.com,447910605502,Engineering,Product Manager,Part-Time,8.0,2015-06-17,1998-09-08,EMP00007,New York,94740.171875,AED,2015-09-15,True,,WRR3SS0HE7,CC4561,PASS,PASS,PASS,PASS,FAIL — No nulls,PASS
EMP00499,David Singh,david.singh37@company.com,david639@outlook.com,918063053346,Human Resources,HR Business Partner,Contractor,6.0,2022-02-12,1976-08-18,EMP00006,Mumbai,63548.76953125,USD,2022-05-13,True,,OBXH11FODG,CC5509,PASS,PASS,PASS,PASS,FAIL — No nulls,PASS
EMP00500,Mohammed Brown,mohammed.brown6@company.com,mohammed480@gmail.com,918183056413,Operations,Account Manager,Full-Time,4.0,2021-06-13,1997-10-27,EMP00004,Dubai,126423.34375,AED,2021-09-11,True,,75FK8MSQE1,CC5143,PASS,PASS,PASS,PASS,FAIL — No nulls,PASS
EMP00501,Sneha Davis,bad-email-no-at-sign,sneha718@gmail.com,0,Finance,Engineering Manager,Intern,6.0,2017-09-09,1971-11-25,,New York,72086.7421875,GBP,2017-12-08,False,,L66QCRV8IM,CC1041,PASS,PASS,FAIL — No nulls,PASS,FAIL — No nulls,PASS
EMP00502,Karan Williams,karan.williams72@company.com,karan956@yahoo.com,446189574339,Legal,Operations Analyst,Contractor,5.0,2017-07-14,1993-10-27,EMP00025,London,134878.546875,INR,2017-10-12,False,,Z76OBY86A1,CC4857,PASS,PASS,PASS,PASS,FAIL — No nulls,PASS
EMP00503,Aarav Davis,aarav.davis42@company.com,aarav607@outlook.com,449327235063,Finance,Account Manager,Intern,5.0,2023-03-08,1979-12-13,EMP00050,Singapore,138808.703125,INR,2023-06-06,True,,PQOD275YT0,CC2716,PASS,PASS,PASS,PASS,FAIL — No nulls,PASS
EMP00504,Emily Al-Hassan,emily.al-hassan73@company.com,emily105@yahoo.com,917397073369,Operations,Senior Engineer,Contractor,2.0,2016-06-02,1979-09-27,EMP00022,Toronto,76569.8828125,USD,2016-08-31,False,,9QK1K458MC,CC6768,PASS,PASS,PASS,PASS,FAIL — No nulls,PASS
EMP00505,Meera Brown,meera.brown48@company.com,meera452@yahoo.com,446592390069,Legal,,Contractor,4.0,2023-12-18,1987-02-12,EMP00031,Dubai,67386.8125,GBP,2024-03-17,True,,VL6QSROB6L,CC4357,FAIL — No nulls,PASS,PASS,PASS,FAIL — No nulls,PASS
EMP00506,Daniel Miller,daniel.miller95@company.com,daniel832@yahoo.com,9716530748140,Engineering,Operations Analyst,Intern,8.0,2018-09-14,1988-10-08,EMP00021,Mumbai,129314.3984375,GBP,2018-12-13,True,,2FXALYCP0N,CC2878,PASS,PASS,PASS,PASS,FAIL — No nulls,PASS
EMP00507,Fatima Brown,fatima.brown7@company.com,fatima735@gmail.com,9718296972877,Human Resources,Engineering Manager,Intern,1.0,2021-08-04,1977-07-15,EMP00013,New York,-144359.375,INR,2021-11-02,False,,5TRDYYJXI9,CC8396,PASS,PASS,PASS,FAIL — Non-negative,FAIL — No nulls,PASS
EMP00508,Emily Ahmed,emily.ahmed40@company.com,emily145@outlook.com,917658162201,Operations,VP Marketing,Intern,3.0,2021-08-10,1989-02-20,EMP00018,New York,85183.9765625,INR,2021-11-08,True,,DQFKF09FJX,CC3583,PASS,PASS,PASS,PASS,FAIL — No nulls,PASS
EMP00509,Fatima Khan,fatima.khan7@company.com,fatima561@yahoo.com,9716297511683,Sales,HR Business Partner,Part-Time,3.0,2017-04-09,1996-09-17,EMP00029,Mumbai,118172.7890625,GBP,2017-07-08,True,,Q4FJAV2JDD,CC2748,PASS,PASS,PASS,PASS,FAIL — No nulls,PASS
EMP00510,Aarav Brown,aarav.brown82@company.com,aarav347@gmail.com,919694062142,Product,Data Scientist,Full-Time,8.0,2022-05-30,1970-05-11,EMP00025,London,99359.5703125,USD,2022-08-28,True,,ATRF9Y8ATX,CC7774,PASS,PASS,PASS,PASS,FAIL — No nulls,PASS
EMP00511,James Singh,james.singh82@company.com,james897@gmail.com,18037592677,Sales,Data Analyst,Full-Time,6.0,2035-06-01,1993-07-04,EMP00029,London,3116755.5,INR,2023-05-24,False,,S2D8H7V2WJ,CC7776,PASS,PASS,PASS,PASS,FAIL — No nulls,PASS
EMP00512,Fatima Miller,fatima.miller52@company.com,fatima871@yahoo.com,9717421392948,Engineering,HR Business Partner,Intern,8.0,2021-05-09,1992-04-26,EMP00029,Toronto,114804.5,AED,2021-08-07,False,,LX2YRRRGBP,CC1228,PASS,PASS,PASS,PASS,FAIL — No nulls,PASS
EMP00513,Ahmed Smith,ahmed.smith15@company.com,ahmed593@gmail.com,918231425298,Product,,Part-Time,5.0,2024-05-30,1978-07-18,EMP00042,Dubai,132937.390625,USD,2024-08-28,True,,I753BWCV2X,CC9757,FAIL — No nulls,PASS,PASS,PASS,FAIL — No nulls,PASS
EMP00514,Omar Malik,omar.malik16@company.com,omar691@yahoo.com,18961554449,Finance,Sales Executive,Part-Time,4.0,2018-02-12,1976-11-30,EMP00024,Mumbai,117968.546875,INR,2018-05-13,True,,DYZWSVT9M0,CC3068,PASS,PASS,PASS,PASS,FAIL — No nulls,PASS
EMP00515,Ananya Wang,ananya.wang47@company.com,ananya193@gmail.com,18339875485,Finance,HR Manager,Part-Time,5.0,2015-08-17,1971-09-02,EMP00014,Bengaluru,67997.78125,USD,2015-11-15,True,,WJYOUEUXDA,CC5197,PASS,PASS,PASS,PASS,FAIL — No nulls,PASS
EMP00516,Vikram Davis,vikram.davis10@company.com,vikram116@outlook.com,449885041894,Product,Finance Analyst,Intern,3.0,2015-05-05,1995-08-13,EMP00013,London,46565.4609375,USD,2015-08-03,True,,KB9ET6UY1S,CC7910,PASS,PASS,PASS,PASS,FAIL — No nulls,PASS
EMP00517,Karan Miller,karan.miller31@company.com,karan473@yahoo.com,9719414171079,Legal,Legal Counsel,Intern,6.0,2016-08-18,1984-12-27,EMP00028,Sydney,148580.71875,USD,2016-11-16,True,,8WXKWP8IDC,CC2367,PASS,PASS,PASS,PASS,FAIL — No nulls,PASS
EMP00518,Karan Miller,karan.miller85@company.com,karan868@yahoo.com,446385284758,Operations,VP Marketing,Intern,3.0,2020-09-10,1976-01-01,EMP00032,Singapore,-68371.8828125,GBP,2020-12-09,True,,T2O5IOP7L2,CC6098,PASS,PASS,PASS,FAIL — Non-negative,FAIL — No nulls,PASS
EMP00519,Priya Wang,priya.wang1@company.com,priya581@yahoo.com,916357464737,Engineering,Product Manager,Part-Time,5.0,2021-12-26,1978-10-19,EMP00009,Dubai,163236.484375,GBP,2022-03-26,True,,Z4POIBGFMQ,CC2468,PASS,PASS,PASS,PASS,FAIL — No nulls,PASS
EMP00520,David Davis,david.davis82@company.com,david469@yahoo.com,16043019232,Sales,Finance Analyst,Intern,3.0,2018-04-09,1991-04-26,EMP00006,Mumbai,105566.1171875,GBP,2018-07-08,True,,FOA3E6M563,CC3902,PASS,PASS,PASS,PASS,FAIL — No nulls,PASS
EMP00521,Sunita Ahmed,bad-email-no-at-sign,sunita434@outlook.com,9718120160700,Sales,,Intern,6.0,2020-06-17,1990-03-03,EMP00015,Singapore,93674.703125,USD,2020-09-15,True,,,CC2564,FAIL — No nulls,PASS,PASS,PASS,FAIL — No nulls,FAIL — No nulls
EMP00522,Rohan Al-Hassan,rohan.al-hassan20@company.com,rohan294@yahoo.com,17810596564,Legal,Product Manager,Part-Time,4.0,2020-09-12,1995-06-26,EMP00017,Sydney,132203.296875,GBP,2020-12-11,True,,LYLYUE1QIT,CC4514,PASS,PASS,PASS,PASS,FAIL — No nulls,PASS
EMP00523,James Patel,james.patel18@company.com,james988@yahoo.com,9718451202489,Engineering,Finance Analyst,Intern,2.0,2022-02-04,1971-03-27,EMP00018,Toronto,110138.046875,USD,2022-05-05,True,,NLP7XDYIQX,CC9537,PASS,PASS,PASS,PASS,FAIL — No nulls,PASS
EMP00524,Meera Smith,meera.smith42@company.com,meera499@yahoo.com,19139601080,Engineering,Software Engineer,Intern,8.0,2022-03-29,1976-01-18,EMP00021,Mumbai,151323.96875,INR,2022-06-27,True,,RCPHYWQE6T,CC1883,PASS,PASS,PASS,PASS,FAIL — No nulls,PASS
EMP00525,Emily Patel,emily.patel42@company.com,emily620@yahoo.com,917006989221,Product,Marketing Manager,Contractor,3.0,2015-10-23,1991-06-25,EMP00014,Toronto,110085.6875,INR,2016-01-21,True,,M157U0JA7J,CC6690,PASS,PASS,PASS,PASS,FAIL — No nulls,PASS
EMP00526,Rohan Johnson,rohan.johnson22@company.com,rohan946@yahoo.com,448343059726,Marketing,HR Manager,Full-Time,6.0,2035-06-01,,,Bengaluru,139817.96875,GBP,2015-05-31,True,,ZSBZ40BL59,CC5188,PASS,FAIL — No nulls,FAIL — No nulls,PASS,FAIL — No nulls,PASS
EMP00527,Raj Brown,raj.brown17@company.com,raj261@gmail.com,919924809151,Human Resources,Data Scientist,Contractor,3.0,2019-01-10,1995-02-04,EMP00042,New York,156959.546875,GBP,2019-04-10,True,,VX68XSSQOT,CC1970,PASS,PASS,PASS,PASS,FAIL — No nulls,PASS
EMP00528,Sneha Kumar,sneha.kumar15@company.com,sneha731@gmail.com,9717995015334,Engineering,HR Manager,Intern,1.0,2023-01-07,1975-04-27,EMP00002,London,146220.0625,GBP,2023-04-07,False,,SFEVAY7ZY4,CC4475,PASS,PASS,PASS,PASS,FAIL — No nulls,PASS
EMP00529,Ananya Sharma,ananya.sharma79@company.com,ananya627@gmail.com,916046942927,Legal,,Contractor,8.0,2016-01-20,1988-04-18,EMP00024,Toronto,-92796.84375,AED,2016-04-19,False,,77NWWO1I77,CC6814,FAIL — No nulls,PASS,PASS,FAIL — Non-negative,FAIL — No nulls,PASS
EMP00530,Karan Ahmed,karan.ahmed14@company.com,karan681@outlook.com,447555505001,Engineering,Finance Analyst,Part-Time,5.0,2022-11-24,1990-01-24,EMP00035,Dubai,69443.453125,GBP,2023-02-22,True,,SRAP98N7PN,CC8681,PASS,PASS,PASS,PASS,FAIL — No nulls,PASS
EMP00531,Daniel Malik,daniel.malik62@company.com,daniel765@yahoo.com,917311175468,Engineering,HR Manager,Intern,1.0,2019-09-25,1997-07-29,EMP00046,London,96339.75,GBP,2019-12-24,True,,0CIRTGJ0U8,CC4733,PASS,PASS,PASS,PASS,FAIL — No nulls,PASS
EMP00532,Sneha Davis,sneha.davis37@company.com,sneha107@gmail.com,19455236038,Finance,Data Scientist,Intern,7.0,2017-04-20,1989-08-06,EMP00012,Toronto,58903.87890625,GBP,2017-07-19,True,,YP6WUSOUQX,CC5005,PASS,PASS,PASS,PASS,FAIL — No nulls,PASS
EMP00533,Raj Sharma,raj.sharma61@company.com,raj555@yahoo.com,19050762386,Marketing,VP Marketing,Part-Time,4.0,2024-03-09,1986-02-13,EMP00042,Bengaluru,100338.96875,USD,2024-06-07,True,,9KNENTKFRU,CC9467,PASS,PASS,PASS,PASS,FAIL — No nulls,PASS
EMP00534,Liang Brown,liang.brown14@company.com,liang415@gmail.com,19807181198,Human Resources,Software Engineer,Part-Time,2.0,2022-06-22,1982-02-20,EMP00039,Mumbai,56331.6015625,INR,2022-09-20,True,,X0RASJR5PP,CC1491,PASS,PASS,PASS,PASS,FAIL — No nulls,PASS
EMP00535,Fatima Johnson,fatima.johnson33@company.com,fatima328@gmail.com,448357389956,Product,Sales Executive,Contractor,4.0,2019-07-07,1977-01-28,EMP00018,Sydney,103865.078125,INR,2019-10-05,False,,I9F44N85LG,CC2388,PASS,PASS,PASS,PASS,FAIL — No nulls,PASS
EMP00536,Ahmed Wang,ahmed.wang36@company.com,ahmed524@yahoo.com,9717849299914,Human Resources,Sales Executive,Full-Time,2.0,2016-05-18,1975-05-03,EMP00043,New York,76690.59375,INR,2016-08-16,True,,IF4O7USJ4W,CC1354,PASS,PASS,PASS,PASS,FAIL — No nulls,PASS
EMP00537,Michael Miller,michael.miller83@company.com,michael126@outlook.com,9717821882367,Marketing,,Contractor,8.0,2021-03-07,1983-05-07,EMP00009,Sydney,146143.859375,GBP,2021-06-05,True,,61F2FA02KP,CC1126,FAIL — No nulls,PASS,PASS,PASS,FAIL — No nulls,PASS
EMP00538,Jessica Williams,jessica.williams15@company.com,jessica580@yahoo.com,9718423996484,Product,VP Marketing,Contractor,7.0,2019-04-13,1999-04-16,EMP00033,London,54718.140625,GBP,2019-07-12,True,,9FXC8XR4H5,CC7676,PASS,PASS,PASS,PASS,FAIL — No nulls,PASS
EMP00539,Emily Williams,emily.williams62@company.com,emily693@gmail.com,916481836448,Human Resources,Business Analyst,Full-Time,5.0,2019-02-10,1970-11-16,EMP00010,New York,133330.328125,AED,2019-05-11,True,,5NFPX39ICH,CC5033,PASS,PASS,PASS,PASS,FAIL — No nulls,PASS
EMP00540,Emily Miller,emily.miller52@company.com,emily177@yahoo.com,16905231842,Human Resources,VP Marketing,Contractor,7.0,2022-04-06,1995-01-30,EMP00021,Dubai,-44162.4609375,USD,2022-07-05,True,,529OF5DTOL,CC5959,PASS,PASS,PASS,FAIL — Non-negative,FAIL — No nulls,PASS
EMP00541,Mohammed Miller,bad-email-no-at-sign,mohammed521@outlook.com,918328388989,Sales,Sales Executive,Contractor,7.0,2035-06-01,2000-11-17,EMP00030,Singapore,3229314.0,GBP,2016-01-24,False,,YM0JXDCSJ5,CC2098,PASS,PASS,PASS,PASS,FAIL — No nulls,PASS
EMP00542,Wei Davis,wei.davis25@company.com,wei907@gmail.com,448885387605,Legal,Software Engineer,Full-Time,2.0,2023-06-09,1988-06-10,EMP00049,Bengaluru,171378.265625,USD,2023-09-07,True,,5E4KIG419X,CC5945,PASS,PASS,PASS,PASS,FAIL — No nulls,PASS
EMP00543,Liang Khan,liang.khan43@company.com,liang691@outlook.com,919818012129,Engineering,Tech Lead,Full-Time,8.0,2023-05-02,1979-10-15,EMP00011,Bengaluru,112395.40625,AED,2023-07-31,True,,KJEGS9YROF,CC1216,PASS,PASS,PASS,PASS,FAIL — No nulls,PASS
EMP00544,Meera Ahmed,meera.ahmed29@company.com,meera854@outlook.com,19194456266,Human Resources,Business Analyst,Intern,1.0,2022-12-10,2000-05-31,EMP00017,Bengaluru,80958.5625,INR,2023-03-10,True,,FHYD3J664S,CC5594,PASS,PASS,PASS,PASS,FAIL — No nulls,PASS
EMP00545,Meera Al-Hassan,meera.al-hassan76@company.com,meera477@outlook.com,18259966097,Human Resources,,Contractor,1.0,2020-09-07,1982-03-13,EMP00024,Singapore,51654.37890625,AED,2020-12-06,True,,E7JGLMLICS,CC3409,FAIL — No nulls,PASS,PASS,PASS,FAIL — No nulls,PASS
EMP00546,Sarah Wang,sarah.wang78@company.com,sarah854@yahoo.com,446571989991,Finance,CFO,Part-Time,3.0,2019-11-28,1998-01-22,EMP00011,Dubai,139475.90625,GBP,2020-02-26,True,,J3FOYU7M3F,CC8120,PASS,PASS,PASS,PASS,FAIL — No nulls,PASS
EMP00547,Vikram Patel,vikram.patel67@company.com,vikram517@outlook.com,916312266486,Engineering,Account Manager,Contractor,8.0,2017-02-28,1972-06-24,EMP00036,Singapore,133114.65625,GBP,2017-05-29,True,,Y7ITXHW986,CC8349,PASS,PASS,PASS,PASS,FAIL — No nulls,PASS
EMP00548,Ashley Al-Hassan,ashley.al-hassan45@company.com,ashley235@outlook.com,447042855582,Sales,Director of Operations,Intern,6.0,2022-10-22,1983-10-10,EMP00043,Sydney,153023.84375,AED,2023-01-20,True,,1ZFQ4TCRDK,CC6479,PASS,PASS,PASS,PASS,FAIL — No nulls,PASS
EMP00549,Fatima Kumar,fatima.kumar95@company.com,fatima142@gmail.com,16289491249,Product,VP Marketing,Full-Time,7.0,2021-05-24,1972-08-19,EMP00031,New York,131659.71875,INR,2021-08-22,True,,PEMU5PWQEJ,CC5689,PASS,PASS,PASS,PASS,FAIL — No nulls,PASS
EMP00550,Sneha Wang,sneha.wang19@company.com,sneha761@gmail.com,447574118905,Finance,Director of Operations,Intern,8.0,2020-11-15,1982-09-15,EMP00031,Toronto,78225.8515625,INR,2021-02-13,True,,X6BNBC68TL,CC3141,PASS,PASS,PASS,PASS,FAIL — No nulls,PASS
EMP00551,Rohan Smith,rohan.smith85@company.com,rohan856@gmail.com,0,Human Resources,HR Manager,Part-Time,1.0,2022-12-04,1993-11-06,,Mumbai,-127065.0078125,AED,2023-03-04,False,,DQL2WA7XPB,CC1205,PASS,PASS,FAIL — No nulls,FAIL — Non-negative,FAIL — No nulls,PASS
EMP00552,Raj Smith,raj.smith18@company.com,raj263@gmail.com,919136676421,Finance,Marketing Manager,Full-Time,1.0,2015-02-07,1984-07-18,EMP00007,Toronto,63886.359375,INR,2015-05-08,True,,2ZC8JXETH1,CC1551,PASS,PASS,PASS,PASS,FAIL — No nulls,PASS
EMP00553,Priya Williams,priya.williams7@company.com,priya333@outlook.com,446508046230,Human Resources,,Contractor,1.0,2018-10-07,1989-11-12,EMP00008,Sydney,178992.984375,GBP,2019-01-05,False,,FN5J1B8E7R,CC7995,FAIL — No nulls,PASS,PASS,PASS,FAIL — No nulls,PASS
EMP00554,Raj Kumar,raj.kumar54@company.com,raj971@outlook.com,446840342289,Marketing,Operations Analyst,Full-Time,5.0,2024-04-10,1982-12-19,EMP00017,New York,121107.890625,GBP,2024-07-09,True,,YHIE67SDPI,CC1710,PASS,PASS,PASS,PASS,FAIL — No nulls,PASS
EMP00555,Ananya Smith,ananya.smith40@company.com,ananya473@yahoo.com,916472375314,Legal,Data Scientist,Full-Time,3.0,2018-08-03,1997-05-28,EMP00007,New York,58060.94921875,GBP,2018-11-01,False,,SPBW5RPN0Q,CC8919,PASS,PASS,PASS,PASS,FAIL — No nulls,PASS
EMP00556,Priya Brown,priya.brown57@company.com,priya582@gmail.com,449921992912,Operations,Tech Lead,Full-Time,3.0,2035-06-01,1972-05-10,EMP00030,Sydney,99814.5625,USD,2020-11-22,True,,D2LG6CP2PK,CC6200,PASS,PASS,PASS,PASS,FAIL — No nulls,PASS
EMP00557,Sunita Smith,sunita.smith11@company.com,sunita341@outlook.com,448068718648,Finance,Senior Engineer,Intern,2.0,2021-08-28,1971-08-16,EMP00026,Singapore,137034.515625,AED,2021-11-26,True,,MF4TIXK06D,CC5398,PASS,PASS,PASS,PASS,FAIL — No nulls,PASS
EMP00558,Sunita Williams,sunita.williams38@company.com,sunita312@outlook.com,18608981321,Human Resources,Legal Counsel,Contractor,2.0,2019-01-11,1995-02-14,EMP00031,Toronto,141851.765625,GBP,2019-04-11,True,,GDFI6WRVTY,CC9195,PASS,PASS,PASS,PASS,FAIL — No nulls,PASS
EMP00559,Ashley Khan,ashley.khan65@company.com,ashley274@yahoo.com,17791391165,Product,Data Analyst,Full-Time,2.0,2020-01-17,1990-02-16,EMP00007,New York,158614.671875,GBP,2020-04-16,True,,TDBO64PGNY,CC9776,PASS,PASS,PASS,PASS,FAIL — No nulls,PASS
EMP00560,Meera Singh,meera.singh24@company.com,meera216@outlook.com,916215786750,Sales,Software Engineer,Part-Time,8.0,2021-09-22,1982-09-27,EMP00005,Dubai,113355.3984375,INR,2021-12-21,True,,72FLXQUZS8,CC8627,PASS,PASS,PASS,PASS,FAIL — No nulls,PASS
EMP00561,Vikram Ahmed,bad-email-no-at-sign,vikram171@outlook.com,446685301931,Operations,,Intern,8.0,2018-03-13,,EMP00048,Toronto,140810.328125,USD,2018-06-11,False,,,CC1674,FAIL — No nulls,FAIL — No nulls,PASS,PASS,FAIL — No nulls,FAIL — No nulls
EMP00562,Michael Wang,michael.wang68@company.com,michael668@gmail.com,918666374666,Legal,Operations Analyst,Contractor,2.0,2021-10-23,1995-03-24,EMP00015,Sydney,-151985.296875,AED,2022-01-21,True,,LOY986VEM0,CC3246,PASS,PASS,PASS,FAIL — Non-negative,FAIL — No nulls,PASS
EMP00563,Ashley Sharma,ashley.sharma4@company.com,ashley315@yahoo.com,9718778970452,Legal,HR Business Partner,Full-Time,7.0,2023-03-28,1980-01-22,EMP00038,Bengaluru,44379.0390625,INR,2023-06-26,False,,CO6YWEDOOQ,CC1441,PASS,PASS,PASS,PASS,FAIL — No nulls,PASS
EMP00564,James Malik,james.malik89@company.com,james891@gmail.com,447425101455,Legal,Data Scientist,Full-Time,1.0,2020-07-27,1997-01-22,EMP00042,Sydney,107943.25,GBP,2020-10-25,True,,NS1ZKZD1UZ,CC4704,PASS,PASS,PASS,PASS,FAIL — No nulls,PASS
EMP00565,Rohan Brown,rohan.brown39@company.com,rohan674@yahoo.com,919116993584,Sales,VP Marketing,Part-Time,3.0,2019-10-06,1979-03-23,EMP00015,Singapore,56502.171875,GBP,2020-01-04,False,,ZZ5ZH5KRF5,CC3827,PASS,PASS,PASS,PASS,FAIL — No nulls,PASS
EMP00566,Ananya Ahmed,ananya.ahmed8@company.com,ananya528@outlook.com,9718375828864,Product,HR Business Partner,Part-Time,5.0,2015-03-22,1970-11-28,EMP00048,New York,142274.515625,INR,2015-06-20,True,,9433W1P7LU,CC5551,PASS,PASS,PASS,PASS,FAIL — No nulls,PASS
EMP00567,Mohammed Smith,mohammed.smith73@company.com,mohammed686@gmail.com,917754363168,Marketing,Tech Lead,Contractor,6.0,2019-02-22,1974-04-17,EMP00031,New York,57090.28125,USD,2019-05-23,True,,NMQ26T0T9A,CC6347,PASS,PASS,PASS,PASS,FAIL — No nulls,PASS
EMP00568,Emily Brown,emily.brown17@company.com,emily476@yahoo.com,917631695001,Operations,Software Engineer,Intern,4.0,2021-04-06,1990-10-04,EMP00032,Sydney,149773.9375,AED,2021-07-05,False,,2WD4RB9WNU,CC1303,PASS,PASS,PASS,PASS,FAIL — No nulls,PASS
EMP00569,Ahmed Miller,ahmed.miller24@company.com,ahmed440@outlook.com,918800597291,Finance,,Part-Time,2.0,2017-02-23,1991-08-13,EMP00010,Bengaluru,61385.1796875,INR,2017-05-24,False,,HFDF9HYLZ8,CC7744,FAIL — No nulls,PASS,PASS,PASS,FAIL — No nulls,PASS
EMP00570,Ahmed Khan,ahmed.khan5@company.com,ahmed591@gmail.com,446858551139,Sales,Marketing Manager,Full-Time,5.0,2016-05-23,1972-03-30,EMP00044,Toronto,42914.16015625,INR,2016-08-21,True,,OF1M59XHQY,CC7772,PASS,PASS,PASS,PASS,FAIL — No nulls,PASS
EMP00571,Wei Patel,wei.patel3@company.com,wei477@outlook.com,9716944411006,Human Resources,Account Manager,Intern,2.0,2035-06-01,1986-12-12,EMP00036,Dubai,3034598.5,GBP,2018-08-21,True,,920L76YUE9,CC5752,PASS,PASS,PASS,PASS,FAIL — No nulls,PASS
EMP00572,Wei Brown,wei.brown90@company.com,wei389@yahoo.com,16815330968,Human Resources,Software Engineer,Contractor,7.0,2023-09-26,1990-06-25,EMP00028,Bengaluru,134520.90625,GBP,2023-12-25,True,,9KYRYAMX6X,CC2524,PASS,PASS,PASS,PASS,FAIL — No nulls,PASS
EMP00573,David Kumar,david.kumar66@company.com,david381@outlook.com,916194338999,Sales,Sales Executive,Full-Time,1.0,2016-02-17,1990-03-16,EMP00008,Dubai,-92054.703125,USD,2016-05-17,True,,ON94HT3SX3,CC1349,PASS,PASS,PASS,FAIL — Non-negative,FAIL — No nulls,PASS
EMP00574,Mohammed Sharma,mohammed.sharma29@company.com,mohammed844@yahoo.com,9718977500690,Operations,HR Business Partner,Part-Time,8.0,2016-09-09,1990-01-02,EMP00040,Sydney,128119.1484375,GBP,2016-12-08,True,,EWRNJOX3YM,CC4032,PASS,PASS,PASS,PASS,FAIL — No nulls,PASS
EMP00575,James Wang,james.wang32@company.com,james697@outlook.com,917549155603,Sales,Account Manager,Contractor,5.0,2022-12-01,2000-01-09,EMP00013,London,168318.25,INR,2023-03-01,True,,RDPMXJ5FRD,CC6497,PASS,PASS,PASS,PASS,FAIL — No nulls,PASS
EMP00576,Ananya Miller,ananya.miller98@company.com,ananya289@outlook.com,919896639548,Finance,Data Analyst,Full-Time,8.0,2021-07-22,1974-11-10,,Sydney,127913.7578125,GBP,2021-10-20,False,,NHSEM0T31R,CC6330,PASS,PASS,FAIL — No nulls,PASS,FAIL — No nulls,PASS
EMP00577,Rohan Smith,rohan.smith14@company.com,rohan453@outlook.com,449148922925,Human Resources,,Contractor,4.0,2015-10-18,1977-03-16,EMP00019,Bengaluru,72660.40625,AED,2016-01-16,True,,W1Y7V4NNK3,CC1530,FAIL — No nulls,PASS,PASS,PASS,FAIL — No nulls,PASS
EMP00578,Ahmed Davis,ahmed.davis29@company.com,ahmed290@outlook.com,918278090543,Product,Business Analyst,Contractor,8.0,2019-07-21,1991-06-07,EMP00036,New York,35423.41015625,INR,2019-10-19,True,,RELM3LXL0D,CC3851,PASS,PASS,PASS,PASS,FAIL — No nulls,PASS
EMP00579,Raj Al-Hassan,raj.al-hassan51@company.com,raj711@outlook.com,446018446612,Finance,Senior Engineer,Contractor,6.0,2018-04-06,1981-10-10,EMP00019,Bengaluru,130940.1796875,INR,2018-07-05,True,,M878RK4MA9,CC3180,PASS,PASS,PASS,PASS,FAIL — No nulls,PASS
EMP00580,Rohan Al-Hassan,rohan.al-hassan6@company.com,rohan541@outlook.com,18148456999,Finance,Sales Executive,Intern,4.0,2020-06-06,1984-07-19,EMP00004,Dubai,166574.1875,USD,2020-09-04,True,,7DQEHQ1LSD,CC2168,PASS,PASS,PASS,PASS,FAIL — No nulls,PASS
EMP00581,Sarah Singh,bad-email-no-at-sign,sarah461@outlook.com,9716239140813,Finance,VP Marketing,Full-Time,5.0,2019-02-01,1989-04-11,EMP00049,Singapore,118015.609375,INR,2019-05-02,True,,0HIGGB1BZI,CC7789,PASS,PASS,PASS,PASS,FAIL — No nulls,PASS
EMP00582,Priya Miller,priya.miller29@company.com,priya735@outlook.com,17194256884,Engineering,Tech Lead,Part-Time,6.0,2022-10-21,1979-04-28,EMP00044,Toronto,91931.6484375,AED,2023-01-19,True,,HV6SJDZIRL,CC9231,PASS,PASS,PASS,PASS,FAIL — No nulls,PASS
EMP00583,Karan Miller,karan.miller80@company.com,karan934@outlook.com,9719795612531,Legal,Operations Analyst,Intern,1.0,2015-09-11,1982-10-09,EMP00038,Singapore,179819.03125,INR,2015-12-10,False,,7ULOOBHTOZ,CC5417,PASS,PASS,PASS,PASS,FAIL — No nulls,PASS
EMP00584,Michael Wang,michael.wang81@company.com,michael768@outlook.com,9719219987006,Sales,Software Engineer,Contractor,1.0,2015-04-06,1982-04-04,EMP00043,London,-70740.890625,USD,2015-07-05,True,,26FY5TPFER,CC9339,PASS,PASS,PASS,FAIL — Non-negative,FAIL — No nulls,PASS
EMP00585,Omar Smith,omar.smith68@company.com,omar638@yahoo.com,19980513865,Legal,,Full-Time,1.0,2016-01-17,1985-01-23,EMP00036,New York,87959.6015625,INR,2016-04-16,False,,VBI366A1D6,CC2217,FAIL — No nulls,PASS,PASS,PASS,FAIL — No nulls,PASS
EMP00586,Priya Kumar,priya.kumar42@company.com,priya155@outlook.com,9718628888132,Sales,Software Engineer,Intern,1.0,2035-06-01,1979-12-12,EMP00010,Toronto,159766.90625,GBP,2019-03-31,True,,W3T80K5YMY,CC3495,PASS,PASS,PASS,PASS,FAIL — No nulls,PASS
EMP00587,Michael Al-Hassan,michael.al-hassan11@company.com,michael371@gmail.com,19844894486,Product,CFO,Full-Time,2.0,2017-01-28,1996-02-06,EMP00043,Bengaluru,100084.3125,AED,2017-04-28,True,,74G05KOXKP,CC5129,PASS,PASS,PASS,PASS,FAIL — No nulls,PASS
EMP00588,James Davis,james.davis84@company.com,james314@outlook.com,18136057512,Human Resources,Marketing Manager,Full-Time,1.0,2022-01-14,1971-04-06,EMP00018,Dubai,94829.1328125,GBP,2022-04-14,False,,IQIFEJ8KR9,CC3300,PASS,PASS,PASS,PASS,FAIL — No nulls,PASS
EMP00589,Daniel Patel,daniel.patel76@company.com,daniel219@yahoo.com,9716476144490,Human Resources,Tech Lead,Contractor,5.0,2016-12-22,1974-01-22,EMP00034,Toronto,147882.703125,AED,2017-03-22,True,,EED92S4UNL,CC3250,PASS,PASS,PASS,PASS,FAIL — No nulls,PASS
EMP00590,Karan Davis,karan.davis81@company.com,karan465@yahoo.com,448588899419,Finance,Software Engineer,Contractor,6.0,2021-05-31,1977-05-12,EMP00011,London,154956.75,INR,2021-08-29,True,,TMHDWT0HJ8,CC9397,PASS,PASS,PASS,PASS,FAIL — No nulls,PASS
EMP00591,Karan Smith,karan.smith59@company.com,karan283@outlook.com,448932259495,Operations,Product Manager,Intern,1.0,2023-01-30,1989-06-21,EMP00011,Bengaluru,167654.28125,AED,2023-04-30,False,,4DMQ8XNU36,CC5484,PASS,PASS,PASS,PASS,FAIL — No nulls,PASS
EMP00592,Vikram Singh,vikram.singh46@company.com,vikram857@gmail.com,448823591244,Human Resources,Finance Analyst,Intern,3.0,2020-12-19,1972-05-29,EMP00023,New York,85854.1015625,USD,2021-03-19,False,,14UONGRZVL,CC1928,PASS,PASS,PASS,PASS,FAIL — No nulls,PASS
EMP00593,Ahmed Williams,ahmed.williams11@company.com,ahmed789@outlook.com,918620470845,Human Resources,,Full-Time,7.0,2020-12-12,1984-01-06,EMP00021,Dubai,61641.640625,GBP,2021-03-12,False,,KDFZNNRC2R,CC3900,FAIL — No nulls,PASS,PASS,PASS,FAIL — No nulls,PASS
EMP00594,Daniel Davis,daniel.davis11@company.com,daniel486@outlook.com,19114383984,Operations,Senior Engineer,Intern,3.0,2017-02-02,1990-05-10,EMP00006,Singapore,72152.5,USD,2017-05-03,True,,XL34CSPFAC,CC3497,PASS,PASS,PASS,PASS,FAIL — No nulls,PASS
EMP00595,Raj Smith,raj.smith3@company.com,raj672@gmail.com,9719263790590,Human Resources,Legal Counsel,Full-Time,2.0,2018-03-25,1975-09-23,EMP00035,Dubai,-120768.4765625,GBP,2018-06-23,True,,LQL76OUYTN,CC6169,PASS,PASS,PASS,FAIL — Non-negative,FAIL — No nulls,PASS
EMP00596,Wei Ahmed,wei.ahmed53@company.com,wei551@outlook.com,918895953630,Engineering,Tech Lead,Intern,7.0,2017-06-29,,EMP00033,Sydney,93413.078125,GBP,2017-09-27,True,,OKH5ZF96OH,CC9016,PASS,FAIL — No nulls,PASS,PASS,FAIL — No nulls,PASS
EMP00597,Emily Wang,emily.wang59@company.com,emily469@gmail.com,9716488074062,Operations,Senior Engineer,Full-Time,4.0,2020-11-02,1972-11-02,EMP00033,Sydney,143437.515625,INR,2021-01-31,False,,U7C9RTPBAL,CC6863,PASS,PASS,PASS,PASS,FAIL — No nulls,PASS
EMP00598,Aarav Khan,aarav.khan79@company.com,aarav385@yahoo.com,9718025938698,Legal,Legal Counsel,Full-Time,3.0,2021-05-04,1998-12-09,EMP00018,New York,37448.4296875,GBP,2021-08-02,True,,4G14BTZJTH,CC6195,PASS,PASS,PASS,PASS,FAIL — No nulls,PASS
EMP00599,Ahmed Al-Hassan,ahmed.al-hassan42@company.com,ahmed607@gmail.com,9719827408770,Legal,CFO,Part-Time,4.0,2021-05-09,1987-06-05,EMP00045,Mumbai,161195.3125,USD,2021-08-07,True,,ZN93WHWANA,CC7247,PASS,PASS,PASS,PASS,FAIL — No nulls,PASS
EMP00600,Priya Al-Hassan,priya.al-hassan45@company.com,priya690@outlook.com,18475443806,Finance,Operations Analyst,Contractor,7.0,2018-06-18,1999-07-08,EMP00011,London,135454.5625,GBP,2018-09-16,True,,64JHHHXAU8,CC3643,PASS,PASS,PASS,PASS,FAIL — No nulls,PASS
EMP00601,Vikram Brown,bad-email-no-at-sign,vikram894@yahoo.com,0,Sales,,Part-Time,7.0,2035-06-01,1981-03-06,,Dubai,3985564.25,AED,2020-07-16,False,,,CC8631,FAIL — No nulls,PASS,FAIL — No nulls,PASS,FAIL — No nulls,FAIL — No nulls
EMP00602,Liang Brown,liang.brown16@company.com,liang551@outlook.com,919789965299,Engineering,Product Manager,Intern,1.0,2024-01-02,1976-12-19,EMP00048,Singapore,40535.01171875,INR,2024-04-01,True,,F5AA9Q3XFY,CC9539,PASS,PASS,PASS,PASS,FAIL — No nulls,PASS
EMP00603,Fatima Khan,fatima.khan25@company.com,fatima662@outlook.com,918121687152,Engineering,Business Analyst,Contractor,1.0,2021-04-18,2000-03-12,EMP00032,Dubai,43824.4609375,INR,2021-07-17,True,,9522NY0J99,CC9451,PASS,PASS,PASS,PASS,FAIL — No nulls,PASS
EMP00604,Sarah Kumar,sarah.kumar17@company.com,sarah475@outlook.com,16234668074,Marketing,Senior Engineer,Part-Time,1.0,2018-03-01,1985-01-30,EMP00015,Dubai,99049.2734375,USD,2018-05-30,True,,4Y9RGMI0F6,CC4892,PASS,PASS,PASS,PASS,FAIL — No nulls,PASS
EMP00605,Vikram Ahmed,vikram.ahmed10@company.com,vikram807@gmail.com,446327939365,Finance,Business Analyst,Contractor,4.0,2023-07-15,1980-10-12,EMP00010,Mumbai,173799.109375,INR,2023-10-13,True,,WKLD1LYJNC,CC5222,PASS,PASS,PASS,PASS,FAIL — No nulls,PASS
EMP00606,Aarav Sharma,aarav.sharma20@company.com,aarav498@yahoo.com,9716407639777,Finance,Engineering Manager,Contractor,5.0,2022-07-30,1977-12-18,EMP00008,Singapore,-115998.21875,GBP,2022-10-28,False,,NMU8F75TU0,CC5461,PASS,PASS,PASS,FAIL — Non-negative,FAIL — No nulls,PASS
EMP00607,Daniel Singh,daniel.singh32@company.com,daniel849@outlook.com,919260410954,Operations,Product Manager,Full-Time,7.0,2023-03-27,1996-06-14,EMP00044,Toronto,68943.140625,USD,2023-06-25,True,,8CNWJYXRBV,CC1819,PASS,PASS,PASS,PASS,FAIL — No nulls,PASS
EMP00608,Emily Sharma,emily.sharma45@company.com,emily177@gmail.com,16291093221,Legal,HR Business Partner,Contractor,7.0,2024-06-15,1992-08-29,EMP00036,London,74726.53125,GBP,2024-09-13,True,,L3U7Z5ZTRS,CC9705,PASS,PASS,PASS,PASS,FAIL — No nulls,PASS
EMP00609,Aarav Johnson,aarav.johnson28@company.com,aarav696@yahoo.com,9719274862690,Finance,,Full-Time,3.0,2024-05-04,1981-04-24,EMP00043,Bengaluru,143233.28125,INR,2024-08-02,True,,SBUSTOJ6O1,CC7314,FAIL — No nulls,PASS,PASS,PASS,FAIL — No nulls,PASS
EMP00610,Fatima Smith,fatima.smith89@company.com,fatima428@gmail.com,19323366708,Engineering,CFO,Contractor,3.0,2023-09-19,1978-08-22,EMP00019,Toronto,112135.453125,AED,2023-12-18,False,,8UKBV263HI,CC9368,PASS,PASS,PASS,PASS,FAIL — No nulls,PASS
EMP00611,Raj Chen,raj.chen94@company.com,raj243@outlook.com,17804568635,Product,Data Analyst,Part-Time,2.0,2015-01-09,1976-02-01,EMP00007,Bengaluru,67206.671875,USD,2015-04-09,True,,26F5DP21JX,CC8786,PASS,PASS,PASS,PASS,FAIL — No nulls,PASS
EMP00612,Vikram Singh,vikram.singh17@company.com,vikram316@outlook.com,17702300298,Product,VP Marketing,Intern,6.0,2017-04-01,1994-07-26,EMP00048,Singapore,66696.8515625,AED,2017-06-30,False,,OQ49T3FSDP,CC9689,PASS,PASS,PASS,PASS,FAIL — No nulls,PASS
EMP00613,Sunita Smith,sunita.smith46@company.com,sunita269@yahoo.com,918918073093,Marketing,Data Analyst,Intern,7.0,2019-11-18,1995-07-22,EMP00002,Toronto,100435.4921875,AED,2020-02-16,True,,4Y23UPNZ3G,CC1531,PASS,PASS,PASS,PASS,FAIL — No nulls,PASS
EMP00614,Meera Chen,meera.chen93@company.com,meera136@yahoo.com,447536645232,Sales,Business Analyst,Full-Time,1.0,2015-12-15,1984-12-24,EMP00020,London,38975.48828125,INR,2016-03-14,False,,E67A276D10,CC5869,PASS,PASS,PASS,PASS,FAIL — No nulls,PASS
EMP00615,Sarah Kumar,sarah.kumar43@company.com,sarah631@yahoo.com,449836791628,Marketing,Finance Analyst,Intern,3.0,2021-12-24,1981-08-28,EMP00033,Sydney,147836.84375,AED,2022-03-24,False,,GQX97IHB44,CC2999,PASS,PASS,PASS,PASS,FAIL — No nulls,PASS
EMP00616,David Smith,david.smith47@company.com,david522@gmail.com,919958375104,Sales,Marketing Manager,Part-Time,4.0,2035-06-01,1970-09-05,EMP00003,Mumbai,174649.234375,AED,2021-02-09,True,,CNA445U68Z,CC1915,PASS,PASS,PASS,PASS,FAIL — No nulls,PASS
EMP00617,Omar Kumar,omar.kumar48@company.com,omar811@yahoo.com,447130893479,Legal,,Full-Time,1.0,2022-04-13,1999-08-16,EMP00049,Dubai,-85622.1328125,GBP,2022-07-12,True,,D9KU2DHPZ7,CC7666,FAIL — No nulls,PASS,PASS,FAIL — Non-negative,FAIL — No nulls,PASS
EMP00618,Karan Ahmed,karan.ahmed43@company.com,karan313@yahoo.com,448155054110,Finance,Engineering Manager,Full-Time,4.0,2023-12-30,1979-09-12,EMP00048,London,35475.91015625,USD,2024-03-29,True,,ADCQDGE1M3,CC6761,PASS,PASS,PASS,PASS,FAIL — No nulls,PASS
EMP00619,Raj Miller,raj.miller61@company.com,raj642@outlook.com,16795901697,Product,Marketing Manager,Intern,7.0,2023-06-13,1991-08-07,EMP00019,Toronto,76962.3828125,INR,2023-09-11,False,,02D5GP2WZJ,CC1104,PASS,PASS,PASS,PASS,FAIL — No nulls,PASS
EMP00620,Ahmed Al-Hassan,ahmed.al-hassan82@company.com,ahmed947@gmail.com,9719796637004,Engineering,Finance Analyst,Intern,8.0,2019-11-08,1985-06-04,EMP00002,New York,84712.28125,AED,2020-02-06,False,,XIH0LZTNUZ,CC1725,PASS,PASS,PASS,PASS,FAIL — No nulls,PASS
EMP00621,Omar Johnson,bad-email-no-at-sign,omar582@gmail.com,919452220601,Product,CFO,Contractor,3.0,2024-04-11,1997-08-14,EMP00031,London,73893.640625,GBP,2024-07-10,True,,KHQF0T3RA3,CC7803,PASS,PASS,PASS,PASS,FAIL — No nulls,PASS
EMP00622,Daniel Patel,daniel.patel4@company.com,daniel317@gmail.com,9719627280958,Product,Marketing Manager,Contractor,4.0,2019-09-21,1977-02-07,EMP00040,Bengaluru,99667.5234375,INR,2019-12-20,False,,1MC8ENRB4O,CC1125,PASS,PASS,PASS,PASS,FAIL — No nulls,PASS
EMP00623,Wei Miller,wei.miller93@company.com,wei377@outlook.com,19949655848,Sales,Operations Analyst,Full-Time,6.0,2015-07-29,1976-10-29,EMP00046,Singapore,38497.26953125,INR,2015-10-27,True,,4DRCVL4TV8,CC1750,PASS,PASS,PASS,PASS,FAIL — No nulls,PASS
EMP00624,Sneha Khan,sneha.khan22@company.com,sneha976@yahoo.com,19948877123,Finance,Director of Operations,Part-Time,7.0,2023-04-22,1999-10-28,EMP00018,Bengaluru,59153.46875,INR,2023-07-21,True,,AYXHLMUXKJ,CC7933,PASS,PASS,PASS,PASS,FAIL — No nulls,PASS
EMP00625,Ananya Smith,ananya.smith11@company.com,ananya485@outlook.com,18674976277,Legal,,Intern,3.0,2015-05-08,1987-10-01,EMP00017,Bengaluru,170586.9375,AED,2015-08-06,True,,XK2VRTD378,CC2869,FAIL — No nulls,PASS,PASS,PASS,FAIL — No nulls,PASS
EMP00626,Vikram Chen,vikram.chen66@company.com,vikram468@yahoo.com,17160289606,Product,Business Analyst,Contractor,2.0,2022-06-03,1978-11-16,,Mumbai,146567.046875,AED,2022-09-01,True,,N9DYN8CXOW,CC5890,PASS,PASS,FAIL — No nulls,PASS,FAIL — No nulls,PASS
EMP00627,Meera Sharma,meera.sharma96@company.com,meera480@yahoo.com,9718332498416,Operations,Finance Analyst,Full-Time,1.0,2021-03-11,1974-06-23,EMP00012,Dubai,172801.546875,INR,2021-06-09,True,,0YVSR5W3EZ,CC5133,PASS,PASS,PASS,PASS,FAIL — No nulls,PASS
EMP00628,Ashley Wang,ashley.wang87@company.com,ashley676@gmail.com,16508923153,Operations,Operations Analyst,Intern,4.0,2019-12-13,2000-04-16,EMP00017,Bengaluru,-116781.2890625,USD,2020-03-12,True,,1X8S1F8S1P,CC8831,PASS,PASS,PASS,FAIL — Non-negative,FAIL — No nulls,PASS
EMP00629,Emily Sharma,emily.sharma20@company.com,emily330@yahoo.com,18164587917,Sales,VP Marketing,Full-Time,8.0,2017-06-16,1981-06-06,EMP00001,London,84765.0,INR,2017-09-14,True,,4NUFXODCK8,CC3835,PASS,PASS,PASS,PASS,FAIL — No nulls,PASS
EMP00630,Vikram Patel,vikram.patel13@company.com,vikram816@yahoo.com,19576842067,Marketing,Software Engineer,Full-Time,2.0,2021-08-19,1991-08-19,EMP00047,Mumbai,177535.25,USD,2021-11-17,True,,KNP4P8W6W0,CC6443,PASS,PASS,PASS,PASS,FAIL — No nulls,PASS
EMP00631,Karan Brown,karan.brown65@company.com,karan164@gmail.com,17612624970,Engineering,Engineering Manager,Intern,8.0,2035-06-01,,EMP00014,Mumbai,3587756.0,USD,2022-10-07,True,,IT17L1XW5W,CC3604,PASS,FAIL — No nulls,PASS,PASS,FAIL — No nulls,PASS
EMP00632,Sarah Sharma,sarah.sharma15@company.com,sarah330@yahoo.com,448520364743,Product,Director of Operations,Intern,5.0,2018-10-17,1991-11-30,EMP00040,Dubai,174764.9375,GBP,2019-01-15,True,,REM915HXX9,CC8158,PASS,PASS,PASS,PASS,FAIL — No nulls,PASS
EMP00633,David Williams,david.williams99@company.com,david322@outlook.com,19622786245,Marketing,,Contractor,4.0,2017-02-10,1976-03-09,EMP00008,Bengaluru,60255.98046875,USD,2017-05-11,True,,NN9KGVJAG5,CC2452,FAIL — No nulls,PASS,PASS,PASS,FAIL — No nulls,PASS
EMP00634,Ahmed Smith,ahmed.smith60@company.com,ahmed987@yahoo.com,17797510737,Legal,Product Manager,Contractor,4.0,2015-05-23,1972-03-30,EMP00017,New York,96294.0078125,AED,2015-08-21,True,,ADENH0DII4,CC2077,PASS,PASS,PASS,PASS,FAIL — No nulls,PASS
EMP00635,Aarav Williams,aarav.williams60@company.com,aarav876@gmail.com,917448744048,Finance,Senior Engineer,Full-Time,1.0,2016-03-25,1990-03-04,EMP00039,London,169075.265625,GBP,2016-06-23,True,,M0IZ44JNY3,CC3378,PASS,PASS,PASS,PASS,FAIL — No nulls,PASS
EMP00636,Daniel Khan,daniel.khan66@company.com,daniel197@yahoo.com,9716100526986,Legal,Business Analyst,Intern,2.0,2020-01-22,1993-06-17,EMP00040,Bengaluru,95910.71875,INR,2020-04-21,True,,VGB19TUBHA,CC3531,PASS,PASS,PASS,PASS,FAIL — No nulls,PASS
EMP00637,Omar Miller,omar.miller19@company.com,omar279@outlook.com,918316211758,Marketing,Legal Counsel,Intern,2.0,2015-09-15,1979-05-22,EMP00021,Dubai,43150.08984375,INR,2015-12-14,True,,YNMN2Z81GK,CC4919,PASS,PASS,PASS,PASS,FAIL — No nulls,PASS
EMP00638,Daniel Sharma,daniel.sharma70@company.com,daniel576@gmail.com,9716028502245,Product,CFO,Part-Time,3.0,2024-03-15,1982-04-03,EMP00047,Bengaluru,70822.671875,USD,2024-06-13,True,,W6HUYZ9IP7,CC6818,PASS,PASS,PASS,PASS,FAIL — No nulls,PASS
EMP00639,Aarav Singh,aarav.singh51@company.com,aarav901@gmail.com,916360363730,Sales,CFO,Contractor,4.0,2018-01-29,1986-07-28,EMP00020,Dubai,-166113.84375,AED,2018-04-29,True,,NRSV9123A4,CC7244,PASS,PASS,PASS,FAIL — Non-negative,FAIL — No nulls,PASS
EMP00640,Ashley Patel,ashley.patel53@company.com,ashley109@outlook.com,447590458988,Operations,VP Marketing,Contractor,3.0,2016-04-18,1997-08-23,EMP00008,New York,91601.34375,USD,2016-07-17,False,,XZXYXSVCW7,CC1702,PASS,PASS,PASS,PASS,FAIL — No nulls,PASS
EMP00641,Vikram Singh,bad-email-no-at-sign,vikram346@gmail.com,446490620804,Product,,Contractor,1.0,2021-10-02,1992-03-02,EMP00046,Dubai,69713.7109375,USD,2021-12-31,True,,,CC4532,FAIL — No nulls,PASS,PASS,PASS,FAIL — No nulls,FAIL — No nulls
EMP00642,Emily Smith,emily.smith2@company.com,emily100@gmail.com,916015909190,Sales,Sales Executive,Part-Time,4.0,2023-11-03,1976-09-11,EMP00029,London,96113.46875,GBP,2024-02-01,True,,TBGN6I1Q66,CC9354,PASS,PASS,PASS,PASS,FAIL — No nulls,PASS
EMP00643,Meera Wang,meera.wang58@company.com,meera587@outlook.com,9718364139937,Sales,Data Scientist,Contractor,8.0,2019-02-28,1984-04-19,EMP00029,Sydney,36315.96875,GBP,2019-05-29,False,,9JVWVE2ARH,CC7830,PASS,PASS,PASS,PASS,FAIL — No nulls,PASS
EMP00644,Ashley Patel,ashley.patel4@company.com,ashley684@yahoo.com,17256629510,Operations,Data Scientist,Intern,2.0,2024-06-25,1977-05-09,EMP00012,Mumbai,124987.171875,INR,2024-09-23,True,,941WERCAWZ,CC6286,PASS,PASS,PASS,PASS,FAIL — No nulls,PASS
EMP00645,Fatima Khan,fatima.khan44@company.com,fatima889@outlook.com,9718233273033,Finance,HR Business Partner,Full-Time,3.0,2019-06-15,1982-04-17,EMP00002,London,158339.40625,AED,2019-09-13,True,,KENVUAW047,CC6555,PASS,PASS,PASS,PASS,FAIL — No nulls,PASS
EMP00646,Rohan Davis,rohan.davis61@company.com,rohan952@yahoo.com,917986242698,Legal,HR Business Partner,Part-Time,4.0,2035-06-01,1991-05-25,EMP00050,London,160406.546875,AED,2024-04-01,False,,4JKLX3ZEMA,CC9352,PASS,PASS,PASS,PASS,FAIL — No nulls,PASS
EMP00647,Karan Malik,karan.malik80@company.com,karan877@yahoo.com,9716474444404,Sales,Software Engineer,Full-Time,7.0,2015-08-24,1981-06-05,EMP00022,Bengaluru,129925.9609375,USD,2015-11-22,True,,JGRVO4WO4T,CC6362,PASS,PASS,PASS,PASS,FAIL — No nulls,PASS
EMP00648,James Smith,james.smith93@company.com,james326@yahoo.com,9719065210962,Engineering,Director of Operations,Contractor,7.0,2017-07-03,1992-07-22,EMP00012,Bengaluru,83340.7265625,INR,2017-10-01,True,,0QYZX8TLA9,CC6070,PASS,PASS,PASS,PASS,FAIL — No nulls,PASS
EMP00649,Vikram Patel,vikram.patel15@company.com,vikram182@outlook.com,918477755282,Human Resources,,Intern,3.0,2022-05-27,1982-10-13,EMP00016,Dubai,55846.01171875,AED,2022-08-25,False,,TXLR377UUD,CC8815,FAIL — No nulls,PASS,PASS,PASS,FAIL — No nulls,PASS
EMP00650,Raj Brown,raj.brown53@company.com,raj968@gmail.com,449397809905,Human Resources,Director of Operations,Contractor,3.0,2020-10-26,1974-03-22,EMP00030,Sydney,-87299.9609375,GBP,2021-01-24,False,,GU5DUT3P54,CC7655,PASS,PASS,PASS,FAIL — Non-negative,FAIL — No nulls,PASS
EMP00651,Fatima Wang,fatima.wang15@company.com,fatima634@yahoo.com,0,Marketing,Engineering Manager,Intern,7.0,2020-09-21,1999-06-01,,Toronto,123832.0,USD,2020-12-20,False,,M5F6Z4ZZVN,CC5500,PASS,PASS,FAIL — No nulls,PASS,FAIL — No nulls,PASS
EMP00652,Aarav Johnson,aarav.johnson85@company.com,aarav144@yahoo.com,9717943094782,Finance,CFO,Part-Time,4.0,2019-09-30,1997-04-26,EMP00025,Singapore,128340.84375,INR,2019-12-29,True,,X8299E5DPK,CC7724,PASS,PASS,PASS,PASS,FAIL — No nulls,PASS
EMP00653,Meera Ahmed,meera.ahmed16@company.com,meera415@gmail.com,9719700863751,Sales,Software Engineer,Contractor,8.0,2020-11-04,1996-07-30,EMP00014,Sydney,70779.4921875,GBP,2021-02-02,True,,N9DRIY4UBW,CC1131,PASS,PASS,PASS,PASS,FAIL — No nulls,PASS
EMP00654,Jessica Williams,jessica.williams97@company.com,jessica492@gmail.com,9718620030757,Human Resources,Senior Engineer,Part-Time,5.0,2021-08-10,1991-07-21,EMP00012,London,80896.78125,GBP,2021-11-08,True,,N7OY34N4SW,CC7204,PASS,PASS,PASS,PASS,FAIL — No nulls,PASS
EMP00655,Wei Miller,wei.miller88@company.com,wei900@gmail.com,917507324096,Legal,Director of Operations,Contractor,7.0,2017-05-06,2000-05-24,EMP00039,Bengaluru,148029.9375,INR,2017-08-04,True,,Z05NCIUKW9,CC8480,PASS,PASS,PASS,PASS,FAIL — No nulls,PASS
EMP00656,Sarah Sharma,sarah.sharma86@company.com,sarah234@outlook.com,449333022943,Legal,Engineering Manager,Part-Time,3.0,2015-04-12,1978-03-03,EMP00037,Sydney,42024.48046875,AED,2015-07-11,True,,KPHLQTZXKI,CC2234,PASS,PASS,PASS,PASS,FAIL — No nulls,PASS
EMP00657,Liang Kumar,liang.kumar97@company.com,liang133@yahoo.com,9718745233360,Operations,,Intern,4.0,2023-07-12,1974-06-25,EMP00029,Toronto,172309.359375,USD,2023-10-10,True,,ANZ8ZNQN7X,CC2251,FAIL — No nulls,PASS,PASS,PASS,FAIL — No nulls,PASS
EMP00658,Sunita Ahmed,sunita.ahmed19@company.com,sunita100@yahoo.com,9719835969877,Finance,VP Marketing,Contractor,7.0,2024-03-23,1980-03-17,EMP00022,Sydney,37526.1015625,USD,2024-06-21,True,,NSAP1J8NN6,CC3940,PASS,PASS,PASS,PASS,FAIL — No nulls,PASS
EMP00659,Jessica Singh,jessica.singh86@company.com,jessica223@gmail.com,916506474872,Operations,Tech Lead,Full-Time,2.0,2019-06-16,1993-06-15,EMP00029,Toronto,44628.75,GBP,2019-09-14,True,,EIVLXHBD92,CC3153,PASS,PASS,PASS,PASS,FAIL — No nulls,PASS
EMP00660,Karan Johnson,karan.johnson72@company.com,karan315@yahoo.com,918497637442,Legal,Business Analyst,Contractor,3.0,2015-10-09,1996-01-21,EMP00028,Sydney,90327.296875,INR,2016-01-07,True,,7TBVKHA8LC,CC2654,PASS,PASS,PASS,PASS,FAIL — No nulls,PASS
EMP00661,Aarav Smith,bad-email-no-at-sign,aarav886@yahoo.com,17197683399,Marketing,Finance Analyst,Full-Time,6.0,2035-06-01,1985-04-11,EMP00027,Sydney,3459200.25,USD,2023-11-06,True,,N0ZJZ2GA5T,CC9380,PASS,PASS,PASS,PASS,FAIL — No nulls,PASS
EMP00662,Priya Johnson,priya.johnson83@company.com,priya771@outlook.com,449236804920,Engineering,Account Manager,Full-Time,3.0,2019-10-09,1974-12-28,EMP00044,London,171820.90625,USD,2020-01-07,True,,R8ZM1DBQ3Z,CC3942,PASS,PASS,PASS,PASS,FAIL — No nulls,PASS
EMP00663,Sunita Ahmed,sunita.ahmed25@company.com,sunita518@yahoo.com,449242388150,Sales,Director of Operations,Part-Time,1.0,2015-09-04,1983-05-07,EMP00001,New York,114008.6328125,INR,2015-12-03,True,,8674B2TTQC,CC1918,PASS,PASS,PASS,PASS,FAIL — No nulls,PASS
EMP00664,Sneha Sharma,sneha.sharma74@company.com,sneha765@outlook.com,448122178911,Marketing,Software Engineer,Intern,5.0,2022-08-17,1982-11-02,EMP00020,Singapore,146435.546875,AED,2022-11-15,False,,44P0TQ1VFH,CC5417,PASS,PASS,PASS,PASS,FAIL — No nulls,PASS
EMP00665,Emily Wang,emily.wang56@company.com,emily342@yahoo.com,19723878727,Finance,,Full-Time,5.0,2015-03-22,1976-01-16,EMP00033,London,74428.8515625,USD,2015-06-20,True,,LYHLZIGY0F,CC8337,FAIL — No nulls,PASS,PASS,PASS,FAIL — No nulls,PASS
EMP00666,David Kumar,david.kumar97@company.com,david709@outlook.com,9719952484882,Finance,Data Scientist,Part-Time,8.0,2024-04-21,,EMP00029,Sydney,135600.546875,AED,2024-07-20,True,,DVGHYY88FM,CC3942,PASS,FAIL — No nulls,PASS,PASS,FAIL — No nulls,PASS
EMP00667,Michael Kumar,michael.kumar98@company.com,michael850@yahoo.com,448387879208,Product,Account Manager,Full-Time,3.0,2016-07-28,1992-07-25,EMP00041,New York,120273.2265625,GBP,2016-10-26,True,,JA5MOR0UXU,CC9814,PASS,PASS,PASS,PASS,FAIL — No nulls,PASS
EMP00668,Ahmed Johnson,ahmed.johnson6@company.com,ahmed660@gmail.com,449126819726,Product,Engineering Manager,Intern,4.0,2019-12-24,1993-10-25,EMP00011,Mumbai,37313.91015625,GBP,2020-03-23,True,,6CAM027OBO,CC2956,PASS,PASS,PASS,PASS,FAIL — No nulls,PASS
EMP00669,Aarav Davis,aarav.davis4@company.com,aarav647@yahoo.com,19657788128,Finance,Operations Analyst,Full-Time,2.0,2015-02-05,1983-05-10,EMP00033,Singapore,128015.3828125,AED,2015-05-06,True,,8Y8301443A,CC4101,PASS,PASS,PASS,PASS,FAIL — No nulls,PASS
EMP00670,Ashley Patel,ashley.patel70@company.com,ashley552@outlook.com,9716964544591,Operations,Business Analyst,Part-Time,1.0,2020-08-23,1997-03-02,EMP00028,Toronto,79898.203125,USD,2020-11-21,False,,QQIVY8KVVQ,CC3409,PASS,PASS,PASS,PASS,FAIL — No nulls,PASS
EMP00671,David Wang,david.wang89@company.com,david199@yahoo.com,19892270323,Finance,VP Marketing,Full-Time,4.0,2018-02-24,1984-09-08,EMP00026,London,68858.9609375,INR,2018-05-25,True,,G09AOUCGZK,CC4752,PASS,PASS,PASS,PASS,FAIL — No nulls,PASS
EMP00672,Vikram Kumar,vikram.kumar60@company.com,vikram470@yahoo.com,17170760243,Legal,HR Business Partner,Contractor,8.0,2021-03-06,1980-12-14,EMP00014,London,-122403.7421875,AED,2021-06-04,True,,QL14JQZ13J,CC3386,PASS,PASS,PASS,FAIL — Non-negative,FAIL — No nulls,PASS
EMP00673,Priya Chen,priya.chen33@company.com,priya239@outlook.com,447224685243,Operations,,Intern,6.0,2022-03-31,1982-04-07,EMP00009,Bengaluru,134433.125,USD,2022-06-29,False,,3Q9Y72WMDY,CC6489,FAIL — No nulls,PASS,PASS,PASS,FAIL — No nulls,PASS
EMP00674,David Wang,david.wang52@company.com,david588@gmail.com,918212585458,Human Resources,Senior Engineer,Intern,8.0,2024-03-29,1983-12-02,EMP00012,Bengaluru,82256.8671875,USD,2024-06-27,True,,98J5U41XB1,CC8153,PASS,PASS,PASS,PASS,FAIL — No nulls,PASS
EMP00675,Wei Khan,wei.khan96@company.com,wei766@outlook.com,16674155313,Marketing,VP Marketing,Part-Time,1.0,2023-04-30,1994-05-08,EMP00010,New York,164151.015625,USD,2023-07-29,True,,ARM65GK5DX,CC6872,PASS,PASS,PASS,PASS,FAIL — No nulls,PASS
EMP00676,Mohammed Davis,mohammed.davis33@company.com,mohammed174@gmail.com,448304866713,Sales,Account Manager,Intern,5.0,2035-06-01,1970-02-21,,Toronto,124439.171875,AED,2018-10-19,True,,KIC0DGWL5D,CC3430,PASS,PASS,FAIL — No nulls,PASS,FAIL — No nulls,PASS
EMP00677,Emily Williams,emily.williams63@company.com,emily101@yahoo.com,447578047003,Sales,CFO,Full-Time,4.0,2020-06-29,1997-05-05,EMP00024,Singapore,130135.0390625,GBP,2020-09-27,True,,FFGMLTXWN0,CC6898,PASS,PASS,PASS,PASS,FAIL — No nulls,PASS
EMP00678,Aarav Chen,aarav.chen22@company.com,aarav886@yahoo.com,919650426385,Engineering,Data Scientist,Full-Time,8.0,2017-10-16,1998-04-28,EMP00034,New York,70901.859375,AED,2018-01-14,True,,L1MMC6AC92,CC2348,PASS,PASS,PASS,PASS,FAIL — No nulls,PASS
EMP00679,Sarah Ahmed,sarah.ahmed85@company.com,sarah183@gmail.com,919121461008,Legal,Director of Operations,Intern,1.0,2019-09-26,1983-12-27,EMP00010,Toronto,118046.0703125,INR,2019-12-25,True,,1FGZ9QVIK7,CC5828,PASS,PASS,PASS,PASS,FAIL — No nulls,PASS
EMP00680,Ahmed Williams,ahmed.williams7@company.com,ahmed681@gmail.com,446279606981,Legal,Operations Analyst,Full-Time,1.0,2021-07-15,1978-04-17,EMP00041,Bengaluru,89619.59375,INR,2021-10-13,True,,ESXPLV6ZX0,CC4329,PASS,PASS,PASS,PASS,FAIL — No nulls,PASS
EMP00681,Liang Wang,bad-email-no-at-sign,liang245@outlook.com,919460102654,Legal,,Full-Time,4.0,2021-06-27,1981-09-23,EMP00014,London,127389.7890625,INR,2021-09-25,True,,,CC3316,FAIL — No nulls,PASS,PASS,PASS,FAIL — No nulls,FAIL — No nulls
EMP00682,James Brown,james.brown47@company.com,james896@yahoo.com,449241174221,Engineering,Product Manager,Part-Time,3.0,2017-07-20,1988-07-23,EMP00020,Sydney,80736.0625,USD,2017-10-18,True,,NGDQCO3OOJ,CC3575,PASS,PASS,PASS,PASS,FAIL — No nulls,PASS
EMP00683,Aarav Williams,aarav.williams91@company.com,aarav509@outlook.com,916648962186,Product,Data Scientist,Contractor,2.0,2020-07-24,1974-11-24,EMP00028,Dubai,-118968.6328125,INR,2020-10-22,False,,96S8XC7X9M,CC3893,PASS,PASS,PASS,FAIL — Non-negative,FAIL — No nulls,PASS
EMP00684,Rohan Patel,rohan.patel88@company.com,rohan553@gmail.com,917630333767,Human Resources,Director of Operations,Part-Time,5.0,2018-04-27,1984-01-27,EMP00018,Toronto,67602.5,AED,2018-07-26,True,,FY6V5QCTBT,CC1963,PASS,PASS,PASS,PASS,FAIL — No nulls,PASS
EMP00685,Raj Singh,raj.singh37@company.com,raj712@yahoo.com,919591424046,Sales,Tech Lead,Intern,3.0,2021-09-03,1973-12-10,EMP00008,Singapore,49887.3203125,GBP,2021-12-02,True,,WX4X69E4FV,CC5180,PASS,PASS,PASS,PASS,FAIL — No nulls,PASS
EMP00686,Ahmed Ahmed,ahmed.ahmed11@company.com,ahmed556@outlook.com,916647415849,Product,Marketing Manager,Full-Time,3.0,2019-12-16,1992-10-25,EMP00001,Toronto,154761.453125,INR,2020-03-15,True,,IJ2R00OP2X,CC9579,PASS,PASS,PASS,PASS,FAIL — No nulls,PASS
EMP00687,Wei Brown,wei.brown63@company.com,wei936@yahoo.com,449774641978,Human Resources,CFO,Intern,4.0,2015-06-26,1985-01-09,EMP00033,Singapore,55262.078125,INR,2015-09-24,True,,GQAHW8B4PV,CC5738,PASS,PASS,PASS,PASS,FAIL — No nulls,PASS
EMP00688,Jessica Al-Hassan,jessica.al-hassan77@company.com,jessica457@outlook.com,9718518675916,Marketing,Marketing Manager,Full-Time,6.0,2018-04-06,1970-08-08,EMP00014,London,60369.3984375,AED,2018-07-05,True,,0FPPEKN6I2,CC8543,PASS,PASS,PASS,PASS,FAIL — No nulls,PASS
EMP00689,Jessica Miller,jessica.miller67@company.com,jessica244@outlook.com,917669055053,Sales,,Full-Time,1.0,2017-03-03,1997-06-23,EMP00008,London,174706.125,USD,2017-06-01,True,,K0KJYDY1ZW,CC1906,FAIL — No nulls,PASS,PASS,PASS,FAIL — No nulls,PASS
EMP00690,Omar Al-Hassan,omar.al-hassan69@company.com,omar541@outlook.com,9718858860076,Human Resources,Senior Engineer,Full-Time,1.0,2019-05-05,1976-06-03,EMP00014,Singapore,105937.453125,AED,2019-08-03,True,,PN31D5KD9I,CC4103,PASS,PASS,PASS,PASS,FAIL — No nulls,PASS
EMP00691,Sneha Malik,sneha.malik44@company.com,sneha452@yahoo.com,449065134676,Engineering,Software Engineer,Part-Time,7.0,2035-06-01,1973-03-08,EMP00050,Toronto,3791840.5,AED,2023-05-12,True,,AMAE73Z5GS,CC6119,PASS,PASS,PASS,PASS,FAIL — No nulls,PASS
EMP00692,James Miller,james.miller86@company.com,james190@yahoo.com,919262132607,Engineering,Business Analyst,Full-Time,2.0,2021-08-17,1997-04-20,EMP00012,Toronto,48110.0390625,USD,2021-11-15,True,,XU8PG4BLKF,CC1986,PASS,PASS,PASS,PASS,FAIL — No nulls,PASS
EMP00693,Liang Khan,liang.khan8@company.com,liang937@outlook.com,9717803296646,Marketing,Tech Lead,Intern,8.0,2016-07-18,1980-01-11,EMP00046,London,52632.01953125,GBP,2016-10-16,True,,NSYFHK8TND,CC5645,PASS,PASS,PASS,PASS,FAIL — No nulls,PASS
EMP00694,Daniel Patel,daniel.patel9@company.com,daniel427@yahoo.com,917816953911,Sales,Data Analyst,Contractor,6.0,2018-08-30,1993-12-05,EMP00020,Mumbai,-175593.140625,INR,2018-11-28,True,,LT45J4U82I,CC1204,PASS,PASS,PASS,FAIL — Non-negative,FAIL — No nulls,PASS
EMP00695,David Singh,david.singh25@company.com,david576@yahoo.com,19405849799,Finance,CFO,Part-Time,5.0,2020-08-25,1984-02-15,EMP00032,New York,76410.90625,AED,2020-11-23,True,,OKX5YQEIEE,CC9934,PASS,PASS,PASS,PASS,FAIL — No nulls,PASS
EMP00696,Karan Chen,karan.chen14@company.com,karan342@gmail.com,9718072017904,Finance,Account Manager,Full-Time,6.0,2023-05-03,1993-02-06,EMP00016,Mumbai,40971.78125,INR,2023-08-01,True,,3SN2UKCQ2J,CC3877,PASS,PASS,PASS,PASS,FAIL — No nulls,PASS
EMP00697,Liang Davis,liang.davis1@company.com,liang674@outlook.com,18330833844,Operations,,Part-Time,8.0,2017-08-15,1992-12-11,EMP00039,Toronto,40933.87890625,INR,2017-11-13,False,,2R1XTIN52G,CC9438,FAIL — No nulls,PASS,PASS,PASS,FAIL — No nulls,PASS
EMP00698,Karan Davis,karan.davis8@company.com,karan872@gmail.com,17266220133,Human Resources,Sales Executive,Intern,3.0,2024-05-26,1986-02-04,EMP00007,Mumbai,142550.015625,GBP,2024-08-24,True,,8XLX2YFWMY,CC5050,PASS,PASS,PASS,PASS,FAIL — No nulls,PASS
EMP00699,Fatima Chen,fatima.chen16@company.com,fatima481@yahoo.com,9719040514938,Engineering,Data Scientist,Full-Time,6.0,2015-08-08,1998-04-25,EMP00025,Singapore,93626.53125,USD,2015-11-06,True,,A2CT8V5PWW,CC3395,PASS,PASS,PASS,PASS,FAIL — No nulls,PASS
EMP00700,Wei Miller,wei.miller69@company.com,wei932@gmail.com,916233859833,Operations,Business Analyst,Full-Time,4.0,2017-10-18,1995-11-08,EMP00048,Mumbai,150234.125,AED,2018-01-16,True,,UBH3TTWRX7,CC2938,PASS,PASS,PASS,PASS,FAIL — No nulls,PASS
EMP00701,Ananya Ahmed,bad-email-no-at-sign,ananya814@outlook.com,0,Sales,Operations Analyst,Intern,1.0,2021-06-17,,,Singapore,64582.9609375,AED,2021-09-15,True,,V0OWHH5TZU,CC5585,PASS,FAIL — No nulls,FAIL — No nulls,PASS,FAIL — No nulls,PASS
EMP00702,Liang Sharma,liang.sharma76@company.com,liang862@gmail.com,9718236838053,Engineering,Account Manager,Part-Time,4.0,2020-08-30,1979-03-16,EMP00012,Toronto,132272.0,USD,2020-11-28,False,,BE3TF9FGP3,CC5063,PASS,PASS,PASS,PASS,FAIL — No nulls,PASS
EMP00703,Raj Chen,raj.chen2@company.com,raj665@outlook.com,448095388441,Human Resources,Data Scientist,Part-Time,5.0,2017-03-14,1974-02-24,EMP00020,New York,171326.3125,GBP,2017-06-12,True,,9J5PKTZU87,CC1030,PASS,PASS,PASS,PASS,FAIL — No nulls,PASS
EMP00704,Daniel Brown,daniel.brown55@company.com,daniel838@outlook.com,9718142420073,Sales,Data Scientist,Part-Time,7.0,2021-09-09,1990-04-20,EMP00015,London,115769.109375,GBP,2021-12-08,True,,MJ45IHFK44,CC8773,PASS,PASS,PASS,PASS,FAIL — No nulls,PASS
EMP00705,Ananya Brown,ananya.brown61@company.com,ananya330@gmail.com,918764609767,Product,,Contractor,5.0,2020-04-04,1993-04-12,EMP00048,Dubai,-131438.046875,AED,2020-07-03,False,,I134H5QIYL,CC2692,FAIL — No nulls,PASS,PASS,FAIL — Non-negative,FAIL — No nulls,PASS
EMP00706,Mohammed Smith,mohammed.smith48@company.com,mohammed760@gmail.com,918380237450,Marketing,Business Analyst,Full-Time,4.0,2035-06-01,1992-05-17,EMP00015,Toronto,155823.890625,INR,2021-09-27,True,,XPWX61OLRP,CC6422,PASS,PASS,PASS,PASS,FAIL — No nulls,PASS
EMP00707,Omar Miller,omar.miller35@company.com,omar166@gmail.com,9717417353096,Sales,Data Scientist,Part-Time,7.0,2023-12-12,1972-02-25,EMP00012,New York,74258.046875,GBP,2024-03-11,True,,UXOZ0B3E2B,CC6370,PASS,PASS,PASS,PASS,FAIL — No nulls,PASS
EMP00708,Karan Wang,karan.wang1@company.com,karan875@gmail.com,449186218169,Legal,VP Marketing,Intern,7.0,2020-11-23,1980-06-29,EMP00015,Bengaluru,52206.0,AED,2021-02-21,True,,WAOOLC0ZRI,CC9083,PASS,PASS,PASS,PASS,FAIL — No nulls,PASS
EMP00709,Meera Ahmed,meera.ahmed65@company.com,meera646@outlook.com,446378456455,Sales,HR Business Partner,Full-Time,4.0,2018-11-24,1982-10-14,EMP00036,Sydney,177384.703125,GBP,2019-02-22,True,,J98JBNKR5F,CC4428,PASS,PASS,PASS,PASS,FAIL — No nulls,PASS
EMP00710,Daniel Patel,daniel.patel11@company.com,daniel861@outlook.com,17370316417,Finance,Tech Lead,Part-Time,2.0,2022-05-31,1988-03-27,EMP00036,Bengaluru,45293.2890625,INR,2022-08-29,True,,96GELIHZCW,CC8144,PASS,PASS,PASS,PASS,FAIL — No nulls,PASS
EMP00711,Emily Williams,emily.williams66@company.com,emily420@gmail.com,9717551921835,Product,Finance Analyst,Full-Time,2.0,2018-03-02,1984-11-25,EMP00033,Toronto,168798.625,USD,2018-05-31,True,,RNUH6DV6M5,CC9854,PASS,PASS,PASS,PASS,FAIL — No nulls,PASS
EMP00712,Mohammed Sharma,mohammed.sharma23@company.com,mohammed912@yahoo.com,917468727463,Engineering,Data Analyst,Full-Time,4.0,2019-12-21,1978-09-26,EMP00002,New York,152258.109375,AED,2020-03-20,False,,JFEE2WO1ZV,CC9121,PASS,PASS,PASS,PASS,FAIL — No nulls,PASS
EMP00713,Jessica Chen,jessica.chen78@company.com,jessica567@gmail.com,9718510752134,Engineering,,Contractor,3.0,2019-06-01,1990-12-05,EMP00038,Singapore,80741.84375,GBP,2019-08-30,True,,6B92LY20CB,CC6865,FAIL — No nulls,PASS,PASS,PASS,FAIL — No nulls,PASS
EMP00714,Vikram Miller,vikram.miller11@company.com,vikram656@gmail.com,18816077935,Finance,Engineering Manager,Intern,7.0,2015-02-13,1999-04-17,EMP00009,Sydney,82957.6796875,GBP,2015-05-14,False,,L8ISW09EIX,CC1511,PASS,PASS,PASS,PASS,FAIL — No nulls,PASS
EMP00715,James Johnson,james.johnson54@company.com,james968@outlook.com,9717945667844,Operations,Product Manager,Full-Time,7.0,2024-02-07,1972-10-26,EMP00029,Singapore,60058.28125,AED,2024-05-07,False,,MIQZ3TCKQO,CC7825,PASS,PASS,PASS,PASS,FAIL — No nulls,PASS
EMP00716,Raj Ahmed,raj.ahmed45@company.com,raj797@gmail.com,449869624723,Human Resources,Legal Counsel,Full-Time,7.0,2016-01-25,1993-09-13,EMP00035,New York,-149851.640625,INR,2016-04-24,True,,016AN8IC1I,CC5805,PASS,PASS,PASS,FAIL — Non-negative,FAIL — No nulls,PASS
EMP00717,Wei Ahmed,wei.ahmed95@company.com,wei340@gmail.com,16619325316,Product,Senior Engineer,Part-Time,3.0,2015-10-12,1971-01-12,EMP00036,Bengaluru,102988.6484375,GBP,2016-01-10,False,,9AY68KFKPT,CC8685,PASS,PASS,PASS,PASS,FAIL — No nulls,PASS
EMP00718,Ahmed Johnson,ahmed.johnson68@company.com,ahmed818@outlook.com,919258237129,Human Resources,Data Scientist,Contractor,8.0,2023-12-12,1993-12-08,EMP00044,Toronto,42955.30859375,INR,2024-03-11,True,,UJ1UFH2ZKJ,CC3068,PASS,PASS,PASS,PASS,FAIL — No nulls,PASS
EMP00719,Michael Miller,michael.miller55@company.com,michael836@outlook.com,449117573878,Operations,Engineering Manager,Intern,2.0,2016-09-26,1984-01-03,EMP00001,Sydney,156168.65625,AED,2016-12-25,True,,XXFGNO8TIU,CC7334,PASS,PASS,PASS,PASS,FAIL — No nulls,PASS
EMP00720,Fatima Khan,fatima.khan11@company.com,fatima198@gmail.com,9719196193546,Product,Sales Executive,Full-Time,2.0,2024-03-21,1989-06-06,EMP00020,Sydney,78907.703125,USD,2024-06-19,True,,FXBB9PDUNH,CC7116,PASS,PASS,PASS,PASS,FAIL — No nulls,PASS
EMP00721,Emily Singh,bad-email-no-at-sign,emily351@outlook.com,9717328451322,Operations,,Full-Time,5.0,2035-06-01,1983-04-06,EMP00021,Mumbai,3550140.5,GBP,2020-01-20,True,,,CC4106,FAIL — No nulls,PASS,PASS,PASS,FAIL — No nulls,FAIL — No nulls
EMP00722,Sneha Johnson,sneha.johnson88@company.com,sneha346@gmail.com,917325556062,Sales,HR Manager,Contractor,3.0,2016-09-15,1988-01-11,EMP00005,Dubai,101000.296875,GBP,2016-12-14,True,,SY3XR9AUPQ,CC2878,PASS,PASS,PASS,PASS,FAIL — No nulls,PASS
EMP00723,Sarah Brown,sarah.brown39@company.com,sarah113@yahoo.com,9717693932391,Marketing,Data Scientist,Part-Time,4.0,2020-05-31,1998-01-27,EMP00014,Singapore,127704.2421875,USD,2020-08-29,True,,JHK03DU9LU,CC3703,PASS,PASS,PASS,PASS,FAIL — No nulls,PASS
EMP00724,David Sharma,david.sharma41@company.com,david713@gmail.com,918505293557,Legal,Data Analyst,Intern,7.0,2015-02-08,1977-09-02,EMP00043,Dubai,156852.953125,INR,2015-05-09,True,,GAQMEYPWLX,CC1718,PASS,PASS,PASS,PASS,FAIL — No nulls,PASS
EMP00725,Sarah Chen,sarah.chen89@company.com,sarah783@yahoo.com,17663449386,Marketing,Senior Engineer,Intern,2.0,2017-09-11,1974-08-17,EMP00041,Dubai,105120.78125,INR,2017-12-10,True,,OZW2RM8WGM,CC7047,PASS,PASS,PASS,PASS,FAIL — No nulls,PASS
EMP00726,Raj Khan,raj.khan1@company.com,raj582@yahoo.com,916395229608,Marketing,HR Business Partner,Part-Time,5.0,2015-07-26,1977-03-30,,Sydney,103973.046875,GBP,2015-10-24,True,,1A45J0LGFM,CC7282,PASS,PASS,FAIL — No nulls,PASS,FAIL — No nulls,PASS
EMP00727,Omar Singh,omar.singh61@company.com,omar450@yahoo.com,19568389958,Finance,VP Marketing,Full-Time,6.0,2015-03-15,1996-07-19,EMP00019,Mumbai,-146756.265625,USD,2015-06-13,False,,WQ7BKPSD3V,CC2299,PASS,PASS,PASS,FAIL — Non-negative,FAIL — No nulls,PASS
EMP00728,Ananya Ahmed,ananya.ahmed40@company.com,ananya481@yahoo.com,9719396094554,Operations,Director of Operations,Part-Time,1.0,2017-10-10,1979-09-04,EMP00007,Dubai,80111.2109375,INR,2018-01-08,True,,5W16IGSE4Z,CC2242,PASS,PASS,PASS,PASS,FAIL — No nulls,PASS
EMP00729,Daniel Miller,daniel.miller70@company.com,daniel101@outlook.com,918642173025,Human Resources,,Intern,2.0,2024-01-03,2000-02-10,EMP00025,Dubai,167133.203125,GBP,2024-04-02,True,,NUWGJ1A4JV,CC1948,FAIL — No nulls,PASS,PASS,PASS,FAIL — No nulls,PASS
EMP00730,Omar Sharma,omar.sharma1@company.com,omar225@yahoo.com,17468943015,Human Resources,Product Manager,Intern,2.0,2023-09-03,1978-08-27,EMP00039,Sydney,153377.453125,USD,2023-12-02,False,,55BDB8XD5F,CC9000,PASS,PASS,PASS,PASS,FAIL — No nulls,PASS
EMP00731,Mohammed Singh,mohammed.singh27@company.com,mohammed250@yahoo.com,18658405614,Sales,HR Business Partner,Contractor,5.0,2015-02-17,1992-04-17,EMP00003,Sydney,121911.828125,INR,2015-05-18,True,,11I9QFF3E5,CC4266,PASS,PASS,PASS,PASS,FAIL — No nulls,PASS
EMP00732,Rohan Miller,rohan.miller78@company.com,rohan322@outlook.com,18623359645,Legal,Operations Analyst,Intern,5.0,2018-07-03,1977-04-19,EMP00016,Toronto,109120.0390625,AED,2018-10-01,False,,EPAG1HQ0C1,CC2828,PASS,PASS,PASS,PASS,FAIL — No nulls,PASS
EMP00733,Mohammed Kumar,mohammed.kumar62@company.com,mohammed880@outlook.com,919030704771,Marketing,Senior Engineer,Contractor,2.0,2016-02-27,1972-05-06,EMP00025,Sydney,55712.3515625,GBP,2016-05-27,True,,HJ6SQ1UUQV,CC6425,PASS,PASS,PASS,PASS,FAIL — No nulls,PASS
EMP00734,Emily Patel,emily.patel12@company.com,emily453@gmail.com,9719007312869,Operations,HR Manager,Full-Time,6.0,2023-11-11,1976-10-29,EMP00009,Singapore,157359.609375,USD,2024-02-09,True,,0O4OB1UY3X,CC8885,PASS,PASS,PASS,PASS,FAIL — No nulls,PASS
EMP00735,Liang Wang,liang.wang32@company.com,liang612@gmail.com,17496807492,Marketing,Senior Engineer,Contractor,1.0,2020-05-01,1975-09-26,EMP00016,Singapore,36071.328125,AED,2020-07-30,True,,VQS4UTPGVP,CC4921,PASS,PASS,PASS,PASS,FAIL — No nulls,PASS
EMP00736,Sunita Kumar,sunita.kumar78@company.com,sunita735@outlook.com,18832271775,Sales,Data Scientist,Contractor,2.0,2035-06-01,,EMP00027,Dubai,109514.0703125,INR,2015-12-23,True,,ZT74C8FLXJ,CC5164,PASS,FAIL — No nulls,PASS,PASS,FAIL — No nulls,PASS
EMP00737,Michael Khan,michael.khan45@company.com,michael268@gmail.com,449284019241,Engineering,,Full-Time,4.0,2015-04-02,1984-09-07,EMP00027,Singapore,97809.1171875,INR,2015-07-01,True,,DI0A70OHUQ,CC3065,FAIL — No nulls,PASS,PASS,PASS,FAIL — No nulls,PASS
EMP00738,Wei Kumar,wei.kumar58@company.com,wei861@yahoo.com,9719060168361,Finance,Finance Analyst,Contractor,6.0,2015-10-28,1975-06-12,EMP00049,Mumbai,-57632.9296875,INR,2016-01-26,True,,0A4DTMCS4J,CC7304,PASS,PASS,PASS,FAIL — Non-negative,FAIL — No nulls,PASS
EMP00739,Sunita Brown,sunita.brown77@company.com,sunita295@yahoo.com,447522681185,Product,Marketing Manager,Intern,2.0,2018-07-23,1982-03-29,EMP00006,Singapore,132693.984375,GBP,2018-10-21,True,,8J190VX7VW,CC3316,PASS,PASS,PASS,PASS,FAIL — No nulls,PASS
EMP00740,Ahmed Singh,ahmed.singh7@company.com,ahmed617@gmail.com,916701493758,Operations,Sales Executive,Contractor,7.0,2018-06-13,1993-02-22,EMP00013,Sydney,40320.44140625,USD,2018-09-11,True,,414FDUBL1N,CC3773,PASS,PASS,PASS,PASS,FAIL — No nulls,PASS
EMP00741,Ashley Brown,bad-email-no-at-sign,ashley101@yahoo.com,19240214955,Product,Business Analyst,Part-Time,5.0,2024-04-15,1999-12-07,EMP00017,Dubai,176784.546875,USD,2024-07-14,True,,I2PJQ1TUUJ,CC2678,PASS,PASS,PASS,PASS,FAIL — No nulls,PASS
EMP00742,Karan Johnson,karan.johnson8@company.com,karan960@gmail.com,18430182518,Operations,VP Marketing,Intern,8.0,2018-08-22,1998-09-21,EMP00042,London,74355.5078125,GBP,2018-11-20,True,,PD6E1JZY8F,CC2169,PASS,PASS,PASS,PASS,FAIL — No nulls,PASS
EMP00743,Rohan Malik,rohan.malik38@company.com,rohan499@yahoo.com,448728954910,Product,Product Manager,Intern,4.0,2016-11-14,1996-09-27,EMP00003,Bengaluru,173607.859375,GBP,2017-02-12,True,,NV8QVMXDJ7,CC5972,PASS,PASS,PASS,PASS,FAIL — No nulls,PASS
EMP00744,Jessica Brown,jessica.brown46@company.com,jessica556@outlook.com,916530542813,Marketing,Senior Engineer,Contractor,1.0,2024-01-28,1983-05-21,EMP00037,New York,171152.03125,INR,2024-04-27,True,,KYLVH87X6B,CC6453,PASS,PASS,PASS,PASS,FAIL — No nulls,PASS
EMP00745,Mohammed Wang,mohammed.wang2@company.com,mohammed911@yahoo.com,918022498651,Finance,,Part-Time,8.0,2021-12-23,1977-10-16,EMP00023,New York,137045.859375,USD,2022-03-23,True,,M5GRBM89Z2,CC5090,FAIL — No nulls,PASS,PASS,PASS,FAIL — No nulls,PASS
EMP00746,Meera Ahmed,meera.ahmed55@company.com,meera385@outlook.com,18630986163,Sales,Account Manager,Intern,4.0,2023-08-08,1976-11-14,EMP00023,New York,111205.9609375,USD,2023-11-06,True,,637AHVT5EA,CC5117,PASS,PASS,PASS,PASS,FAIL — No nulls,PASS
EMP00747,Liang Ahmed,liang.ahmed14@company.com,liang880@yahoo.com,919226326046,Legal,Marketing Manager,Contractor,4.0,2023-05-14,1998-10-26,EMP00018,Mumbai,133476.84375,GBP,2023-08-12,True,,1LPGNRVQJ3,CC9445,PASS,PASS,PASS,PASS,FAIL — No nulls,PASS
EMP00748,Sneha Williams,sneha.williams43@company.com,sneha156@yahoo.com,19063037498,Human Resources,Software Engineer,Part-Time,6.0,2024-06-21,2000-03-20,EMP00009,Dubai,81873.5390625,GBP,2024-09-19,True,,ZDYDYZ6V4X,CC8053,PASS,PASS,PASS,PASS,FAIL — No nulls,PASS
EMP00749,Raj Khan,raj.khan18@company.com,raj331@yahoo.com,917358873042,Human Resources,HR Manager,Full-Time,1.0,2017-05-04,1983-05-17,EMP00013,Dubai,-122751.390625,AED,2017-08-02,True,,JTMSD6VIAQ,CC9644,PASS,PASS,PASS,FAIL — Non-negative,FAIL — No nulls,PASS
EMP00750,Michael Johnson,michael.johnson7@company.com,michael358@gmail.com,9716929449145,Engineering,HR Manager,Part-Time,3.0,2023-02-05,1982-09-18,EMP00011,Mumbai,120507.1875,AED,2023-05-06,True,,EXHA9T67LU,CC3604,PASS,PASS,PASS,PASS,FAIL — No nulls,PASS
EMP00751,Vikram Khan,vikram.khan22@company.com,vikram632@outlook.com,0,Product,Operations Analyst,Intern,3.0,2035-06-01,1998-02-05,,Sydney,2038235.5,USD,2021-04-21,False,,2EIO1B6FCJ,CC3396,PASS,PASS,FAIL — No nulls,PASS,FAIL — No nulls,PASS
EMP00752,Rohan Williams,rohan.williams49@company.com,rohan138@gmail.com,9716984027333,Legal,Legal Counsel,Full-Time,2.0,2015-03-20,1988-07-07,EMP00008,Mumbai,128745.0703125,INR,2015-06-18,True,,N2Q9Q6Q0QC,CC4229,PASS,PASS,PASS,PASS,FAIL — No nulls,PASS
EMP00753,Omar Williams,omar.williams12@company.com,omar441@outlook.com,918580343386,Engineering,,Intern,8.0,2017-07-08,1971-01-12,EMP00004,Bengaluru,59515.828125,INR,2017-10-06,True,,YG4KBI7JAB,CC2356,FAIL — No nulls,PASS,PASS,PASS,FAIL — No nulls,PASS
EMP00754,Fatima Malik,fatima.malik87@company.com,fatima802@gmail.com,918012022918,Sales,Data Analyst,Intern,8.0,2017-06-17,1988-04-21,EMP00019,Sydney,106156.3515625,AED,2017-09-15,False,,8QHNU464IY,CC5382,PASS,PASS,PASS,PASS,FAIL — No nulls,PASS
EMP00755,Aarav Smith,aarav.smith98@company.com,aarav375@yahoo.com,9719389577965,Engineering,Tech Lead,Full-Time,1.0,2018-05-22,1994-04-12,EMP00003,Sydney,45110.19921875,GBP,2018-08-20,True,,LMGGRE5483,CC6424,PASS,PASS,PASS,PASS,FAIL — No nulls,PASS
EMP00756,Ashley Al-Hassan,ashley.al-hassan51@company.com,ashley675@gmail.com,16744491783,Sales,HR Business Partner,Full-Time,2.0,2017-02-25,1981-03-15,EMP00034,London,54159.30078125,USD,2017-05-26,False,,YQ9BX4J073,CC4986,PASS,PASS,PASS,PASS,FAIL — No nulls,PASS
EMP00757,Aarav Brown,aarav.brown28@company.com,aarav411@outlook.com,448639326854,Legal,Data Analyst,Contractor,1.0,2022-04-09,1973-06-18,EMP00007,New York,41633.0390625,GBP,2022-07-08,True,,29F11N03G8,CC2971,PASS,PASS,PASS,PASS,FAIL — No nulls,PASS
EMP00758,Karan Wang,karan.wang32@company.com,karan371@outlook.com,9719802340629,Engineering,Product Manager,Contractor,8.0,2017-08-08,1971-07-25,EMP00022,London,154795.671875,GBP,2017-11-06,True,,R6SAOKX6WO,CC8250,PASS,PASS,PASS,PASS,FAIL — No nulls,PASS
EMP00759,Ananya Davis,ananya.davis64@company.com,ananya422@gmail.com,447399150496,Marketing,Tech Lead,Contractor,5.0,2017-10-06,1997-03-31,EMP00028,Singapore,63225.6015625,USD,2018-01-04,True,,NJWDRMMWG1,CC8492,PASS,PASS,PASS,PASS,FAIL — No nulls,PASS
EMP00760,Fatima Sharma,fatima.sharma19@company.com,fatima318@yahoo.com,18903365917,Sales,Legal Counsel,Intern,6.0,2023-10-22,1991-01-20,EMP00005,Bengaluru,-90681.9375,AED,2024-01-20,False,,PE0LSMC3AB,CC7636,PASS,PASS,PASS,FAIL — Non-negative,FAIL — No nulls,PASS
EMP00761,Jessica Ahmed,bad-email-no-at-sign,jessica367@outlook.com,18206954157,Product,,Contractor,2.0,2020-03-23,1990-01-20,EMP00033,London,167251.5625,AED,2020-06-21,False,,,CC3348,FAIL — No nulls,PASS,PASS,PASS,FAIL — No nulls,FAIL — No nulls
EMP00762,Jessica Davis,jessica.davis3@company.com,jessica335@outlook.com,9718361146319,Marketing,Tech Lead,Part-Time,3.0,2016-12-08,1970-09-21,EMP00042,Dubai,156429.21875,GBP,2017-03-08,True,,NOGZLA902S,CC7934,PASS,PASS,PASS,PASS,FAIL — No nulls,PASS
EMP00763,Michael Davis,michael.davis69@company.com,michael233@yahoo.com,447316925689,Legal,Sales Executive,Intern,4.0,2019-08-21,1974-04-15,EMP00034,New York,103609.8671875,INR,2019-11-19,True,,2EBYHHO6PD,CC7584,PASS,PASS,PASS,PASS,FAIL — No nulls,PASS
EMP00764,Sneha Singh,sneha.singh27@company.com,sneha607@outlook.com,16294967131,Finance,Finance Analyst,Part-Time,4.0,2016-04-26,1971-10-29,EMP00038,Singapore,134876.84375,USD,2016-07-25,True,,AI55F95V7W,CC3385,PASS,PASS,PASS,PASS,FAIL — No nulls,PASS
EMP00765,Liang Williams,liang.williams74@company.com,liang385@yahoo.com,917787601988,Product,HR Manager,Full-Time,6.0,2018-09-24,1991-06-01,EMP00045,Singapore,168951.046875,GBP,2018-12-23,False,,DM3FBMWD09,CC3959,PASS,PASS,PASS,PASS,FAIL — No nulls,PASS
EMP00766,Wei Johnson,wei.johnson92@company.com,wei343@gmail.com,18508849335,Product,HR Manager,Part-Time,3.0,2035-06-01,1978-03-17,EMP00031,London,113384.4921875,AED,2015-08-08,True,,SZ31EOGZ5F,CC7690,PASS,PASS,PASS,PASS,FAIL — No nulls,PASS
EMP00767,Wei Khan,wei.khan58@company.com,wei256@outlook.com,16407801602,Marketing,Product Manager,Full-Time,7.0,2017-01-06,1993-06-01,EMP00003,Toronto,157891.546875,AED,2017-04-06,True,,83MARSFVCE,CC2431,PASS,PASS,PASS,PASS,FAIL — No nulls,PASS
EMP00768,Sarah Johnson,sarah.johnson22@company.com,sarah298@gmail.com,919423650172,Legal,Legal Counsel,Full-Time,6.0,2021-12-20,1970-02-16,EMP00007,Bengaluru,104212.28125,INR,2022-03-20,True,,02HJ9AH9SG,CC8357,PASS,PASS,PASS,PASS,FAIL — No nulls,PASS
EMP00769,David Johnson,david.johnson92@company.com,david841@outlook.com,9717965894034,Marketing,,Part-Time,8.0,2020-11-08,1974-06-25,EMP00048,Sydney,57375.5,AED,2021-02-06,True,,PZ5B56Y8EU,CC4199,FAIL — No nulls,PASS,PASS,PASS,FAIL — No nulls,PASS
EMP00770,Jessica Singh,jessica.singh85@company.com,jessica982@gmail.com,449972985636,Operations,Director of Operations,Part-Time,7.0,2023-11-13,1979-07-29,EMP00029,Mumbai,140619.125,AED,2024-02-11,True,,2DWKM11VKT,CC1336,PASS,PASS,PASS,PASS,FAIL — No nulls,PASS
EMP00771,Sunita Wang,sunita.wang29@company.com,sunita274@outlook.com,9719606603940,Finance,Finance Analyst,Contractor,3.0,2015-06-08,,EMP00035,London,-128583.640625,AED,2015-09-06,True,,FE7X8JD08F,CC4540,PASS,FAIL — No nulls,PASS,FAIL — Non-negative,FAIL — No nulls,PASS
EMP00772,James Patel,james.patel84@company.com,james439@gmail.com,9717260532703,Operations,VP Marketing,Contractor,8.0,2019-12-13,1988-03-06,EMP00004,Dubai,152437.0625,USD,2020-03-12,True,,VA4P5RGO6A,CC2849,PASS,PASS,PASS,PASS,FAIL — No nulls,PASS
EMP00773,Ahmed Singh,ahmed.singh19@company.com,ahmed714@yahoo.com,447745890320,Operations,Legal Counsel,Intern,8.0,2024-04-13,1983-08-28,EMP00044,Mumbai,171766.84375,USD,2024-07-12,True,,WBIZVPELI8,CC2596,PASS,PASS,PASS,PASS,FAIL — No nulls,PASS
EMP00774,Ashley Miller,ashley.miller77@company.com,ashley615@gmail.com,446394347925,Marketing,VP Marketing,Full-Time,1.0,2023-12-12,1996-04-22,EMP00003,Toronto,39087.5,USD,2024-03-11,True,,GAU0DAI7O3,CC8896,PASS,PASS,PASS,PASS,FAIL — No nulls,PASS
EMP00775,Raj Singh,raj.singh40@company.com,raj761@outlook.com,447608362204,Product,Data Scientist,Intern,4.0,2018-06-15,1993-02-07,EMP00022,Singapore,176124.125,AED,2018-09-13,True,,KO3J15QCMP,CC7785,PASS,PASS,PASS,PASS,FAIL — No nulls,PASS
EMP00776,Ashley Johnson,ashley.johnson8@company.com,ashley437@gmail.com,9717690627914,Sales,Sales Executive,Contractor,8.0,2015-10-07,1989-11-11,,Mumbai,165508.765625,USD,2016-01-05,True,,SUDNQWTI60,CC9868,PASS,PASS,FAIL — No nulls,PASS,FAIL — No nulls,PASS
EMP00777,Ananya Khan,ananya.khan92@company.com,ananya998@outlook.com,17993933857,Human Resources,,Contractor,2.0,2020-06-21,1993-09-23,EMP00007,Sydney,66344.84375,USD,2020-09-19,False,,3OQFUXF4KN,CC4946,FAIL — No nulls,PASS,PASS,PASS,FAIL — No nulls,PASS
EMP00778,Sunita Sharma,sunita.sharma29@company.com,sunita400@gmail.com,916827025649,Sales,VP Marketing,Part-Time,1.0,2020-09-30,1998-04-09,EMP00016,London,170925.546875,INR,2020-12-29,False,,5RP77JKPBQ,CC9157,PASS,PASS,PASS,PASS,FAIL — No nulls,PASS
EMP00779,Priya Brown,priya.brown3@company.com,priya853@yahoo.com,19708508945,Operations,Data Scientist,Part-Time,4.0,2017-11-13,1982-08-01,EMP00023,New York,139575.515625,GBP,2018-02-11,True,,Y2DNM76JK6,CC9151,PASS,PASS,PASS,PASS,FAIL — No nulls,PASS
EMP00780,Wei Al-Hassan,wei.al-hassan36@company.com,wei179@yahoo.com,918727021541,Product,CFO,Part-Time,5.0,2017-07-28,1996-03-11,EMP00049,Singapore,54368.6796875,AED,2017-10-26,True,,8WFM15TIZ4,CC2326,PASS,PASS,PASS,PASS,FAIL — No nulls,PASS
EMP00781,Sarah Brown,bad-email-no-at-sign,sarah741@gmail.com,16809571169,Operations,Sales Executive,Intern,2.0,2035-06-01,1972-08-14,EMP00045,London,2431986.75,GBP,2018-10-15,False,,31MZ8KPSOH,CC6781,PASS,PASS,PASS,PASS,FAIL — No nulls,PASS
EMP00782,Ananya Williams,ananya.williams41@company.com,ananya526@gmail.com,448877572391,Engineering,Tech Lead,Intern,7.0,2015-12-01,1986-07-21,EMP00020,Singapore,-49768.58984375,AED,2016-02-29,True,,SUVGVZLN5O,CC4463,PASS,PASS,PASS,FAIL — Non-negative,FAIL — No nulls,PASS
EMP00783,Karan Malik,karan.malik88@company.com,karan764@gmail.com,9717126608760,Operations,Sales Executive,Full-Time,2.0,2024-05-12,1996-04-27,EMP00010,New York,106831.7109375,USD,2024-08-10,True,,AXSSVM7NCK,CC8311,PASS,PASS,PASS,PASS,FAIL — No nulls,PASS
EMP00784,Jessica Wang,jessica.wang26@company.com,jessica758@outlook.com,919827124164,Human Resources,Finance Analyst,Full-Time,3.0,2020-01-27,1986-12-29,EMP00046,London,71078.1796875,INR,2020-04-26,False,,GZJAEIWKQ6,CC4957,PASS,PASS,PASS,PASS,FAIL — No nulls,PASS
EMP00785,Rohan Smith,rohan.smith27@company.com,rohan428@outlook.com,18585457905,Human Resources,,Part-Time,3.0,2021-07-24,1995-01-23,EMP00047,Mumbai,39470.91015625,USD,2021-10-22,False,,M3O505KZII,CC7687,FAIL — No nulls,PASS,PASS,PASS,FAIL — No nulls,PASS
EMP00786,Aarav Sharma,aarav.sharma11@company.com,aarav751@outlook.com,447225297153,Engineering,Director of Operations,Contractor,1.0,2022-01-09,1991-06-24,EMP00010,Dubai,118144.671875,USD,2022-04-09,True,,NPOVDV6P88,CC5412,PASS,PASS,PASS,PASS,FAIL — No nulls,PASS
EMP00787,Priya Al-Hassan,priya.al-hassan74@company.com,priya977@gmail.com,448815355248,Marketing,Sales Executive,Part-Time,5.0,2020-09-07,2000-07-20,EMP00031,Singapore,105418.3828125,INR,2020-12-06,True,,6ZQCR86QUU,CC2875,PASS,PASS,PASS,PASS,FAIL — No nulls,PASS
EMP00788,Daniel Kumar,daniel.kumar61@company.com,daniel306@outlook.com,916298921186,Sales,Account Manager,Full-Time,3.0,2018-08-03,1991-02-01,EMP00008,Bengaluru,70896.84375,USD,2018-11-01,False,,ZNV2RXZ69K,CC8351,PASS,PASS,PASS,PASS,FAIL — No nulls,PASS
EMP00789,Daniel Kumar,daniel.kumar46@company.com,daniel622@gmail.com,449629875168,Marketing,Senior Engineer,Part-Time,1.0,2022-05-11,1989-12-25,EMP00037,Sydney,133766.4375,GBP,2022-08-09,True,,HBXRZ2K1YH,CC9759,PASS,PASS,PASS,PASS,FAIL — No nulls,PASS
EMP00790,James Smith,james.smith53@company.com,james411@gmail.com,917117088544,Finance,HR Manager,Intern,3.0,2017-08-13,1973-12-22,EMP00026,Mumbai,63335.921875,INR,2017-11-11,True,,BO9VTZTU39,CC6840,PASS,PASS,PASS,PASS,FAIL — No nulls,PASS
EMP00791,Sneha Smith,sneha.smith36@company.com,sneha205@gmail.com,448559755015,Marketing,Engineering Manager,Intern,2.0,2018-09-25,1974-08-14,EMP00045,Bengaluru,176096.265625,GBP,2018-12-24,True,,ALET4SKEEJ,CC9633,PASS,PASS,PASS,PASS,FAIL — No nulls,PASS
EMP00792,Liang Ahmed,liang.ahmed49@company.com,liang492@outlook.com,9716592232353,Legal,Legal Counsel,Intern,4.0,2022-09-27,1986-12-14,EMP00007,Bengaluru,170794.515625,USD,2022-12-26,False,,MQG5SB81EZ,CC2777,PASS,PASS,PASS,PASS,FAIL — No nulls,PASS
EMP00793,Omar Ahmed,omar.ahmed29@company.com,omar472@yahoo.com,449794333114,Legal,,Full-Time,1.0,2020-09-19,1982-08-11,EMP00016,Bengaluru,-107786.4375,INR,2020-12-18,True,,YI3NL55TJ0,CC6844,FAIL — No nulls,PASS,PASS,FAIL — Non-negative,FAIL — No nulls,PASS
EMP00794,Sneha Khan,sneha.khan57@company.com,sneha977@yahoo.com,9719234173223,Marketing,Senior Engineer,Full-Time,3.0,2019-09-20,1997-04-16,EMP00012,Mumbai,92550.0,USD,2019-12-19,True,,O96L2FM0IN,CC3767,PASS,PASS,PASS,PASS,FAIL — No nulls,PASS
EMP00795,Sarah Khan,sarah.khan39@company.com,sarah904@gmail.com,916788995999,Engineering,HR Manager,Part-Time,2.0,2015-10-13,1997-02-19,EMP00040,Mumbai,58339.08984375,INR,2016-01-11,True,,X1RHYL2OD3,CC6446,PASS,PASS,PASS,PASS,FAIL — No nulls,PASS
EMP00796,David Miller,david.miller93@company.com,david873@outlook.com,16638654149,Human Resources,Marketing Manager,Part-Time,1.0,2035-06-01,1990-08-01,EMP00039,Toronto,96267.03125,USD,2023-06-21,True,,UQ5BOPVV1S,CC7505,PASS,PASS,PASS,PASS,FAIL — No nulls,PASS
EMP00797,Wei Sharma,wei.sharma28@company.com,wei330@outlook.com,448964315179,Marketing,Data Scientist,Part-Time,2.0,2019-08-05,1995-01-10,EMP00002,Singapore,102274.1484375,USD,2019-11-03,True,,6S1DSZ7XAN,CC7320,PASS,PASS,PASS,PASS,FAIL — No nulls,PASS
EMP00798,Meera Kumar,meera.kumar20@company.com,meera833@outlook.com,448616939221,Operations,Data Analyst,Contractor,8.0,2018-03-19,1975-03-19,EMP00007,Sydney,173800.421875,INR,2018-06-17,True,,D8NEQXNR52,CC1414,PASS,PASS,PASS,PASS,FAIL — No nulls,PASS
EMP00799,Rohan Sharma,rohan.sharma92@company.com,rohan611@outlook.com,919785386932,Legal,Sales Executive,Intern,5.0,2017-09-20,1999-01-11,EMP00046,Singapore,177502.0,AED,2017-12-19,True,,4FE2UJWYKD,CC6419,PASS,PASS,PASS,PASS,FAIL — No nulls,PASS
EMP00800,Sneha Davis,sneha.davis86@company.com,sneha288@yahoo.com,9716794726769,Finance,Business Analyst,Full-Time,2.0,2024-03-19,1994-08-23,EMP00046,Singapore,116291.4296875,AED,2024-06-17,True,,MMZET7DCSY,CC7323,PASS,PASS,PASS,PASS,FAIL — No nulls,PASS
EMP00001,Duplicate Record,bad-email-no-at-sign,wei393@yahoo.com,0,Legal,,Intern,6.0,2035-06-01,,,Dubai,3867121.75,USD,2020-01-08,True,,,CC5624,FAIL — No nulls,FAIL — No nulls,FAIL — No nulls,PASS,FAIL — No nulls,FAIL — No nulls
EMP00002,Duplicate Record,fatima.williams3@company.com,fatima721@outlook.com,919730501028,Product,Sales Executive,Contractor,5.0,2020-06-29,1995-03-19,EMP00002,London,153316.71875,AED,2020-09-27,True,,DGHO6QYQ6J,CC5072,PASS,PASS,PASS,PASS,FAIL — No nulls,PASS
EMP00003,Duplicate Record,rohan.ahmed66@company.com,rohan897@gmail.com,449078533565,Engineering,Software Engineer,Part-Time,2.0,2016-02-06,1976-07-24,EMP00047,Dubai,55298.671875,INR,2016-05-06,False,,3PRGSTA12V,CC6804,PASS,PASS,PASS,PASS,FAIL — No nulls,PASS
EMP00004,Duplicate Record,karan.al-hassan46@company.com,karan509@yahoo.com,9719521897165,Finance,Finance Analyst,Contractor,2.0,2023-07-25,1988-07-09,EMP00033,Bengaluru,101967.53125,AED,2023-10-23,True,,WU7EDS7EVP,CC3933,PASS,PASS,PASS,PASS,FAIL — No nulls,PASS
EMP00005,Duplicate Record,sarah.wang95@company.com,sarah209@yahoo.com,447855556095,Legal,Sales Executive,Part-Time,2.0,2020-05-28,1970-01-04,EMP00013,Singapore,51354.0,AED,2020-08-26,True,,TG4ES7WRX4,CC9178,PASS,PASS,PASS,PASS,FAIL — No nulls,PASS
EMP00006,Duplicate Record,raj.johnson46@company.com,raj256@yahoo.com,9719644193632,Engineering,Senior Engineer,Full-Time,5.0,2015-02-11,1987-09-04,EMP00030,Toronto,65040.69921875,INR,2015-05-12,True,,T0FXYWIVGC,CC8832,PASS,PASS,PASS,PASS,FAIL — No nulls,PASS
EMP00007,Duplicate Record,jessica.davis65@company.com,jessica391@yahoo.com,919119491024,Finance,Marketing Manager,Contractor,2.0,2017-03-24,1971-04-06,EMP00045,London,97316.671875,INR,2017-06-22,True,,QR10978B45,CC7287,PASS,PASS,PASS,PASS,FAIL — No nulls,PASS
EMP00008,Duplicate Record,ashley.johnson84@company.com,ashley259@gmail.com,16541897849,Human Resources,Software Engineer,Intern,1.0,2020-07-05,1980-03-11,EMP00020,Mumbai,138480.046875,INR,2020-10-03,True,,OQZYVUAT8J,CC2574,PASS,PASS,PASS,PASS,FAIL — No nulls,PASS
